Drug Chembl ID,Drug Name,Clinical Trial Phase
CHEMBL107201,Chembl107201,
CHEMBL1097894,Chembl1097894,
CHEMBL1106,Epinastine,4.0
CHEMBL1187724,Methylatropine,4.0
CHEMBL12318,Clodronic Acid,3.0
CHEMBL1235084,Chembl1235084,
CHEMBL1235570,Chembl1235570,
CHEMBL1237104,Propoxyphene Hydrochloride,4.0
CHEMBL127071,Pozanicline,2.0
CHEMBL139050,2-(Carboxyformamido)Benzoic Acid,
CHEMBL14053,Trichloroacetic Acid,4.0
CHEMBL1476605,Clofoctol,2.0
CHEMBL1614644,Imipraminoxide,2.0
CHEMBL1692,Imipramine Hydrochloride,4.0
CHEMBL17860,Lofexidine,4.0
CHEMBL1818384,Chembl1818384,
CHEMBL189171,Acemetacin,4.0
CHEMBL1921904,Azd-9164,2.0
CHEMBL200102,Pu-H71,2.0
CHEMBL2031311,Chembl2031311,
CHEMBL2103828,Elinogrel,2.0
CHEMBL2105671,Afegostat Tartrate,2.0
CHEMBL2106406,Dersalazine,2.0
CHEMBL2107433,Iroxanadine,2.0
CHEMBL2107792,Valategrast,2.0
CHEMBL2110895,Biphenamine,2.0
CHEMBL2110987,Metoserpate,-1.0
CHEMBL211487,Chembl211487,
CHEMBL2180985,Chembl2180985,
CHEMBL223147,Chembl223147,
CHEMBL227937,Chembl227937,
CHEMBL2322664,Chembl2322664,
CHEMBL239800,Fenobam Anhydrous,2.0
CHEMBL271068,Rosabulin,2.0
CHEMBL293700,Chembl293700,
CHEMBL3093588,Chembl3093588,
CHEMBL3093927,Chembl3093927,
CHEMBL3184679,Azd-4547,2.0
CHEMBL319111,Linopirdine,2.0
CHEMBL3260771,Bgc-20-1531,2.0
CHEMBL3261331,Resmetirom,3.0
CHEMBL3287379,Contezolid,2.0
CHEMBL3301609,Toreforant,2.0
CHEMBL3400972,Fluorodopa F 18,4.0
CHEMBL345237,Piclozotan,2.0
CHEMBL3545233,Pavinetant,2.0
CHEMBL364215,Chembl364215,
CHEMBL3649803,Amelparib,2.0
CHEMBL379287,Chembl379287,
CHEMBL389907,Chembl389907,
CHEMBL3951811,Cep-37440,1.0
CHEMBL397184,Chembl397184,
CHEMBL4064608,Chembl4064608,
CHEMBL4078098,Chembl4078098,
CHEMBL4090674,Chembl4090674,
CHEMBL4292474,Chembl4292474,
CHEMBL4298154,Oxycodegol Phosphate,1.0
CHEMBL4300558,Besigliptin,2.0
CHEMBL45844,Cyclobutyl(Cyclopentyl)Formamide,
CHEMBL459324,Diacetylmorphine,4.0
CHEMBL4594420,Luxeptinib,1.0
CHEMBL460102,Chembl460102,
CHEMBL4650272,Trilaciclib Dihydrochloride,4.0
CHEMBL475594,Chembl475594,
CHEMBL504760,Camphor,4.0
CHEMBL5095167,Befotertinib,2.0
CHEMBL515606,Cilazapril,4.0
CHEMBL525239,Trans-Zeatin,
CHEMBL5314466,Gumelutamide,2.0
CHEMBL559638,Chembl559638,
CHEMBL566315,Obeticholic Acid,4.0
CHEMBL588046,Quinine Hydrochloride,4.0
CHEMBL70046,Sorivudine,4.0
CHEMBL711,Phenindione,4.0
CHEMBL7390,Chembl7390,
CHEMBL85,Risperidone,4.0
CHEMBL915,Nedocromil Sodium,4.0
CHEMBL94431,Chembl94431,
CHEMBL108766,Dodecanoate,
CHEMBL1113,Amoxapine,4.0
CHEMBL1160192,Chembl1160192,
CHEMBL117,Chrysin,
CHEMBL1182247,Didecyldimethylammonium,-1.0
CHEMBL1200454,Valganciclovir Hydrochloride,4.0
CHEMBL1200678,Atazanavir Sulfate,4.0
CHEMBL1201225,Iodine,4.0
CHEMBL1209734,Bms-986094,2.0
CHEMBL1222398,Tryptophanol,
CHEMBL1230421,Chembl1230421,
CHEMBL134702,Butane,1.0
CHEMBL1354,Sodium Acetate,4.0
CHEMBL1371937,Panthenol,3.0
CHEMBL1441570,Chembl1441570,
CHEMBL148732,Chembl148732,
CHEMBL1489079,Chembl1489079,
CHEMBL153192,Bromochlorosalicylanilide,-1.0
CHEMBL1611291,Chembl1611291,
CHEMBL1643901,Chembl1643901,
CHEMBL1661,Lactitol,4.0
CHEMBL1684,Bendroflumethiazide,4.0
CHEMBL169186,Chembl169186,
CHEMBL171246,2-Oxo-Butyric Acid,
CHEMBL1793895,Chembl1793895,
CHEMBL183919,Chembl183919,
CHEMBL189,Milrinone,4.0
CHEMBL1987518,Ensulizole,2.0
CHEMBL2103796,Berubicin Hydrochloride,2.0
CHEMBL2105385,Phenoperidine,2.0
CHEMBL213194,Chembl213194,
CHEMBL221427,Chembl221427,
CHEMBL2315936,Chembl2315936,
CHEMBL242341,Formononetin,2.0
CHEMBL256732,Chembl256732,
CHEMBL258805,Su-9516,1.0
CHEMBL260313,Chembl260313,
CHEMBL260531,Chembl260531,
CHEMBL278315,Geldanamycin,2.0
CHEMBL279260,Rafabegron,2.0
CHEMBL304902,Clothiapine,4.0
CHEMBL3137304,Dagrocorat,2.0
CHEMBL316160,Pamabrom,-1.0
CHEMBL3183740,Trelanserin,2.0
CHEMBL3234750,Chembl3234750,
CHEMBL329536,Chembl329536,
CHEMBL34921,Chembl34921,
CHEMBL3586436,Chembl3586436,
CHEMBL3609314,Chembl3609314,
CHEMBL3617964,Alvelestat,2.0
CHEMBL375981,Chembl375981,
CHEMBL378547,Chembl378547,
CHEMBL380192,Chembl380192,
CHEMBL3833353,Pramlintide Acetate,4.0
CHEMBL3989740,Doxycycline Hyclate,4.0
CHEMBL399510,Bromopride,3.0
CHEMBL402319,Chembl402319,
CHEMBL406,Indapamide,4.0
CHEMBL40733,Desmethylsertraline,
CHEMBL411066,Kinetin Riboside,
CHEMBL4209005,Chembl4209005,
CHEMBL4209189,Chembl4209189,
CHEMBL4215501,Chembl4215501,
CHEMBL426161,Azm-475271,2.0
CHEMBL4291436,Chembl4291436,
CHEMBL4297275,Cytochlor,1.0
CHEMBL4297309,Nsi-189 Phosphate,1.0
CHEMBL4297382,Gpi-1485,2.0
CHEMBL4297658,Ipragliflozin L-Proline,3.0
CHEMBL441920,Chembl441920,
CHEMBL4455357,Tp-020,
CHEMBL447627,3-Hydroxyhippuric Acid,
CHEMBL4594304,Danicamtiv,2.0
CHEMBL475251,R-406,2.0
CHEMBL4755229,Chembl4755229,
CHEMBL4802243,Temuterkib Mesylate,1.0
CHEMBL480853,Neoandrographolide,2.0
CHEMBL4873876,Bms-986224,1.0
CHEMBL5075693,Chembl5075693,
CHEMBL5095215,Avx-001,1.0
CHEMBL5095403,Sirpefenicol,2.0
CHEMBL5095415,Deulinoleate Ethyl,1.0
CHEMBL5095418,Ebaresdax Hydrochloride,1.0
CHEMBL525610,Teriparatide,4.0
CHEMBL5314914,Dsp-0390,0.5
CHEMBL61593,Cyclothiazide,4.0
CHEMBL90589,Chembl90589,
CHEMBL90983,Terameprocol,2.0
CHEMBL1094,Felbamate,4.0
CHEMBL1094718,Chembl1094718,
CHEMBL1163074,Chembl1163074,
CHEMBL1200480,Octreotide Acetate,4.0
CHEMBL1200829,Gluconolactone,4.0
CHEMBL1200870,Timolol Maleate,4.0
CHEMBL1201748,Cabazitaxel,4.0
CHEMBL1222313,Chembl1222313,
CHEMBL1230906,Alpha-Aminoisobutyric Acid,
CHEMBL1234815,Chembl1234815,
CHEMBL1235782,Soraphen A,
CHEMBL1237061,Pitavastatin Calcium,4.0
CHEMBL1254577,Chembl1254577,
CHEMBL1322675,Chembl1322675,
CHEMBL1325863,Chembl1325863,
CHEMBL1374069,Chembl1374069,
CHEMBL146092,Chembl146092,
CHEMBL1493,Flavoxate,4.0
CHEMBL1508,Escitalopram,4.0
CHEMBL1569,Amantadine Hydrochloride,4.0
CHEMBL1587228,Halometasone,2.0
CHEMBL159226,Moxisylyte,4.0
CHEMBL1605,Ceftibuten,4.0
CHEMBL1698,Bupropion Hydrochloride,4.0
CHEMBL1743260,Karenitecin,3.0
CHEMBL1761512,Chembl1761512,
CHEMBL1802404,Chembl1802404,
CHEMBL1808388,Bexagliflozin,4.0
CHEMBL1868702,Gestrinone,4.0
CHEMBL2063454,Chembl2063454,
CHEMBL2105581,Veralipride,4.0
CHEMBL2106403,Flurithromycin,2.0
CHEMBL2107387,Vortioxetine Hydrobromide,4.0
CHEMBL2152922,Pf-04995274,1.0
CHEMBL218394,Boceprevir,4.0
CHEMBL2393172,Chembl2393172,
CHEMBL253376,Bromhexine,4.0
CHEMBL258203,Chembl258203,
CHEMBL28885,L-Serine O-Sulfate,
CHEMBL29741,Irampanel,2.0
CHEMBL3127507,Chembl3127507,
CHEMBL3187872,Chembl3187872,
CHEMBL3301626,Basimglurant,2.0
CHEMBL332625,Chembl332625,
CHEMBL3422096,Chembl3422096,
CHEMBL3707234,Nicofetamide,-1.0
CHEMBL4163879,Chembl4163879,
CHEMBL425190,Sb-714786,
CHEMBL4297363,Ucb-1184197,2.0
CHEMBL4297434,Auriclosene Monosodium Monohydrate,2.0
CHEMBL4297648,Seletalisib,2.0
CHEMBL4297657,Indacaterol Acetate,3.0
CHEMBL453716,Dioxane,
CHEMBL456218,Chembl456218,
CHEMBL4594407,Carbacyclic Phosphatidic Acid,1.0
CHEMBL460,Molindone,4.0
CHEMBL4650314,Desidustat,3.0
CHEMBL468154,Scyllitol,2.0
CHEMBL481611,Odanacatib,3.0
CHEMBL484726,Chembl484726,
CHEMBL5095190,Odm-207,1.0
CHEMBL5314955,Firuglipel,2.0
CHEMBL549473,Dipyrithione,2.0
CHEMBL550961,Diazepinomicin,2.0
CHEMBL573819,Chembl573819,
CHEMBL590753,Sb-218655,
CHEMBL592868,Estrogen,3.0
CHEMBL956,Suprofen,4.0
CHEMBL106803,Chembl106803,
CHEMBL1091359,Chembl1091359,
CHEMBL1200328,Duloxetine Hydrochloride,4.0
CHEMBL1200859,Isosulfan Blue,4.0
CHEMBL1200912,Phentermine Hydrochloride,4.0
CHEMBL1201081,Methylprednisolone Sodium Succinate,4.0
CHEMBL1221600,Bistramide A,
CHEMBL1231661,Ceftazidime Batsi,
CHEMBL1234930,Octanoylcarnitine,
CHEMBL1235716,Propionamide,
CHEMBL1236126,Chembl1236126,
CHEMBL1237021,Lurasidone,4.0
CHEMBL124081,Chembl124081,
CHEMBL1491306,Benzylthiouracil,4.0
CHEMBL1497,Betamethasone Valerate,4.0
CHEMBL1556,Inosine,3.0
CHEMBL1615369,Dabigatran Etexilate Mesylate,4.0
CHEMBL1766779,Chembl1766779,
CHEMBL1770,Levamisole Hydrochloride,4.0
CHEMBL1917527,Chembl1917527,
CHEMBL19449,Ibudilast,4.0
CHEMBL2036958,Sch-900271,2.0
CHEMBL2103797,Bevasiranib Sodium,-1.0
CHEMBL2152047,L-Threonic Acid,2.0
CHEMBL2158685,Abc-294640,2.0
CHEMBL219376,Oxycinchophen,2.0
CHEMBL221572,Ribostamycin,2.0
CHEMBL2315931,Chembl2315931,
CHEMBL243580,Carbazole,
CHEMBL248891,Chembl248891,
CHEMBL256087,Menthol,4.0
CHEMBL273481,Muscimol,1.0
CHEMBL276864,3-Phenyl-Propylamine,
CHEMBL278462,Cipralisant,2.0
CHEMBL298406,Ecopipam,3.0
CHEMBL3093930,Chembl3093930,
CHEMBL311300,Peldesine,2.0
CHEMBL3234755,Chembl3234755,
CHEMBL3287218,Pf-5190457,2.0
CHEMBL3329664,Chembl3329664,
CHEMBL367463,Pranoprofen,2.0
CHEMBL3707371,Hydroxyethylpromethazine,-1.0
CHEMBL383208,Chembl383208,
CHEMBL392158,Fallypride,3.0
CHEMBL3979091,Chembl3979091,
CHEMBL3989961,Tepilamide Fumarate,2.0
CHEMBL4068509,Prn-1371,1.0
CHEMBL4073929,Chembl4073929,
CHEMBL4116269,Orc-13661,2.0
CHEMBL4297299,Kx2-361,1.0
CHEMBL4297358,Bpc-157,1.0
CHEMBL4297632,Oxycodegol,3.0
CHEMBL4301491,Simmitecan,1.0
CHEMBL434492,Candoxatrilat,2.0
CHEMBL45,Melatonin,4.0
CHEMBL4577523,Golidocitinib,2.0
CHEMBL4650230,Simufilam,3.0
CHEMBL46937,Chembl46937,
CHEMBL475692,Chembl475692,
CHEMBL4868568,Monzosertib,2.0
CHEMBL5095396,Esmethadone Hydrochloride,1.0
CHEMBL522892,Dovitinib,3.0
CHEMBL5314416,Fostroxacitabine Bralpamide,1.0
CHEMBL5314541,Tacaciclib,2.0
CHEMBL5315047,Resomelagon,2.0
CHEMBL5315056,Naloxone Hydrochloride Dihydrate,4.0
CHEMBL538378,Chembl538378,
CHEMBL53904,Zuclopenthixol,3.0
CHEMBL551813,Bi-671800,2.0
CHEMBL600764,Gnf-Pf-1127,
CHEMBL71611,Chembl71611,
CHEMBL72388,Chembl72388,
CHEMBL1046,Aminocaproic Acid,4.0
CHEMBL1142,4-Aminophenol,
CHEMBL1200440,Mepivacaine Hydrochloride,4.0
CHEMBL121720,Chembl121720,
CHEMBL1234009,Chembl1234009,
CHEMBL1234200,Chembl1234200,
CHEMBL1235482,Glutaral,2.0
CHEMBL1235872,Sucrosofate,-1.0
CHEMBL1237122,Carboprost,4.0
CHEMBL1241239,Concanamycin A,
CHEMBL1256,Isoflurane,4.0
CHEMBL1257423,Chembl1257423,
CHEMBL1274,Nilutamide,4.0
CHEMBL1323,Darunavir,4.0
CHEMBL1490434,Moroxydine,2.0
CHEMBL1532,Quinethazone,4.0
CHEMBL1651956,Alisporivir,3.0
CHEMBL1683590,Eribulin,4.0
CHEMBL174214,Chembl174214,
CHEMBL1823221,Chembl1823221,
CHEMBL1908847,Sparteine,4.0
CHEMBL1938400,Pf-03715455,2.0
CHEMBL1964245,Chembl1964245,
CHEMBL197277,Chembl197277,
CHEMBL1997663,Ethacizine,-1.0
CHEMBL2035460,Ethaselen,1.0
CHEMBL2063318,Chembl2063318,
CHEMBL2110603,Benzoctamine,2.0
CHEMBL2153646,Chembl2153646,
CHEMBL2365665,Deslorelin,2.0
CHEMBL2407898,Chembl2407898,
CHEMBL270058,Chembl270058,
CHEMBL270512,Chembl270512,
CHEMBL271430,Chembl271430,
CHEMBL3040440,Vs-4718,1.0
CHEMBL3040861,Chembl3040861,
CHEMBL3094406,Chembl3094406,
CHEMBL3137309,Venetoclax,4.0
CHEMBL3236366,Chembl3236366,
CHEMBL3265032,Entospletinib,3.0
CHEMBL3408943,Chembl3408943,
CHEMBL3408944,Chembl3408944,
CHEMBL3422094,Chembl3422094,
CHEMBL3544960,At-13148,1.0
CHEMBL3545232,Aqw051,2.0
CHEMBL365237,Chembl365237,
CHEMBL3694769,Pbf-509,1.0
CHEMBL3904602,Lerociclib,3.0
CHEMBL3950873,Chembl3950873,
CHEMBL4069220,Dndi-0690,1.0
CHEMBL4072833,Evobrutinib,3.0
CHEMBL4080343,Chembl4080343,
CHEMBL4091820,Chembl4091820,
CHEMBL4244717,Chembl4244717,
CHEMBL428690,Alvocidib,3.0
CHEMBL4297268,Bms-275183,2.0
CHEMBL452715,Alanosine,2.0
CHEMBL563196,Chembl563196,
CHEMBL568483,Chembl568483,
CHEMBL589583,Delapril,3.0
CHEMBL593335,Chembl593335,
CHEMBL64,Isoniazid,4.0
CHEMBL6466,Coumarin,4.0
CHEMBL667,Acetylcholine,4.0
CHEMBL96862,Chembl96862,
CHEMBL1078275,Chembl1078275,
CHEMBL1095788,Chembl1095788,
CHEMBL1097140,Chembl1097140,
CHEMBL1200673,Xenon Xe 127,4.0
CHEMBL1200710,Clomipramine Hydrochloride,4.0
CHEMBL1201027,Glycopyrrolate,4.0
CHEMBL1201032,Rizatriptan Benzoate,4.0
CHEMBL1234956,Fr258900,
CHEMBL1277001,Mibampator,2.0
CHEMBL13852,Cirazoline,2.0
CHEMBL14145,4-Phenylimidazole,
CHEMBL1500155,Chembl1500155,
CHEMBL1566,Acarbose,4.0
CHEMBL1651524,Pf-3845,
CHEMBL1652621,Afn-1252,2.0
CHEMBL1730,Cefotaxime,4.0
CHEMBL1740659,Fursultiamine,4.0
CHEMBL1779539,Chembl1779539,
CHEMBL1819138,Chembl1819138,
CHEMBL2063326,Chembl2063326,
CHEMBL2078836,Chembl2078836,
CHEMBL2103830,Fostamatinib,4.0
CHEMBL2103870,Lumacaftor,4.0
CHEMBL2105275,Propylhexedrine,2.0
CHEMBL2105794,Sodium Hydroxide,-1.0
CHEMBL2107457,Itopride,3.0
CHEMBL2111047,Prolintane,2.0
CHEMBL233209,Chembl233209,
CHEMBL2407893,Chembl2407893,
CHEMBL278172,Benzocaine,4.0
CHEMBL284092,Gepirone,4.0
CHEMBL295830,Cycloleucine,
CHEMBL309415,Chembl309415,
CHEMBL310554,Chembl310554,
CHEMBL3188084,Chembl3188084,
CHEMBL337204,Chembl337204,
CHEMBL3393464,Chembl3393464,
CHEMBL3422098,Chembl3422098,
CHEMBL3582294,Chembl3582294,
CHEMBL363614,Benzofuran,
CHEMBL38700,Elvucitabine,2.0
CHEMBL3989750,Glucosamine Sulfate,4.0
CHEMBL3989858,Magnesium Acetate Tetrahydrate,4.0
CHEMBL4172511,Chembl4172511,
CHEMBL4297352,Azd-1236,2.0
CHEMBL429910,Dapagliflozin,4.0
CHEMBL432537,Gnf-Pf-3777,
CHEMBL4558528,Chembl4558528,
CHEMBL456163,Chembl456163,
CHEMBL4650329,Afimetoran,2.0
CHEMBL4650894,Isuzinaxib,2.0
CHEMBL4745471,Chembl4745471,
CHEMBL488093,Pyritinol,3.0
CHEMBL501122,Ceftaroline Fosamil,4.0
CHEMBL5084939,Chembl5084939,
CHEMBL512306,[18F]D,2.0
CHEMBL541758,Fasitibant Chloride,2.0
CHEMBL560739,Chembl560739,
CHEMBL607856,Chembl607856,
CHEMBL62381,Sodium Butyrate,2.0
CHEMBL64130,Napabucasin,3.0
CHEMBL71927,Chembl71927,
CHEMBL815,Dinoprost,4.0
CHEMBL1079604,Metaxalone,4.0
CHEMBL1091702,Chembl1091702,
CHEMBL1094704,Chembl1094704,
CHEMBL1098244,Chembl1098244,
CHEMBL1128,Edrophonium Chloride,4.0
CHEMBL1200572,Magnesium Oxide,4.0
CHEMBL1200636,Cyclobenzaprine Hydrochloride,4.0
CHEMBL1200930,Rabeprazole Sodium,4.0
CHEMBL1230333,Chembl1230333,
CHEMBL1232767,Fluoride,3.0
CHEMBL1234033,Chembl1234033,
CHEMBL1235535,Nicotinyl Alcohol,-1.0
CHEMBL1270016,Chembl1270016,
CHEMBL1326877,Dioxybenzone,2.0
CHEMBL133209,Chembl133209,
CHEMBL1366322,Chembl1366322,
CHEMBL1373,Modafinil,4.0
CHEMBL1543306,Chembl1543306,
CHEMBL1627201,L-Sulforaphane,2.0
CHEMBL1645465,Chembl1645465,
CHEMBL165790,Ipriflavone,2.0
CHEMBL16645,P-Cresol,
CHEMBL1697763,Nifurtoinol,2.0
CHEMBL1743261,Mexazolam,2.0
CHEMBL1773903,Fucoxanthin,2.0
CHEMBL1897738,Clinofibrate,2.0
CHEMBL1957106,Chembl1957106,
CHEMBL2104788,Imidazole Salicylate,2.0
CHEMBL2107214,Iomeprol,3.0
CHEMBL213745,Chembl213745,
CHEMBL227745,Chembl227745,
CHEMBL2364574,Doxycycline Calcium,4.0
CHEMBL2365481,Chembl2365481,
CHEMBL2430532,Chembl2430532,
CHEMBL269634,Chembl269634,
CHEMBL279676,Tenocyclidine,2.0
CHEMBL305785,Chembl305785,
CHEMBL310840,Chembl310840,
CHEMBL3128043,Pf-03758309,1.0
CHEMBL332551,Chembl332551,
CHEMBL3329670,Chembl3329670,
CHEMBL3589324,Chembl3589324,
CHEMBL3646221,Vadadustat,4.0
CHEMBL372164,Chembl372164,
CHEMBL372795,Streptomycin,4.0
CHEMBL373466,"(R)-1,2-Dichloropropane",
CHEMBL3774827,Chembl3774827,
CHEMBL3976807,Pco-371,1.0
CHEMBL3990047,Ozenoxacin,4.0
CHEMBL4085868,Chembl4085868,
CHEMBL4159909,Chembl4159909,
CHEMBL416898,Chlorophenothane,4.0
CHEMBL4169998,Chembl4169998,
CHEMBL422,Trifluoperazine,4.0
CHEMBL4246481,Chembl4246481,
CHEMBL4297147,Haloperidol Lactate,4.0
CHEMBL4297310,Dordaviprone,3.0
CHEMBL4297420,Radium Ra-223,3.0
CHEMBL4297649,Olacaftor,2.0
CHEMBL440,Thiamylal,4.0
CHEMBL4446378,Tapotoclax,1.0
CHEMBL4475494,Chembl4475494,
CHEMBL4594250,Netarsudil,4.0
CHEMBL4594262,Amlodipine Benzoate,4.0
CHEMBL4594378,Vorasidenib Citrate,1.0
CHEMBL463,Aminohippuric Acid,4.0
CHEMBL466269,Chembl466269,
CHEMBL467058,Laninamivir Octanoate,4.0
CHEMBL475794,Chembl475794,
CHEMBL48449,Cantharidin,4.0
CHEMBL5,Nalidixic Acid,4.0
CHEMBL505943,Chembl505943,
CHEMBL5095062,Enbezotinib,2.0
CHEMBL5095079,Povorcitinib,3.0
CHEMBL5095196,Slc-391,1.0
CHEMBL512351,Betrixaban,4.0
CHEMBL560511,Buprenorphine,
CHEMBL563377,Chembl563377,
CHEMBL56438,Chembl56438,
CHEMBL574060,Chembl574060,
CHEMBL594050,Chembl594050,
CHEMBL602070,Bms-394136,1.0
CHEMBL78794,2-Phenyl-Malonic Acid,
CHEMBL1009,Levodopa,4.0
CHEMBL1082407,Enzalutamide,4.0
CHEMBL1163086,Chembl1163086,
CHEMBL1200595,Chlorphentermine Hydrochloride,4.0
CHEMBL1200928,Zinc Acetate Anhydrous,4.0
CHEMBL1200934,Norgestimate,4.0
CHEMBL1201046,Ceforanide,4.0
CHEMBL1201287,Dexbrompheniramine,4.0
CHEMBL1201794,Riboflavin 5'-Phosphate,4.0
CHEMBL1221,Sulconazole,4.0
CHEMBL1222152,D-Allose,
CHEMBL1231821,Hydrochloric Acid,-1.0
CHEMBL1232472,Chembl1232472,
CHEMBL125181,L-371912,
CHEMBL1256716,Urapidil Hydrochloride,1.0
CHEMBL1270229,Chembl1270229,
CHEMBL1280,Verapamil Hydrochloride,4.0
CHEMBL134529,Chembl134529,
CHEMBL1417970,Chembl1417970,
CHEMBL15870,Indoprofen,4.0
CHEMBL1697756,Marvelon,3.0
CHEMBL1716091,Sdx-101,2.0
CHEMBL1788401,Cyclobendazole,2.0
CHEMBL1836673,Chembl1836673,
CHEMBL195328,2-Fluoro-Phenylamine,
CHEMBL2024567,Englerin A,
CHEMBL2057915,Chembl2057915,
CHEMBL2096642,Inamrinone Lactate,4.0
CHEMBL2104283,Febarbamate,2.0
CHEMBL2104496,Thiamine Mononitrate,3.0
CHEMBL2105897,Barium Sulfate,4.0
CHEMBL2138684,Frovatriptan Succinate,4.0
CHEMBL2177634,Chembl2177634,
CHEMBL219046,Psi-697,1.0
CHEMBL2303614,Chondroitin Sulfate,3.0
CHEMBL23261,Darusentan,3.0
CHEMBL2393177,Chembl2393177,
CHEMBL2419346,Cudc-305,1.0
CHEMBL25894,Zingerone,
CHEMBL3039507,Sotagliflozin,4.0
CHEMBL3137308,Peficitinib,4.0
CHEMBL321248,7-Methylxanthine,2.0
CHEMBL3337894,T-26C,
CHEMBL3545058,Dextrothyroxine Sodium,4.0
CHEMBL356512,Chembl356512,
CHEMBL357057,Chembl357057,
CHEMBL3601398,Cgm-097,1.0
CHEMBL3716385,Chembl3716385,
CHEMBL3833315,Aluminum Phosphate,2.0
CHEMBL384304,Rg-547,2.0
CHEMBL388931,Chembl388931,
CHEMBL397666,Chembl397666,
CHEMBL3989703,Tezampanel,2.0
CHEMBL3989919,Fosnetupitant Chloride Hydrochloride,4.0
CHEMBL3989973,Pexidartinib Hydrochloride,4.0
CHEMBL4065323,Chembl4065323,
CHEMBL4073292,Bms-962212,1.0
CHEMBL4085457,Ritlecitinib,4.0
CHEMBL4116649,Lenumlostat,2.0
CHEMBL4167646,Chembl4167646,
CHEMBL4211162,Chembl4211162,
CHEMBL422648,Prulifloxacin,3.0
CHEMBL42442,Oxfendazole,2.0
CHEMBL4297260,Amy-101,2.0
CHEMBL4537788,Bay-784,
CHEMBL45627,Cerulenin,
CHEMBL4639128,Gsk778,
CHEMBL4650327,Govorestat,3.0
CHEMBL4752723,Chembl4752723,
CHEMBL4876167,Vv-116 Free Base,2.0
CHEMBL495831,Chembl495831,
CHEMBL515408,Maribavir,4.0
CHEMBL522302,Vofopitant,2.0
CHEMBL539378,Laniquidar,2.0
CHEMBL54976,Tryptophan,4.0
CHEMBL562318,Mardepodect,2.0
CHEMBL602,Cysteamine,4.0
CHEMBL64934,Chembl64934,
CHEMBL67158,Chembl67158,
CHEMBL7064,Chembl7064,
CHEMBL94109,Chembl94109,
CHEMBL1088949,Chembl1088949,
CHEMBL1089819,Chembl1089819,
CHEMBL1096979,Benserazide,4.0
CHEMBL1160756,Chembl1160756,
CHEMBL1200627,Propiolactone,4.0
CHEMBL1200692,Olmesartan Medoxomil,4.0
CHEMBL1200851,Homatropine Methylbromide,4.0
CHEMBL1201256,Trimethobenzamide,4.0
CHEMBL1213420,Droxicam,2.0
CHEMBL1231562,Chembl1231562,
CHEMBL1235432,Chembl1235432,
CHEMBL1235722,5'-Phosphoribose,
CHEMBL1325250,Chembl1325250,
CHEMBL136497,Irsogladine,2.0
CHEMBL1434,Minocycline,4.0
CHEMBL1465144,Chembl1465144,
CHEMBL154111,Salsalate,4.0
CHEMBL161381,"Emtricitabine, (+/-)-",2.0
CHEMBL1652606,Ceftobiprole Medocaril,3.0
CHEMBL1763,Hydroflumethiazide,4.0
CHEMBL187139,Chembl187139,
CHEMBL191141,Chembl191141,
CHEMBL1964261,Chembl1964261,
CHEMBL202701,3-Deazaadenosine,
CHEMBL2048791,Chembl2048791,
CHEMBL207538,Brexanolone,4.0
CHEMBL207729,Chembl207729,
CHEMBL2104415,Moxidectin,4.0
CHEMBL2104900,Pipazethate,2.0
CHEMBL2105544,Amphecloral,2.0
CHEMBL2106829,Methaqualone Hydrochloride,4.0
CHEMBL217406,Neurokinin A,
CHEMBL2180982,Chembl2180982,
CHEMBL2218893,Bedoradrine Sulfate,2.0
CHEMBL2286758,Chembl2286758,
CHEMBL2368861,Buprenorphine Hydrochloride,4.0
CHEMBL253951,Chembl253951,
CHEMBL254050,Chembl254050,
CHEMBL307697,Sivifene,2.0
CHEMBL316040,Tepoxalin,2.0
CHEMBL3221419,Chembl3221419,
CHEMBL3235682,Chembl3235682,
CHEMBL3298371,Chembl3298371,
CHEMBL3330130,Chembl3330130,
CHEMBL3417704,Chembl3417704,
CHEMBL3542265,Ly2452473,2.0
CHEMBL3589356,Chembl3589356,
CHEMBL368238,Chembl368238,
CHEMBL376897,Methscopolamine,4.0
CHEMBL3828191,Chembl3828191,
CHEMBL3931782,Molidustat Sodium,1.0
CHEMBL4064361,Chembl4064361,
CHEMBL408500,N-(N-Nonyl)Deoxynojirimycin,
CHEMBL4243458,Chembl4243458,
CHEMBL4298141,Asalhydromorphone,2.0
CHEMBL443605,Hexylresorcinol,4.0
CHEMBL4455382,Chembl4455382,
CHEMBL458973,Chembl458973,
CHEMBL460026,Icosapent,3.0
CHEMBL488994,Chembl488994,
CHEMBL492527,Chembl492527,
CHEMBL497318,Cannabigerol,1.0
CHEMBL502109,Benzalkonium Chloride,4.0
CHEMBL504652,Tc-2216,1.0
CHEMBL50588,Emetine,2.0
CHEMBL5095506,Crictibant,2.0
CHEMBL5222242,Chembl5222242,
CHEMBL530,Amdinocillin,4.0
CHEMBL5314373,"Cefprozil, (E)-",4.0
CHEMBL593830,Chembl593830,
CHEMBL598172,Nelotanserin,2.0
CHEMBL84446,Fidarestat,2.0
CHEMBL869,Nitrofurazone,4.0
CHEMBL9417,Chembl9417,
CHEMBL95,Tacrine,4.0
CHEMBL95097,Chembl95097,
CHEMBL105442,Ci-1040,2.0
CHEMBL1080218,Chembl1080218,
CHEMBL116455,Thioglycolic Acid,-1.0
CHEMBL1200748,Carbidopa,4.0
CHEMBL1200831,Spirapril Hydrochloride,4.0
CHEMBL1201131,Piperonyl Butoxide,4.0
CHEMBL1201329,Trimethaphan,4.0
CHEMBL1233057,Chembl1233057,
CHEMBL1233867,Dndi1417012,
CHEMBL1236104,Chembl1236104,
CHEMBL1289110,Tianeptine,3.0
CHEMBL1318287,Pentolinium Tartrate,4.0
CHEMBL1322884,Phenothrin,4.0
CHEMBL1475741,Chembl1475741,
CHEMBL1614652,Repinotan,2.0
CHEMBL1644614,Chembl1644614,
CHEMBL1697771,Rebamipide,3.0
CHEMBL1697826,Butaperazine,2.0
CHEMBL1794070,Gsk-579289A,
CHEMBL1801378,Chembl1801378,
CHEMBL1902931,Dithiopyr,
CHEMBL1933349,Mk-0893,2.0
CHEMBL207994,Chembl207994,
CHEMBL2104318,Dimesna,3.0
CHEMBL2104668,Embutramide,2.0
CHEMBL2107783,Taprenepag,2.0
CHEMBL2111100,Mifamurtide Acid,4.0
CHEMBL2171172,Chembl2171172,
CHEMBL22097,Lormetazepam,4.0
CHEMBL2220482,Chembl2220482,
CHEMBL2315940,Chembl2315940,
CHEMBL2365390,Chembl2365390,
CHEMBL2371928,Chembl2371928,
CHEMBL2408238,Chembl2408238,
CHEMBL255805,Chembl255805,
CHEMBL297053,Chembl297053,
CHEMBL3039509,Tildipirosin,2.0
CHEMBL3187229,Chembl3187229,
CHEMBL3317857,Vaborbactam,4.0
CHEMBL3358841,Chembl3358841,
CHEMBL3427401,Chembl3427401,
CHEMBL352764,A-357300,
CHEMBL3545108,Azd9056,2.0
CHEMBL360304,Chembl360304,
CHEMBL365307,Chembl365307,
CHEMBL3686884,E-7090,2.0
CHEMBL3707239,Etofylline Nicotinate,-1.0
CHEMBL3707287,Aluminium Nicotinate,-1.0
CHEMBL3707390,Mebicar,-1.0
CHEMBL3752151,Chembl3752151,
CHEMBL3781751,Iadademstat,2.0
CHEMBL380955,Chembl380955,
CHEMBL391910,Chembl391910,
CHEMBL3939295,H3B-6527,1.0
CHEMBL395091,Esketamine,4.0
CHEMBL398485,Chembl398485,
CHEMBL3989825,Cycloguanil Pamoate,2.0
CHEMBL4101493,Chembl4101493,
CHEMBL425386,Chembl425386,
CHEMBL4297609,Olorofim,3.0
CHEMBL4297643,Apilimod,2.0
CHEMBL434369,Chembl434369,
CHEMBL4594450,Ibuprofen Arginine,1.0
CHEMBL46486,Tetramethylammonium Ion,
CHEMBL4650223,Toludesvenlafaxine Hydrochloride,1.0
CHEMBL470365,Chembl470365,
CHEMBL474902,Chembl474902,
CHEMBL478464,Chembl478464,
CHEMBL4802140,Bms-686117,1.0
CHEMBL5177469,Chembl5177469,
CHEMBL5314604,Divarasib Adipate,1.0
CHEMBL5314963,Nesvategrast Isobutanolammonium,2.0
CHEMBL600,Acetylcysteine,4.0
CHEMBL642,Acebutolol,4.0
CHEMBL107,Colchicine,4.0
CHEMBL1079935,Amperozide,2.0
CHEMBL1097521,Chembl1097521,
CHEMBL112896,Chembl112896,
CHEMBL113,Caffeine,4.0
CHEMBL1200449,Triamcinolone Diacetate,4.0
CHEMBL1200503,Bromocriptine Mesylate,4.0
CHEMBL1200545,Diflorasone Diacetate,4.0
CHEMBL1201780,Carglumic Acid,4.0
CHEMBL120643,Chembl120643,
CHEMBL1213252,Clorazepic Acid,4.0
CHEMBL1223204,Chembl1223204,
CHEMBL1229651,Chembl1229651,
CHEMBL1232369,Chembl1232369,
CHEMBL1236395,Trehalose,3.0
CHEMBL1616141,Chembl1616141,
CHEMBL1697759,Morinamide,2.0
CHEMBL1822468,Chembl1822468,
CHEMBL188381,Gw806742X,
CHEMBL1906890,Hydroquinidine,3.0
CHEMBL1908391,Masitinib,4.0
CHEMBL1927030,Levmetamfetamine,2.0
CHEMBL2063215,Sc-43,1.0
CHEMBL2103810,Ezatiostat Hydrochloride,2.0
CHEMBL2104153,Cyamemazine,2.0
CHEMBL2104254,Etoxeridine,2.0
CHEMBL2104722,Picloxydine,2.0
CHEMBL212301,D-Arginine,
CHEMBL2146110,Sarizotan Hydrochloride,3.0
CHEMBL219314,Chembl219314,
CHEMBL222440,Acifluorfen,
CHEMBL2312181,P-276-00,2.0
CHEMBL232566,Chembl232566,
CHEMBL2413471,Chembl2413471,
CHEMBL247398,Chembl247398,
CHEMBL275661,Succinimide,-1.0
CHEMBL313155,Neotetrazolium Chloride,1.0
CHEMBL3301618,Motolimod,2.0
CHEMBL3357685,Pclx-001,1.0
CHEMBL3589328,Chembl3589328,
CHEMBL367315,Ly-292223,
CHEMBL3707373,Dexisometheptene Mucate,2.0
CHEMBL3753082,Chembl3753082,
CHEMBL398440,Chloroxylenol,4.0
CHEMBL4073553,Chembl4073553,
CHEMBL4125752,Chembl4125752,
CHEMBL4247977,Chembl4247977,
CHEMBL4282264,A-485,
CHEMBL4290132,Chembl4290132,
CHEMBL4297496,Jnj-27548547,1.0
CHEMBL435385,Chembl435385,
CHEMBL44657,Etoposide,4.0
CHEMBL488084,Chembl488084,
CHEMBL5095224,Eliapixant,2.0
CHEMBL5314517,Emilumenib,2.0
CHEMBL5314932,Tre-515,1.0
CHEMBL544665,Fingolimod Hydrochloride,4.0
CHEMBL56053,Chembl56053,
CHEMBL56190,Chembl56190,
CHEMBL648,Cyclizine,4.0
CHEMBL74926,Phenserine,
CHEMBL989,Fluocinolone Acetonide,4.0
CHEMBL1037,Guanadrel,4.0
CHEMBL1095817,Chembl1095817,
CHEMBL1160563,3-Phosphoglyceric Acid,
CHEMBL1165342,Vincamine,4.0
CHEMBL1182777,Chembl1182777,
CHEMBL1200878,Triamcinolone Hexacetonide,4.0
CHEMBL1201139,Megestrol Acetate,4.0
CHEMBL1201173,Medrysone,4.0
CHEMBL1201250,Benzquinamide,4.0
CHEMBL1201733,Pazopanib Hydrochloride,4.0
CHEMBL1213251,Clobenzorex,2.0
CHEMBL1231778,Chembl1231778,
CHEMBL1235693,Chembl1235693,
CHEMBL1334692,Lonazolac,2.0
CHEMBL139908,Chembl139908,
CHEMBL1472975,Perospirone,2.0
CHEMBL1490082,Chembl1490082,
CHEMBL15063,Atrazine,
CHEMBL1518,Propylthiouracil,4.0
CHEMBL1570,Sulfoxone,4.0
CHEMBL1615438,Levocabastine,4.0
CHEMBL161724,Chembl161724,
CHEMBL1622930,Chembl1622930,
CHEMBL1650595,Ar-12,1.0
CHEMBL167882,Chembl167882,
CHEMBL170077,Chembl170077,
CHEMBL1722501,Pyrithyldione,2.0
CHEMBL1738962,Chembl1738962,
CHEMBL176544,Chembl176544,
CHEMBL1834663,Chembl1834663,
CHEMBL184372,Chembl184372,
CHEMBL1875999,7-Keto Dehydroepiandrosterone,2.0
CHEMBL189475,Ladarixin,3.0
CHEMBL1909283,Mebanazine,4.0
CHEMBL2022995,Chembl2022995,
CHEMBL2063331,Chembl2063331,
CHEMBL2105240,Pirnabine,2.0
CHEMBL2105669,Tedizolid Phosphate,4.0
CHEMBL2105709,Quizartinib Dihydrochloride,4.0
CHEMBL2107396,Furaprofen,2.0
CHEMBL2107801,Resequinil,2.0
CHEMBL2159748,Chembl2159748,
CHEMBL218677,Chembl218677,
CHEMBL218748,Chembl218748,
CHEMBL221170,Chembl221170,
CHEMBL2348154,Chembl2348154,
CHEMBL2364635,Tafenoquine Succinate,4.0
CHEMBL2398772,Chembl2398772,
CHEMBL2407746,Chembl2407746,
CHEMBL246209,Chembl246209,
CHEMBL258282,Chembl258282,
CHEMBL259223,Menatetrenone,3.0
CHEMBL26260,Beta-Naphthoflavone,
CHEMBL268772,Chembl268772,
CHEMBL273822,Chembl273822,
CHEMBL3247378,Darinaparsin,2.0
CHEMBL326651,Chembl326651,
CHEMBL3338865,Chembl3338865,
CHEMBL3393333,Chembl3393333,
CHEMBL3545365,Altiratinib,2.0
CHEMBL359482,Chembl359482,
CHEMBL3613671,Chembl3613671,
CHEMBL361403,Chembl361403,
CHEMBL371732,Chembl371732,
CHEMBL377300,Brivanib,3.0
CHEMBL3774414,Chembl3774414,
CHEMBL381526,Chembl381526,
CHEMBL3916243,Atabecestat,2.0
CHEMBL3989974,Cefiderocol,4.0
CHEMBL402747,Chembl402747,
CHEMBL4065619,Chembl4065619,
CHEMBL4075540,Chembl4075540,
CHEMBL407938,Chembl407938,
CHEMBL42743,Tylosin,2.0
CHEMBL4283513,Chembl4283513,
CHEMBL4297067,Fluorescein,4.0
CHEMBL4297188,Miransertib,2.0
CHEMBL4297259,Alt-2074,2.0
CHEMBL4297433,Methanesulfonyl Fluoride,1.0
CHEMBL4297469,Lgd-6972,2.0
CHEMBL4297661,Tarloxotinib,2.0
CHEMBL4297866,Abivertinib Maleate,3.0
CHEMBL442714,Chembl442714,
CHEMBL449,Butabarbital,4.0
CHEMBL453620,Chembl453620,
CHEMBL454568,Myxothiazol,
CHEMBL4650443,Vebreltinib,1.0
CHEMBL466246,Laninamivir,-1.0
CHEMBL467987,2-Hydroxy-Estradiol,
CHEMBL4754443,Chembl4754443,
CHEMBL494916,Chembl494916,
CHEMBL5095038,Ziftomenib,1.0
CHEMBL517438,R-116010,
CHEMBL5314387,Mk-1496,1.0
CHEMBL541388,Fasudil Hydrochloride,2.0
CHEMBL561907,Chembl561907,
CHEMBL590716,Chembl590716,
CHEMBL603367,Chembl603367,
CHEMBL728,Prochlorperazine,4.0
CHEMBL782,Tolbutamide,4.0
CHEMBL82301,Vicriviroc,3.0
CHEMBL1078594,Chembl1078594,
CHEMBL1087180,Ganoderic Acid B,
CHEMBL1089443,Chembl1089443,
CHEMBL1092394,Chembl1092394,
CHEMBL1092824,Chembl1092824,
CHEMBL1095498,Chembl1095498,
CHEMBL1200946,Nandrolone Decanoate,4.0
CHEMBL121626,Tolfenamic Acid,4.0
CHEMBL1230893,Chembl1230893,
CHEMBL1232952,Gibberellin A3,
CHEMBL1233202,Haloxyfop-R-Methyl,
CHEMBL124339,Chembl124339,
CHEMBL1288810,Levodropropizine,3.0
CHEMBL135626,Ethane,2.0
CHEMBL1688530,Oritavancin,4.0
CHEMBL169896,Osi-7904,2.0
CHEMBL170797,Ethoheptazine,-1.0
CHEMBL176045,Fanchinin,
CHEMBL177880,Pamoic Acid,
CHEMBL182032,Chembl182032,
CHEMBL182277,Chembl182277,
CHEMBL18901,Efaproxiral,3.0
CHEMBL192,Sildenafil,4.0
CHEMBL1944785,Chembl1944785,
CHEMBL2068971,Rostafuroxin,2.0
CHEMBL2105734,Sepantronium Bromide,2.0
CHEMBL2106179,Fasoracetam,2.0
CHEMBL2106755,Magnesium Salicylate,-1.0
CHEMBL2111086,Canfosfamide,3.0
CHEMBL2178577,Azd-5363,
CHEMBL2181932,Chembl2181932,
CHEMBL2315939,Chembl2315939,
CHEMBL241303,Chembl241303,
CHEMBL284616,Chlorogenic Acid,2.0
CHEMBL301213,Chembl301213,
CHEMBL3183531,Chembl3183531,
CHEMBL3319482,Chembl3319482,
CHEMBL3357456,Chembl3357456,
CHEMBL34062,Chembl34062,
CHEMBL3545210,Sr16234,2.0
CHEMBL3547132,Fluorodopa,4.0
CHEMBL35820,Chembl35820,
CHEMBL361983,Chembl361983,
CHEMBL363392,Maralixibat,4.0
CHEMBL374731,Telbivudine,4.0
CHEMBL3828628,Chembl3828628,
CHEMBL3918017,Seletracetam,3.0
CHEMBL3989512,Soblidotin,2.0
CHEMBL3989829,Netilmicin Sulfate,4.0
CHEMBL4072756,Azd-5423,2.0
CHEMBL411178,Chembl411178,
CHEMBL411758,Chembl411758,
CHEMBL4117701,Chembl4117701,
CHEMBL4160544,Chembl4160544,
CHEMBL4297630,Cotadutide,2.0
CHEMBL4297659,Menaquinone,-1.0
CHEMBL434785,Chembl434785,
CHEMBL451855,Selenazole-4-Carboxamide Adenine Dinucleotide,
CHEMBL4594380,Deudomperidone,2.0
CHEMBL470581,Chembl470581,
CHEMBL4788728,"6,7-Dihydro-5H-Pyrrolo[3,4-B]Pyridine",2.0
CHEMBL482409,"2,6-Bis(4-Hydroxybenzylidene)Cyclohexanone",
CHEMBL485945,Chembl485945,
CHEMBL501711,Hyperforin,
CHEMBL513191,Chembl513191,
CHEMBL522877,Chembl522877,
CHEMBL5314400,Dwp05195,2.0
CHEMBL5315060,Enflicoxib,-1.0
CHEMBL564829,Milciclib,2.0
CHEMBL592893,Pha-408,
CHEMBL601773,Dihydroergocristine,-1.0
CHEMBL1005,Remifentanil,4.0
CHEMBL1062,Hydroxyprogesterone,2.0
CHEMBL1180074,Miristalkonium,2.0
CHEMBL1200613,Tolmetin Sodium,4.0
CHEMBL1201010,Fludrocortisone Acetate,4.0
CHEMBL1201407,Unoprostone,2.0
CHEMBL1209757,Chembl1209757,
CHEMBL1221561,Chembl1221561,
CHEMBL1222035,Ici-164384,
CHEMBL1231277,Chembl1231277,
CHEMBL1232313,Domoic Acid,
CHEMBL125386,Chembl125386,
CHEMBL1258633,Chembl1258633,
CHEMBL1269728,Chembl1269728,
CHEMBL1282,Imiquimod,4.0
CHEMBL1400561,Etiracetam,2.0
CHEMBL1465,Phenprocoumon,4.0
CHEMBL1618018,Homatropine,4.0
CHEMBL1807053,Chembl1807053,
CHEMBL2057236,Tp-271,1.0
CHEMBL2063443,Chembl2063443,
CHEMBL2104464,Vedaprofen,2.0
CHEMBL2104819,Letrazuril,2.0
CHEMBL2106238,Ethyl Linoleate,1.0
CHEMBL2178350,Chembl2178350,
CHEMBL2178578,Vercirnon,3.0
CHEMBL222419,Gsk-237701A,
CHEMBL2311933,Chembl2311933,
CHEMBL2316141,Chembl2316141,
CHEMBL2316207,Fs-694,
CHEMBL2325418,Chembl2325418,
CHEMBL2326408,Chembl2326408,
CHEMBL2356172,Chembl2356172,
CHEMBL2392545,Tak-960,1.0
CHEMBL2425971,Chembl2425971,
CHEMBL275339,Chembl275339,
CHEMBL284104,Dipicolinic Acid,
CHEMBL295619,Rufloxacin,2.0
CHEMBL3086768,Chembl3086768,
CHEMBL3113734,Uk-500001,2.0
CHEMBL3126832,Obp-801,1.0
CHEMBL3219124,Azd-1656,2.0
CHEMBL3286734,Chembl3286734,
CHEMBL3353353,Chembl3353353,
CHEMBL3356143,Chembl3356143,
CHEMBL3414623,Chembl3414623,
CHEMBL3545169,Azd1305,2.0
CHEMBL3545378,Mk-6592,1.0
CHEMBL355200,Eniluracil,3.0
CHEMBL3577182,Chembl3577182,
CHEMBL3601223,Chembl3601223,
CHEMBL3644587,2X-121,2.0
CHEMBL3655081,Abrocitinib,4.0
CHEMBL3707333,Sodium Perborate,4.0
CHEMBL3746640,Chembl3746640,
CHEMBL3989640,Magnesium Gluconate,4.0
CHEMBL3989698,Tranylcypromine Sulfate,4.0
CHEMBL3989947,Olumacostat Glasaretil,3.0
CHEMBL4068919,Chembl4068919,
CHEMBL4070053,Chembl4070053,
CHEMBL4296719,Dutogliptin,3.0
CHEMBL4297277,Diepalrestat Choline,2.0
CHEMBL4442620,Roniciclib,2.0
CHEMBL4456085,Bay-1217389,1.0
CHEMBL4518483,Danuglipron,2.0
CHEMBL494162,Chembl494162,
CHEMBL506,Primaquine,4.0
CHEMBL506247,Tannic Acid,4.0
CHEMBL5095198,Tildacerfont,2.0
CHEMBL517231,Islatravir,3.0
CHEMBL521606,Nadolol,4.0
CHEMBL5314576,Iclepertin,3.0
CHEMBL5314607,Gildeuretinol Acetate,1.0
CHEMBL561660,Chembl561660,
CHEMBL600811,Chembl600811,
CHEMBL714,Albuterol,4.0
CHEMBL72,Desipramine,4.0
CHEMBL106247,Chembl106247,
CHEMBL1089318,Opicapone,4.0
CHEMBL1093059,Bardoxolone,2.0
CHEMBL11298,Serine,3.0
CHEMBL116943,Pentylenetetrazol,2.0
CHEMBL1201161,Mafenide Acetate,4.0
CHEMBL1231557,Chembl1231557,
CHEMBL1232131,Dobesilic Acid,4.0
CHEMBL1235351,Pimelic Acid,
CHEMBL1235353,Pyridoxamine Phosphate Anhydrous,-1.0
CHEMBL1236345,Trinitrotoluene,
CHEMBL123794,Chembl123794,
CHEMBL124576,Chembl124576,
CHEMBL1314,Tiopronin,4.0
CHEMBL1384502,Chembl1384502,
CHEMBL139835,Cyproterone Acetate,4.0
CHEMBL1480987,Cyclandelate,4.0
CHEMBL1619758,Etryptamine,-1.0
CHEMBL1628504,Rilpivirine Hydrochloride,4.0
CHEMBL168634,Chembl168634,
CHEMBL1689,Tolazoline Hydrochloride,4.0
CHEMBL1689285,Sodium Bisulfite,-1.0
CHEMBL1774204,Chembl1774204,
CHEMBL178090,Chembl178090,
CHEMBL1802406,Chembl1802406,
CHEMBL1819261,Chembl1819261,
CHEMBL1835416,Chembl1835416,
CHEMBL18850,Cyclohexanone,
CHEMBL1889041,Fenpropidin,-1.0
CHEMBL1892145,Vinburnine,2.0
CHEMBL199237,Chembl199237,
CHEMBL205504,Chembl205504,
CHEMBL2103793,Agatolimod Sodium,3.0
CHEMBL2105712,Afatinib Dimaleate,4.0
CHEMBL2106643,Mycophenolate Sodium,4.0
CHEMBL2177649,Chembl2177649,
CHEMBL222649,Chembl222649,
CHEMBL233149,Chembl233149,
CHEMBL2360580,Buclizine Hydrochloride,4.0
CHEMBL2408244,Chembl2408244,
CHEMBL278255,Clinafloxacin,-1.0
CHEMBL278663,Para-Methoxyamphetamine,
CHEMBL3109630,Chembl3109630,
CHEMBL3127510,Chembl3127510,
CHEMBL325439,Bepafant,2.0
CHEMBL3407547,Firsocostat,2.0
CHEMBL3408946,Chembl3408946,
CHEMBL3545264,Ly-2874455,1.0
CHEMBL4083642,Chembl4083642,
CHEMBL4088518,Chembl4088518,
CHEMBL4096207,Chembl4096207,
CHEMBL4105491,Chembl4105491,
CHEMBL4209562,Chembl4209562,
CHEMBL4285883,Oleandrin,1.0
CHEMBL4297206,Silver Diammine Fluoride,3.0
CHEMBL4297255,Abp-700,2.0
CHEMBL4297504,Beloranib,3.0
CHEMBL447183,Ar-C102222,
CHEMBL452461,Perzinfotel,2.0
CHEMBL452648,Chembl452648,
CHEMBL4594299,Encequidar Mesylate,3.0
CHEMBL4594395,Potassium Oxybate,4.0
CHEMBL460460,Chembl460460,
CHEMBL4744680,Chembl4744680,
CHEMBL503699,Chembl503699,
CHEMBL520613,Albitiazolium Bromide,2.0
CHEMBL524533,Chembl524533,
CHEMBL5315049,Sitagliptin Fumarate,4.0
CHEMBL562668,Otenabant,3.0
CHEMBL58,Mitoxantrone,4.0
CHEMBL66380,2-(3-Cyclohexylureido)Acetic Acid,
CHEMBL6993,Chembl6993,
CHEMBL93268,Sodium Nitrite,4.0
CHEMBL950,Benzoyl Formic Acid,
CHEMBL996,Cefoxitin,4.0
CHEMBL9960,Azd-7624,2.0
CHEMBL100763,Chembl100763,
CHEMBL105184,Bifendate,1.0
CHEMBL1094981,Chembl1094981,
CHEMBL1173814,Chembl1173814,
CHEMBL1193,Pheniramine,4.0
CHEMBL1198148,Chembl1198148,
CHEMBL1200756,Pyridoxine Hydrochloride,4.0
CHEMBL1200774,Fluprednisolone,4.0
CHEMBL1200795,Clemastine Fumarate,4.0
CHEMBL1201764,Fesoterodine,4.0
CHEMBL1208835,Chembl1208835,
CHEMBL1234751,Acetylglutamic Acid,
CHEMBL1236446,Chembl1236446,
CHEMBL1328968,Melengestrol Acetate,2.0
CHEMBL142936,Diethyltryptamine,
CHEMBL1490267,Chembl1490267,
CHEMBL1663,Perflutren,4.0
CHEMBL1697843,Metildigoxin,4.0
CHEMBL1716983,Enisamium Iodide,3.0
CHEMBL1807305,Chembl1807305,
CHEMBL197576,Chembl197576,
CHEMBL202609,Chembl202609,
CHEMBL208652,Chembl208652,
CHEMBL2103778,Cilansetron,2.0
CHEMBL2105890,Mitemcinal Fumarate,2.0
CHEMBL2106499,Valtorcitabine,2.0
CHEMBL2106763,Fluprednidene,2.0
CHEMBL2107383,Vernakalant Hydrochloride,4.0
CHEMBL212870,Chembl212870,
CHEMBL220492,Topiramate,4.0
CHEMBL227439,Chembl227439,
CHEMBL2366023,Chembl2366023,
CHEMBL2375161,Surotomycin,3.0
CHEMBL2393183,Chembl2393183,
CHEMBL272609,Chembl272609,
CHEMBL29,Benzylpenicillin,4.0
CHEMBL3197805,Chembl3197805,
CHEMBL3356010,Chembl3356010,
CHEMBL3360530,Chembl3360530,
CHEMBL338966,Chembl338966,
CHEMBL3393066,Chembl3393066,
CHEMBL3544964,Ravoxertinib,2.0
CHEMBL3577885,Pf-05105679,1.0
CHEMBL3833391,Clofezone,2.0
CHEMBL4069704,Rodatristat Ethyl,2.0
CHEMBL4074778,Chembl4074778,
CHEMBL408513,Belinostat,4.0
CHEMBL413825,Chembl413825,
CHEMBL42161,Misonidazole,2.0
CHEMBL4218271,Numidargistat,2.0
CHEMBL4297478,Vamotinib,2.0
CHEMBL433,Valproate Sodium,4.0
CHEMBL451509,Chembl451509,
CHEMBL4530740,Bi 1950,
CHEMBL4564280,Chembl4564280,
CHEMBL461767,Chembl461767,
CHEMBL4650359,Ovatodiolide,1.0
CHEMBL468837,Heptabarbital,2.0
CHEMBL473326,Chembl473326,
CHEMBL484780,Chembl484780,
CHEMBL5314399,Jts-653,2.0
CHEMBL690,Pravastatin Sodium,4.0
CHEMBL8224,Chembl8224,
CHEMBL93464,Chembl93464,
CHEMBL1090043,Chembl1090043,
CHEMBL1090383,Chembl1090383,
CHEMBL1092815,Chembl1092815,
CHEMBL116675,Trifluoroethanol,
CHEMBL1170047,Iniparib,3.0
CHEMBL1200405,Bitolterol Mesylate,4.0
CHEMBL1201154,Prochlorperazine Edisylate,4.0
CHEMBL1201187,Maraviroc,4.0
CHEMBL1224745,Chembl1224745,
CHEMBL1229989,Chembl1229989,
CHEMBL1236347,Chembl1236347,
CHEMBL1237007,Chembl1237007,
CHEMBL1237072,Dirithromycin,4.0
CHEMBL12543,Methylpyrrolidone,1.0
CHEMBL1449018,Chembl1449018,
CHEMBL1570482,Monoctanoin Component A,-1.0
CHEMBL1621597,Ipratropium,4.0
CHEMBL1644,Cefadroxil,4.0
CHEMBL1891894,Chembl1891894,
CHEMBL1951865,Cms-121,1.0
CHEMBL196571,Chembl196571,
CHEMBL2000716,Caricotamide,2.0
CHEMBL2011961,Chembl2011961,
CHEMBL204992,Chembl204992,
CHEMBL209740,Chembl209740,
CHEMBL2104356,Ketazolam,4.0
CHEMBL2105187,Mazaticol,2.0
CHEMBL2105945,Aceneuramic Acid,3.0
CHEMBL221976,Chembl221976,
CHEMBL2425964,Chembl2425964,
CHEMBL244229,Chembl244229,
CHEMBL249856,Enoximone,4.0
CHEMBL25856,Dihydrexidine,2.0
CHEMBL260200,Chembl260200,
CHEMBL266349,Melagatran,4.0
CHEMBL277238,Chembl277238,
CHEMBL278703,Erteberel,2.0
CHEMBL289228,Tipifarnib,3.0
CHEMBL3215298,Abamectin,3.0
CHEMBL322857,Chembl322857,
CHEMBL3301604,Ralinepag,3.0
CHEMBL336296,Uridine Triphosphate,3.0
CHEMBL3421731,Chembl3421731,
CHEMBL343633,Esatenolol,2.0
CHEMBL34964,Benzo[B]Thiophen-2-Boronic Acid,
CHEMBL356310,Chembl356310,
CHEMBL3609305,Chembl3609305,
CHEMBL3612505,Chembl3612505,
CHEMBL3661115,Tas-116,2.0
CHEMBL3716440,Chembl3716440,
CHEMBL3746031,Chembl3746031,
CHEMBL3775504,Chembl3775504,
CHEMBL382576,Chembl382576,
CHEMBL385049,Chembl385049,
CHEMBL38943,Gw501516,2.0
CHEMBL389471,Coumermycin A1,
CHEMBL397858,Chembl397858,
CHEMBL3989517,Ioflupane I 123,4.0
CHEMBL3989595,Bietaserpine,2.0
CHEMBL4091626,Chembl4091626,
CHEMBL4116378,Ganfeborole,2.0
CHEMBL4164271,Chembl4164271,
CHEMBL4173974,Astx-660,1.0
CHEMBL4245197,Chembl4245197,
CHEMBL4297063,Dovitinib Lactate,2.0
CHEMBL4297283,Glycovir,2.0
CHEMBL4297327,Suvn-D4010,1.0
CHEMBL4297356,Azd-8848,2.0
CHEMBL4297366,Cg-200745,2.0
CHEMBL4297430,Besigliptin Tosylate,2.0
CHEMBL442,Ergotamine,4.0
CHEMBL4594412,Incb-057643,1.0
CHEMBL46399,Phenazocine,4.0
CHEMBL4650281,Cln-081,1.0
CHEMBL4650318,Icenticaftor,2.0
CHEMBL469275,Chembl469275,
CHEMBL49004,Chembl49004,
CHEMBL5095229,Bezuclastinib,3.0
CHEMBL5314475,Palazestrant,2.0
CHEMBL5314589,Risevistinel,2.0
CHEMBL552425,Chembl552425,
CHEMBL57997,T-62,2.0
CHEMBL600447,Chembl600447,
CHEMBL603469,Lestaurtinib,3.0
CHEMBL65433,Imidurea,-1.0
CHEMBL73451,Mequitazine,4.0
CHEMBL74371,Chembl74371,
CHEMBL79280,Batabulin,2.0
CHEMBL82293,Palmitic Acid,-1.0
CHEMBL94,Physostigmine,4.0
CHEMBL95889,Betaine,4.0
CHEMBL97355,Chembl97355,
CHEMBL99447,Chembl99447,
CHEMBL1073,Glipizide,4.0
CHEMBL1076347,Triclocarban,4.0
CHEMBL1181633,Brilliant Green,
CHEMBL1187011,Domiphen,4.0
CHEMBL1194666,Diethylpropion,4.0
CHEMBL1200731,Potassium Chloride,4.0
CHEMBL1200768,Ceftazidime Sodium,4.0
CHEMBL1213352,Pinazepam,2.0
CHEMBL1231347,Chembl1231347,
CHEMBL1232397,Chembl1232397,
CHEMBL1254766,Dextrorphan,-1.0
CHEMBL136800,Cx516,2.0
CHEMBL1466,Dicumarol,4.0
CHEMBL1555,Galantamine Hydrobromide,4.0
CHEMBL15562,Pyrimidine,3.0
CHEMBL157366,Mosedipimod,2.0
CHEMBL17432,Chembl17432,
CHEMBL177033,Chembl177033,
CHEMBL1788384,Arsthinol,2.0
CHEMBL181954,Naveglitazar,2.0
CHEMBL186174,Chembl186174,
CHEMBL2031737,Chembl2031737,
CHEMBL2104045,Cinoxate,4.0
CHEMBL2104234,Benzethidine,2.0
CHEMBL2105040,Dimetofrine,2.0
CHEMBL2105131,Mefruside,4.0
CHEMBL2106167,Clorexolone,2.0
CHEMBL2106941,Pivhydrazine,-1.0
CHEMBL2110978,Methiodal,2.0
CHEMBL216105,Chembl216105,
CHEMBL221654,Chembl221654,
CHEMBL2252704,(+)-(6S)-Parasorbic Acid,
CHEMBL2387223,Chembl2387223,
CHEMBL2397146,Chembl2397146,
CHEMBL259450,Chembl259450,
CHEMBL262736,Chembl262736,
CHEMBL290140,Pnu-142372,
CHEMBL3236363,Chembl3236363,
CHEMBL3545122,Dolcanatide,2.0
CHEMBL3633460,Pf-06282999,1.0
CHEMBL370437,Chembl370437,
CHEMBL3716552,Bms-986141,2.0
CHEMBL372205,Lecozotan,3.0
CHEMBL3740721,Chembl3740721,
CHEMBL37858,Sarafloxacin,-1.0
CHEMBL3827489,Chembl3827489,
CHEMBL392500,Chembl392500,
CHEMBL3989481,Frakefamide,2.0
CHEMBL4091374,Lanifibranor,3.0
CHEMBL41342,Geranyl Diphosphate,
CHEMBL4216635,Chembl4216635,
CHEMBL4281240,Chembl4281240,
CHEMBL4282576,Chembl4282576,
CHEMBL4297364,Oxitropium,4.0
CHEMBL4297510,Emeramide,2.0
CHEMBL4466233,Pemrametostat,2.0
CHEMBL4553408,Chembl4553408,
CHEMBL4594348,Elsubrutinib,2.0
CHEMBL4594414,Mitoquinol Cation,2.0
CHEMBL469950,Chembl469950,
CHEMBL478649,Chembl478649,
CHEMBL479800,Chembl479800,
CHEMBL4802050,8Rk64,
CHEMBL4802250,Aspacytarabine Hydrochloride,1.0
CHEMBL493737,Methylinositol,2.0
CHEMBL5174830,Chembl5174830,
CHEMBL518166,Chembl518166,
CHEMBL5314606,Gildeuretinol,1.0
CHEMBL5314952,Rezivertinib,3.0
CHEMBL564404,Chembl564404,
CHEMBL707,Doxazosin,4.0
CHEMBL77675,"N,N'-Diphenyl-Guanidine",
CHEMBL88153,Cdc-801,2.0
CHEMBL94454,Mizolastine,4.0
CHEMBL947,Cesamet,
CHEMBL1082617,Chembl1082617,
CHEMBL1091071,Chembl1091071,
CHEMBL1093,Articaine,4.0
CHEMBL1095149,Chembl1095149,
CHEMBL1097896,Chembl1097896,
CHEMBL114,Saquinavir,4.0
CHEMBL1153,Digoxigenin,
CHEMBL1160188,Chembl1160188,
CHEMBL1200419,Molindone Hydrochloride,4.0
CHEMBL1200444,Pirbuterol Acetate,4.0
CHEMBL1200487,Ethacrynate Sodium,4.0
CHEMBL1200699,Doxycycline,4.0
CHEMBL1200982,Butabarbital Sodium,4.0
CHEMBL1201149,Naltrexone Hydrochloride,4.0
CHEMBL1201264,Methantheline,4.0
CHEMBL1231350,Chembl1231350,
CHEMBL1233239,Chembl1233239,
CHEMBL1256723,Doxycycline Hydrochloride,3.0
CHEMBL1269102,Bq-123,2.0
CHEMBL12856,Inamrinone,4.0
CHEMBL1519,Trandolapril,4.0
CHEMBL16502,Tert-Butanol,
CHEMBL1650317,"Sodium 2,2-Dimethylbutyrate",2.0
CHEMBL1689772,Omadacycline,4.0
CHEMBL1788132,Lofexidine Hydrochloride,4.0
CHEMBL1802966,Chembl1802966,
CHEMBL185918,Chembl185918,
CHEMBL1870768,Dimethindene Maleate,4.0
CHEMBL1958308,Chembl1958308,
CHEMBL1980535,Chembl1980535,
CHEMBL2047879,Chembl2047879,
CHEMBL2104591,Fedrilate,2.0
CHEMBL2105395,Ospemifene,4.0
CHEMBL2105662,Lomitapide Mesylate,4.0
CHEMBL2107832,Pimasertib,2.0
CHEMBL2360079,Acetophenazine Maleate,4.0
CHEMBL249280,Chembl249280,
CHEMBL256528,Chembl256528,
CHEMBL272875,Chembl272875,
CHEMBL273453,Aldosterone,2.0
CHEMBL275446,Metiamide,2.0
CHEMBL279433,L-778123,1.0
CHEMBL286939,Chembl286939,
CHEMBL28721,"2,3-Dimercapto-Succinic Acid",
CHEMBL3116440,Chembl3116440,
CHEMBL3186534,Rivoceranib,3.0
CHEMBL3342491,Chembl3342491,
CHEMBL337612,Dimiracetam,2.0
CHEMBL3408382,Chembl3408382,
CHEMBL3545423,Azd-1208,1.0
CHEMBL3786098,Pf-06459988,2.0
CHEMBL3822773,Px-102,2.0
CHEMBL388978,Staurosporine,
CHEMBL3916700,Las190792,1.0
CHEMBL398940,Chembl398940,
CHEMBL3989507,Edetate Disodium,4.0
CHEMBL3989556,Remoxipride Hydrochloride,4.0
CHEMBL4116008,Cerdulatinib,2.0
CHEMBL4170551,Chembl4170551,
CHEMBL4207852,Mizacorat,2.0
CHEMBL4213805,Chembl4213805,
CHEMBL4244843,Chembl4244843,
CHEMBL4297329,Pifusertib,2.0
CHEMBL4297344,Obefazimod,3.0
CHEMBL4298142,Asalhydromorphone Hydrochloride,1.0
CHEMBL4301163,Elsulfavirine,2.0
CHEMBL435224,Lapaquistat Acetate,3.0
CHEMBL4439276,Chembl4439276,
CHEMBL4445137,Chembl4445137,
CHEMBL455333,Chembl455333,
CHEMBL4594447,Mesdopetam,2.0
CHEMBL4597193,Valemetostat,2.0
CHEMBL4650334,Aldumastat,2.0
CHEMBL4650718,"Hydroxynorketamine, (2R,6R)",1.0
CHEMBL4802293,Tebitorexant,2.0
CHEMBL489657,Chembl489657,
CHEMBL50444,Meglutol,2.0
CHEMBL5095426,Zurletrectinib,2.0
CHEMBL513994,Prx-08066,2.0
CHEMBL5183847,Ensitrelvir,3.0
CHEMBL5314398,Grc-6211,2.0
CHEMBL5314550,Tulathromycin,2.0
CHEMBL56564,Tropisetron,4.0
CHEMBL709,Alfuzosin,4.0
CHEMBL80386,Ivospemin,3.0
CHEMBL8211,N-Ethylmaleimide,
CHEMBL93647,Chembl93647,
CHEMBL1184499,Chembl1184499,
CHEMBL1200511,Gonadorelin Acetate,4.0
CHEMBL1200592,Desoxycorticosterone Pivalate,4.0
CHEMBL1200964,Amitriptyline Hydrochloride,4.0
CHEMBL1201108,Conivaptan Hydrochloride,4.0
CHEMBL1201765,Fesoterodine Fumarate,4.0
CHEMBL1204165,Dilevalol Hydrochloride,4.0
CHEMBL121879,Chembl121879,
CHEMBL1255840,Neboglamine,2.0
CHEMBL1271333,Chembl1271333,
CHEMBL136145,Chembl136145,
CHEMBL1378,Thiethylperazine,4.0
CHEMBL13828,Oxatomide,4.0
CHEMBL139423,Chembl139423,
CHEMBL1530581,Chembl1530581,
CHEMBL1567328,Omeprazole Magnesium,4.0
CHEMBL1614641,Flunoxaprofen,2.0
CHEMBL1679,Leucovorin,4.0
CHEMBL1708510,Cid 27456,
CHEMBL1721515,Tetraxetan,3.0
CHEMBL1892201,Mofebutazone,2.0
CHEMBL190044,Trimebutine,3.0
CHEMBL1996652,Methylbenactyzium,2.0
CHEMBL203125,Fosmidomycin,3.0
CHEMBL205821,Chembl205821,
CHEMBL2074972,Benidipine,3.0
CHEMBL2103764,Cefetamet,2.0
CHEMBL2103823,Tasisulam Sodium,3.0
CHEMBL2105242,Meladrazine,2.0
CHEMBL2105322,Ritiometan,2.0
CHEMBL2107729,Ataciguat,2.0
CHEMBL2107821,Emixustat,3.0
CHEMBL2159735,Chembl2159735,
CHEMBL255066,Cloricromen,2.0
CHEMBL257805,Chembl257805,
CHEMBL278398,Phenindamine,4.0
CHEMBL278719,Chembl278719,
CHEMBL3137333,Isavuconazonium Sulfate,4.0
CHEMBL3330281,Chembl3330281,
CHEMBL3354594,Chembl3354594,
CHEMBL3358920,Etrasimod,4.0
CHEMBL3421637,Chembl3421637,
CHEMBL3422071,Chembl3422071,
CHEMBL3422073,Chembl3422073,
CHEMBL342672,Cyclotheonamide A,
CHEMBL358866,Chembl358866,
CHEMBL367149,Doconexent,3.0
CHEMBL3819587,Chembl3819587,
CHEMBL384200,Rgi-7000,1.0
CHEMBL3884248,Morinidazole,-1.0
CHEMBL389164,Chembl389164,
CHEMBL3989695,Regadenoson,4.0
CHEMBL405957,Chembl405957,
CHEMBL407734,Chembl407734,
CHEMBL4078023,Chembl4078023,
CHEMBL424133,Ly-518674,2.0
CHEMBL4297526,Remimazolam,4.0
CHEMBL4303292,Chembl4303292,
CHEMBL453895,Chembl453895,
CHEMBL46423,Nevanimibe,2.0
CHEMBL4650278,Sndx-5613,1.0
CHEMBL481958,Amrubicin Hydrochloride,3.0
CHEMBL494480,Adl-5859,2.0
CHEMBL519776,Chembl519776,
CHEMBL520642,Ceftobiprole,3.0
CHEMBL556460,Chembl556460,
CHEMBL70663,Dapivirine,3.0
CHEMBL74415,Cannabinol,3.0
CHEMBL100014,An-9,2.0
CHEMBL10188,Talnetant,2.0
CHEMBL1051,Latanoprost,4.0
CHEMBL1088750,Arry-797,3.0
CHEMBL116081,Chembl116081,
CHEMBL1200326,Nicardipine Hydrochloride,4.0
CHEMBL1200383,Benztropine Mesylate,4.0
CHEMBL1200493,Naftifine Hydrochloride,4.0
CHEMBL1201044,Dapiprazole Hydrochloride,4.0
CHEMBL1201185,Lanreotide,4.0
CHEMBL1214827,Onalespib,2.0
CHEMBL1230438,Chembl1230438,
CHEMBL1230742,Chembl1230742,
CHEMBL123189,Chembl123189,
CHEMBL1233457,3-Hydroxylauric Acid,
CHEMBL1234108,Chembl1234108,
CHEMBL1270015,Chembl1270015,
CHEMBL1332032,Triflusal,3.0
CHEMBL1371,Chlorzoxazone,4.0
CHEMBL14309,Alphaprodine,
CHEMBL1521495,Bentazepam,2.0
CHEMBL1651471,Chembl1651471,
CHEMBL168083,Chembl168083,
CHEMBL1706,Naphazoline Hydrochloride,4.0
CHEMBL1723241,Sulfacetamide Sodium,4.0
CHEMBL1788385,Tilbroquinol,4.0
CHEMBL188343,Reversine,
CHEMBL1905073,Chlorsulfaquinoxaline,2.0
CHEMBL198752,Chembl198752,
CHEMBL2017971,Chembl2017971,
CHEMBL2022411,Alpha-Methylfentanyl,
CHEMBL2037511,Epelsiban,2.0
CHEMBL2104588,Cythioate,-1.0
CHEMBL2106622,Liothyronine I 131,1.0
CHEMBL2107553,Terizidone,2.0
CHEMBL2110580,Berubicin,2.0
CHEMBL2110816,Butriptyline,4.0
CHEMBL2137530,Serdemetan,2.0
CHEMBL214253,Pd-407824,
CHEMBL218490,Dorzolamide,4.0
CHEMBL2203744,Chembl2203744,
CHEMBL2216775,Chembl2216775,
CHEMBL226383,Chembl226383,
CHEMBL2338675,Fosdenopterin,4.0
CHEMBL233992,Chembl233992,
CHEMBL2397139,Chembl2397139,
CHEMBL2397143,Chembl2397143,
CHEMBL2408241,Chembl2408241,
CHEMBL259209,Milnacipran,4.0
CHEMBL262628,Chembl262628,
CHEMBL271475,Fialuridine,2.0
CHEMBL301742,Arbaclofen,3.0
CHEMBL321113,Chembl321113,
CHEMBL3236549,Jnj-39758979,2.0
CHEMBL3426787,Chembl3426787,
CHEMBL3589371,Chembl3589371,
CHEMBL3706615,Chembl3706615,
CHEMBL3707257,Tenitramine,-1.0
CHEMBL388340,Chembl388340,
CHEMBL398346,Chembl398346,
CHEMBL402208,Chembl402208,
CHEMBL4068221,Chembl4068221,
CHEMBL4097019,Chembl4097019,
CHEMBL416301,Chembl416301,
CHEMBL4206758,Chembl4206758,
CHEMBL42423,4-Nitrocatechol,
CHEMBL425584,Chembl425584,
CHEMBL4297291,Ingavirin,3.0
CHEMBL4297476,Pf-06260414,1.0
CHEMBL4298155,Parsaclisib Hydrochloride,1.0
CHEMBL4300766,P,2.0
CHEMBL438303,Chembl438303,
CHEMBL450,Metharbital,4.0
CHEMBL4585668,Belzutifan,4.0
CHEMBL464,Etretinate,4.0
CHEMBL475398,4-Phenylcatechol,
CHEMBL4790618,Chembl4790618,
CHEMBL486954,Chembl486954,
CHEMBL517553,Chembl517553,
CHEMBL5314452,Adrixetinib,2.0
CHEMBL5314497,Zidesamtinib,2.0
CHEMBL5315117,Zanamivir Hydrate,4.0
CHEMBL582857,Nelivaptan,2.0
CHEMBL590105,Chembl590105,
CHEMBL594994,Chembl594994,
CHEMBL6640,Tryptamine,
CHEMBL702,Piperacillin,4.0
CHEMBL71752,Vinpocetine,4.0
CHEMBL752,Adenosine Phosphate,4.0
CHEMBL95553,Chembl95553,
CHEMBL981,Fenofibric Acid,4.0
CHEMBL1076544,Boscalid,-1.0
CHEMBL1097942,Chembl1097942,
CHEMBL1110,Alosetron,4.0
CHEMBL116736,Formic Acid,
CHEMBL1194325,Aclidinium,4.0
CHEMBL1201328,Carphenazine,4.0
CHEMBL1213467,Tetrahydrooxazine,
CHEMBL121810,Ganstigmine,2.0
CHEMBL1230309,Chembl1230309,
CHEMBL1236970,Zinc Ion,3.0
CHEMBL125558,Chembl125558,
CHEMBL1342,Oxybate,4.0
CHEMBL1372,Oxiglutatione,4.0
CHEMBL14245,Butyl Alcohol,-1.0
CHEMBL1492500,Dothiepin,4.0
CHEMBL1743263,Dihydroergocryptine,-1.0
CHEMBL1747,Tobramycin,4.0
CHEMBL1865135,Timepidium,2.0
CHEMBL188442,Chembl188442,
CHEMBL194126,Chembl194126,
CHEMBL1950554,Binodenoson,3.0
CHEMBL2008544,Etymemazine,-1.0
CHEMBL2063445,Chembl2063445,
CHEMBL2105053,Droxypropine,2.0
CHEMBL2105212,Mebutizide,2.0
CHEMBL2105612,Propicillin,4.0
CHEMBL2106650,Mosapramine,2.0
CHEMBL2106968,Mesulfen,2.0
CHEMBL21156,Chembl21156,
CHEMBL2146142,Enviomycin,2.0
CHEMBL2325429,Sb-743921,1.0
CHEMBL233929,Galuteolin,
CHEMBL2442760,Chembl2442760,
CHEMBL2443262,Oliceridine,4.0
CHEMBL29609,Pleconaril,2.0
CHEMBL3087181,Chembl3087181,
CHEMBL3087499,Chembl3087499,
CHEMBL333325,Fosravuconazole,2.0
CHEMBL333410,Chembl333410,
CHEMBL3348861,Ampelopsin,2.0
CHEMBL3407862,Chembl3407862,
CHEMBL3422081,Chembl3422081,
CHEMBL362623,Chembl362623,
CHEMBL362718,Chembl362718,
CHEMBL3683575,Roginolisib,2.0
CHEMBL3764045,Tas-115,1.0
CHEMBL382301,Atosiban,4.0
CHEMBL3833406,Papaveretum,4.0
CHEMBL391737,Chembl391737,
CHEMBL3989547,Abafungin,2.0
CHEMBL3989603,Fozivudine Tidoxil,2.0
CHEMBL3989912,Iberdomide Hydrochloride,3.0
CHEMBL3989941,Tinostamustine,2.0
CHEMBL415,Clomipramine,4.0
CHEMBL417675,Palmidrol,3.0
CHEMBL419499,Chembl419499,
CHEMBL424899,Chembl424899,
CHEMBL4278670,Chembl4278670,
CHEMBL429023,Rotenone,
CHEMBL4298145,Esuberaprost Potassium,1.0
CHEMBL4301914,Mrx-4,3.0
CHEMBL445699,Chembl445699,
CHEMBL4650302,Mpc-5971,2.0
CHEMBL473384,Chembl473384,
CHEMBL480558,Gsi-136,1.0
CHEMBL482811,U-50488 Methane Sulfonate,1.0
CHEMBL483254,Panobinostat,4.0
CHEMBL488085,Chembl488085,
CHEMBL506981,Reminertant,3.0
CHEMBL5084426,Chembl5084426,
CHEMBL5095041,Zeteletinib Adipate,1.0
CHEMBL516498,Chembl516498,
CHEMBL527018,Chembl527018,
CHEMBL5314929,Sdi-118,1.0
CHEMBL54714,Chembl54714,
CHEMBL570870,Chembl570870,
CHEMBL607400,Brivaracetam,4.0
CHEMBL7568,Quinacrine,2.0
CHEMBL77305,Rubitecan,3.0
CHEMBL1086997,Lucerastat,3.0
CHEMBL109005,Chembl109005,
CHEMBL11608,Tyramine,3.0
CHEMBL119296,"Pentane-1,5-Diamine",
CHEMBL1200356,Cyclacillin,4.0
CHEMBL1200903,Secobarbital Sodium,4.0
CHEMBL1201777,Tapentadol Hydrochloride,4.0
CHEMBL1207907,Auriclosene,2.0
CHEMBL1230612,Chembl1230612,
CHEMBL1231518,Chembl1231518,
CHEMBL1232411,Chembl1232411,
CHEMBL1232562,Ergosterol,
CHEMBL1232777,Formycin B,
CHEMBL1232971,Chembl1232971,
CHEMBL1233129,S-Methylglutathione,
CHEMBL1235151,Chembl1235151,
CHEMBL1254771,Safotibant,2.0
CHEMBL1258517,Pki-179,1.0
CHEMBL1574971,Chembl1574971,
CHEMBL1607273,Cetirizine Hydrochloride,4.0
CHEMBL16293,Naphthalene,1.0
CHEMBL164138,Chembl164138,
CHEMBL1697837,Fominoben,2.0
CHEMBL1765743,Chembl1765743,
CHEMBL1829304,Chembl1829304,
CHEMBL1964265,Chembl1964265,
CHEMBL2042829,Chembl2042829,
CHEMBL204785,Chembl204785,
CHEMBL2071211,Chembl2071211,
CHEMBL2086690,Chembl2086690,
CHEMBL2103856,Atopaxar,2.0
CHEMBL2104273,Ethybenztropine,2.0
CHEMBL2104612,Mitolactol,3.0
CHEMBL2105044,Letosteine,2.0
CHEMBL2105764,Patidegib Hydrochloride,2.0
CHEMBL231616,Triapine,3.0
CHEMBL2355333,Zimeldine Hydrochloride,4.0
CHEMBL2403318,Deleobuvir,3.0
CHEMBL260419,Chembl260419,
CHEMBL264373,Metoprine,-1.0
CHEMBL30044,Dibrompropamidine,2.0
CHEMBL301370,Opaviraline,2.0
CHEMBL315076,Chembl315076,
CHEMBL324168,Chembl324168,
CHEMBL3244800,Chembl3244800,
CHEMBL339611,Chembl339611,
CHEMBL343336,Chembl343336,
CHEMBL3545094,Elocalcitol,2.0
CHEMBL36083,Chembl36083,
CHEMBL361506,Pentamidine Isethionate,4.0
CHEMBL3707374,Amiselimod Hydrochloride,2.0
CHEMBL376359,Alogliptin,4.0
CHEMBL3823451,Chembl3823451,
CHEMBL39,Serotonin,3.0
CHEMBL3963965,Chembl3963965,
CHEMBL3989564,Tobramycin Sulfate,4.0
CHEMBL3989823,Viomycin Sulfate,4.0
CHEMBL3989850,Ecamsule,4.0
CHEMBL4112929,Milvexian,3.0
CHEMBL4172726,Chembl4172726,
CHEMBL425181,Chembl425181,
CHEMBL4282154,Chembl4282154,
CHEMBL4297219,Ensartinib Hydrochloride,1.0
CHEMBL4297278,E7107,1.0
CHEMBL4297472,Nox-100,2.0
CHEMBL4297483,Navafenterol,2.0
CHEMBL4303171,Chembl4303171,
CHEMBL437472,Endothelin,2.0
CHEMBL439,Sulfadiazine,4.0
CHEMBL4650217,Clesacostat Tromethamine,1.0
CHEMBL474579,Cefotetan,4.0
CHEMBL4756595,Enitociclib,1.0
CHEMBL503565,Vinbarbital,2.0
CHEMBL5090754,Sy-5609,1.0
CHEMBL5095087,Amelenodor,2.0
CHEMBL5314421,Amelparib Dihydrochloride Dihydrate,2.0
CHEMBL566834,Chembl566834,
CHEMBL720,Benzyl Alcohol,4.0
CHEMBL107367,Farglitazar,2.0
CHEMBL1088749,Chembl1088749,
CHEMBL111659,Altinicline,2.0
CHEMBL112,Acetaminophen,4.0
CHEMBL1162175,Regrelor,2.0
CHEMBL117658,Chembl117658,
CHEMBL1187319,Chembl1187319,
CHEMBL1200357,Moxalactam Disodium,4.0
CHEMBL1200381,Arginine Hydrochloride,4.0
CHEMBL1200541,Ambenonium Chloride,4.0
CHEMBL1200724,Pseudoephedrine Hydrochloride,4.0
CHEMBL1200745,Oxprenolol Hydrochloride,4.0
CHEMBL1201058,Potassium Acetate,4.0
CHEMBL1201360,Halobetasol,
CHEMBL1229846,Phenoxyethanol,4.0
CHEMBL1232586,Chembl1232586,
CHEMBL1233,Carisoprodol,4.0
CHEMBL1235423,Chembl1235423,
CHEMBL1236188,Chembl1236188,
CHEMBL127155,Chembl127155,
CHEMBL140476,Huprine Y,
CHEMBL1410743,Paraldehyde,4.0
CHEMBL1449,Ticarcillin,4.0
CHEMBL146554,2-Oxoisovalerate,
CHEMBL1507567,Chembl1507567,
CHEMBL1603,Streptozosin,
CHEMBL1614710,Osi-930,1.0
CHEMBL164660,Psoralen,1.0
CHEMBL1660,Rifapentine,4.0
CHEMBL1788402,Chiniofon,2.0
CHEMBL180517,Chembl180517,
CHEMBL185231,Chembl185231,
CHEMBL1899801,Perflenapent,4.0
CHEMBL1922673,Fiboflapon Sodium,3.0
CHEMBL1946186,Deptropine,2.0
CHEMBL1951575,Vidupiprant,2.0
CHEMBL198701,Chembl198701,
CHEMBL202361,Chembl202361,
CHEMBL2047541,Chembl2047541,
CHEMBL2068724,Acamprosate Calcium,4.0
CHEMBL207891,Chembl207891,
CHEMBL2110783,Hopantenic Acid,2.0
CHEMBL2110805,Emepronium,4.0
CHEMBL2111092,Eprodisate,3.0
CHEMBL2177632,Chembl2177632,
CHEMBL223824,Mozenavir,2.0
CHEMBL287038,Chembl287038,
CHEMBL30,Cimetidine,4.0
CHEMBL3039113,Theanine,3.0
CHEMBL3094403,Chembl3094403,
CHEMBL3185786,Chembl3185786,
CHEMBL3220046,Chembl3220046,
CHEMBL3260567,Vactosertib,2.0
CHEMBL334337,Chembl334337,
CHEMBL3353342,Chembl3353342,
CHEMBL3393071,Chembl3393071,
CHEMBL3401388,Chembl3401388,
CHEMBL3544906,Benzphetamine Hydrochloride,4.0
CHEMBL3613921,Chembl3613921,
CHEMBL3707339,Pyridoxal 5-Phosphate Glutamic Acid,-1.0
CHEMBL3740850,Chembl3740850,
CHEMBL3763360,Chembl3763360,
CHEMBL378583,Chembl378583,
CHEMBL379367,Chembl379367,
CHEMBL3818247,Dalmelitinib,2.0
CHEMBL382639,Chembl382639,
CHEMBL3894860,Trilaciclib,4.0
CHEMBL3989551,Lincomycin Hydrochloride,4.0
CHEMBL3989676,Oxyphenbutazone,4.0
CHEMBL4080695,Chembl4080695,
CHEMBL4086671,Chembl4086671,
CHEMBL411284,Chembl411284,
CHEMBL412763,Chembl412763,
CHEMBL425252,Chembl425252,
CHEMBL4283227,Chembl4283227,
CHEMBL4297456,Atn-161,2.0
CHEMBL4297530,Saroglitazar,3.0
CHEMBL4297533,Bremelanotide Acetate,4.0
CHEMBL448620,Snap-5089,
CHEMBL4750217,Chembl4750217,
CHEMBL4778517,Chembl4778517,
CHEMBL487738,Chembl487738,
CHEMBL507361,Mirdametinib,2.0
CHEMBL5095176,Deupirfenidone,2.0
CHEMBL5315046,Nesvategrast,2.0
CHEMBL5316166,Pentaborate,1.0
CHEMBL535396,Rimantadine Hydrochloride,4.0
CHEMBL562,Griseofulvin,4.0
CHEMBL76029,Chembl76029,
CHEMBL919,Fosphenytoin Sodium,4.0
CHEMBL1060,Sodium Phosphate,4.0
CHEMBL1089343,Chembl1089343,
CHEMBL1159717,Tulobuterol,4.0
CHEMBL1159973,Chembl1159973,
CHEMBL118722,Tributyrin,1.0
CHEMBL1200395,Orphenadrine Citrate,4.0
CHEMBL1200927,Dexchlorpheniramine Maleate,4.0
CHEMBL1201056,Sulfacytine,4.0
CHEMBL1201067,Biperiden Lactate,4.0
CHEMBL1201269,Chlorphentermine,4.0
CHEMBL1201379,Fluprostenol,2.0
CHEMBL1204644,Fosfocreatine,3.0
CHEMBL1221657,Chembl1221657,
CHEMBL1231871,Carbon Dioxide,3.0
CHEMBL124718,Chembl124718,
CHEMBL1256987,Fusidate Sodium,4.0
CHEMBL1394231,Chembl1394231,
CHEMBL1490,Trihexyphenidyl,4.0
CHEMBL1615159,Chembl1615159,
CHEMBL1738710,Chembl1738710,
CHEMBL1808641,Chembl1808641,
CHEMBL2017214,Chembl2017214,
CHEMBL2105646,Larazotide,3.0
CHEMBL2106155,Encainide Hydrochloride,4.0
CHEMBL2106794,Naftazone,4.0
CHEMBL2110730,Pomaglumetad Methionil Anhydrous,3.0
CHEMBL2110780,Carbuterol,2.0
CHEMBL2216779,Chembl2216779,
CHEMBL2348292,"3,5-Diiodothyropropionic Acid",2.0
CHEMBL2418348,Chembl2418348,
CHEMBL263948,Chembl263948,
CHEMBL278020,Neostigmine,4.0
CHEMBL278785,Chembl278785,
CHEMBL284314,Chembl284314,
CHEMBL3039505,Vercirnon Sodium,3.0
CHEMBL307486,Chembl307486,
CHEMBL3144285,Chembl3144285,
CHEMBL3182129,Chembl3182129,
CHEMBL3233018,Chembl3233018,
CHEMBL3236361,Chembl3236361,
CHEMBL3236639,Chembl3236639,
CHEMBL3348830,Chembl3348830,
CHEMBL3351077,Cefsulodin,4.0
CHEMBL3526617,Chembl3526617,
CHEMBL3577122,Chembl3577122,
CHEMBL3662517,Chembl3662517,
CHEMBL3827398,Chembl3827398,
CHEMBL385563,Chembl385563,
CHEMBL3930624,Fluzoparib,3.0
CHEMBL4080347,Chembl4080347,
CHEMBL4092990,Chembl4092990,
CHEMBL410462,Chembl410462,
CHEMBL4113131,Ensartinib,3.0
CHEMBL412083,Chembl412083,
CHEMBL4167141,Chembl4167141,
CHEMBL42403,Boric Acid,4.0
CHEMBL4297190,Surufatinib,3.0
CHEMBL4297509,Elacestrant,4.0
CHEMBL4297654,Biguanide,3.0
CHEMBL459170,Chembl459170,
CHEMBL4594269,Blarcamesine Hydrochloride,3.0
CHEMBL4594298,Encequidar,3.0
CHEMBL4651180,Pulrodemstat,2.0
CHEMBL48813,Chembl48813,
CHEMBL500826,Sodium Propionate,2.0
CHEMBL509064,Chembl509064,
CHEMBL5314418,Afp-464,2.0
CHEMBL561617,Chembl561617,
CHEMBL566534,Artemether,4.0
CHEMBL57053,Parachlorophenol,-1.0
CHEMBL595053,Chembl595053,
CHEMBL605529,Chembl605529,
CHEMBL70176,Chembl70176,
CHEMBL716,Quetiapine,4.0
CHEMBL104815,Chembl104815,
CHEMBL1096380,Plinabulin,3.0
CHEMBL1198857,Vilanterol,4.0
CHEMBL1200322,Escitalopram Oxalate,4.0
CHEMBL1200409,Lidocaine Hydrochloride,4.0
CHEMBL1200598,Diethylstilbestrol Diphosphate,4.0
CHEMBL1200744,Sodium Fluoride F 18,4.0
CHEMBL1200773,Tocainide Hydrochloride,4.0
CHEMBL1200962,Cefepime Hydrochloride,4.0
CHEMBL121516,Bis(Piperidinylthiocarbonyl)Disulfide,
CHEMBL1234085,Chembl1234085,
CHEMBL1234624,Chembl1234624,
CHEMBL1442422,Dibenzepin,4.0
CHEMBL1489,Azacitidine,4.0
CHEMBL1509398,Chembl1509398,
CHEMBL1628502,Gabapentin Enacarbil,4.0
CHEMBL1631221,Thiarabine,1.0
CHEMBL1737,Sildenafil Citrate,4.0
CHEMBL174539,Chembl174539,
CHEMBL190333,Rwj-67657,1.0
CHEMBL191060,Chembl191060,
CHEMBL198946,Chembl198946,
CHEMBL199496,Chembl199496,
CHEMBL2103784,Cosyntropin,4.0
CHEMBL2103812,Golotimod,2.0
CHEMBL2111286,Ranitidine Bismuth Citrate,4.0
CHEMBL2151591,Gamma-Tocopherol,2.0
CHEMBL2180640,3-[2-[Butyl(Phenethyl)Amino]Ethyl]Phenol,
CHEMBL2359966,Quinine Sulfate,4.0
CHEMBL2365480,Chembl2365480,
CHEMBL2367706,Sucralfate,4.0
CHEMBL23843,Chembl23843,
CHEMBL2403238,Cabotegravir,4.0
CHEMBL256725,Chembl256725,
CHEMBL257996,Chembl257996,
CHEMBL30219,Methohexital Sodium,4.0
CHEMBL3039520,Lasmiditan,4.0
CHEMBL306700,Viloxazine,4.0
CHEMBL3182355,Chembl3182355,
CHEMBL3291398,Lefamulin,4.0
CHEMBL332447,Chembl332447,
CHEMBL3545155,Ji-101,2.0
CHEMBL358850,D-Lactic Acid,3.0
CHEMBL36245,Chembl36245,
CHEMBL364560,Chembl364560,
CHEMBL383322,Resiquimod,2.0
CHEMBL3989791,Gacyclidine,2.0
CHEMBL4061083,Chembl4061083,
CHEMBL41169,Chembl41169,
CHEMBL4171138,Chembl4171138,
CHEMBL4244935,Chembl4244935,
CHEMBL4285417,Ceralasertib,3.0
CHEMBL4297281,Foxy-5,2.0
CHEMBL4297331,Tu-100,2.0
CHEMBL4297635,Setogepram,2.0
CHEMBL4298139,Serdexmethylphenidate Chloride,4.0
CHEMBL4434871,Chembl4434871,
CHEMBL456145,Mk-0354,
CHEMBL46085,Chembl46085,
CHEMBL472879,Gnf-Pf-359,
CHEMBL500883,1-Methylcytosine,
CHEMBL5204869,Chembl5204869,
CHEMBL5314950,Azd-2927,2.0
CHEMBL55068,12-Hydroxy-Dodecanoic Acid,
CHEMBL561057,Sq109,2.0
CHEMBL65616,Chembl65616,
CHEMBL853,Zalcitabine,4.0
CHEMBL1171837,Ponatinib,4.0
CHEMBL119443,Ergonovine,4.0
CHEMBL1200907,Trilostane,4.0
CHEMBL1231519,Chembl1231519,
CHEMBL1232077,Oxfenicine,2.0
CHEMBL125236,Chembl125236,
CHEMBL1276663,Cefozopran,2.0
CHEMBL130865,D-26,
CHEMBL1406049,Chembl1406049,
CHEMBL1541,Cefixime,4.0
CHEMBL15594,Arachidonic Acid,-1.0
CHEMBL156987,Sb-409513,
CHEMBL1620794,Nafronyl,2.0
CHEMBL1651905,Iotroxic Acid,2.0
CHEMBL1672002,Thymoquinone,2.0
CHEMBL1742439,Talastine,2.0
CHEMBL1908318,Nepadutant,2.0
CHEMBL1933576,Chembl1933576,
CHEMBL1949915,Chembl1949915,
CHEMBL2064455,Roducitabine,1.0
CHEMBL2103836,Imagabalin,3.0
CHEMBL2104595,Bimoclomol,2.0
CHEMBL2107691,Eprozinol,2.0
CHEMBL2110760,Bamifylline,2.0
CHEMBL214268,Pha-543613,1.0
CHEMBL215969,Chembl215969,
CHEMBL2164094,Chembl2164094,
CHEMBL220951,Chembl220951,
CHEMBL2216774,Chembl2216774,
CHEMBL222880,Chembl222880,
CHEMBL22498,Pheniprazine,-1.0
CHEMBL2356097,Metoprolol Succinate,4.0
CHEMBL237600,Chembl237600,
CHEMBL248187,Chembl248187,
CHEMBL26215,Octanol,2.0
CHEMBL268291,Dimethylformamide,
CHEMBL268501,Proquazone,2.0
CHEMBL306946,Tryptanthrin,
CHEMBL315795,Clomethiazole,4.0
CHEMBL321691,Ethylisothiourea,
CHEMBL3612503,Chembl3612503,
CHEMBL36715,Piracetam,4.0
CHEMBL3707349,Amcasertib,2.0
CHEMBL374107,8-Azaguanine,
CHEMBL3745978,Chembl3745978,
CHEMBL3950590,Vabametkib,2.0
CHEMBL3982723,Darovasertib,2.0
CHEMBL3989862,Pefcalcitol,3.0
CHEMBL4225565,Chembl4225565,
CHEMBL4297279,Ec-17,2.0
CHEMBL4303323,Acalisib,2.0
CHEMBL4303449,Arq-621,1.0
CHEMBL455,Sulfacetamide,4.0
CHEMBL4594403,Osavampator,2.0
CHEMBL46257,Putrescine,3.0
CHEMBL462712,Chembl462712,
CHEMBL4650358,Isuzinaxib Hydrochloride,2.0
CHEMBL479880,N-Butylbenzenesulfonamide,
CHEMBL485186,Chembl485186,
CHEMBL48608,Chembl48608,
CHEMBL487431,Chembl487431,
CHEMBL515387,Gosogliptin,4.0
CHEMBL5314381,Irinotecan Sucrosofate,3.0
CHEMBL5314463,Fulzerasib,2.0
CHEMBL563251,Pf-03463275,2.0
CHEMBL565076,Chembl565076,
CHEMBL57765,Chembl57765,
CHEMBL601876,Chembl601876,
CHEMBL61006,Phenylpropanolamine,4.0
CHEMBL62136,T091317,
CHEMBL62897,Chembl62897,
CHEMBL67133,Chembl67133,
CHEMBL83547,Chembl83547,
CHEMBL858,Edetic Acid,3.0
CHEMBL86954,Aminomethylamide,
CHEMBL1006,Amifostine,4.0
CHEMBL1026,Fenoldopam Mesylate,4.0
CHEMBL1077896,Ropivacaine,4.0
CHEMBL1086863,Fludeoxyglucose,4.0
CHEMBL1091345,Chembl1091345,
CHEMBL1094741,Chembl1094741,
CHEMBL1097373,Chembl1097373,
CHEMBL1200420,Midazolam Hydrochloride,4.0
CHEMBL1200506,Erythromycin Lactobionate,4.0
CHEMBL1201102,Triflupromazine Hydrochloride,4.0
CHEMBL1201110,Valacyclovir Hydrochloride,4.0
CHEMBL1201165,Quinestrol,4.0
CHEMBL1201270,Methenamine,4.0
CHEMBL1201349,Hexafluorenium,4.0
CHEMBL1201776,Tapentadol,4.0
CHEMBL1209017,Chembl1209017,
CHEMBL1233274,Chembl1233274,
CHEMBL1234797,Chembl1234797,
CHEMBL1238,Azelaic Acid,4.0
CHEMBL1269273,Chembl1269273,
CHEMBL1346,Darifenacin,4.0
CHEMBL1349073,Efloxate,2.0
CHEMBL1459962,Chembl1459962,
CHEMBL1483,Albendazole,4.0
CHEMBL149603,Chembl149603,
CHEMBL1738,Dexrazoxane,4.0
CHEMBL1741134,Picosulfuric Acid,4.0
CHEMBL1788388,Dibutylsuccinate,-1.0
CHEMBL1887585,Chembl1887585,
CHEMBL188952,Pirprofen,4.0
CHEMBL191083,Methylene Blue Cation,4.0
CHEMBL2058533,Chembl2058533,
CHEMBL2104607,Nikethamide,4.0
CHEMBL2104954,Balamapimod,2.0
CHEMBL2106011,Clocortolone Acetate,2.0
CHEMBL2106419,Lercanidipine Hydrochloride,4.0
CHEMBL2106526,Ethylmethylthiambutene,2.0
CHEMBL2107261,Tolpropamine,2.0
CHEMBL2111176,Valethamate,-1.0
CHEMBL216543,Chembl216543,
CHEMBL2251240,Scopolamine Hydrobromide,4.0
CHEMBL228133,Chembl228133,
CHEMBL2334341,Chembl2334341,
CHEMBL23393,Sodium Lauryl Sulfate,3.0
CHEMBL2403834,Chembl2403834,
CHEMBL248594,Rac-3-N-Butylphthalide,3.0
CHEMBL3093826,Chembl3093826,
CHEMBL312040,Etonitazene,2.0
CHEMBL3184685,Chembl3184685,
CHEMBL3305985,Alcuronium,4.0
CHEMBL3306918,Prx-03140,2.0
CHEMBL3334567,Savolitinib,3.0
CHEMBL335009,Chembl335009,
CHEMBL3408394,Chembl3408394,
CHEMBL3422080,Chembl3422080,
CHEMBL3422089,Chembl3422089,
CHEMBL3545280,Efatutazone,2.0
CHEMBL358040,Norfenefrine,2.0
CHEMBL360290,Chembl360290,
CHEMBL3634182,Chembl3634182,
CHEMBL371949,Chembl371949,
CHEMBL3742465,Minnelide Free Salt,2.0
CHEMBL376044,Chembl376044,
CHEMBL39736,Buformin,4.0
CHEMBL3989516,Fostamatinib Disodium,4.0
CHEMBL411950,Chembl411950,
CHEMBL4217292,Apinocaltamide,2.0
CHEMBL4229193,Chembl4229193,
CHEMBL4297298,Kw-2478,1.0
CHEMBL4297371,Pcs-499,2.0
CHEMBL4297474,Obi-3424,2.0
CHEMBL430266,Calyculin A,
CHEMBL4594276,Gusacitinib Hydrochloride,1.0
CHEMBL4594427,Abx-196,1.0
CHEMBL4633566,Ds-1971,2.0
CHEMBL4650301,Valiltramiprosate,3.0
CHEMBL469883,Chembl469883,
CHEMBL495,Alprostadil,4.0
CHEMBL495758,Chembl495758,
CHEMBL496862,Chembl496862,
CHEMBL502,Donepezil,4.0
CHEMBL503481,Phosphatidylcholine,3.0
CHEMBL5085558,Chembl5085558,
CHEMBL5095188,Max-10181,1.0
CHEMBL5185221,Ensitrelvir Fumarate,1.0
CHEMBL525028,Vasoactive Intestinal Peptide,3.0
CHEMBL5314424,Osivelotor,2.0
CHEMBL5314930,Sodium Pentaborate Pentahydrate,1.0
CHEMBL5315053,Pemetrexed Monohydrate,4.0
CHEMBL54349,Alpidem,4.0
CHEMBL552128,Chembl552128,
CHEMBL564,Promazine,4.0
CHEMBL594722,Chembl594722,
CHEMBL601,Aminolevulinic Acid,4.0
CHEMBL64677,Doxefazepam,2.0
CHEMBL65704,Chembl65704,
CHEMBL66424,Chembl66424,
CHEMBL76232,D-Glutamate,
CHEMBL831,Loxapine,4.0
CHEMBL97972,Pyrrolnitrin,2.0
CHEMBL982,Nalmefene,4.0
CHEMBL99889,Cp-320626,
CHEMBL1083385,Clopidogrel Bisulfate,4.0
CHEMBL1091697,Chembl1091697,
CHEMBL1091708,Chembl1091708,
CHEMBL1130,Doxifluridine,3.0
CHEMBL119596,2-Ethoxyethanol,
CHEMBL1197091,Halofuginone,2.0
CHEMBL1200478,Dyclonine Hydrochloride,4.0
CHEMBL1200559,Lactic Acid,4.0
CHEMBL1200976,Idarubicin Hydrochloride,4.0
CHEMBL1201760,Besifloxacin,4.0
CHEMBL1204498,Chembl1204498,
CHEMBL1235255,Chembl1235255,
CHEMBL1236904,Chembl1236904,
CHEMBL1321,Procarbazine,4.0
CHEMBL1489662,Difenpiramide,-1.0
CHEMBL1607,Topotecan Hydrochloride,4.0
CHEMBL1651480,Chembl1651480,
CHEMBL167670,Chembl167670,
CHEMBL168907,Tcmdc-137629,
CHEMBL190506,Chembl190506,
CHEMBL1909324,Pinaverium,4.0
CHEMBL199544,Chembl199544,
CHEMBL2008565,Guanazodine,2.0
CHEMBL208841,Chembl208841,
CHEMBL209821,Naluzotan,3.0
CHEMBL2104984,Sodelglitazar,2.0
CHEMBL2106111,Calcium Lactate,4.0
CHEMBL2140173,Chembl2140173,
CHEMBL2172272,Chembl2172272,
CHEMBL222913,Ceftiofur,2.0
CHEMBL2356023,Dihydrotachysterol,4.0
CHEMBL238804,Selexipag,4.0
CHEMBL24072,Prenylamine,4.0
CHEMBL255044,Flupirtine,4.0
CHEMBL261713,Bb-78485,
CHEMBL318153,Edoxudine,2.0
CHEMBL3188576,Dihydrostreptomycin Sulfate,4.0
CHEMBL3286738,Chembl3286738,
CHEMBL3299022,Chembl3299022,
CHEMBL3545035,Revexepride,2.0
CHEMBL354516,Chembl354516,
CHEMBL3741490,Chembl3741490,
CHEMBL375671,Chembl375671,
CHEMBL3818364,Chembl3818364,
CHEMBL3826997,Chembl3826997,
CHEMBL388501,Chembl388501,
CHEMBL389507,Osalmid,2.0
CHEMBL3935857,Serabelisib,2.0
CHEMBL3963485,Rogaratinib,2.0
CHEMBL3989768,Levorphanol Tartrate,4.0
CHEMBL405730,Chembl405730,
CHEMBL4077956,Chembl4077956,
CHEMBL4247213,Chembl4247213,
CHEMBL4297294,Jnj-42165279,2.0
CHEMBL4297338,5-Methyl-2'-Fluoroarauracil F-18,1.0
CHEMBL4297604,Acebilustat,2.0
CHEMBL44354,Ceftazidime,4.0
CHEMBL4519023,Chembl4519023,
CHEMBL468176,Chembl468176,
CHEMBL4783351,Emavusertib,2.0
CHEMBL480729,Chembl480729,
CHEMBL486921,Chembl486921,
CHEMBL494397,Metformin Xr,3.0
CHEMBL4994054,Acloproxalap,2.0
CHEMBL5087506,Admilparant,2.0
CHEMBL5095059,Deucrictibant,2.0
CHEMBL523299,Umeclidinium Bromide,4.0
CHEMBL5314389,Cr-3465,1.0
CHEMBL5314582,Bocodepsin Besylate,1.0
CHEMBL5314595,Aspirin Trelamine,2.0
CHEMBL5316157,Ikt-001Pro Free Base,1.0
CHEMBL55612,Norvaline,
CHEMBL66280,"5-Iodo,5'-Deoxytubercidin",
CHEMBL698,Tetracaine,4.0
CHEMBL710,Finasteride,4.0
CHEMBL741,Lamotrigine,4.0
CHEMBL753,Phenoxybenzamine,4.0
CHEMBL930,Glutamine,4.0
CHEMBL93077,Adrafinil,2.0
CHEMBL96783,Xylitol,3.0
CHEMBL1010,Cefotaxime Sodium,4.0
CHEMBL1057,Chembl1057,
CHEMBL1091696,Chembl1091696,
CHEMBL1133,Oxybutynin Chloride,4.0
CHEMBL1201064,Fluorometholone Acetate,4.0
CHEMBL1223852,Alpha-Tocopherylquinone,
CHEMBL1236315,Tartrate,2.0
CHEMBL1241855,Rigosertib,3.0
CHEMBL1270230,Chembl1270230,
CHEMBL1289494,Tivozanib,4.0
CHEMBL134334,Chembl134334,
CHEMBL1384,Kanamycin,4.0
CHEMBL1477,Cerivastatin,4.0
CHEMBL1483261,Chembl1483261,
CHEMBL1515891,Chembl1515891,
CHEMBL1688529,Nim811,2.0
CHEMBL1715,Pioglitazone Hydrochloride,4.0
CHEMBL1727,Cephalexin Anhydrous,4.0
CHEMBL1731,Mezlocillin,4.0
CHEMBL1774080,Pf-00217830,2.0
CHEMBL178,Daunorubicin,4.0
CHEMBL178803,Blonanserin,4.0
CHEMBL1957015,Chembl1957015,
CHEMBL197577,Chembl197577,
CHEMBL2057417,Chembl2057417,
CHEMBL2063330,Chembl2063330,
CHEMBL2103821,Ropidoxuridine,2.0
CHEMBL2105825,Proglumetacin,2.0
CHEMBL2106227,Etifoxine,3.0
CHEMBL2106996,Oxaflozane,2.0
CHEMBL2107337,Enzastaurin Hydrochloride,3.0
CHEMBL2110922,Amezinium,2.0
CHEMBL2219411,Momelotinib Dihydrochloride,4.0
CHEMBL2336325,Vistusertib,2.0
CHEMBL2380834,Chembl2380834,
CHEMBL2426168,Chembl2426168,
CHEMBL253838,1-Phenylcyclohexanamine,
CHEMBL256147,Tilarginine,3.0
CHEMBL260402,"Iodometomidate I-123, R-",1.0
CHEMBL26128,Phenyl Dihydrogen Phosphate,
CHEMBL276443,Etilamfetamine,2.0
CHEMBL3114687,Chembl3114687,
CHEMBL3337527,Jnj-40411813,2.0
CHEMBL3394721,Chembl3394721,
CHEMBL3601411,Tegavivint,2.0
CHEMBL360328,Lorcaserin,4.0
CHEMBL3746912,Chembl3746912,
CHEMBL374940,Chembl374940,
CHEMBL37744,Zimeldine,4.0
CHEMBL378927,Chembl378927,
CHEMBL3800481,Chembl3800481,
CHEMBL3889654,Larotrectinib,4.0
CHEMBL398486,Chembl398486,
CHEMBL4097025,Chembl4097025,
CHEMBL41631,Chembl41631,
CHEMBL4167717,Chembl4167717,
CHEMBL4227907,Chembl4227907,
CHEMBL426643,Chembl426643,
CHEMBL4291471,Chembl4291471,
CHEMBL4297304,Mk-6325,1.0
CHEMBL4297490,Cm-4307,3.0
CHEMBL429852,Sp-4206,
CHEMBL434183,Chembl434183,
CHEMBL4540722,Chembl4540722,
CHEMBL454446,Cefditoren Pivoxil,4.0
CHEMBL4559134,Selpercatinib,4.0
CHEMBL46516,Fluspirilene,4.0
CHEMBL4791017,Chembl4791017,
CHEMBL4802141,Ch-1504,2.0
CHEMBL482035,Bicyclol,3.0
CHEMBL497834,7Beta-Hydroxycholesterol,
CHEMBL5095030,Motixafortide,3.0
CHEMBL5095246,Ka-2507,2.0
CHEMBL5177388,Chembl5177388,
CHEMBL5314359,Ertapenem Sodium,4.0
CHEMBL5314395,Gw493838,2.0
CHEMBL5314451,Zegruvirimat,2.0
CHEMBL5314918,Ikt-001Pro,1.0
CHEMBL555196,Silvestrol,
CHEMBL594549,Chembl594549,
CHEMBL679,Epinephrine,4.0
CHEMBL847,Oxamniquine,4.0
CHEMBL88,Cyclophosphamide Anhydrous,4.0
CHEMBL976,Praziquantel,4.0
CHEMBL1055,Chlorthalidone,4.0
CHEMBL11978,Nicotinyl Methylamide,-1.0
CHEMBL1200574,Sodium Chloride,4.0
CHEMBL1200806,Naproxen Sodium,4.0
CHEMBL1214598,Umifenovir,3.0
CHEMBL1233524,Mk-3281,1.0
CHEMBL1256717,Itriglumide,2.0
CHEMBL128748,Dimethylcurcumin,2.0
CHEMBL1476245,Dexisometheptene,2.0
CHEMBL1522,Eszopiclone,4.0
CHEMBL1562779,Tofa,1.0
CHEMBL1618116,Chembl1618116,
CHEMBL1620289,Chembl1620289,
CHEMBL1627367,Fluoroestradiol,4.0
CHEMBL174290,Chembl174290,
CHEMBL208427,Solabegron,2.0
CHEMBL2104103,Clocapramine,2.0
CHEMBL2105085,Gefarnate,3.0
CHEMBL2106389,Iocarmic Acid,2.0
CHEMBL2106572,Caldaret,2.0
CHEMBL212432,552-02,2.0
CHEMBL2177827,Chembl2177827,
CHEMBL221067,Chembl221067,
CHEMBL226335,Rutin,2.0
CHEMBL238103,Bms-488043,
CHEMBL25105,Hexamidine,4.0
CHEMBL269864,Ulodesine,2.0
CHEMBL270550,Chembl270550,
CHEMBL274119,Racemethionine,-1.0
CHEMBL281764,Tabimorelin,2.0
CHEMBL3093824,Chembl3093824,
CHEMBL311875,Chembl311875,
CHEMBL3125702,Navtemadlin,2.0
CHEMBL3127326,Ombitasvir,4.0
CHEMBL3133807,Chembl3133807,
CHEMBL32,Moxifloxacin,4.0
CHEMBL328190,Lasofoxifene,4.0
CHEMBL3356007,Chembl3356007,
CHEMBL3414626,Pinometostat,2.0
CHEMBL3421842,Chembl3421842,
CHEMBL3544914,Tezacaftor,4.0
CHEMBL3545335,Ag-13958,2.0
CHEMBL356002,Chembl356002,
CHEMBL3670800,Lazucirnon,2.0
CHEMBL3707306,Strontium Ranelate,4.0
CHEMBL3808884,Chembl3808884,
CHEMBL385055,Chembl385055,
CHEMBL386630,Testosterone,4.0
CHEMBL3939958,Chembl3939958,
CHEMBL3989948,Lanabecestat,3.0
CHEMBL4063211,Chembl4063211,
CHEMBL4065491,Chembl4065491,
CHEMBL4094351,Chembl4094351,
CHEMBL4159769,Chembl4159769,
CHEMBL4205422,Mk-0752,1.0
CHEMBL4297296,Kos-1584,2.0
CHEMBL4297301,Methyl-D9-Choline,0.5
CHEMBL4297485,Cfg-920,1.0
CHEMBL4297622,Rovatirelin,3.0
CHEMBL443064,5-Phenylvaleric Acid,
CHEMBL4476817,Chembl4476817,
CHEMBL4514203,Bay-390,
CHEMBL4594410,Sulcardine Sulfate,2.0
CHEMBL473119,Chembl473119,
CHEMBL499915,Carbenoxolone,4.0
CHEMBL503090,Chembl503090,
CHEMBL5095057,Bexirestrant,2.0
CHEMBL5095398,Ivarmacitinib,3.0
CHEMBL5204174,Chembl5204174,
CHEMBL52270,4-Amino-4-Deoxy-Neu5Ac2En,
CHEMBL5314944,Zelquistinel,2.0
CHEMBL562317,Chembl562317,
CHEMBL567204,Chembl567204,
CHEMBL576258,Chembl576258,
CHEMBL577137,Chembl577137,
CHEMBL611940,Chembl611940,
CHEMBL6269,Sc-58272,
CHEMBL645,Bisoprolol,4.0
CHEMBL65730,Chembl65730,
CHEMBL75435,Dexketoprofen,4.0
CHEMBL1077,Bromfenac,4.0
CHEMBL1080884,Lubazodone,-1.0
CHEMBL1095280,Eritadenine,
CHEMBL1159650,Clobetasol Propionate,4.0
CHEMBL1181770,Sb-699551,
CHEMBL1189,Diethylamine,3.0
CHEMBL1200721,Estramustine Phosphate Sodium,4.0
CHEMBL1201148,Meprednisone,4.0
CHEMBL1230640,Chembl1230640,
CHEMBL1233097,Chembl1233097,
CHEMBL1234283,Chembl1234283,
CHEMBL1255816,Chembl1255816,
CHEMBL1256696,Carbetapentane Citrate,4.0
CHEMBL132767,Trapidil,2.0
CHEMBL13376,Clometacin,4.0
CHEMBL1499,Cortisone,3.0
CHEMBL184412,Dronedarone,4.0
CHEMBL186483,4-Methanesulfonyl-Benzamidine,
CHEMBL1934130,Chembl1934130,
CHEMBL197550,Chembl197550,
CHEMBL2,Prazosin,4.0
CHEMBL2104231,Demegestone,2.0
CHEMBL2105661,Litronesib,2.0
CHEMBL2105683,Naproxen Etemesil,2.0
CHEMBL2107350,Levamlodipine Malate,1.0
CHEMBL2107360,Paliperidone Palmitate,4.0
CHEMBL2107448,Loprazolam,2.0
CHEMBL2107614,Etiprednol Dicloacetate,2.0
CHEMBL221735,Chembl221735,
CHEMBL2338329,Roxadustat,4.0
CHEMBL2407198,Chembl2407198,
CHEMBL2440659,Chembl2440659,
CHEMBL247378,7-Nitroindazole,
CHEMBL264950,Chembl264950,
CHEMBL3093829,Chembl3093829,
CHEMBL3188597,Chembl3188597,
CHEMBL33468,Chembl33468,
CHEMBL3408941,Chembl3408941,
CHEMBL3408945,Chembl3408945,
CHEMBL3421729,Mevidalen,2.0
CHEMBL346455,Chembl346455,
CHEMBL3577925,Chembl3577925,
CHEMBL3605457,Chembl3605457,
CHEMBL3666807,Velsecorat,2.0
CHEMBL3707246,Ozanimod Hydrochloride,4.0
CHEMBL375492,Amithiozone,2.0
CHEMBL376505,Chembl376505,
CHEMBL381735,Chembl381735,
CHEMBL3827865,Chembl3827865,
CHEMBL3960488,Emd-1204831,1.0
CHEMBL3989555,Meclizine Hydrochloride,4.0
CHEMBL3989767,Calcitonin Salmon,4.0
CHEMBL4214018,Chembl4214018,
CHEMBL4239972,Chembl4239972,
CHEMBL4297314,Oxazolidine,2.0
CHEMBL4538174,Erki,
CHEMBL4553284,Chembl4553284,
CHEMBL477278,O-(2-Fluoroethyl)-L-Tyrosine F-18,2.0
CHEMBL515854,Chembl515854,
CHEMBL5314414,Milademetan Tosylate,1.0
CHEMBL559478,Ssr180711,2.0
CHEMBL601895,Chembl601895,
CHEMBL6437,Mianserin,4.0
CHEMBL685,Mebendazole,4.0
CHEMBL87647,R-185545,
CHEMBL9225,Meso-Hexestrol,
CHEMBL95681,Butyrolactone,
CHEMBL1096754,Chembl1096754,
CHEMBL1141,Potassium Iodide,4.0
CHEMBL1173655,Afatinib,4.0
CHEMBL1200607,Perflexane,4.0
CHEMBL1200618,Fexofenadine Hydrochloride,4.0
CHEMBL1201293,Acamprosate,4.0
CHEMBL1207745,Beraprost,3.0
CHEMBL1236682,Refametinib,2.0
CHEMBL123678,Chembl123678,
CHEMBL12948,Semustine,3.0
CHEMBL1377,Proguanil,4.0
CHEMBL157138,Lisuride,4.0
CHEMBL16332,Zofenoprilat,
CHEMBL1642258,Chembl1642258,
CHEMBL1718444,Chembl1718444,
CHEMBL1738705,Chembl1738705,
CHEMBL178657,Chembl178657,
CHEMBL1794067,Gsk-978744A,
CHEMBL1794069,Gsk-571989A,
CHEMBL204543,"Naphthalene-1,2-Diol",
CHEMBL2103844,Pixantrone Dimaleate,4.0
CHEMBL2104519,Xibornol,2.0
CHEMBL2105711,Tofogliflozin,4.0
CHEMBL2107373,Sotirimod,2.0
CHEMBL2107781,Sodium Tartrate,-1.0
CHEMBL2178422,Rimegepant,4.0
CHEMBL2180408,Jnj-42396302,1.0
CHEMBL2208405,Chembl2208405,
CHEMBL2218913,Capreomycin Sulfate,4.0
CHEMBL232148,Chembl232148,
CHEMBL2361370,Penbutolol Sulfate,4.0
CHEMBL242948,Polaprezinc,2.0
CHEMBL3187365,Asenapine,4.0
CHEMBL3301672,Eritoran Tetrasodium,3.0
CHEMBL3348963,Telotristat Etiprate,4.0
CHEMBL3422085,Chembl3422085,
CHEMBL350320,Phenylalanine Amide,
CHEMBL3695568,Jnj-49095397,2.0
CHEMBL372227,Chembl372227,
CHEMBL375530,Dichlororibobenzimidazole,
CHEMBL3792850,Chembl3792850,
CHEMBL3935647,Chembl3935647,
CHEMBL4073443,Tomivosertib,2.0
CHEMBL412309,Ar-67,2.0
CHEMBL414157,Tonapofylline,3.0
CHEMBL414883,Radicicol,
CHEMBL4214264,Chembl4214264,
CHEMBL4278681,Chembl4278681,
CHEMBL44,Genistein,2.0
CHEMBL4594384,Umifoxolaner,1.0
CHEMBL4594419,Bms-813160,2.0
CHEMBL4800073,Chembl4800073,
CHEMBL483995,Chembl483995,
CHEMBL495493,Chembl495493,
CHEMBL498032,Chembl498032,
CHEMBL5314388,Rg-7602,1.0
CHEMBL5314909,Abx-002,1.0
CHEMBL5315119,Upadacitinib Hemihydrate,4.0
CHEMBL562314,Chembl562314,
CHEMBL594984,Chembl594984,
CHEMBL604123,Chembl604123,
CHEMBL607712,4-Hydroxyphenylpyruvic Acid,
CHEMBL712,Anisindione,4.0
CHEMBL8145,Daidzein,2.0
CHEMBL856,Primidone,4.0
CHEMBL1000,Cetirizine,4.0
CHEMBL1084102,Chembl1084102,
CHEMBL1178595,Chembl1178595,
CHEMBL1333813,Chembl1333813,
CHEMBL1697838,Glymidine,4.0
CHEMBL177577,Ol-135,
CHEMBL177591,Dimethylcarbate,-1.0
CHEMBL1822492,Chembl1822492,
CHEMBL1870796,Pivagabine,2.0
CHEMBL1908325,Selamectin,2.0
CHEMBL1922660,Fiboflapon,3.0
CHEMBL1951143,Fimasartan,3.0
CHEMBL2058833,Ganaplacide,2.0
CHEMBL2064328,Chembl2064328,
CHEMBL2105348,Ranimustine,3.0
CHEMBL2105756,Tivozanib Hydrochloride,4.0
CHEMBL2106191,Calcium Dobesilate,4.0
CHEMBL2106323,Lactose Monohydrate,3.0
CHEMBL2106325,Dimemorfan,2.0
CHEMBL2177647,Chembl2177647,
CHEMBL2218911,Bevirimat Dimeglumine,2.0
CHEMBL230137,Chembl230137,
CHEMBL2408245,Chembl2408245,
CHEMBL24787,Chembl24787,
CHEMBL289469,Granisetron,4.0
CHEMBL296035,Bufuralol,2.0
CHEMBL298817,Albaconazole,2.0
CHEMBL3039525,Golvatinib,2.0
CHEMBL3039598,Fosinopril,4.0
CHEMBL316048,Androstanediol,
CHEMBL3182543,Chembl3182543,
CHEMBL3335556,Chembl3335556,
CHEMBL335538,2'-Deoxyadenosine 5'-Triphosphate,
CHEMBL350719,Esmethadone,3.0
CHEMBL3580438,Chembl3580438,
CHEMBL3604010,Methylone,1.0
CHEMBL3617968,Bay-678,
CHEMBL3632745,Chembl3632745,
CHEMBL3798846,Chembl3798846,
CHEMBL399311,Chembl399311,
CHEMBL399598,Chembl399598,
CHEMBL4073496,Chembl4073496,
CHEMBL4202753,Chembl4202753,
CHEMBL4280722,Chembl4280722,
CHEMBL4297302,Mk-0941,2.0
CHEMBL4297461,Cep-9722,1.0
CHEMBL4301162,Serdexmethylphenidate,4.0
CHEMBL432234,Chembl432234,
CHEMBL438876,Chembl438876,
CHEMBL4541479,Chembl4541479,
CHEMBL4594423,Tp-1287,1.0
CHEMBL462547,Urethane,4.0
CHEMBL4633785,Xeruborbactam,1.0
CHEMBL475768,Chembl475768,
CHEMBL4802244,Dersimelagon Phosphate,1.0
CHEMBL493671,Chembl493671,
CHEMBL494867,Chembl494867,
CHEMBL5095032,Facinicline Hydrochloride,2.0
CHEMBL52885,Enmd-981693,2.0
CHEMBL5314601,Dasatinib Laurylsulfate,1.0
CHEMBL557217,Gramicidin D,
CHEMBL572528,Cibacron Blue,
CHEMBL601445,Chembl601445,
CHEMBL604167,Chembl604167,
CHEMBL605841,Chembl605841,
CHEMBL828,Phenothiazine,2.0
CHEMBL916,Tirofiban,4.0
CHEMBL10316,Idazoxan,3.0
CHEMBL1091705,Chembl1091705,
CHEMBL1159524,Glucuronate,
CHEMBL116583,Carbimide,2.0
CHEMBL1200629,Vecuronium Bromide,4.0
CHEMBL1201745,Choline Fenofibrate,4.0
CHEMBL1208966,Chembl1208966,
CHEMBL1270123,Chembl1270123,
CHEMBL1316334,Chembl1316334,
CHEMBL1324,Tolcapone,4.0
CHEMBL1356238,Pyrithione,
CHEMBL141966,Tnk-6123,
CHEMBL1451179,Ethohexadiol,-1.0
CHEMBL158,Aztreonam,4.0
CHEMBL1604618,Chembl1604618,
CHEMBL1615993,Foslinanib,2.0
CHEMBL168640,Ppl-100,1.0
CHEMBL1802405,Chembl1802405,
CHEMBL1940179,Chembl1940179,
CHEMBL2062266,Dihydrocodeine Bitartrate,4.0
CHEMBL208278,Chembl208278,
CHEMBL2093999,Istaroxime,2.0
CHEMBL2105566,Fenproporex,2.0
CHEMBL2105967,Adelmidrol,2.0
CHEMBL223339,Chembl223339,
CHEMBL233406,Sodium Sulfate Anhydrous,4.0
CHEMBL2435707,Squaric Acid Dibutyl Ester,2.0
CHEMBL24563,Nonanol,
CHEMBL261723,Chembl261723,
CHEMBL286905,Chembl286905,
CHEMBL3127522,Chembl3127522,
CHEMBL320358,Heptanoate,
CHEMBL3311493,Chembl3311493,
CHEMBL367746,9-Deazaguanine,
CHEMBL399121,Hesperetin,0.5
CHEMBL4076124,Chembl4076124,
CHEMBL4088654,Chembl4088654,
CHEMBL4170268,Chembl4170268,
CHEMBL4214320,Chembl4214320,
CHEMBL428880,Cromolyn,4.0
CHEMBL4297384,Gsk-356278,1.0
CHEMBL4297453,Pm-00104,2.0
CHEMBL4298160,Brepocitinib Tosylate,1.0
CHEMBL4533605,Zidebactam,3.0
CHEMBL473489,Chembl473489,
CHEMBL475769,Chembl475769,
CHEMBL479960,Chembl479960,
CHEMBL494270,Chembl494270,
CHEMBL502351,Chembl502351,
CHEMBL5083772,Biib-091,2.0
CHEMBL5095182,Globalagliatin Hydrochloride,1.0
CHEMBL5095230,Atuzaginstat,2.0
CHEMBL513301,Trimazosin,2.0
CHEMBL5314588,Perfluorohexyloctane,4.0
CHEMBL660,Amantadine,4.0
CHEMBL7599,Chembl7599,
CHEMBL1081506,Talniflumate,2.0
CHEMBL1091349,Chembl1091349,
CHEMBL1107,Halofantrine,4.0
CHEMBL1182743,Rimazolium,2.0
CHEMBL1200863,Melphalan Hydrochloride,4.0
CHEMBL1201396,Fluticasone,
CHEMBL1201405,Moexiprilat,2.0
CHEMBL1234282,Chembl1234282,
CHEMBL1258296,Chembl1258296,
CHEMBL1318341,Meticrane,2.0
CHEMBL1453,Digitoxigenin,
CHEMBL15192,Lapachone,2.0
CHEMBL16476,Pronetalol,4.0
CHEMBL1765291,Zaltoprofen,2.0
CHEMBL179633,Chembl179633,
CHEMBL1801204,Azd-8055,1.0
CHEMBL2103779,Fenobam,2.0
CHEMBL2103798,Cediranib Maleate,3.0
CHEMBL2103929,Lymecycline,4.0
CHEMBL2104200,Bunaftine,2.0
CHEMBL2104906,Nandrolone Cyclotate,2.0
CHEMBL227954,Chembl227954,
CHEMBL2308782,Darotropium Bromide,2.0
CHEMBL2347655,Filanesib,2.0
CHEMBL234838,Gw572738X,
CHEMBL2385886,Chembl2385886,
CHEMBL2408242,Chembl2408242,
CHEMBL254832,Fendiline,2.0
CHEMBL3093075,Chembl3093075,
CHEMBL3329755,Chembl3329755,
CHEMBL3342332,A-1155463,
CHEMBL3544973,Ceftaroline Fosamil Acetate,4.0
CHEMBL3688339,Chembl3688339,
CHEMBL3707363,Trimethyldiphenylpropylamine,-1.0
CHEMBL376185,Chembl376185,
CHEMBL3989871,Avacopan,4.0
CHEMBL404422,Butethal,4.0
CHEMBL405346,Chembl405346,
CHEMBL4060320,Chembl4060320,
CHEMBL4073888,Chembl4073888,
CHEMBL4211649,Tinodasertib,2.0
CHEMBL4297668,Milciclib Maleate,1.0
CHEMBL4298151,Miransertib Mesylate,1.0
CHEMBL436559,Cariporide,2.0
CHEMBL467084,Lanicemine,2.0
CHEMBL484785,Crisaborole,4.0
CHEMBL4877117,Chembl4877117,
CHEMBL502835,Nintedanib,4.0
CHEMBL5095043,Atamparib,1.0
CHEMBL5095351,Selnoflast Potassium,1.0
CHEMBL522689,Chembl522689,
CHEMBL539423,Sparsentan,4.0
CHEMBL560976,Dibekacin,2.0
CHEMBL572,Nitrofurantoin,4.0
CHEMBL592540,Chembl592540,
CHEMBL592541,Chembl592541,
CHEMBL609,Trientine,4.0
CHEMBL79,Lidocaine,4.0
CHEMBL964,Disulfiram,4.0
CHEMBL1095607,Reproterol,4.0
CHEMBL1098305,Chembl1098305,
CHEMBL1201155,Loxapine Succinate,4.0
CHEMBL1201191,Levocetirizine,4.0
CHEMBL1201356,Methylergonovine,4.0
CHEMBL1208964,Chembl1208964,
CHEMBL1229855,Chembl1229855,
CHEMBL1230866,Silver,3.0
CHEMBL1236524,Galidesivir,2.0
CHEMBL1237212,Norcantharidin,1.0
CHEMBL1258743,Chembl1258743,
CHEMBL1261,Citric Acid,4.0
CHEMBL1351474,Acesulfame Potassium,3.0
CHEMBL1454946,Flubendazole,2.0
CHEMBL1520837,Gnf-Pf-1859,
CHEMBL1701,Meperidine Hydrochloride,4.0
CHEMBL1940175,Chembl1940175,
CHEMBL2031465,Azd-6703,1.0
CHEMBL203407,Chembl203407,
CHEMBL2103768,Diloxanide,2.0
CHEMBL2105935,Choline Bitartrate,3.0
CHEMBL2111101,Pimavanserin,4.0
CHEMBL2180528,Chembl2180528,
CHEMBL223512,Chembl223512,
CHEMBL227452,Cefotaxime Batsi,
CHEMBL2355839,Isometheptene Mucate,4.0
CHEMBL247272,Chembl247272,
CHEMBL249303,Chembl249303,
CHEMBL251680,Coumaphos,2.0
CHEMBL25889,Chembl25889,
CHEMBL259621,(R)-2-Benzylsuccinic Acid,
CHEMBL263198,Octaaminoacridine,3.0
CHEMBL273862,Hydroxycamptothecin,3.0
CHEMBL289004,Aceturic Acid,
CHEMBL296373,Edatrexate,2.0
CHEMBL315021,Forasartan,2.0
CHEMBL3186538,Cefroxadine,2.0
CHEMBL3426781,Chembl3426781,
CHEMBL3634131,Chembl3634131,
CHEMBL3658400,Chembl3658400,
CHEMBL38508,Gw0742,
CHEMBL3989857,Magnesium Sulfate,4.0
CHEMBL4211828,Chembl4211828,
CHEMBL422872,Azd-4769,1.0
CHEMBL4297348,"Brimapitide, C-Terminal Acid",3.0
CHEMBL4297507,Delgocitinib,3.0
CHEMBL440115,Fk453,1.0
CHEMBL4452527,Chembl4452527,
CHEMBL4519121,Mevidalen Hydroxybenzoate,1.0
CHEMBL460657,Elaidic Acid,
CHEMBL462018,Triciribine Phosphate,2.0
CHEMBL4780617,Chembl4780617,
CHEMBL495330,Chembl495330,
CHEMBL5095028,Glpg-0259,2.0
CHEMBL5095064,Feniralstat,2.0
CHEMBL5201870,Tagtociclib,2.0
CHEMBL560592,Danegaptide,3.0
CHEMBL571159,Chembl571159,
CHEMBL594571,Chembl594571,
CHEMBL73862,Chembl73862,
CHEMBL77484,(S)-Nipecotic Acid,
CHEMBL809,Sertraline,4.0
CHEMBL9324,Tetrylammonium,2.0
CHEMBL103735,Atiprimod,2.0
CHEMBL104,Clotrimazole,4.0
CHEMBL106502,Alamifovir,2.0
CHEMBL1082618,Chembl1082618,
CHEMBL1088977,Ademetionine,
CHEMBL1092,Trihexyphenidyl Hydrochloride,4.0
CHEMBL1099010,Chembl1099010,
CHEMBL112570,Cholesterol,4.0
CHEMBL1201020,Disopyramide Phosphate,4.0
CHEMBL1230270,Chembl1230270,
CHEMBL1230763,Chembl1230763,
CHEMBL1231533,Chembl1231533,
CHEMBL1330,Morphine Glucuronide,2.0
CHEMBL1411210,Chembl1411210,
CHEMBL1433361,Otilonium,3.0
CHEMBL148,Imipenem,4.0
CHEMBL155103,Chembl155103,
CHEMBL157101,Ketoconazole,4.0
CHEMBL1628161,Moxestrol,2.0
CHEMBL1707,Loperamide Hydrochloride,4.0
CHEMBL1738758,Onvansertib,2.0
CHEMBL1819272,Chembl1819272,
CHEMBL1970071,Chembl1970071,
CHEMBL2028987,Degarelix Acetate,4.0
CHEMBL205929,Chembl205929,
CHEMBL2103883,Avatrombopag,4.0
CHEMBL2104534,Styramate,2.0
CHEMBL2104769,Raclopride C 11,1.0
CHEMBL2106710,Fadolmidine Hydrochloride,2.0
CHEMBL2110773,Cimetropium,3.0
CHEMBL2110774,Chlorphenoxamine,4.0
CHEMBL2110796,Bibenzonium,2.0
CHEMBL23588,Flufenamic Acid,4.0
CHEMBL2443138,Chembl2443138,
CHEMBL248712,Chembl248712,
CHEMBL255863,Nilotinib,4.0
CHEMBL271591,Chembl271591,
CHEMBL283766,Chembl283766,
CHEMBL298470,Tafenoquine,4.0
CHEMBL3183117,Chembl3183117,
CHEMBL3183654,Chembl3183654,
CHEMBL3218390,Ggti-2418,1.0
CHEMBL3301668,Carbetocin,4.0
CHEMBL3301800,Cefprozil,
CHEMBL3330410,Chembl3330410,
CHEMBL33899,Chembl33899,
CHEMBL343448,Romidepsin,4.0
CHEMBL3621292,Chembl3621292,
CHEMBL369251,Chembl369251,
CHEMBL3763743,Ttc-352,1.0
CHEMBL387675,Daptomycin,4.0
CHEMBL3990804,Edaglitazone,2.0
CHEMBL4089402,Chembl4089402,
CHEMBL4297290,Tovinontrine,2.0
CHEMBL4297378,Durlobactam Sodium,4.0
CHEMBL4303525,Omaveloxolone,4.0
CHEMBL449062,D-Limonene,2.0
CHEMBL4522930,Bi-605906,
CHEMBL47146,Pd-160946,
CHEMBL4802214,Lufotrelvir,3.0
CHEMBL495492,Chembl495492,
CHEMBL497689,Chembl497689,
CHEMBL507870,Telavancin,4.0
CHEMBL5090394,Chembl5090394,
CHEMBL54918,5-Fluorouridine,2.0
CHEMBL566603,Chembl566603,
CHEMBL570111,Chembl570111,
CHEMBL605580,Chembl605580,
CHEMBL6318,Idoxifene,2.0
CHEMBL65230,Chembl65230,
CHEMBL713,Entecavir Anhydrous,4.0
CHEMBL1047,Tocopherol Acetate,
CHEMBL1090,Vidarabine,4.0
CHEMBL1096,Amlexanox,4.0
CHEMBL1160819,"Ammonia Solution, Strong",4.0
CHEMBL1199540,Halofuginone,
CHEMBL1200382,Bepridil Hydrochloride,4.0
CHEMBL1200670,Saralasin Acetate,4.0
CHEMBL1201104,Methenamine Hippurate,4.0
CHEMBL1201234,Mephentermine,4.0
CHEMBL1201392,Flumethasone,2.0
CHEMBL1230314,Estetrol,4.0
CHEMBL1231859,Chembl1231859,
CHEMBL1235161,Phosphocholine,
CHEMBL1270924,Chembl1270924,
CHEMBL135881,Chembl135881,
CHEMBL1567463,Choline Alfoscerate,
CHEMBL1700,Sotalol Hydrochloride,4.0
CHEMBL170179,Methadyl Acetate,2.0
CHEMBL172513,Carnitine,3.0
CHEMBL174304,Chembl174304,
CHEMBL1774339,Chembl1774339,
CHEMBL1877495,Benmoxin,2.0
CHEMBL1882461,Bevonium,2.0
CHEMBL190170,Chembl190170,
CHEMBL1923983,Bms-066,
CHEMBL192986,Rsm-932A,1.0
CHEMBL2063332,Chembl2063332,
CHEMBL207336,Chembl207336,
CHEMBL2105458,Thenalidine,4.0
CHEMBL221722,Favipiravir,3.0
CHEMBL247660,Chembl247660,
CHEMBL259728,Nitenpyram,
CHEMBL266800,Chembl266800,
CHEMBL267476,Linoleic Acid,2.0
CHEMBL280074,Olomoucine,
CHEMBL314691,Chembl314691,
CHEMBL3236071,Chembl3236071,
CHEMBL3329652,Chembl3329652,
CHEMBL3353354,Chembl3353354,
CHEMBL3526476,Chembl3526476,
CHEMBL3969370,Chembl3969370,
CHEMBL4077617,Chembl4077617,
CHEMBL4079799,Chembl4079799,
CHEMBL4161454,Chembl4161454,
CHEMBL4209692,Chembl4209692,
CHEMBL4210729,Chembl4210729,
CHEMBL4291143,Pc-786,2.0
CHEMBL429392,Chembl429392,
CHEMBL4297303,Mk-2748,1.0
CHEMBL4297492,Gsk-2245035,2.0
CHEMBL4438269,Depulfavirine,2.0
CHEMBL455491,Myrcene,1.0
CHEMBL4567157,Chembl4567157,
CHEMBL458616,"1,6-Hexanediol",
CHEMBL4594253,Mivavotinib Citrate,2.0
CHEMBL4594429,Azd-1390,1.0
CHEMBL4594433,Ml-246,1.0
CHEMBL4650360,Pulrodemstat Besilate,2.0
CHEMBL503,Lovastatin,4.0
CHEMBL516023,Chembl516023,
CHEMBL551064,Aew-541,1.0
CHEMBL551561,Chembl551561,
CHEMBL569766,Chembl569766,
CHEMBL620,Clidinium,4.0
CHEMBL88712,Veliflapon,3.0
CHEMBL908,Chlorprothixene,4.0
CHEMBL96172,Epothilone D,2.0
CHEMBL1076257,Chembl1076257,
CHEMBL1098726,Chembl1098726,
CHEMBL1167,Spectinomycin,4.0
CHEMBL1201774,Sapropterin,4.0
CHEMBL1229937,Dihydroxyacetone,4.0
CHEMBL1230244,Chembl1230244,
CHEMBL1232111,Omigapil,2.0
CHEMBL1624,Levothyroxine,4.0
CHEMBL191896,Oleoyl,2.0
CHEMBL1933577,Chembl1933577,
CHEMBL2041980,Mmv-390048,1.0
CHEMBL2063444,Chembl2063444,
CHEMBL2105619,Betacetylmethadol,2.0
CHEMBL2219640,Strontium Chloride,4.0
CHEMBL222280,Broxuridine,2.0
CHEMBL226267,Arzoxifene,3.0
CHEMBL2315941,Chembl2315941,
CHEMBL2365712,Chembl2365712,
CHEMBL2403843,Chembl2403843,
CHEMBL2442750,Qav680,2.0
CHEMBL248261,Chembl248261,
CHEMBL262103,Chembl262103,
CHEMBL265758,Chembl265758,
CHEMBL275311,Ro-137410,
CHEMBL282575,Estradiol Benzoate,4.0
CHEMBL311226,Castanospermine,-1.0
CHEMBL3186112,Chembl3186112,
CHEMBL3188355,Chembl3188355,
CHEMBL3291011,Chembl3291011,
CHEMBL3329661,Chembl3329661,
CHEMBL334360,Chembl334360,
CHEMBL3343621,Chembl3343621,
CHEMBL3355995,Chembl3355995,
CHEMBL3408947,Ocifisertib,2.0
CHEMBL34474,Diclofop-Methyl,
CHEMBL3544977,Odalasvir,2.0
CHEMBL3545063,Osimertinib Mesylate,4.0
CHEMBL3545166,Drinabant,3.0
CHEMBL3707342,Potassium Salicylate,-1.0
CHEMBL3833378,Penimepicycline,2.0
CHEMBL3942498,Pbf-999,1.0
CHEMBL3989509,Pentazocine Lactate,4.0
CHEMBL3989724,Flurazepam Hydrochloride,4.0
CHEMBL3989845,Imipramine Pamoate,4.0
CHEMBL409867,Chembl409867,
CHEMBL419213,Lisinopril,4.0
CHEMBL4297262,Icomidocholic Acid,3.0
CHEMBL4298168,Ibrexafungerp Citrate,4.0
CHEMBL448343,Lesogaberan,2.0
CHEMBL455384,Chembl455384,
CHEMBL4594282,Nerinetide Acetate,1.0
CHEMBL4643852,Bay-6672,
CHEMBL4650309,Lixumistat Acetate,1.0
CHEMBL4650332,Etavopivat,2.0
CHEMBL47302,Chembl47302,
CHEMBL478,Chlorophenylpiperazine,2.0
CHEMBL4802137,Cx-157,2.0
CHEMBL486214,Methyl Vanillate,
CHEMBL489411,Amorolfine,4.0
CHEMBL495727,At-9283,2.0
CHEMBL5077276,Chembl5077276,
CHEMBL5095180,Fdl169,1.0
CHEMBL5315121,Tecovirimat Monohydrate,4.0
CHEMBL556417,Chembl556417,
CHEMBL565808,Chembl565808,
CHEMBL611,Terazosin,4.0
CHEMBL1002,Levosalbutamol,4.0
CHEMBL1086440,Triclabendazole,4.0
CHEMBL1089701,Chembl1089701,
CHEMBL1091699,Chembl1091699,
CHEMBL1095032,Letaxaban,2.0
CHEMBL1129,Trifluridine,4.0
CHEMBL1186230,Chembl1186230,
CHEMBL1188395,Nepicastat,2.0
CHEMBL119888,Thiosalicylic Acid,
CHEMBL1200661,Unoprostone Isopropyl,4.0
CHEMBL1236230,Chembl1236230,
CHEMBL1255654,Tetracaine Hydrochloride,4.0
CHEMBL125946,Chembl125946,
CHEMBL14882,Chembl14882,
CHEMBL1562610,Meclofenamate Sodium,4.0
CHEMBL1742461,Lafutidine,3.0
CHEMBL1760,Terbutaline,4.0
CHEMBL1765293,Alminoprofen,2.0
CHEMBL1788403,Bioallethrin,4.0
CHEMBL1908373,Onapristone,4.0
CHEMBL193233,Chembl193233,
CHEMBL200022,Claficapavir,2.0
CHEMBL2012520,Ly377604,2.0
CHEMBL2013137,Chembl2013137,
CHEMBL2018221,Chembl2018221,
CHEMBL2023418,Chembl2023418,
CHEMBL206109,Chembl206109,
CHEMBL2063705,Lff-571,2.0
CHEMBL2104523,Cinitapride,3.0
CHEMBL2105345,Propanidid,4.0
CHEMBL2105762,Omarigliptin,4.0
CHEMBL2105763,Quisinostat,2.0
CHEMBL2107486,Tebipenem Pivoxil,3.0
CHEMBL2110727,Cenicriviroc,3.0
CHEMBL2216870,Idelalisib,4.0
CHEMBL2316217,Chembl2316217,
CHEMBL2407745,Chembl2407745,
CHEMBL246600,Combretastatin,1.0
CHEMBL262075,Indiplon,3.0
CHEMBL271984,Chembl271984,
CHEMBL28198,Lofentanil,
CHEMBL292268,3-Methyladenine,
CHEMBL3039503,Lomibuvir,2.0
CHEMBL3188172,Chembl3188172,
CHEMBL329137,Chembl329137,
CHEMBL3304438,Chembl3304438,
CHEMBL3360279,Chembl3360279,
CHEMBL364804,Gw-406381,3.0
CHEMBL3655762,Chembl3655762,
CHEMBL374699,2'-Deoxycytidinemonophosphate,
CHEMBL3775016,Chembl3775016,
CHEMBL386015,Chembl386015,
CHEMBL386073,Chembl386073,
CHEMBL393462,Chembl393462,
CHEMBL3989798,Formoterol Fumarate,4.0
CHEMBL3989805,Elzasonan Hydrochloride,2.0
CHEMBL4089083,Foliglurax,2.0
CHEMBL409803,Angiotensin Amide,2.0
CHEMBL4110551,Sph-3127,3.0
CHEMBL4213986,Chembl4213986,
CHEMBL4297312,Orm-12741,2.0
CHEMBL4297375,Azeloprazole Sodium,1.0
CHEMBL4297503,Baloxavir Marboxil,4.0
CHEMBL43912,Chembl43912,
CHEMBL4472508,Cintirorgon,1.0
CHEMBL4594438,Lenacapavir,4.0
CHEMBL515966,Ezlopitant,2.0
CHEMBL5315052,Rasagiline Tartrate,4.0
CHEMBL561157,Treprostinil Sodium,4.0
CHEMBL578,Enalapril,4.0
CHEMBL595746,Chembl595746,
CHEMBL61872,Talampanel,2.0
CHEMBL7728,Hexobarbital,2.0
CHEMBL106525,Gnf-Pf-3427,
CHEMBL1082,Amoxicillin,4.0
CHEMBL1095828,Chembl1095828,
CHEMBL1095930,Cefuroxime Axetil,4.0
CHEMBL1180725,Propantheline,4.0
CHEMBL1200686,Pimecrolimus,4.0
CHEMBL1200953,Hydrocortisone Probutate,4.0
CHEMBL1232858,3-Hydroxymyristic Acid,
CHEMBL1235491,Chembl1235491,
CHEMBL1237295,Chembl1237295,
CHEMBL1257030,Lonidamine,3.0
CHEMBL1292,Clofazimine,4.0
CHEMBL1485,Arginine,3.0
CHEMBL1549,Hydrocortisone Cypionate,4.0
CHEMBL1550905,Chembl1550905,
CHEMBL1587,Polythiazide,4.0
CHEMBL1598608,Azasetron,2.0
CHEMBL1639,Aliskiren,4.0
CHEMBL1738990,Levopropoxyphene,4.0
CHEMBL176687,Acesulfame,3.0
CHEMBL1801376,Chembl1801376,
CHEMBL1940832,Milveterol,2.0
CHEMBL1951032,Adp-597,1.0
CHEMBL2105630,Alvespimycin Hydrochloride,1.0
CHEMBL2107389,Gestonorone Caproate,4.0
CHEMBL2137199,Chembl2137199,
CHEMBL2426701,Levoverbenone,-1.0
CHEMBL255696,Glyceryl Monostearate,-1.0
CHEMBL277945,Sultopride,2.0
CHEMBL279229,Urapidil,3.0
CHEMBL3183067,Chembl3183067,
CHEMBL330829,Etozolin,2.0
CHEMBL3338194,Bms-903452,1.0
CHEMBL334167,Chembl334167,
CHEMBL338853,Chembl338853,
CHEMBL3746569,Chembl3746569,
CHEMBL3989444,Visnadine,2.0
CHEMBL3989754,Flurbiprofen Sodium,4.0
CHEMBL4078182,Chembl4078182,
CHEMBL419186,Chembl419186,
CHEMBL4297585,Triheptanoin,4.0
CHEMBL4301600,Bms-823778,2.0
CHEMBL434,Isoproterenol,4.0
CHEMBL44083,Bis(Ethyl)Norspermine,
CHEMBL444832,Pd-157672,
CHEMBL446785,Crocin,3.0
CHEMBL447878,N-Acetylglucosamine ,2.0
CHEMBL4594254,Simpinicline,2.0
CHEMBL4596972,Puquitinib Mesylate Dihydrate,1.0
CHEMBL502384,Triethylenemelamine,2.0
CHEMBL5095175,Da-8031,2.0
CHEMBL5095256,Tinlorafenib,2.0
CHEMBL5095777,Chembl5095777,
CHEMBL5314515,Davelizomib,2.0
CHEMBL549343,Chembl549343,
CHEMBL584734,Chembl584734,
CHEMBL587723,Aee-788,2.0
CHEMBL609988,Chembl609988,
CHEMBL961,Ditiocarb,2.0
CHEMBL1024,Ifosfamide,4.0
CHEMBL1195301,Zolunicant,2.0
CHEMBL1200413,Tetrahydrozoline Hydrochloride,4.0
CHEMBL1200760,Balsalazide Disodium,4.0
CHEMBL1229093,Mitoquinone Cation,2.0
CHEMBL1231795,Chembl1231795,
CHEMBL1231861,Dimethylketone Cyanohydrin,
CHEMBL1232328,"O,O-Diethyl S-Hydrogen Phosphorothioate",
CHEMBL1236122,Syringate,
CHEMBL1270619,Chembl1270619,
CHEMBL127214,Chembl127214,
CHEMBL1471,Aprepitant,4.0
CHEMBL164,Myricetin,
CHEMBL168938,Chembl168938,
CHEMBL1807470,Chembl1807470,
CHEMBL1819137,Chembl1819137,
CHEMBL1823872,Somatostatin,3.0
CHEMBL18602,Pentanal,
CHEMBL186200,Chembl186200,
CHEMBL1928699,Chembl1928699,
CHEMBL1957017,Chembl1957017,
CHEMBL1990583,Chembl1990583,
CHEMBL2007389,Lucanthone Hydrochloride,2.0
CHEMBL2021424,Potassium Sulfate,4.0
CHEMBL2062335,Metoprolol Tartrate,4.0
CHEMBL2105695,Telotristat Ethyl,4.0
CHEMBL2105759,Baricitinib,4.0
CHEMBL2106424,Mecrylate,3.0
CHEMBL2107294,Tropatepine,2.0
CHEMBL2107774,Robenacoxib,2.0
CHEMBL210952,Eltanolone,2.0
CHEMBL2111066,Isothipendyl,2.0
CHEMBL2181753,Am-211,1.0
CHEMBL2220442,Fluvastatin,4.0
CHEMBL2333941,Ly-2811376,1.0
CHEMBL25263,Miridesap,2.0
CHEMBL261777,Chembl261777,
CHEMBL263376,Phenylthiourea,
CHEMBL266282,Al-43,
CHEMBL272822,Chembl272822,
CHEMBL300337,Enalkiren,2.0
CHEMBL3039517,Rabusertib,2.0
CHEMBL3137313,Axelopran,2.0
CHEMBL3228489,Chembl3228489,
CHEMBL328910,"2,4-Dihydroxybenzoic Acid",
CHEMBL3301625,Spebrutinib,2.0
CHEMBL3301680,Telavancin Hydrochloride,4.0
CHEMBL334096,Chembl334096,
CHEMBL3613749,Chembl3613749,
CHEMBL3735090,Chembl3735090,
CHEMBL376488,Bedaquiline,4.0
CHEMBL3818062,Chembl3818062,
CHEMBL38576,"Ici-199,441",
CHEMBL3907057,Bay-826,
CHEMBL3915620,Ly2881835,1.0
CHEMBL3989541,Methoserpidine,2.0
CHEMBL3989680,Axomadol,2.0
CHEMBL3989938,Fosmetpantotenate,3.0
CHEMBL400520,Chembl400520,
CHEMBL4060831,Chembl4060831,
CHEMBL409494,Chembl409494,
CHEMBL4175638,Chembl4175638,
CHEMBL419667,Relcovaptan,2.0
CHEMBL4207489,Sj-733,2.0
CHEMBL4297502,Avoralstat,3.0
CHEMBL444449,5-(4-Phenoxybutoxy)Psoralen,
CHEMBL4521971,Chembl4521971,
CHEMBL455186,Treosulfan,4.0
CHEMBL458875,Clevudine,3.0
CHEMBL473159,Phloroglucinol,4.0
CHEMBL4785363,Inobrodib,1.0
CHEMBL4802142,Ea-230,2.0
CHEMBL491019,Mk-1107,
CHEMBL539843,Vapitadine Dihydrochloride,2.0
CHEMBL565612,Sotrastaurin,2.0
CHEMBL669,Cyclobenzaprine,4.0
CHEMBL84,Topotecan,4.0
CHEMBL895,Nalbuphine,4.0
CHEMBL1090388,Chembl1090388,
CHEMBL1194,Prilocaine,4.0
CHEMBL1200351,Sulfadiazine Sodium,4.0
CHEMBL1200608,Octinoxate,
CHEMBL1201118,Cefmetazole Sodium,4.0
CHEMBL1201236,Carbidopa Anhydrous,4.0
CHEMBL1201759,Bepotastine Besylate,4.0
CHEMBL1208958,Chembl1208958,
CHEMBL1232997,Chembl1232997,
CHEMBL1235259,Triethylene Glycol,
CHEMBL1236200,Tert-Butyl Formate,
CHEMBL1295,Butoconazole,4.0
CHEMBL1476782,Amiloxate,2.0
CHEMBL1499951,Chembl1499951,
CHEMBL1571863,Isoconazole,4.0
CHEMBL1738761,Chembl1738761,
CHEMBL1740065,Amylocaine,-1.0
CHEMBL1770248,Ertugliflozin,4.0
CHEMBL191482,Ar-42,2.0
CHEMBL196516,Chembl196516,
CHEMBL200231,Chembl200231,
CHEMBL200528,Chembl200528,
CHEMBL209712,Chembl209712,
CHEMBL2103825,Cetilistat,2.0
CHEMBL2105629,Vinflunine Ditartrate,4.0
CHEMBL2105953,Cefteram,2.0
CHEMBL2106825,Medrogestone,4.0
CHEMBL223402,Rsv-604,2.0
CHEMBL2365634,Chembl2365634,
CHEMBL2386889,Sch-900776,2.0
CHEMBL249334,Chembl249334,
CHEMBL250532,Chembl250532,
CHEMBL255874,Chembl255874,
CHEMBL258467,Chembl258467,
CHEMBL3093941,Chembl3093941,
CHEMBL318721,Chembl318721,
CHEMBL3236362,Chembl3236362,
CHEMBL332750,Tetomilast,3.0
CHEMBL3355993,Chembl3355993,
CHEMBL33720,Oxedrine,-1.0
CHEMBL345714,Acipimox,4.0
CHEMBL354634,Chembl354634,
CHEMBL3612513,Chembl3612513,
CHEMBL3642985,Stx107,2.0
CHEMBL373742,Vasopressin,4.0
CHEMBL376632,Chembl376632,
CHEMBL3989566,Metoprolol Fumarate,4.0
CHEMBL3991932,Pexmetinib,2.0
CHEMBL400749,Chembl400749,
CHEMBL4077037,Chembl4077037,
CHEMBL4091983,Chembl4091983,
CHEMBL428593,Glyceryl Monooleate,-1.0
CHEMBL435128,Capravirine,2.0
CHEMBL447955,Serlopitant,3.0
CHEMBL4520837,Chembl4520837,
CHEMBL4552313,Chembl4552313,
CHEMBL4650312,Pf-5212372,1.0
CHEMBL477786,Chembl477786,
CHEMBL483091,2-Isopropyl-Isothiourea,
CHEMBL50300,Fosfonet,2.0
CHEMBL511836,Chembl511836,
CHEMBL525911,Chembl525911,
CHEMBL559147,Y-27632,
CHEMBL56279,Cyanamide,
CHEMBL59,Dopamine,4.0
CHEMBL602899,Ganoderic Acid A,
CHEMBL657,Diphenhydramine,4.0
CHEMBL6607,Brolamfetamine,2.0
CHEMBL891,Cloxacillin,4.0
CHEMBL1091492,Chembl1091492,
CHEMBL1160181,Chembl1160181,
CHEMBL1200725,Sertaconazole Nitrate,4.0
CHEMBL1200787,Phenoxybenzamine Hydrochloride,4.0
CHEMBL1201037,Eflornithine Hydrochloride,4.0
CHEMBL1201168,Isocarboxazid,4.0
CHEMBL1208960,Chembl1208960,
CHEMBL1231377,Chembl1231377,
CHEMBL1231689,Chembl1231689,
CHEMBL1256958,Epinephrine Bitartrate,4.0
CHEMBL1257839,Chembl1257839,
CHEMBL126164,Chembl126164,
CHEMBL1431,Metformin,4.0
CHEMBL1481873,Phosmet,-1.0
CHEMBL16498,Sjg-136,2.0
CHEMBL1703,Metformin Hydrochloride,4.0
CHEMBL1794734,Mevalonic Acid,
CHEMBL206913,Chembl206913,
CHEMBL2104054,Aceprometazine,2.0
CHEMBL2105738,Galeterone,3.0
CHEMBL2110734,Sepantronium,2.0
CHEMBL2146126,Lithium,3.0
CHEMBL215226,Geneticin,
CHEMBL2159094,Chembl2159094,
CHEMBL2179618,Nexturastat A,
CHEMBL2204995,Chembl2204995,
CHEMBL229008,Chembl229008,
CHEMBL2316209,Chembl2316209,
CHEMBL233930,Astragalin,
CHEMBL239698,Chembl239698,
CHEMBL2424780,Vesatolimod,2.0
CHEMBL255476,Chembl255476,
CHEMBL255925,Chembl255925,
CHEMBL259548,Bolasterone,2.0
CHEMBL270686,Meriolin 3,
CHEMBL3039502,Duvelisib,4.0
CHEMBL3039526,Lasmiditan Succinate,4.0
CHEMBL3133821,Chembl3133821,
CHEMBL3187826,Chembl3187826,
CHEMBL3264001,Chembl3264001,
CHEMBL3360855,Chembl3360855,
CHEMBL3408383,Chembl3408383,
CHEMBL3628345,Chembl3628345,
CHEMBL3685796,Mrl-Syki,
CHEMBL372764,Perifosine,3.0
CHEMBL383674,Chembl383674,
CHEMBL3900409,Brensocatib,3.0
CHEMBL3989559,Pantoprazole Sodium,4.0
CHEMBL4173715,Chembl4173715,
CHEMBL4297459,Cc-11006,1.0
CHEMBL4297605,Roluperidone,3.0
CHEMBL4303470,Gsk-923295A,1.0
CHEMBL444963,Chembl444963,
CHEMBL4542380,Chembl4542380,
CHEMBL4594292,Tepotinib Hydrochloride,4.0
CHEMBL461332,Flucloronide,4.0
CHEMBL461343,Guanoxabenz,2.0
CHEMBL4640049,Chembl4640049,
CHEMBL4650233,Mivorilaner,1.0
CHEMBL469099,Chembl469099,
CHEMBL4792672,Chembl4792672,
CHEMBL486152,Chembl486152,
CHEMBL488436,Azd-5438,1.0
CHEMBL5095241,Tunlametinib,2.0
CHEMBL5314526,Lerzeparib,2.0
CHEMBL5316155,Flotufolastat,1.0
CHEMBL545,Alcohol,4.0
CHEMBL572964,Sulfuric Acid,-1.0
CHEMBL590284,Iodoindomethacin,
CHEMBL595743,Chembl595743,
CHEMBL730,Nitroglycerin,4.0
CHEMBL772,Reserpine,4.0
CHEMBL91238,Iproclozide,2.0
CHEMBL995,Losartan Potassium,4.0
CHEMBL104444,Chembl104444,
CHEMBL1095777,Indacaterol,4.0
CHEMBL1097895,Chembl1097895,
CHEMBL1160508,L-Cysteinesulfinic Acid,
CHEMBL1195136,Snx 5422,2.0
CHEMBL1200689,Nitric Oxide,4.0
CHEMBL1201054,Selenomethionine Se 75,4.0
CHEMBL1201348,Menadiol Diphosphoric Acid,4.0
CHEMBL1213447,Chembl1213447,
CHEMBL1231969,Chembl1231969,
CHEMBL1235108,Chembl1235108,
CHEMBL1271441,Chembl1271441,
CHEMBL15023,Trifluperidol,4.0
CHEMBL1620,Diphenhydramine Hydrochloride,4.0
CHEMBL1645469,Chembl1645469,
CHEMBL1719398,Rolicyclidine,2.0
CHEMBL1773261,Chembl1773261,
CHEMBL1790006,Tolonium Chloride,2.0
CHEMBL1819270,Chembl1819270,
CHEMBL184371,Chembl184371,
CHEMBL190265,"2,3-Anhydroquinic Acid",
CHEMBL19611,Ilomastat,2.0
CHEMBL197199,Argifin,
CHEMBL203517,Chembl203517,
CHEMBL2062774,Vapendavir,2.0
CHEMBL2070953,Chembl2070953,
CHEMBL209970,Chembl209970,
CHEMBL2104325,Isobromindione,2.0
CHEMBL2105749,Samidorphan L-Malate,4.0
CHEMBL2105842,Cortivazol,4.0
CHEMBL2106575,Olaflur,2.0
CHEMBL2146124,Cefuroxime Sodium,4.0
CHEMBL2158347,Chembl2158347,
CHEMBL2359670,Thiethylperazine Malate,4.0
CHEMBL2420629,Chembl2420629,
CHEMBL252124,Ver-50589,
CHEMBL255069,"2-(3,5-Dimethylphenyl)Benzo[D]Oxazole",
CHEMBL256985,Chembl256985,
CHEMBL266393,Chembl266393,
CHEMBL271715,Chembl271715,
CHEMBL277522,Fenbufen,4.0
CHEMBL284377,Dexfosfoserine,2.0
CHEMBL289191,Lupeol,
CHEMBL3093828,Chembl3093828,
CHEMBL3093946,Chembl3093946,
CHEMBL3098695,Chembl3098695,
CHEMBL311228,Chembl311228,
CHEMBL3185126,Chembl3185126,
CHEMBL3188091,Sovatelitide,3.0
CHEMBL3189072,Tirofiban Hydrochloride,4.0
CHEMBL319669,Pafuramidine,3.0
CHEMBL3298353,Chembl3298353,
CHEMBL3349001,Avn-944,2.0
CHEMBL3353343,Chembl3353343,
CHEMBL3357070,Chembl3357070,
CHEMBL338975,Physostigmine Salicylate,4.0
CHEMBL3544954,Zoptarelin Doxorubicin,3.0
CHEMBL3545278,Atx08-001,2.0
CHEMBL3545347,Txa127,2.0
CHEMBL3545350,Evt-101,2.0
CHEMBL3634186,Chembl3634186,
CHEMBL364092,Chembl364092,
CHEMBL364811,Chembl364811,
CHEMBL377596,Chembl377596,
CHEMBL379218,A-674563,
CHEMBL3828747,Chembl3828747,
CHEMBL3833389,Dextromoramide,4.0
CHEMBL3989918,Ingenol Disoxate,3.0
CHEMBL4092511,Chembl4092511,
CHEMBL4226676,Chembl4226676,
CHEMBL4297602,Miricorilant,2.0
CHEMBL4297650,Brimapitide,3.0
CHEMBL4297664,Afeletecan Hydrochloride,2.0
CHEMBL447686,Gossypol Acetic Acid,2.0
CHEMBL451432,Thiacloprid,
CHEMBL459177,Chembl459177,
CHEMBL476186,Eribaxaban,2.0
CHEMBL495621,Chembl495621,
CHEMBL496,Hexachlorophene,4.0
CHEMBL51149,Gallopamil,2.0
CHEMBL514304,Chembl514304,
CHEMBL5315045,Fosigotifator,2.0
CHEMBL549963,Hydromethylthionine,3.0
CHEMBL595936,Chembl595936,
CHEMBL644,Trimipramine,4.0
CHEMBL742,Ketamine,4.0
CHEMBL85164,Camostat Mesilate,3.0
CHEMBL990,Butenafine,4.0
CHEMBL1091715,Chembl1091715,
CHEMBL115357,Chembl115357,
CHEMBL1190476,Chembl1190476,
CHEMBL1200343,Perindopril Erbumine,4.0
CHEMBL1201162,Dorzolamide Hydrochloride,4.0
CHEMBL1201286,Oxyphenonium,4.0
CHEMBL1201864,Dienogest,4.0
CHEMBL1230607,Pha-793887,1.0
CHEMBL1233058,Galactose,3.0
CHEMBL1234162,Chembl1234162,
CHEMBL1236484,Chembl1236484,
CHEMBL1240977,Oxantel,2.0
CHEMBL1276127,Indirubin,2.0
CHEMBL1323699,Padimate O,4.0
CHEMBL1334033,Perhexiline Maleate,4.0
CHEMBL1439,Tazobactam Sodium,4.0
CHEMBL151445,Dropropizine,3.0
CHEMBL1743757,Valopicitabine Dihydrochloride,2.0
CHEMBL176467,Chembl176467,
CHEMBL1774645,Chembl1774645,
CHEMBL1795071,Ruxolitinib Phosphate,4.0
CHEMBL1822916,Ecopipam Hydrochloride,3.0
CHEMBL1915540,Adriforant,2.0
CHEMBL2105883,Vinyl Ether,-1.0
CHEMBL212382,Chembl212382,
CHEMBL215813,Chembl215813,
CHEMBL22,Trimethoprim,4.0
CHEMBL233153,Chembl233153,
CHEMBL273101,Chembl273101,
CHEMBL275742,Dexpropranolol,-1.0
CHEMBL28333,Medazepam,4.0
CHEMBL284348,Dalfampridine,4.0
CHEMBL30336,Chembl30336,
CHEMBL3098189,Chembl3098189,
CHEMBL3137326,Deutetrabenazine,4.0
CHEMBL315954,Chembl315954,
CHEMBL319516,Chembl319516,
CHEMBL323394,Chembl323394,
CHEMBL3244648,Methotrexate Sodium,4.0
CHEMBL330572,Chembl330572,
CHEMBL335315,Chembl335315,
CHEMBL3360533,Chembl3360533,
CHEMBL3408951,Chembl3408951,
CHEMBL3544564,Chembl3544564,
CHEMBL3581716,Chembl3581716,
CHEMBL3590110,Chembl3590110,
CHEMBL359774,Chembl359774,
CHEMBL3746002,Chembl3746002,
CHEMBL376756,Kisspeptin-10,3.0
CHEMBL3813842,Paxalisib,2.0
CHEMBL386915,Chembl386915,
CHEMBL3894518,Azd-8835,1.0
CHEMBL406254,Chembl406254,
CHEMBL416146,Etoricoxib,4.0
CHEMBL4166057,Chembl4166057,
CHEMBL4207111,Chembl4207111,
CHEMBL4227505,Blz945,2.0
CHEMBL429,Labetalol,4.0
CHEMBL4294092,Chembl4294092,
CHEMBL4297423,Ro-6870810,1.0
CHEMBL437027,Bombesin,1.0
CHEMBL4450504,Chembl4450504,
CHEMBL455946,Chembl455946,
CHEMBL4594350,Adagrasib,4.0
CHEMBL462605,Pitolisant,4.0
CHEMBL4778548,Chembl4778548,
CHEMBL48396,Acediasulfone,2.0
CHEMBL4854762,Chembl4854762,
CHEMBL5095242,Ninerafaxstat,2.0
CHEMBL516357,Chembl516357,
CHEMBL517743,Chembl517743,
CHEMBL5314431,Zamaporvint,2.0
CHEMBL5314501,Abefolastat Tesaroxetan,2.0
CHEMBL5314587,Opadotin,1.0
CHEMBL545437,Amibegron Hydrochloride,3.0
CHEMBL562165,Chembl562165,
CHEMBL56475,4-Iodo-Phenol,
CHEMBL582887,Chembl582887,
CHEMBL596430,Chembl596430,
CHEMBL6259,Difloxacin,-1.0
CHEMBL6273,Fleroxacin,2.0
CHEMBL651,Methadone,4.0
CHEMBL880,Famciclovir,4.0
CHEMBL92401,Iproniazid,4.0
CHEMBL977,Hydrocortisone Hemisuccinate Anhydrous,4.0
CHEMBL1075790,Peruvoside,-1.0
CHEMBL1089641,Trypan Blue Free Acid,4.0
CHEMBL1090089,Pamapimod,2.0
CHEMBL1160567,Chembl1160567,
CHEMBL1161222,Chembl1161222,
CHEMBL1163070,Sersa,
CHEMBL11722,Homoserine,
CHEMBL1200612,Dibucaine Hydrochloride,4.0
CHEMBL1200757,Pancuronium Bromide,4.0
CHEMBL1201734,Bendamustine Hydrochloride,4.0
CHEMBL1209018,Chembl1209018,
CHEMBL1213327,Coenzyme_A,3.0
CHEMBL1215,Phenylephrine,4.0
CHEMBL1231399,Chembl1231399,
CHEMBL1289601,Lenvatinib,4.0
CHEMBL1352,Nitric Acid,3.0
CHEMBL14012,Fenoxazoline,2.0
CHEMBL142635,Naftopidil,4.0
CHEMBL1492,Diphenylpyraline,4.0
CHEMBL15245,Yohimbine,4.0
CHEMBL1618102,Butylscopolamine,4.0
CHEMBL1631916,Chembl1631916,
CHEMBL1651456,Chembl1651456,
CHEMBL173617,Tcmdc-137864,
CHEMBL1766529,Chembl1766529,
CHEMBL184367,Chembl184367,
CHEMBL1908365,Maltose,3.0
CHEMBL2104261,Enzacamene,
CHEMBL2105248,Potassium Bitartrate,4.0
CHEMBL215275,Chembl215275,
CHEMBL2348989,Chembl2348989,
CHEMBL24057,Furamidine,-1.0
CHEMBL242726,Chembl242726,
CHEMBL24646,Pimobendan,2.0
CHEMBL255465,Debromohymenialdisine,
CHEMBL27810,Celiprolol,4.0
CHEMBL30008,Flunarizine,4.0
CHEMBL3040192,Tigapotide,1.0
CHEMBL3093944,Chembl3093944,
CHEMBL3236360,Chembl3236360,
CHEMBL325029,Chembl325029,
CHEMBL333826,Dequalinium,4.0
CHEMBL3545066,Octreotide Hydrochloride,3.0
CHEMBL3616501,Chembl3616501,
CHEMBL383316,Chembl383316,
CHEMBL3989647,Ticarcillin Monosodium,3.0
CHEMBL403989,Tg100-801,2.0
CHEMBL4082756,Tp-024,
CHEMBL4205373,Chembl4205373,
CHEMBL4297210,Reproxalap,3.0
CHEMBL4553037,Chembl4553037,
CHEMBL4594288,Levamlodipine Maleate,4.0
CHEMBL4594295,Vocacapsaicin Hydrochloride,1.0
CHEMBL4594381,Deuruxolitinib,3.0
CHEMBL4650303,Nv-5138,2.0
CHEMBL4650315,Desmetramadol,1.0
CHEMBL4650322,Runcaciguat,2.0
CHEMBL4802154,Tilpisertib,2.0
CHEMBL511099,Bicifadine,3.0
CHEMBL518520,Raltegravir Potassium,4.0
CHEMBL5314537,Resigratinib,2.0
CHEMBL5315118,Iloprost Tromethamine,4.0
CHEMBL551466,Aclidinium Bromide,4.0
CHEMBL562999,Chembl562999,
CHEMBL63,Rolipram,2.0
CHEMBL83668,Tolnaftate,4.0
CHEMBL954,Enclomiphene,3.0
CHEMBL1089082,Chembl1089082,
CHEMBL1089141,Chembl1089141,
CHEMBL1090090,Vx-702,2.0
CHEMBL1172887,Chembl1172887,
CHEMBL1182,Glycinebetaine,
CHEMBL119592,Km-233,
CHEMBL1200398,Butoconazole Nitrate,4.0
CHEMBL1200469,Promazine Hydrochloride,4.0
CHEMBL1200656,Natamycin,4.0
CHEMBL1200879,Warfarin Sodium,4.0
CHEMBL1200887,Trimethobenzamide Hydrochloride,4.0
CHEMBL1201746,Pralatrexate,4.0
CHEMBL1229971,Deoxyinosine,
CHEMBL123154,Chembl123154,
CHEMBL1232181,Diphenylacetic Acid,
CHEMBL1233249,Chembl1233249,
CHEMBL1240705,Carbapenem,2.0
CHEMBL139367,Peramivir Anhydrous,4.0
CHEMBL142652,Piceid,2.0
CHEMBL1526042,Chembl1526042,
CHEMBL1585,Pipobroman,4.0
CHEMBL1631912,Chembl1631912,
CHEMBL1721885,Su-014813,2.0
CHEMBL1761322,Mk-0736,2.0
CHEMBL176571,Chembl176571,
CHEMBL1775039,Chembl1775039,
CHEMBL1834488,Chembl1834488,
CHEMBL188921,Buflomedil,4.0
CHEMBL195660,Chembl195660,
CHEMBL197672,Emricasan,2.0
CHEMBL2023898,Daclatasvir,4.0
CHEMBL207881,Gw9508,
CHEMBL2103840,Dinaciclib,3.0
CHEMBL2104146,Chiniofon,2.0
CHEMBL2105036,Iodopyracet,2.0
CHEMBL211312,Deoxyuridine Monophosphate,
CHEMBL218382,Chembl218382,
CHEMBL219568,Guanine,3.0
CHEMBL2216778,Chembl2216778,
CHEMBL222021,Protocatechualdehyde,
CHEMBL2252949,(-)-Camphor,
CHEMBL229430,Amg-517,1.0
CHEMBL230001,Azoxystrobin,
CHEMBL25579,Chembl25579,
CHEMBL3039521,Vintafolide,3.0
CHEMBL3092196,Chembl3092196,
CHEMBL3233046,Chembl3233046,
CHEMBL3545185,Selinexor,4.0
CHEMBL356359,Piboserod,2.0
CHEMBL360771,Chembl360771,
CHEMBL3654293,Chembl3654293,
CHEMBL367700,Chembl367700,
CHEMBL3707258,Diiodohydroxypropane,-1.0
CHEMBL3824089,Chembl3824089,
CHEMBL385587,Chembl385587,
CHEMBL385711,Chembl385711,
CHEMBL397920,Chembl397920,
CHEMBL3989522,Edetate Calcium Disodium Monohydrate,4.0
CHEMBL401974,Chembl401974,
CHEMBL4099635,Chembl4099635,
CHEMBL4127773,Chembl4127773,
CHEMBL4171770,Chembl4171770,
CHEMBL4203133,Chembl4203133,
CHEMBL4228250,Sor-C13,1.0
CHEMBL4248529,Chembl4248529,
CHEMBL4280766,Roneparstat,2.0
CHEMBL436784,Lgd-2226,
CHEMBL44246,Chembl44246,
CHEMBL45068,Phloretin,
CHEMBL457047,Chembl457047,
CHEMBL457992,Chembl457992,
CHEMBL46148,Chembl46148,
CHEMBL468,Thalidomide,4.0
CHEMBL478718,Chembl478718,
CHEMBL487067,Chembl487067,
CHEMBL5095044,Subasumstat,1.0
CHEMBL5095184,Immh-010,1.0
CHEMBL5095404,Bemnifosbuvir,3.0
CHEMBL5314382,Pasireotide Pamoate,4.0
CHEMBL565183,Chembl565183,
CHEMBL578211,Cotinine,2.0
CHEMBL579205,Flutemetamol,4.0
CHEMBL593814,Chembl593814,
CHEMBL888,Gemcitabine,4.0
CHEMBL900,Orphenadrine,4.0
CHEMBL100259,Uridine,3.0
CHEMBL110,Benznidazole,4.0
CHEMBL1161681,Nitrous Acid,4.0
CHEMBL1164951,Phosphomethylphosphonic Acid Guanosyl Ester,
CHEMBL117465,Chembl117465,
CHEMBL1200492,Nefazodone Hydrochloride,4.0
CHEMBL1200666,Calcipotriene,4.0
CHEMBL1201271,Buclizine,4.0
CHEMBL1209016,Chembl1209016,
CHEMBL121796,Chembl121796,
CHEMBL1231470,Chalepin,
CHEMBL1231652,Canaline,
CHEMBL1270716,Chembl1270716,
CHEMBL127516,Butamben,4.0
CHEMBL1435542,Chembl1435542,
CHEMBL1500,Dihydromorphine,
CHEMBL1554,Dactinomycin,4.0
CHEMBL1616433,Chembl1616433,
CHEMBL170984,Chembl170984,
CHEMBL1731533,Chembl1731533,
CHEMBL1743323,Norbuprenorphine,1.0
CHEMBL1766797,Chembl1766797,
CHEMBL184598,Chembl184598,
CHEMBL1908351,Intoplicine,2.0
CHEMBL193240,Roflumilast,4.0
CHEMBL1940400,Chembl1940400,
CHEMBL2037002,[18F]Fluoromisonidazole,2.0
CHEMBL2057392,Chembl2057392,
CHEMBL2103834,Tylvalosin,2.0
CHEMBL2103873,Macitentan,4.0
CHEMBL2104345,Leteprinim,2.0
CHEMBL2105158,Morclofone,2.0
CHEMBL2105698,Alvocidib Hydrochloride,2.0
CHEMBL2107757,Manitimus,2.0
CHEMBL2111157,Dipipanone,4.0
CHEMBL2206196,Paromomycin Sulfate,4.0
CHEMBL2393191,Chembl2393191,
CHEMBL2407896,Chembl2407896,
CHEMBL240923,Chembl240923,
CHEMBL250533,Chembl250533,
CHEMBL265948,Filociclovir,2.0
CHEMBL27759,Entinostat,3.0
CHEMBL281795,Chembl281795,
CHEMBL298359,Mitomycin A,3.0
CHEMBL3114577,Zalunfiban,3.0
CHEMBL3137330,Cabotegravir Sodium,4.0
CHEMBL3183591,Chembl3183591,
CHEMBL31965,Canertinib,3.0
CHEMBL329985,Chembl329985,
CHEMBL3301675,Linaclotide,4.0
CHEMBL331996,Chembl331996,
CHEMBL3360527,Chembl3360527,
CHEMBL3589700,Chembl3589700,
CHEMBL3653159,Chembl3653159,
CHEMBL392306,Chembl392306,
CHEMBL3989568,Oxytetracycline Calcium,4.0
CHEMBL3989899,Pirlimycin Hydrochloride,-1.0
CHEMBL416,Methoxsalen,4.0
CHEMBL4297389,Hyzetimibe,3.0
CHEMBL4297403,Melphalan Flufenamide Hydrochloride,4.0
CHEMBL4297627,Selitrectinib,2.0
CHEMBL4650279,Tuxobertinib,1.0
CHEMBL46778,Cyclohexylformamide,
CHEMBL46817,Chembl46817,
CHEMBL485747,Hydroxytyrosol,3.0
CHEMBL487066,Chembl487066,
CHEMBL493439,Emetine Hydrochloride,2.0
CHEMBL5095037,Bemnifosbuvir Sulfate,3.0
CHEMBL5095040,Sunobinop,2.0
CHEMBL5095183,Imlunestrant,3.0
CHEMBL5095237,Evixapodlin,1.0
CHEMBL5095414,Sunirine,1.0
CHEMBL5207330,Chembl5207330,
CHEMBL52440,Dextromethorphan,4.0
CHEMBL5314558,Flotufolastat F 18,1.0
CHEMBL5314564,Sunvozertinib,3.0
CHEMBL5314927,Rongliflozin,1.0
CHEMBL549,Citalopram,4.0
CHEMBL559787,Chembl559787,
CHEMBL569864,Bix-01294,
CHEMBL612,Dextroamphetamine,4.0
CHEMBL637,Venlafaxine,4.0
CHEMBL83626,Succinobucol,3.0
CHEMBL87543,Lorcainide,2.0
CHEMBL1078804,Chembl1078804,
CHEMBL1081312,Chembl1081312,
CHEMBL1092485,Chembl1092485,
CHEMBL114500,Ar-C133057Xx,
CHEMBL1200332,Protriptyline Hydrochloride,4.0
CHEMBL1200609,Paroxetine Mesylate,4.0
CHEMBL1201782,Fosaprepitant Dimeglumine,4.0
CHEMBL1213460,Ethyl Loflazepate,2.0
CHEMBL1230575,Menaquinone 7,2.0
CHEMBL1257051,Tedizolid,4.0
CHEMBL1496891,Chembl1496891,
CHEMBL174391,"[1,4']Bipiperidinyl",
CHEMBL1830711,Chembl1830711,
CHEMBL1901620,Chembl1901620,
CHEMBL191886,Cicletanine,2.0
CHEMBL1963681,Avanafil,4.0
CHEMBL2028661,Azilsartan Medoxomil,4.0
CHEMBL2071199,Chembl2071199,
CHEMBL2079130,Vonoprazan,4.0
CHEMBL2105740,Sitaxentan Sodium,4.0
CHEMBL2105857,Afeletecan,2.0
CHEMBL2106483,Viloxazine Hydrochloride,4.0
CHEMBL2106840,Niludipine,2.0
CHEMBL212616,Chembl212616,
CHEMBL2151437,Azd0328,2.0
CHEMBL219788,Chembl219788,
CHEMBL2325436,Chembl2325436,
CHEMBL2325697,Chembl2325697,
CHEMBL236086,Chembl236086,
CHEMBL252128,Chembl252128,
CHEMBL3093935,Chembl3093935,
CHEMBL3127521,Chembl3127521,
CHEMBL315818,Phenibut,-1.0
CHEMBL316388,Chembl316388,
CHEMBL3182477,Sulfotep,
CHEMBL32749,Ferulate,-1.0
CHEMBL3318586,Chembl3318586,
CHEMBL3408213,Chembl3408213,
CHEMBL3408391,Chembl3408391,
CHEMBL340978,Benoxaprofen,4.0
CHEMBL352418,Chembl352418,
CHEMBL3545341,Sar-407899,2.0
CHEMBL3604937,Chembl3604937,
CHEMBL3643413,Leniolisib,4.0
CHEMBL3989763,Acemannan,2.0
CHEMBL3989872,Apimostinel,2.0
CHEMBL4097625,Chembl4097625,
CHEMBL4098253,Azd2461,1.0
CHEMBL426493,Chembl426493,
CHEMBL4297186,Niperotidine,2.0
CHEMBL4297187,Derazantinib,2.0
CHEMBL4297287,Ht-0712,2.0
CHEMBL4297311,Ono-2952,2.0
CHEMBL4297429,2-Fluorofucose,1.0
CHEMBL4297462,Cfi-400945,2.0
CHEMBL4297613,Cilofexor,3.0
CHEMBL4297640,Vecabrutinib,2.0
CHEMBL4303187,Setanaxib,2.0
CHEMBL4548795,Chembl4548795,
CHEMBL46294,Dihydrofolic Acid,
CHEMBL46917,Carbaril,4.0
CHEMBL4791091,Chembl4791091,
CHEMBL495224,L-5-Hydroxynorvaline,
CHEMBL502182,Elagolix Sodium,4.0
CHEMBL50514,Chembl50514,
CHEMBL5095193,Pirepemat,2.0
CHEMBL513425,Chembl513425,
CHEMBL540,Imidazole,
CHEMBL86554,Chembl86554,
CHEMBL87697,Epanolol,2.0
CHEMBL1092396,Chembl1092396,
CHEMBL1170026,Chembl1170026,
CHEMBL119423,Tisopurine,4.0
CHEMBL1196204,Chembl1196204,
CHEMBL1199480,Octenidine,2.0
CHEMBL1200836,Oxiconazole Nitrate,4.0
CHEMBL1207949,Chembl1207949,
CHEMBL1208963,Chembl1208963,
CHEMBL1209677,Chembl1209677,
CHEMBL1235541,2-Mercaptopyridine,
CHEMBL1239,Benzyl Benzoate,4.0
CHEMBL131854,Posizolid,2.0
CHEMBL1329455,Molsidomine,4.0
CHEMBL1404069,Chembl1404069,
CHEMBL171281,Chembl171281,
CHEMBL175558,Chembl175558,
CHEMBL1808698,Chembl1808698,
CHEMBL190677,Benzoin,4.0
CHEMBL193534,Chembl193534,
CHEMBL194322,Cp-808844,
CHEMBL1957014,Chembl1957014,
CHEMBL196911,Chembl196911,
CHEMBL202431,Chembl202431,
CHEMBL2078878,Chembl2078878,
CHEMBL2103745,Saxagliptin,3.0
CHEMBL2104926,Cinolazepam,2.0
CHEMBL2105689,Luliconazole,4.0
CHEMBL2106988,Penamecillin,4.0
CHEMBL2107067,Testosterone Undecanoate,4.0
CHEMBL2135887,Cis/Trans-Isoeugenol,
CHEMBL2152646,Orellanine,1.0
CHEMBL2203765,Chembl2203765,
CHEMBL2207138,Procalcitonin,3.0
CHEMBL223595,Chembl223595,
CHEMBL2307889,Chembl2307889,
CHEMBL2364617,Macimorelin Acetate,4.0
CHEMBL2393173,Chembl2393173,
CHEMBL24722,Dodecanol,
CHEMBL24811,Phosphoric Acid Cyclohexylmethyl Ester 2-Formyl-Phenyl Ester,
CHEMBL249104,Chembl249104,
CHEMBL249847,Pnu-107859,
CHEMBL273832,17-Hydroxywortmannin,
CHEMBL274405,Chembl274405,
CHEMBL279597,L-Alanine,
CHEMBL28527,Mavacoxib,2.0
CHEMBL29641,Chembl29641,
CHEMBL33185,Chembl33185,
CHEMBL335954,Cp-403700,
CHEMBL3545253,Flortaucipir F 18,4.0
CHEMBL3545257,Mirogabalin Besylate,-1.0
CHEMBL3582155,Chembl3582155,
CHEMBL3707312,Etripamil,3.0
CHEMBL405355,Niguldipine,2.0
CHEMBL4065122,Fenebrutinib,3.0
CHEMBL4095667,Chembl4095667,
CHEMBL415087,Cloperastine,2.0
CHEMBL4208236,Chembl4208236,
CHEMBL4297628,Ruxotemitide,2.0
CHEMBL4594376,Ralmitaront,2.0
CHEMBL4594426,Vt-1598,1.0
CHEMBL471626,Chembl471626,
CHEMBL491473,Cediranib,3.0
CHEMBL498,Chlorpropamide,4.0
CHEMBL501637,Ginsenoside Rg1,
CHEMBL5315123,Difelikefalin Acetate,4.0
CHEMBL539697,Dabigatran Etexilate,4.0
CHEMBL571700,Bis(Dimethylaminethiocarbonyl)Monosulfide,
CHEMBL593125,Chembl593125,
CHEMBL76725,Guanoxan,2.0
CHEMBL93,Zileuton,4.0
CHEMBL105318,Alovudine,2.0
CHEMBL1084450,Chembl1084450,
CHEMBL1200531,Alfentanil Hydrochloride,4.0
CHEMBL1213270,Chembl1213270,
CHEMBL122055,Chembl122055,
CHEMBL1271334,Chembl1271334,
CHEMBL1328,Pentagastrin,4.0
CHEMBL146927,Cpp-115,1.0
CHEMBL148674,Varespladib,2.0
CHEMBL1625260,Tiracizine,2.0
CHEMBL1678,Donepezil Hydrochloride,4.0
CHEMBL1767408,Diquafosol Tetrasodium,3.0
CHEMBL1823220,Chembl1823220,
CHEMBL1829763,Chembl1829763,
CHEMBL184514,Chembl184514,
CHEMBL1946170,Regorafenib,4.0
CHEMBL1969664,Azd-1080,1.0
CHEMBL198362,Rivaroxaban,4.0
CHEMBL2040681,Spinosad,
CHEMBL204086,Chembl204086,
CHEMBL2087003,Carisbamate,3.0
CHEMBL2105097,Guacetisal,2.0
CHEMBL2107431,Lynestrenol,3.0
CHEMBL2172076,Chembl2172076,
CHEMBL2219413,Brilacidin,2.0
CHEMBL222863,Ouabain,4.0
CHEMBL226345,Adenine,3.0
CHEMBL229943,Chembl229943,
CHEMBL2364609,Esketamine Hydrochloride,4.0
CHEMBL2364611,Galunisertib,2.0
CHEMBL2408239,Chembl2408239,
CHEMBL2426288,Chembl2426288,
CHEMBL245079,Huperzine B,
CHEMBL257158,N-Acetylglucosamine Thiazoline,
CHEMBL279107,"Ins(1,4,5)P3",
CHEMBL296468,Bms-387032,1.0
CHEMBL324547,Netazepide,2.0
CHEMBL3287283,Chembl3287283,
CHEMBL3287735,Gsk2816126,1.0
CHEMBL3288009,Chembl3288009,
CHEMBL3301594,Fostemsavir,4.0
CHEMBL3360975,Bms-779788,1.0
CHEMBL341586,Chembl341586,
CHEMBL351132,Dimedazol,
CHEMBL3544966,Gsk-1059615,1.0
CHEMBL3623127,Chembl3623127,
CHEMBL371668,Phosphoglycolohydroxamate,
CHEMBL380589,Chembl380589,
CHEMBL383634,Gliquidone,4.0
CHEMBL3986824,Lanraplenib,2.0
CHEMBL4079239,Jnj-54175446,2.0
CHEMBL4100727,Chembl4100727,
CHEMBL410448,Chembl410448,
CHEMBL4228617,Chembl4228617,
CHEMBL4279455,Larotaxel,3.0
CHEMBL429553,Chembl429553,
CHEMBL4297603,Deutivacaftor,3.0
CHEMBL45816,Mibefradil,4.0
CHEMBL4641354,Chembl4641354,
CHEMBL471675,Chembl471675,
CHEMBL483348,Chembl483348,
CHEMBL5314539,Rocbrutinib,2.0
CHEMBL556949,Chembl556949,
CHEMBL595573,Mk-0557,3.0
CHEMBL602472,Chembl602472,
CHEMBL1092830,Chembl1092830,
CHEMBL1098666,Chembl1098666,
CHEMBL1184360,Diamthazole,4.0
CHEMBL1200664,Potassium Lactate,4.0
CHEMBL1200837,Levobetaxolol Hydrochloride,4.0
CHEMBL1201743,Saxagliptin Hydrochloride,4.0
CHEMBL1208422,Rose Bengal Free Acid,4.0
CHEMBL1214185,Roxithromycin,4.0
CHEMBL124363,Censavudine,2.0
CHEMBL1287920,Chembl1287920,
CHEMBL1313657,Chembl1313657,
CHEMBL132186,Chembl132186,
CHEMBL1330729,Clenbuterol Hydrochloride,4.0
CHEMBL1538,Tenofovir Disoproxil,4.0
CHEMBL1631917,Chembl1631917,
CHEMBL1668019,Aplaviroc Hydrochloride,3.0
CHEMBL177101,Chembl177101,
CHEMBL1779325,Muramyl Dipeptide,1.0
CHEMBL1788390,Propenidazole,2.0
CHEMBL1814493,Chembl1814493,
CHEMBL1884833,Fenpiverinium,2.0
CHEMBL1901349,Calcium Pantothenate,2.0
CHEMBL2103790,Aderbasib,2.0
CHEMBL2104238,Butanilicaine,2.0
CHEMBL2106467,Tymazoline,-1.0
CHEMBL2110641,Guanoclor,2.0
CHEMBL2178579,Elubrixin,2.0
CHEMBL219789,Chembl219789,
CHEMBL223228,Efavirenz,4.0
CHEMBL239243,Taurine,4.0
CHEMBL277041,Methylthioadenosine,
CHEMBL303004,"Hexane-1,6-Diamine",
CHEMBL3235321,Chembl3235321,
CHEMBL3235620,Antroquinonol,2.0
CHEMBL328944,Phosphonoacetohydroxamate,
CHEMBL3317781,Chembl3317781,
CHEMBL3355177,Chembl3355177,
CHEMBL346919,Apocynin,1.0
CHEMBL364869,Indan-5-Sulfonic Acid Amide,
CHEMBL365776,Chembl365776,
CHEMBL3707235,Gemigliptin,3.0
CHEMBL3707366,Alanyl Glutamine,3.0
CHEMBL3740144,Chembl3740144,
CHEMBL3959351,Chembl3959351,
CHEMBL399910,Pinocembrin,2.0
CHEMBL4065616,Remdesivir,4.0
CHEMBL4164331,Chembl4164331,
CHEMBL4174988,Chembl4174988,
CHEMBL4213848,Chembl4213848,
CHEMBL4218377,Chembl4218377,
CHEMBL4243974,Cp-461,2.0
CHEMBL4246121,Chembl4246121,
CHEMBL426819,L-006235-1,
CHEMBL4297624,Bisegliptin,2.0
CHEMBL4297642,Otaplimastat,2.0
CHEMBL4303596,Amg-319,2.0
CHEMBL43708,Imipenem,4.0
CHEMBL448570,Carbutamide,2.0
CHEMBL449303,Ginsenoside Rb2,
CHEMBL451332,3-(4-Sulfamoylphenyl)Propanoic Acid,
CHEMBL486386,Puerarin,2.0
CHEMBL492265,Chembl492265,
CHEMBL5315055,Nalmefene Hydrochloride Dihydrate,4.0
CHEMBL550348,Deferasirox,4.0
CHEMBL565987,Chembl565987,
CHEMBL589345,Chembl589345,
CHEMBL591760,Chembl591760,
CHEMBL593430,Atagabalin,2.0
CHEMBL609728,Chembl609728,
CHEMBL635,Prednisone,4.0
CHEMBL85320,Kelatorphan,
CHEMBL1097897,Chembl1097897,
CHEMBL114551,Gw-274150,2.0
CHEMBL118841,Pyrazoloacridine,2.0
CHEMBL1197564,Norketotifen,2.0
CHEMBL1200514,Demecarium Bromide,4.0
CHEMBL1201142,Rasagiline Mesylate,4.0
CHEMBL1201362,Clobetasol,2.0
CHEMBL1229535,Chembl1229535,
CHEMBL1231334,Chembl1231334,
CHEMBL1232076,"4,4'-Dithiodipyridine",
CHEMBL1232801,Folinic Acid,4.0
CHEMBL1234101,Lumichrome,
CHEMBL1269025,Edoxaban,4.0
CHEMBL1364,Pyridoxine,4.0
CHEMBL1371147,Chembl1371147,
CHEMBL157265,Chembl157265,
CHEMBL1593874,Resorcinol Monoacetate,-1.0
CHEMBL1705,Clonidine Hydrochloride,4.0
CHEMBL1765669,Chembl1765669,
CHEMBL184999,Al-12182,2.0
CHEMBL185073,Pancuronium,4.0
CHEMBL193676,Chembl193676,
CHEMBL2028665,Remogliflozin Etabonate,2.0
CHEMBL2095206,Bosutinib Monohydrate,4.0
CHEMBL2103864,Navarixin,2.0
CHEMBL2104734,Oxomemazine,3.0
CHEMBL2107014,Quinfamide,3.0
CHEMBL2107062,Pheneturide,4.0
CHEMBL2153645,Chembl2153645,
CHEMBL216173,Chembl216173,
CHEMBL218166,Bifeprunox,3.0
CHEMBL2315926,Chembl2315926,
CHEMBL2408247,Chembl2408247,
CHEMBL269671,Chembl269671,
CHEMBL302213,Chembl302213,
CHEMBL309499,Hydroxyguanidine,
CHEMBL3182343,Pivampicillin,4.0
CHEMBL3236654,Chembl3236654,
CHEMBL3329668,Chembl3329668,
CHEMBL336712,Aptazapine,-1.0
CHEMBL3408953,Chembl3408953,
CHEMBL3544974,Asenapine Maleate,4.0
CHEMBL3545085,Xl-228,1.0
CHEMBL3833411,Borate,-1.0
CHEMBL38851,Chembl38851,
CHEMBL3984425,Eganelisib,2.0
CHEMBL403,Sulbactam,4.0
CHEMBL418875,Chembl418875,
CHEMBL4214135,Chembl4214135,
CHEMBL427,Mechlorethamine,4.0
CHEMBL4297220,Asciminib Hydrochloride,4.0
CHEMBL4297326,Slx-4090,2.0
CHEMBL4297350,Asp-4058,1.0
CHEMBL4303545,Sb-756050,1.0
CHEMBL443455,Chembl443455,
CHEMBL4471306,Quemliclustat,2.0
CHEMBL463480,6-Aza-Uridine Monophosphate,
CHEMBL4754873,Chembl4754873,
CHEMBL522857,Chembl522857,
CHEMBL5314523,Lacutoclax,2.0
CHEMBL560993,Timapiprant,3.0
CHEMBL57004,Sitamaquine,2.0
CHEMBL7257,Mebufotenin,2.0
CHEMBL87563,Gabexate,3.0
CHEMBL970,Halazepam,4.0
CHEMBL1078689,Chembl1078689,
CHEMBL1094208,"1-(2,3-Dichlorophenyl)-2,2,2-Trifluoro-1-(1-(4-Fluorophenyl)-1H-Indazol-5-Yl)Ethanol (Enantiomeric Mix)",
CHEMBL116,Amprenavir,4.0
CHEMBL1172422,Chembl1172422,
CHEMBL1172815,Chembl1172815,
CHEMBL1200379,Apraclonidine Hydrochloride,4.0
CHEMBL1201203,Benztropine,4.0
CHEMBL1229525,Chembl1229525,
CHEMBL1231206,Chembl1231206,
CHEMBL1231396,Butyramide,
CHEMBL1233528,Volasertib,3.0
CHEMBL1234222,Chembl1234222,
CHEMBL123558,Azimilide,3.0
CHEMBL1315492,Altrenogest,2.0
CHEMBL1437764,Climbazole,2.0
CHEMBL1440,Tetracycline,4.0
CHEMBL1451,Triamcinolone,4.0
CHEMBL1455786,Chembl1455786,
CHEMBL1516474,Tegaserod Maleate,4.0
CHEMBL1574,Phentermine,4.0
CHEMBL1586371,Chembl1586371,
CHEMBL1697767,Phenyramidol,2.0
CHEMBL1873475,Ibrutinib,4.0
CHEMBL206206,Chembl206206,
CHEMBL2079793,Penciclovir Sodium,4.0
CHEMBL2105224,Pholcodine,4.0
CHEMBL2105667,Orvepitant,2.0
CHEMBL2107381,Uridine Triacetate,4.0
CHEMBL213758,Chembl213758,
CHEMBL213762,Chembl213762,
CHEMBL2146123,Methacycline Hydrochloride,4.0
CHEMBL2146146,Atropine Sulfate,4.0
CHEMBL219484,Chembl219484,
CHEMBL2220038,Chembl2220038,
CHEMBL23013,Propamidine,3.0
CHEMBL233208,Chembl233208,
CHEMBL245030,Sr-13668,1.0
CHEMBL249973,Lintitript,2.0
CHEMBL259972,Mofezolac,4.0
CHEMBL286738,Irosustat,2.0
CHEMBL293526,Reglitazar,2.0
CHEMBL296939,Gf-128590,
CHEMBL29757,D-Aspartate,2.0
CHEMBL3093825,Chembl3093825,
CHEMBL3183515,Chembl3183515,
CHEMBL3186563,Chembl3186563,
CHEMBL3236640,Chembl3236640,
CHEMBL3422099,Chembl3422099,
CHEMBL3544986,Perindopril Arginine,4.0
CHEMBL3545307,Merestinib,2.0
CHEMBL354739,Chembl354739,
CHEMBL359788,Chembl359788,
CHEMBL360520,Chembl360520,
CHEMBL3697617,Tavapadon,3.0
CHEMBL3707387,Tetrachlorodecaoxide,2.0
CHEMBL3740897,Chembl3740897,
CHEMBL3928407,Gs-9901,1.0
CHEMBL3989693,Levalbuterol Tartrate,4.0
CHEMBL3989759,Exatecan Mesylate,3.0
CHEMBL3989908,Enasidenib,4.0
CHEMBL3989951,Navoximod,2.0
CHEMBL4216507,Chembl4216507,
CHEMBL424839,Chembl424839,
CHEMBL4286900,Chembl4286900,
CHEMBL4297354,Azd-7687,1.0
CHEMBL4297436,Srt-2104,2.0
CHEMBL4297450,Vanillyl Alcohol,2.0
CHEMBL4297452,Ym-543,2.0
CHEMBL4297915,Cimlanod,2.0
CHEMBL430488,Talviraline,2.0
CHEMBL44426,Pipendoxifene,2.0
CHEMBL4443342,Chembl4443342,
CHEMBL4468747,Chembl4468747,
CHEMBL4540843,Pancreatic Polypeptide,2.0
CHEMBL460282,Mannosulfan,2.0
CHEMBL4650222,Navafenterol Saccharinate,1.0
CHEMBL4802042,Jnj-54119936,
CHEMBL496784,Chembl496784,
CHEMBL513922,Emapunil,2.0
CHEMBL519260,Motretinide,2.0
CHEMBL526243,Tcmdc-137820,
CHEMBL527,Piroxicam,4.0
CHEMBL84935,Chembl84935,
CHEMBL1064,Simvastatin,4.0
CHEMBL1199080,Bretylium,4.0
CHEMBL1200345,Sodium Succinate,4.0
CHEMBL1200387,Amphetamine Adipate,4.0
CHEMBL1200412,Nandrolone Phenpropionate,4.0
CHEMBL1200483,Phenmetrazine Hydrochloride,4.0
CHEMBL1200600,Fluorometholone,4.0
CHEMBL1200672,Cefpiramide Sodium,4.0
CHEMBL1200810,Doxercalciferol,4.0
CHEMBL1206212,Chembl1206212,
CHEMBL1213353,Prifinium Bromide,2.0
CHEMBL1222990,Chembl1222990,
CHEMBL1234004,Lithium Ion,
CHEMBL1664,Fosamprenavir,4.0
CHEMBL1741040,Bq 788,2.0
CHEMBL1746,Sodium Phenylbutyrate,4.0
CHEMBL1766582,R-1487,1.0
CHEMBL1865934,Chembl1865934,
CHEMBL1908906,Florbetaben,4.0
CHEMBL203266,Trimetazidine,4.0
CHEMBL20767,4-Guanidino-Benzoic Acid,
CHEMBL2105961,Aminopromazine,2.0
CHEMBL2110588,Eliglustat,4.0
CHEMBL212689,Chembl212689,
CHEMBL217053,Chembl217053,
CHEMBL2178280,Chembl2178280,
CHEMBL225986,(R)-2-Hydroxysuccinic Acid,
CHEMBL231950,Chembl231950,
CHEMBL236573,Chembl236573,
CHEMBL2393165,Chembl2393165,
CHEMBL267048,Chembl267048,
CHEMBL287556,Kojic Acid,
CHEMBL305544,Saprisartan,2.0
CHEMBL3137305,Defactinib Hydrochloride,2.0
CHEMBL3184454,Chembl3184454,
CHEMBL326082,Chembl326082,
CHEMBL3330125,Chembl3330125,
CHEMBL3427712,Chembl3427712,
CHEMBL346059,Chembl346059,
CHEMBL3545183,Etelcalcetide Hydrochloride,4.0
CHEMBL3612511,Chembl3612511,
CHEMBL3622820,Itacitinib,3.0
CHEMBL3718067,Chembl3718067,
CHEMBL372507,Chembl372507,
CHEMBL3747513,Cb-5083,1.0
CHEMBL393220,Atorvastatin Calcium,4.0
CHEMBL398253,Chembl398253,
CHEMBL3989410,Indomethacin Sodium,4.0
CHEMBL4063890,Chembl4063890,
CHEMBL407,Flumazenil,4.0
CHEMBL4079901,Chembl4079901,
CHEMBL4081711,Zimlovisertib,2.0
CHEMBL411675,Eosin Y Sodium,
CHEMBL4117187,Masupirdine,3.0
CHEMBL411930,Chembl411930,
CHEMBL417,Epirubicin,4.0
CHEMBL4206798,Chembl4206798,
CHEMBL4278886,Chembl4278886,
CHEMBL4293394,Chembl4293394,
CHEMBL4303379,Ly2979165,1.0
CHEMBL458624,Chembl458624,
CHEMBL4630644,Bay-386,
CHEMBL4793819,Chembl4793819,
CHEMBL502620,Aclarubicin,3.0
CHEMBL5095238,Gsk-1034702,1.0
CHEMBL513,Carmustine,4.0
CHEMBL514988,Chembl514988,
CHEMBL524054,Chembl524054,
CHEMBL52609,Doxribtimine,2.0
CHEMBL5315054,Ertugliflozin Pidolate,4.0
CHEMBL591761,Chembl591761,
CHEMBL606,Misoprostol,4.0
CHEMBL628,Pentoxifylline,4.0
CHEMBL748,Pralidoxime Chloride,4.0
CHEMBL785,Ritodrine,
CHEMBL88611,8-Chlorotheophylline,
CHEMBL99099,Sc-50605,
CHEMBL106708,Chembl106708,
CHEMBL1082462,Dbpr-108,3.0
CHEMBL1200932,Iopamidol,4.0
CHEMBL1200959,Methdilazine,4.0
CHEMBL1202,Ciprofloxacin Hydrochloride,4.0
CHEMBL1229920,Chembl1229920,
CHEMBL1230039,Chembl1230039,
CHEMBL1234647,Chembl1234647,
CHEMBL1236576,Undecanal,
CHEMBL1341,Methoxyflurane,4.0
CHEMBL135970,Chembl135970,
CHEMBL13786,Met-Enkephalin,
CHEMBL1406130,Chembl1406130,
CHEMBL172090,Chembl172090,
CHEMBL1836142,Thailandepsin A,
CHEMBL194429,Chembl194429,
CHEMBL1957013,Chembl1957013,
CHEMBL2051955,Levosimendan,3.0
CHEMBL2105635,Davalintide,2.0
CHEMBL2106140,Calcium Sulfate,-1.0
CHEMBL2107328,Dasolampanel Etibutil,2.0
CHEMBL225664,Chembl225664,
CHEMBL2311128,Chembl2311128,
CHEMBL2381379,Chembl2381379,
CHEMBL247951,Pemafibrate,4.0
CHEMBL25186,Chembl25186,
CHEMBL271257,Chembl271257,
CHEMBL290429,Carfentanil,2.0
CHEMBL297569,Beta-Alanine,
CHEMBL3133833,Chembl3133833,
CHEMBL3236359,Chembl3236359,
CHEMBL35228,Pyronaridine,3.0
CHEMBL3545303,Totrombopag,2.0
CHEMBL3603847,Chembl3603847,
CHEMBL363381,Chembl363381,
CHEMBL380373,Chembl380373,
CHEMBL382201,Chembl382201,
CHEMBL386115,Abt-510,2.0
CHEMBL3989824,Thiothixene Hydrochloride,4.0
CHEMBL4080062,Bfh-772,2.0
CHEMBL4297323,Pz-128,2.0
CHEMBL4297380,Valnivudine Hydrochloride,3.0
CHEMBL444422,Chembl444422,
CHEMBL451666,Chembl451666,
CHEMBL453509,Palmitoleic Acid,
CHEMBL458926,Chembl458926,
CHEMBL466496,Chembl466496,
CHEMBL4870240,Chembl4870240,
CHEMBL494305,Chembl494305,
CHEMBL5095207,Ab-001,2.0
CHEMBL5095210,Vepdegestrant,3.0
CHEMBL5095405,Bomedemstat Tosylate,1.0
CHEMBL5095424,Siremadlin Succinate,1.0
CHEMBL522014,Chembl522014,
CHEMBL5314410,Theliatinib,2.0
CHEMBL5314565,Utreloxastat,2.0
CHEMBL569181,Chembl569181,
CHEMBL6246,Ellagic Acid,2.0
CHEMBL889,Palifosfamide,3.0
CHEMBL942,Bisacodyl,4.0
CHEMBL95700,Chembl95700,
CHEMBL1078101,Chembl1078101,
CHEMBL1085588,Chembl1085588,
CHEMBL1093052,Chembl1093052,
CHEMBL1093754,Chembl1093754,
CHEMBL1152,Prednisolone Acetate,4.0
CHEMBL1164608,Fluazuron,2.0
CHEMBL1197051,Isoxsuprine,4.0
CHEMBL1198,Pramoxine,4.0
CHEMBL1200772,Warfarin Potassium,4.0
CHEMBL1201754,Rufinamide,4.0
CHEMBL1213604,Chembl1213604,
CHEMBL1233881,Chembl1233881,
CHEMBL1234416,Chembl1234416,
CHEMBL1236962,Omipalisib,2.0
CHEMBL1237174,Hydrazine,0.5
CHEMBL141247,Chembl141247,
CHEMBL1420,Pralidoxime,4.0
CHEMBL150,Kaempferol,
CHEMBL1585419,Chembl1585419,
CHEMBL15913,Cytosine,2.0
CHEMBL159820,Chembl159820,
CHEMBL1651477,Chembl1651477,
CHEMBL1651913,Oxyfedrine,2.0
CHEMBL1694,Benazepril Hydrochloride,4.0
CHEMBL1774338,Chembl1774338,
CHEMBL1808341,Chembl1808341,
CHEMBL185595,Chembl185595,
CHEMBL18591,Chembl18591,
CHEMBL1928697,Chembl1928697,
CHEMBL198845,Chembl198845,
CHEMBL2103881,Dexmecamylamine,3.0
CHEMBL2104859,Pirisudanol,2.0
CHEMBL2104975,Mitratapide,2.0
CHEMBL2105700,Bedaquiline Fumarate,4.0
CHEMBL2105710,Simenepag Isopropyl,2.0
CHEMBL2105747,Tozadenant,3.0
CHEMBL225157,Resatorvid,3.0
CHEMBL2303613,Cefodizime,4.0
CHEMBL232656,Bx 471 Free Base,2.0
CHEMBL2393167,Chembl2393167,
CHEMBL2425961,Chembl2425961,
CHEMBL250126,Chembl250126,
CHEMBL262079,Chembl262079,
CHEMBL270515,Delanzomib,2.0
CHEMBL281786,Diprenorphine,2.0
CHEMBL3103035,Chembl3103035,
CHEMBL3184657,Chembl3184657,
CHEMBL319118,Cp-122721,
CHEMBL32573,Tramazoline,2.0
CHEMBL354349,Euflavine,-1.0
CHEMBL3581264,Chembl3581264,
CHEMBL360216,Cyclo(Prolylglycyl),3.0
CHEMBL367588,Chembl367588,
CHEMBL3700068,Chembl3700068,
CHEMBL3716980,Chembl3716980,
CHEMBL38,Tretinoin,4.0
CHEMBL3989690,Tesofensine,2.0
CHEMBL3989914,Glesatinib,2.0
CHEMBL399583,Chembl399583,
CHEMBL4130229,Vodobatinib,2.0
CHEMBL4159232,Chembl4159232,
CHEMBL4204703,Chembl4204703,
CHEMBL421584,Chembl421584,
CHEMBL4297109,Oxitropium Bromide,4.0
CHEMBL4297385,Ns-2359,2.0
CHEMBL4297441,Paclitaxel Docosahexaenoic Acid,3.0
CHEMBL4446782,Orforglipron,3.0
CHEMBL4518579,Chembl4518579,
CHEMBL465183,Dihomo-Gamma-Linolenic Acid,2.0
CHEMBL508129,Chembl508129,
CHEMBL5095228,Cft-8634,1.0
CHEMBL5095507,Tas-303,2.0
CHEMBL539666,Piperaquine Phosphate,2.0
CHEMBL550781,Dexloxiglumide,3.0
CHEMBL58547,Ipamorelin,2.0
CHEMBL58752,Pimonidazole,2.0
CHEMBL58832,Asparagine,-1.0
CHEMBL601689,Chembl601689,
CHEMBL60851,Bromoacetic Acid,
CHEMBL734,Acetohydroxamic Acid,4.0
CHEMBL922,Adefovir Dipivoxil,4.0
CHEMBL100109,Chembl100109,
CHEMBL1200366,Cephalexin Hydrochloride,4.0
CHEMBL1200523,Cefazolin Sodium,4.0
CHEMBL1200904,Selegiline Hydrochloride,4.0
CHEMBL1201309,Nafarelin,4.0
CHEMBL1201336,Fosphenytoin,4.0
CHEMBL1201388,Fludrocortisone,2.0
CHEMBL1205402,Oxi-4503,1.0
CHEMBL1207444,Semduramicin,2.0
CHEMBL1230004,R(+)-Atenolol,
CHEMBL1230912,Antipain,
CHEMBL1235533,Chembl1235533,
CHEMBL1235676,Chembl1235676,
CHEMBL1271162,Ly-517717,
CHEMBL1411979,Methapyrilene,4.0
CHEMBL165706,Chembl165706,
CHEMBL1667969,Sar-407899,2.0
CHEMBL170760,Tcmdc-137308,
CHEMBL17289,Chs-828,1.0
CHEMBL182066,Radiprodil,2.0
CHEMBL182419,Chembl182419,
CHEMBL1957020,Chembl1957020,
CHEMBL2012881,Chembl2012881,
CHEMBL2047680,Chembl2047680,
CHEMBL205437,Chembl205437,
CHEMBL2104824,Indanazoline,2.0
CHEMBL2105720,Lesinurad,4.0
CHEMBL213831,Chembl213831,
CHEMBL2178573,Ilacirnon,2.0
CHEMBL218006,Chembl218006,
CHEMBL2316158,Chembl2316158,
CHEMBL2397138,Chembl2397138,
CHEMBL247484,Tricetin,
CHEMBL249899,Chembl249899,
CHEMBL272114,Chembl272114,
CHEMBL276832,Hydralazine,4.0
CHEMBL286678,Chembl286678,
CHEMBL287631,Progabide,2.0
CHEMBL3039508,Naldemedine Tosylate,4.0
CHEMBL3234871,Chembl3234871,
CHEMBL3322572,Chembl3322572,
CHEMBL3545363,Glecaprevir,4.0
CHEMBL3585362,Chembl3585362,
CHEMBL3589200,Chembl3589200,
CHEMBL3601192,Chembl3601192,
CHEMBL367169,Chembl367169,
CHEMBL368204,Chembl368204,
CHEMBL3734797,Chembl3734797,
CHEMBL390990,Chembl390990,
CHEMBL392990,Chembl392990,
CHEMBL4297211,Cefiderocol Sulfate Tosylate,4.0
CHEMBL4297425,Bendamustine Dodecyl Ester,1.0
CHEMBL4297594,Verdiperstat,3.0
CHEMBL4297639,Lorecivivint,3.0
CHEMBL4298148,Vecabrutinib Succinate,1.0
CHEMBL4455580,Chembl4455580,
CHEMBL449782,Cepharanthine,2.0
CHEMBL45483,Sc-44463,
CHEMBL4594286,Telaglenastat Hydrochloride,1.0
CHEMBL4594352,Tlc-388,2.0
CHEMBL4650324,Vebicorvir,2.0
CHEMBL496879,Chembl496879,
CHEMBL496942,Chembl496942,
CHEMBL519939,Chembl519939,
CHEMBL522351,Chembl522351,
CHEMBL5314586,Nevadistinel,2.0
CHEMBL584,Nelfinavir,4.0
CHEMBL594,Emedastine,4.0
CHEMBL600366,Chembl600366,
CHEMBL6622,Isosorbide Dinitrate,4.0
CHEMBL67279,Talabostat,3.0
CHEMBL79261,Du 125530,2.0
CHEMBL836,Tamsulosin,4.0
CHEMBL1075788,Chembl1075788,
CHEMBL1086218,Valspodar,3.0
CHEMBL1090173,Sd-0006,1.0
CHEMBL1095946,Chembl1095946,
CHEMBL1200463,Oxaprozin Potassium,4.0
CHEMBL1200761,Chlorotrianisene,4.0
CHEMBL1201052,Mesoridazine Besylate,4.0
CHEMBL1201138,Leucovorin Calcium,4.0
CHEMBL1201353,Dexchlorpheniramine,4.0
CHEMBL1213457,Chembl1213457,
CHEMBL1230787,Chembl1230787,
CHEMBL1235551,"Praziquantel, (R)-",3.0
CHEMBL1236469,Diotyrosine,-1.0
CHEMBL1272195,Chembl1272195,
CHEMBL13975,Chembl13975,
CHEMBL1399,Anastrozole,4.0
CHEMBL14935,Tezampanel Anhydrous,2.0
CHEMBL1621,Paliperidone,4.0
CHEMBL168367,Tcmdc-138089,
CHEMBL1779547,Chembl1779547,
CHEMBL2018219,Chembl2018219,
CHEMBL202930,A-432411,
CHEMBL2048308,Flutafuranol,3.0
CHEMBL2079588,Telatinib,2.0
CHEMBL2103744,Morphine Sulfate,4.0
CHEMBL2104047,Cathinone,2.0
CHEMBL2104406,Biricodar Dicitrate,2.0
CHEMBL2110737,Celgosivir,2.0
CHEMBL2146883,Cobimetinib,4.0
CHEMBL2171944,Chembl2171944,
CHEMBL233295,Isoferulic Acid,
CHEMBL236297,Rifalazil,3.0
CHEMBL2364625,Pradigastat Sodium,2.0
CHEMBL2392112,Chembl2392112,
CHEMBL24547,Chembl24547,
CHEMBL249915,Chembl249915,
CHEMBL254951,2-Mercaptoethanol,
CHEMBL260000,Chembl260000,
CHEMBL268869,Sulfamethoxypyridazine,4.0
CHEMBL292439,Norleucine,1.0
CHEMBL294616,Dpdpe,
CHEMBL3087503,Chembl3087503,
CHEMBL3120215,Osi-027,2.0
CHEMBL3184949,Sodium Acid Pyrophosphate,2.0
CHEMBL3235279,Capadenoson,2.0
CHEMBL331237,Triciribine,
CHEMBL3544916,Guadecitabine,3.0
CHEMBL3586032,Chembl3586032,
CHEMBL372832,Chembl372832,
CHEMBL377956,Chembl377956,
CHEMBL379772,Chembl379772,
CHEMBL3833325,Carbaspirin Calcium,2.0
CHEMBL3833347,Deanol Aceglumate,4.0
CHEMBL3989932,Angiotensin Ii Acetate,4.0
CHEMBL404,Tazobactam,4.0
CHEMBL4084222,Chembl4084222,
CHEMBL4093612,A-1596586,
CHEMBL4096575,Chembl4096575,
CHEMBL41355,Ezogabine,4.0
CHEMBL4203363,Chembl4203363,
CHEMBL4208954,Amikacin Sulfate,4.0
CHEMBL4297091,Codeine Sulfate,4.0
CHEMBL4297525,Relamorelin,3.0
CHEMBL4297592,Amenamevir,3.0
CHEMBL435747,Chembl435747,
CHEMBL44833,Chembl44833,
CHEMBL483716,Chembl483716,
CHEMBL504111,[18F]-Fba-A20Fmdv2,1.0
CHEMBL527066,Chembl527066,
CHEMBL5314403,Arry-502,2.0
CHEMBL5314538,Rezatapopt,2.0
CHEMBL552033,Chembl552033,
CHEMBL561103,Chembl561103,
CHEMBL561708,Wye-354,
CHEMBL589370,Chembl589370,
CHEMBL596186,Ara-5'-Cmp,3.0
CHEMBL607707,Pelitinib,2.0
CHEMBL638,Voriconazole,4.0
CHEMBL93705,Chembl93705,
CHEMBL1072,Bumetanide,4.0
CHEMBL1078535,Chembl1078535,
CHEMBL109480,Tanespimycin,3.0
CHEMBL1190199,Asimadoline,3.0
CHEMBL1201291,Ioxaglic Acid,4.0
CHEMBL1208646,Theophylline Glycinate,4.0
CHEMBL12089,Berberine Chloride,1.0
CHEMBL1234750,Chembl1234750,
CHEMBL1256842,Nomifensine Maleate,4.0
CHEMBL13608,Toceranib,2.0
CHEMBL1440901,Chembl1440901,
CHEMBL15797,Pyrazine,3.0
CHEMBL1697739,Cyclobutyrol,2.0
CHEMBL170,Quinine,4.0
CHEMBL1823518,Rabacfosadine,2.0
CHEMBL190083,Tarenflurbil,3.0
CHEMBL1908394,Gsk-461364,1.0
CHEMBL2059028,Timcodar,2.0
CHEMBL2103807,Epetirimod,2.0
CHEMBL2107073,Sanfetrinem Cilexetil,2.0
CHEMBL2140408,Amg-900,1.0
CHEMBL2315938,Chembl2315938,
CHEMBL282650,Chembl282650,
CHEMBL296913,Parecoxib Sodium,4.0
CHEMBL3121849,Ravidasvir,2.0
CHEMBL316632,Chembl316632,
CHEMBL3183075,Nizatidine,4.0
CHEMBL3184512,Clindamycin Phosphate,4.0
CHEMBL3185236,Florasulam,
CHEMBL3186751,Chembl3186751,
CHEMBL3298910,Telacebec,2.0
CHEMBL3301595,Dasotraline,3.0
CHEMBL3353349,Chembl3353349,
CHEMBL33845,Dichlorophen,2.0
CHEMBL35,Furosemide,4.0
CHEMBL35084,Candoxatril,2.0
CHEMBL3544988,Daprodustat,4.0
CHEMBL3621287,Chembl3621287,
CHEMBL3646118,Molidustat,2.0
CHEMBL3695979,Chembl3695979,
CHEMBL3702854,Rilzabrutinib,3.0
CHEMBL3833375,Sodium Borate,-1.0
CHEMBL3833413,Clofezone,2.0
CHEMBL3991065,Atogepant,4.0
CHEMBL4059888,Rintodestrant,1.0
CHEMBL4065483,Chembl4065483,
CHEMBL4096813,Chembl4096813,
CHEMBL4126250,Chembl4126250,
CHEMBL425904,Chembl425904,
CHEMBL4297308,Nerofe,2.0
CHEMBL4297641,Seclidemstat,2.0
CHEMBL4297646,Ampreloxetine,3.0
CHEMBL434374,6-(3-Cyclohexylureido)Hexanoic Acid,
CHEMBL450044,Sergliflozin Etabonate,2.0
CHEMBL4582651,Pralsetinib,4.0
CHEMBL458402,Squalene,
CHEMBL4646073,Chembl4646073,
CHEMBL4651002,Safusidenib,2.0
CHEMBL466253,Vu0238429,
CHEMBL488,Aminoglutethimide,4.0
CHEMBL492529,Dsm-74,
CHEMBL52247,Talsupram,2.0
CHEMBL584195,Chembl584195,
CHEMBL594431,Chembl594431,
CHEMBL600828,7-Hydroxy Aristolochic A,
CHEMBL605915,Chembl605915,
CHEMBL6444,Chembl6444,
CHEMBL70967,R-129385,
CHEMBL77101,Diethylhomospermine,1.0
CHEMBL77826,Ro-4582640,
CHEMBL1091350,Chembl1091350,
CHEMBL1162,Norethindrone,4.0
CHEMBL1200410,Procarbazine Hydrochloride,4.0
CHEMBL1200438,Tioconazole,4.0
CHEMBL1200470,Esomeprazole Sodium,4.0
CHEMBL1200599,Difenoxin Hydrochloride,4.0
CHEMBL1200877,Flumethasone Pivalate,4.0
CHEMBL1201006,Pyrilamine Maleate,4.0
CHEMBL1230795,8-Bromo-Adenosine Diphosphate,
CHEMBL1231160,Pevonedistat,3.0
CHEMBL1233797,Chembl1233797,
CHEMBL1233985,Lumiflavin,
CHEMBL1235743,Chembl1235743,
CHEMBL1256978,Gsk-364735,2.0
CHEMBL1290,Penbutolol,4.0
CHEMBL1290790,Chembl1290790,
CHEMBL159659,Levomethadone,2.0
CHEMBL16,Phenytoin,4.0
CHEMBL1615784,Tetrofosmin,3.0
CHEMBL1623738,Thonzylamine,2.0
CHEMBL1695,Tiagabine Hydrochloride,4.0
CHEMBL1729417,Chembl1729417,
CHEMBL1796997,Helium,4.0
CHEMBL180089,Chembl180089,
CHEMBL2048623,Chembl2048623,
CHEMBL2103837,Tafamidis,4.0
CHEMBL2104114,Creatinolfosfate,2.0
CHEMBL2105318,Oxabolone Cipionate,2.0
CHEMBL2105722,Nomegestrol,4.0
CHEMBL2106119,Calcium Gluconate,4.0
CHEMBL2107123,Oglufanide Disodium,2.0
CHEMBL2107253,Sulfadimethoxine Sodium,4.0
CHEMBL2107288,Trolamine Salicylate,-1.0
CHEMBL2110686,Gemcabene,2.0
CHEMBL2111088,Denibulin,-1.0
CHEMBL2163391,Chembl2163391,
CHEMBL2204935,Chembl2204935,
CHEMBL2218917,Cevimeline Hydrochloride,4.0
CHEMBL230354,Chembl230354,
CHEMBL23293,Salirasib,2.0
CHEMBL236720,Chembl236720,
CHEMBL2392174,Chembl2392174,
CHEMBL256997,Ataluren,4.0
CHEMBL260829,Nefiracetam,2.0
CHEMBL28,Apigenin,
CHEMBL288470,Aminopyrine,4.0
CHEMBL293034,Chembl293034,
CHEMBL3039515,Elobixibat,3.0
CHEMBL3093931,Chembl3093931,
CHEMBL3128042,Chembl3128042,
CHEMBL313302,Triaziquone,2.0
CHEMBL3288028,Chembl3288028,
CHEMBL3301607,Filgotinib,4.0
CHEMBL3301669,Dalbavancin,4.0
CHEMBL3623002,Chembl3623002,
CHEMBL3707298,Magnesium Peroxide,-1.0
CHEMBL3707375,Amiselimod,2.0
CHEMBL401340,Chembl401340,
CHEMBL406863,Chembl406863,
CHEMBL4072816,Chembl4072816,
CHEMBL4086669,Chembl4086669,
CHEMBL4105407,Chembl4105407,
CHEMBL414357,Exenatide,4.0
CHEMBL42,Clozapine,4.0
CHEMBL4206831,Chembl4206831,
CHEMBL4297623,Eltanexor,2.0
CHEMBL437747,Chembl437747,
CHEMBL440283,Androstenediol,-1.0
CHEMBL443684,Navitoclax,3.0
CHEMBL4462423,Chembl4462423,
CHEMBL456,Ethacrynic Acid,4.0
CHEMBL4594277,Ampreloxetine Hydrochloride,1.0
CHEMBL4594441,Ifidancitinib,2.0
CHEMBL4638406,Bay-3153,
CHEMBL4650310,Ip-2018,2.0
CHEMBL518661,Chembl518661,
CHEMBL5314391,Xl-999,2.0
CHEMBL583969,Phosphomethylphosphonic Acid Adenosyl Ester,
CHEMBL723,Carvedilol,4.0
CHEMBL77622,Dopexamine,4.0
CHEMBL8,Ciprofloxacin,4.0
CHEMBL833,Ticlopidine,4.0
CHEMBL96741,Sb-216995,
CHEMBL111612,Abt-546,
CHEMBL119977,Chembl119977,
CHEMBL1200925,"Potassium Phosphate, Monobasic",4.0
CHEMBL1213553,Chlorproguanil,3.0
CHEMBL1233922,Chembl1233922,
CHEMBL1236661,Chembl1236661,
CHEMBL12420,"N,N-Dimethyltryptamine",1.0
CHEMBL13960,Dichloroacetic Acid,3.0
CHEMBL1568698,Ganaxolone,4.0
CHEMBL1614995,Chembl1614995,
CHEMBL1631913,Chembl1631913,
CHEMBL1697708,Mezlocillin Sodium,4.0
CHEMBL170630,Ethane Dimethane Sulfonate,1.0
CHEMBL1736151,Etafenone,2.0
CHEMBL175198,Chembl175198,
CHEMBL1767164,Gsk-1004723,2.0
CHEMBL183817,Chembl183817,
CHEMBL1885437,Eprazinone,2.0
CHEMBL1957287,Tegobuvir,2.0
CHEMBL198644,Chembl198644,
CHEMBL198803,Chembl198803,
CHEMBL2046883,Chembl2046883,
CHEMBL2063448,Chembl2063448,
CHEMBL2103791,Adipiplon,2.0
CHEMBL2110862,Dimethoxanate,2.0
CHEMBL2165326,Aprocitentan,3.0
CHEMBL2336015,Chembl2336015,
CHEMBL243712,Amisulpride,4.0
CHEMBL256315,Chembl256315,
CHEMBL261720,Chembl261720,
CHEMBL261932,Tanomastat,2.0
CHEMBL272485,Dibutyl Phthalate,-1.0
CHEMBL28564,Eliprodil,2.0
CHEMBL3125527,Chembl3125527,
CHEMBL323994,Chembl323994,
CHEMBL324739,Chembl324739,
CHEMBL3402762,Tepotinib,4.0
CHEMBL3421914,Chembl3421914,
CHEMBL343892,Chembl343892,
CHEMBL3632746,Chembl3632746,
CHEMBL385937,Chembl385937,
CHEMBL3989506,Tromantadine,2.0
CHEMBL4065484,Chembl4065484,
CHEMBL416956,Mefloquine,4.0
CHEMBL4173626,Chembl4173626,
CHEMBL4297531,Satoreotide Tetraxetan,2.0
CHEMBL4298152,Tigolaner,2.0
CHEMBL4456585,Wm-1119,
CHEMBL4465176,Chembl4465176,
CHEMBL4529465,Tbaj-587,1.0
CHEMBL4650224,Irsenontrine Maleate,1.0
CHEMBL469117,Chembl469117,
CHEMBL4748825,Saponin,2.0
CHEMBL4802240,Foscarbidopa,1.0
CHEMBL486146,Chembl486146,
CHEMBL49080,Clenbuterol,4.0
CHEMBL5095240,Mufemilast,3.0
CHEMBL511,Pyrilamine,4.0
CHEMBL5314912,Cn-105,2.0
CHEMBL5316168,Lomecitinib,1.0
CHEMBL557682,Chembl557682,
CHEMBL561,Lomefloxacin,4.0
CHEMBL66693,D-Alanine,
CHEMBL70246,Acefylline,4.0
CHEMBL773,Glycine,4.0
CHEMBL777,Clavulanic Acid,4.0
CHEMBL885,Emtricitabine,4.0
CHEMBL926,Dobutamine,4.0
CHEMBL997,Ibandronic Acid,4.0
CHEMBL1071,Oxaprozin,4.0
CHEMBL1187231,Metformin Xr,3.0
CHEMBL1198650,Chembl1198650,
CHEMBL1201170,Lithium Citrate Anhydrous,4.0
CHEMBL1213271,"2-Amino-1-Methyl-6- Phenylimidazo[4,5- B]Pyridine",
CHEMBL1234613,Nadide,2.0
CHEMBL1236157,Chembl1236157,
CHEMBL1236189,Trihydroxyarsenite(Iii),
CHEMBL1262,Oxiconazole,4.0
CHEMBL1397,Posaconazole,4.0
CHEMBL147806,Gsk-369796,1.0
CHEMBL149972,Phenobarbital Sodium,4.0
CHEMBL1531873,Chembl1531873,
CHEMBL161084,Mirfentanil,-1.0
CHEMBL163,Ritonavir,4.0
CHEMBL191413,Reparixin,3.0
CHEMBL1952410,Chembl1952410,
CHEMBL2097002,Selenic Acid,3.0
CHEMBL2103975,Vapreotide,3.0
CHEMBL2104807,Nequinate,2.0
CHEMBL2107608,Theodrenaline,2.0
CHEMBL2170016,Chembl2170016,
CHEMBL2177630,Chembl2177630,
CHEMBL2178351,Chembl2178351,
CHEMBL220808,Sarizotan,3.0
CHEMBL224128,20-Hydroxyecdysone,2.0
CHEMBL233970,Chembl233970,
CHEMBL2347597,Asnuciclib,2.0
CHEMBL2365533,Chembl2365533,
CHEMBL246205,Chembl246205,
CHEMBL275084,Isobutylmethylxanthine,
CHEMBL279816,Trichloroethylene,4.0
CHEMBL291962,Leucine,3.0
CHEMBL306823,Sodium Dichloroacetate,4.0
CHEMBL3093756,Chembl3093756,
CHEMBL3094408,Chembl3094408,
CHEMBL3113165,Vlx-1005,2.0
CHEMBL31422,Maltol,3.0
CHEMBL316127,Chembl316127,
CHEMBL3185457,Chembl3185457,
CHEMBL3236386,Chembl3236386,
CHEMBL3237547,Cedazuridine,4.0
CHEMBL3264002,Avutometinib,2.0
CHEMBL3330104,Chembl3330104,
CHEMBL3353356,Chembl3353356,
CHEMBL366871,Chembl366871,
CHEMBL3707220,Icosabutate,2.0
CHEMBL389767,Chembl389767,
CHEMBL393820,Valopicitabine,2.0
CHEMBL3989691,Eltrombopag Olamine,4.0
CHEMBL400841,Chembl400841,
CHEMBL4085557,Chembl4085557,
CHEMBL409427,Chembl409427,
CHEMBL415690,Betadex,3.0
CHEMBL4281941,Chembl4281941,
CHEMBL4297313,Ot-551,2.0
CHEMBL4297674,Branebrutinib,2.0
CHEMBL4303060,Melphalan Flufenamide,4.0
CHEMBL431,Spirapril,4.0
CHEMBL431733,Namodenoson,3.0
CHEMBL4594422,Lb-102,1.0
CHEMBL481931,Mk-0731,
CHEMBL495898,Chembl495898,
CHEMBL518043,Fedovapagon,2.0
CHEMBL5194790,Chembl5194790,
CHEMBL5314520,Igermetostat,2.0
CHEMBL5314580,Zilurgisertib Fumarate,1.0
CHEMBL538937,Chembl538937,
CHEMBL574817,Chembl574817,
CHEMBL591501,Pf-03049423,2.0
CHEMBL600213,Chembl600213,
CHEMBL93783,Chembl93783,
CHEMBL98350,Ly-294002,-1.0
CHEMBL1159,Pinacidil Anhydrous,4.0
CHEMBL1200335,Testosterone Enanthate,4.0
CHEMBL1200432,Methyldopate Hydrochloride,4.0
CHEMBL1200706,Aluminum Hydroxide,4.0
CHEMBL1200945,Pentetate Calcium Trisodium,4.0
CHEMBL1201208,Phenmetrazine,4.0
CHEMBL1201220,Diatrizoic Acid,4.0
CHEMBL12264,Sb-258719,
CHEMBL1230165,Silmitasertib,2.0
CHEMBL1230790,Chembl1230790,
CHEMBL1233515,Chembl1233515,
CHEMBL1258183,Chembl1258183,
CHEMBL1329101,Chembl1329101,
CHEMBL134920,Azanidazole,2.0
CHEMBL1382627,"Sulfadiazine, Silver",4.0
CHEMBL1398657,Phenolsulfonic Acid,-1.0
CHEMBL142996,Chembl142996,
CHEMBL1520188,Clodronate Disodium,3.0
CHEMBL1697828,Carbromal,2.0
CHEMBL1697832,Cloprednol,2.0
CHEMBL1784725,Chembl1784725,
CHEMBL178654,Hki-357,1.0
CHEMBL1788404,Bephenium,-1.0
CHEMBL1807392,Chembl1807392,
CHEMBL186422,2-Hydroxyquinoline,
CHEMBL2087421,Chembl2087421,
CHEMBL2103741,Levothyroxine Sodium,4.0
CHEMBL2103880,Cerlapirdine,2.0
CHEMBL2104207,Cafedrine,2.0
CHEMBL2104262,Fadolmidine,2.0
CHEMBL2106265,Dimethylthiambutene,2.0
CHEMBL2107819,Belnacasan,2.0
CHEMBL212968,Chembl212968,
CHEMBL214665,Chembl214665,
CHEMBL2177737,Chembl2177737,
CHEMBL2221249,Colistin,4.0
CHEMBL258208,Mannitol Bis-Phosphate,
CHEMBL259922,Chembl259922,
CHEMBL265720,Chembl265720,
CHEMBL272080,Isepamicin,2.0
CHEMBL296435,(+)-Ehna,
CHEMBL3137744,Chembl3137744,
CHEMBL331906,Chembl331906,
CHEMBL3353361,Chembl3353361,
CHEMBL3361346,Chembl3361346,
CHEMBL3408385,Chembl3408385,
CHEMBL3545042,Selurampanel,2.0
CHEMBL355662,Chembl355662,
CHEMBL365617,Ver-49009,
CHEMBL3740291,Chembl3740291,
CHEMBL376109,Chembl376109,
CHEMBL39541,Dolastatin-10,2.0
CHEMBL3989658,Pradefovir Mesylate,3.0
CHEMBL402911,Chembl402911,
CHEMBL4162607,Chembl4162607,
CHEMBL422668,Chembl422668,
CHEMBL4297543,Get-73,1.0
CHEMBL460702,Bms-777607,2.0
CHEMBL46740,Bazedoxifene,4.0
CHEMBL475302,Chembl475302,
CHEMBL4756129,Tmc 310911,2.0
CHEMBL494272,Chembl494272,
CHEMBL494360,Chembl494360,
CHEMBL5095402,Poziotinib Hydrochloride,1.0
CHEMBL5314379,Voclosporin,4.0
CHEMBL5314380,Pasireotide Diaspartate,4.0
CHEMBL566752,Florbetaben F18,4.0
CHEMBL61301,Tecastemizole,2.0
CHEMBL6594,Win-54954,
CHEMBL70418,Clobazam,4.0
CHEMBL802,Minoxidil,4.0
CHEMBL857,Biotin,4.0
CHEMBL862,Guanfacine,4.0
CHEMBL96,Gamma-Aminobutyric Acid,1.0
CHEMBL985,Urea,4.0
CHEMBL1092581,Nesbuvir,2.0
CHEMBL113194,Chembl113194,
CHEMBL1160714,Prenalterol,2.0
CHEMBL1198191,Chembl1198191,
CHEMBL1199324,Fosaprepitant,4.0
CHEMBL1200791,Oxymetazoline Hydrochloride,4.0
CHEMBL1200965,Bacampicillin Hydrochloride,4.0
CHEMBL1201206,Pipecuronium,4.0
CHEMBL1221986,Withaferin A,1.0
CHEMBL1231723,Polidocanol,4.0
CHEMBL1235490,Pseudotropine,
CHEMBL1256901,Butylscopolamine Bromide,4.0
CHEMBL1257096,Acorafloxacin,2.0
CHEMBL1258954,Chembl1258954,
CHEMBL1266,Tetrahydrozoline,4.0
CHEMBL129134,Chembl129134,
CHEMBL1651026,Chembl1651026,
CHEMBL174448,Chembl174448,
CHEMBL1765602,Chembl1765602,
CHEMBL1801382,Chembl1801382,
CHEMBL1802967,Chembl1802967,
CHEMBL183584,Chembl183584,
CHEMBL185480,Chembl185480,
CHEMBL1900528,Tiotropium,4.0
CHEMBL204593,Chembl204593,
CHEMBL2063869,Gdc-0152,1.0
CHEMBL2103901,Sinapultide,2.0
CHEMBL2105864,Labradimil,2.0
CHEMBL2105950,Amoxicillin Sodium,4.0
CHEMBL2106537,Mepiprazole,2.0
CHEMBL2107355,Migalastat Hydrochloride,4.0
CHEMBL219207,Chembl219207,
CHEMBL220947,Chembl220947,
CHEMBL226330,Chembl226330,
CHEMBL23327,Purvalanola,
CHEMBL24778,Silodosin,4.0
CHEMBL260933,Gs 6201,1.0
CHEMBL27323,Chembl27323,
CHEMBL282146,Chembl282146,
CHEMBL3093932,Chembl3093932,
CHEMBL3236078,Chembl3236078,
CHEMBL325041,Bortezomib,4.0
CHEMBL3301605,Relebactam,4.0
CHEMBL3329672,Chembl3329672,
CHEMBL3544911,Prexasertib,2.0
CHEMBL3707335,Aluminium Acetoacetate,-1.0
CHEMBL376815,Chembl376815,
CHEMBL379929,Chembl379929,
CHEMBL382203,Chembl382203,
CHEMBL3989408,Ibuprofen Sodium,4.0
CHEMBL3989927,Iberdomide,3.0
CHEMBL3989937,Capmatinib Hydrochloride,4.0
CHEMBL4067006,Chembl4067006,
CHEMBL411941,Cyclorgdfv,
CHEMBL4203994,Chembl4203994,
CHEMBL4225088,Gsk2981278,1.0
CHEMBL429430,Chembl429430,
CHEMBL4297376,E-7820,2.0
CHEMBL4297406,N-Monoacetylcystine,1.0
CHEMBL4297421,Coh-29,1.0
CHEMBL4297458,Ezobresib,1.0
CHEMBL4297512,Gaxilose,2.0
CHEMBL430,Gemifloxacin,4.0
CHEMBL436774,Ar9281,2.0
CHEMBL441765,U-50488 Methane Sulfonate,1.0
CHEMBL4594425,Ledaborbactam Etzadroxil,1.0
CHEMBL460291,Lacidipine,4.0
CHEMBL4650220,Zavegepant Hydrochloride,4.0
CHEMBL477508,Chembl477508,
CHEMBL483465,Elraglusib,2.0
CHEMBL5095420,Trientine Tetrahydrochloride,4.0
CHEMBL5314555,Lirafugratinib,2.0
CHEMBL541253,P-Toluenesulfonate,
CHEMBL561360,Chembl561360,
CHEMBL615,Penicillin V,4.0
CHEMBL69715,Chembl69715,
CHEMBL70421,Chembl70421,
CHEMBL82202,Pyridoxal Phosphate Anhydrous,3.0
CHEMBL90488,Cp-166572,
CHEMBL1079593,Vs-5584,1.0
CHEMBL1100,Paramethadione,4.0
CHEMBL113537,Chembl113537,
CHEMBL117651,Chembl117651,
CHEMBL1200764,Methacholine Chloride,4.0
CHEMBL1201368,Perindoprilat,2.0
CHEMBL1230662,Chembl1230662,
CHEMBL1232305,Chembl1232305,
CHEMBL1235837,Chembl1235837,
CHEMBL124660,Tandutinib,2.0
CHEMBL126506,Chembl126506,
CHEMBL1411693,Epirizole,2.0
CHEMBL1457,Hydrocodone,4.0
CHEMBL1463345,Canrenone,4.0
CHEMBL1480,Felodipine,4.0
CHEMBL1488,Uracil Mustard,4.0
CHEMBL154,Naproxen,4.0
CHEMBL163672,Chromonar,2.0
CHEMBL1642549,Chembl1642549,
CHEMBL169046,25-Hydroxycholesterol,
CHEMBL1910411,Chembl1910411,
CHEMBL1961797,Sr9011,
CHEMBL197811,Chembl197811,
CHEMBL19892,Fanapanel,2.0
CHEMBL2035185,Ct-1578,1.0
CHEMBL203569,Chembl203569,
CHEMBL2063461,Chembl2063461,
CHEMBL2103983,Potassium Hydroxide,3.0
CHEMBL2106004,Bisoxatin Acetate,2.0
CHEMBL2106613,Anecortave Acetate,3.0
CHEMBL2107825,Tenofovir Alafenamide,4.0
CHEMBL214920,Tiocarlide,2.0
CHEMBL216273,Chembl216273,
CHEMBL2220292,Chembl2220292,
CHEMBL2364639,Valbenazine,4.0
CHEMBL2403841,Chembl2403841,
CHEMBL2403842,Chembl2403842,
CHEMBL254432,S-Menastrol,
CHEMBL255134,Chembl255134,
CHEMBL259771,Mb06322,
CHEMBL269259,Rimiducid,2.0
CHEMBL276815,(S)-Ampa,
CHEMBL3039504,Nintedanib Esylate,4.0
CHEMBL3138992,Chembl3138992,
CHEMBL3220939,Chembl3220939,
CHEMBL3287739,Chembl3287739,
CHEMBL333950,Maxacalcitol,3.0
CHEMBL3401455,Chembl3401455,
CHEMBL3544947,Burapitant,2.0
CHEMBL3545337,C-1311,2.0
CHEMBL3612512,Chembl3612512,
CHEMBL3612514,Chembl3612514,
CHEMBL3612622,Chembl3612622,
CHEMBL3798574,Chembl3798574,
CHEMBL3827660,Chembl3827660,
CHEMBL3920982,Vorbipiprant,2.0
CHEMBL394826,Chembl394826,
CHEMBL3982690,Alobresib,2.0
CHEMBL3989407,Quarfloxin,2.0
CHEMBL3989476,Pegamotecan,2.0
CHEMBL409038,Chembl409038,
CHEMBL415879,Phenanthroline,
CHEMBL426084,Samidorphan,4.0
CHEMBL4297367,Cp-609754,1.0
CHEMBL4297400,Mb-07803,2.0
CHEMBL4303669,Zoledronic Acid,4.0
CHEMBL43064,Cinnarizine,4.0
CHEMBL437765,Rifamycin,4.0
CHEMBL4452939,Chembl4452939,
CHEMBL4594297,Dirocaftor,1.0
CHEMBL4650341,Danavorexton,2.0
CHEMBL470798,Chembl470798,
CHEMBL478834,Chembl478834,
CHEMBL482581,Esculin,
CHEMBL490814,Chembl490814,
CHEMBL5200945,Chembl5200945,
CHEMBL5314476,Pocenbrodib,2.0
CHEMBL5314543,Tegeprotafib,2.0
CHEMBL537968,Chembl537968,
CHEMBL55624,Darglitazone,-1.0
CHEMBL561339,Adl-5747,2.0
CHEMBL671,Thiotepa,4.0
CHEMBL905,Rizatriptan,4.0
CHEMBL104264,H-89,
CHEMBL1078549,Paeoniflorin,3.0
CHEMBL1094966,Pirbuterol,4.0
CHEMBL1096885,Valrubicin,4.0
CHEMBL1200688,Erythromycin Ethylsuccinate,4.0
CHEMBL1201222,Lisdexamfetamine,4.0
CHEMBL1201361,Alclometasone,
CHEMBL1208302,Chembl1208302,
CHEMBL1230191,Triphosphate,3.0
CHEMBL1233882,Chembl1233882,
CHEMBL1234086,Chembl1234086,
CHEMBL1234916,Chembl1234916,
CHEMBL1236441,Chembl1236441,
CHEMBL1330596,Racemetyrosine,3.0
CHEMBL135302,Chembl135302,
CHEMBL135400,Zopiclone,4.0
CHEMBL136737,Nimustine,2.0
CHEMBL1477036,Docusate,4.0
CHEMBL1531,Etonogestrel,4.0
CHEMBL160519,Procaterol,3.0
CHEMBL1626,Clemastine,4.0
CHEMBL165,Resveratrol,3.0
CHEMBL1682,Sorbitol,4.0
CHEMBL168276,"3,5-Dinitrocatechol (Or-486)",
CHEMBL1719,Olopatadine Hydrochloride,4.0
CHEMBL1765464,Chembl1765464,
CHEMBL181035,Chembl181035,
CHEMBL1818341,Pf-04455242,1.0
CHEMBL193264,Chembl193264,
CHEMBL200238,Chembl200238,
CHEMBL2043279,"(E)2,2',4'-Trimethoxystilbene",
CHEMBL2046550,Omoconazole,2.0
CHEMBL2088033,Nop-1A,0.5
CHEMBL2103822,Tasimelteon,4.0
CHEMBL2106085,Clorazepate Monopotassium,-1.0
CHEMBL2107313,Becatecarin,3.0
CHEMBL2107797,Norgestrel,4.0
CHEMBL2107822,Filorexant,2.0
CHEMBL2177635,Chembl2177635,
CHEMBL220802,Chembl220802,
CHEMBL2216776,Chembl2216776,
CHEMBL2315935,Chembl2315935,
CHEMBL2407894,Chembl2407894,
CHEMBL2407900,Chembl2407900,
CHEMBL2440193,Chembl2440193,
CHEMBL248095,Sinomenine,3.0
CHEMBL294951,Pizotyline,2.0
CHEMBL299496,Chembl299496,
CHEMBL3140370,Azimilide Dihydrochloride,3.0
CHEMBL3183549,Benfotiamine,3.0
CHEMBL3185958,Clomiphene Citrate,4.0
CHEMBL329505,Chembl329505,
CHEMBL3544909,Calcifediol,4.0
CHEMBL357452,"4,5,6,7-Tetrachlorophthalide",
CHEMBL3648329,Chembl3648329,
CHEMBL371064,Balicatib,2.0
CHEMBL372303,Pj34,
CHEMBL379642,Chembl379642,
CHEMBL382311,Chembl382311,
CHEMBL3827612,Chembl3827612,
CHEMBL3833377,Zinc Gluconate,3.0
CHEMBL3989921,Neratinib Maleate,4.0
CHEMBL4061538,Chembl4061538,
CHEMBL406861,Chembl406861,
CHEMBL4076838,Chembl4076838,
CHEMBL4297404,Mk-0767,3.0
CHEMBL4297408,Ngx-267,2.0
CHEMBL4297479,Nesolicaftor,2.0
CHEMBL4298144,Esafoxolaner,2.0
CHEMBL430639,Chembl430639,
CHEMBL442720,Methionine Sulfone,
CHEMBL445001,Chembl445001,
CHEMBL450613,Zeranol,2.0
CHEMBL4538849,Bay-179,
CHEMBL4594283,Nerinetide Hydrochloride,1.0
CHEMBL460741,Uridine 3'-Phosphate,
CHEMBL4650343,Izencitinib,2.0
CHEMBL471638,Valrocemide,2.0
CHEMBL485351,Chembl485351,
CHEMBL492440,Chembl492440,
CHEMBL495498,Mb-05032,2.0
CHEMBL498416,L-Kynurenine,1.0
CHEMBL501515,Ginsenoside Rb1,
CHEMBL5314583,Frunexian,2.0
CHEMBL554496,Chembl554496,
CHEMBL576048,Chembl576048,
CHEMBL682,Amodiaquine,4.0
CHEMBL703,Suxamethonium,4.0
CHEMBL8706,Clorgiline,2.0
CHEMBL87708,Lofepramine,4.0
CHEMBL89705,Tallimustine,2.0
CHEMBL902,Famotidine,4.0
CHEMBL10413,Zenarestat,2.0
CHEMBL1067,Licarbazepine,3.0
CHEMBL1079087,Chembl1079087,
CHEMBL1131,Acitretin,4.0
CHEMBL1200446,Tripelennamine Hydrochloride,4.0
CHEMBL1200580,Sulfoxone Sodium,4.0
CHEMBL1200635,Hydrocortamate Hydrochloride,4.0
CHEMBL1200732,Amcinonide,4.0
CHEMBL1232258,D-Leucine,
CHEMBL1232511,Chembl1232511,
CHEMBL1235440,Thioproline,
CHEMBL1269597,Scy 635,2.0
CHEMBL1270618,Chembl1270618,
CHEMBL1367605,Ritodrine Hydrochloride,4.0
CHEMBL1374379,Benzonatate,4.0
CHEMBL1590,Pseudoephedrine,4.0
CHEMBL1597075,Meradimate,2.0
CHEMBL1733803,Chembl1733803,
CHEMBL1782957,Chembl1782957,
CHEMBL1788396,Difetarsone,2.0
CHEMBL180300,Chembl180300,
CHEMBL2028663,Dabrafenib,4.0
CHEMBL2063337,Chembl2063337,
CHEMBL2096895,Pradefovir,3.0
CHEMBL2103772,Racecadotril,4.0
CHEMBL2106003,Cipralisant Maleate,1.0
CHEMBL2107430,Flutrimazole,4.0
CHEMBL2163568,Gr-79236,
CHEMBL220896,Chembl220896,
CHEMBL231813,Telaprevir,4.0
CHEMBL2326199,Chembl2326199,
CHEMBL2364626,Ralimetinib,2.0
CHEMBL23832,Fenamic Acid ,1.0
CHEMBL2448613,Pimavanserin Tartrate,4.0
CHEMBL254071,Austrobailignan 6,
CHEMBL287837,Sk&F-64139,
CHEMBL295666,Chembl295666,
CHEMBL3133036,Chembl3133036,
CHEMBL316157,Cephaloridine,2.0
CHEMBL3391662,Paritaprevir,4.0
CHEMBL3417258,Lumicitabine,2.0
CHEMBL345248,Bromoform,-1.0
CHEMBL3546394,Chembl3546394,
CHEMBL3582478,Msd-Cyp11B2,
CHEMBL3651966,Lgh-447,1.0
CHEMBL366328,Chembl366328,
CHEMBL36994,Aniracetam,2.0
CHEMBL3707299,Aloglutamol,-1.0
CHEMBL3707307,Fabomotizole,3.0
CHEMBL3775434,Chembl3775434,
CHEMBL380492,Chembl380492,
CHEMBL382090,Chembl382090,
CHEMBL3833385,Ruzasvir,2.0
CHEMBL383824,Alvespimycin,2.0
CHEMBL3931672,Mk-8876,1.0
CHEMBL3989523,Iobenguane Sulfate I 123,4.0
CHEMBL3989821,Tubocurarine Chloride,4.0
CHEMBL3990145,Imarikiren,2.0
CHEMBL402279,Chembl402279,
CHEMBL406821,H-1152P,
CHEMBL4160587,Chembl4160587,
CHEMBL427233,Chembl427233,
CHEMBL428676,Amonafide,3.0
CHEMBL4297185,Darolutamide,4.0
CHEMBL4297440,T-900607,2.0
CHEMBL4297454,Abbv-744,1.0
CHEMBL4592045,Navacaprant,2.0
CHEMBL4594261,Fluoroestradiol F-18,4.0
CHEMBL460074,Chembl460074,
CHEMBL4650282,Ds-1001B,2.0
CHEMBL4752253,Chembl4752253,
CHEMBL4760665,Pf-06865571,2.0
CHEMBL4764444,Chembl4764444,
CHEMBL489,Afimoxifene,3.0
CHEMBL493326,Gsk-317314A,
CHEMBL5085062,Chembl5085062,
CHEMBL5314362,Entecavir,4.0
CHEMBL5314383,Mln-0415,1.0
CHEMBL5314566,Vicasinabin,2.0
CHEMBL571948,Y-39983,1.0
CHEMBL584991,Chembl584991,
CHEMBL681,Etomidate,4.0
CHEMBL780,Pentetic Acid,4.0
CHEMBL914,Fexofenadine,4.0
CHEMBL91704,K-777,2.0
CHEMBL10118,Famoxadone,
CHEMBL1094042,Chembl1094042,
CHEMBL117287,Prucalopride,4.0
CHEMBL117391,Banoxantrone,2.0
CHEMBL1192519,Benazeprilat,2.0
CHEMBL1200585,Oxymetholone,4.0
CHEMBL1201242,Indecainide,4.0
CHEMBL1213369,Chembl1213369,
CHEMBL123025,Chembl123025,
CHEMBL1230513,Chembl1230513,
CHEMBL1234658,Chembl1234658,
CHEMBL1251,Ganirelix,4.0
CHEMBL1276138,Farampator,2.0
CHEMBL1374135,Chembl1374135,
CHEMBL1619785,Talampicillin,4.0
CHEMBL1712923,Irsogladine Maleate,1.0
CHEMBL1819259,Chembl1819259,
CHEMBL1835750,Chembl1835750,
CHEMBL1880349,2-Deoxy-D-Glucose,3.0
CHEMBL1908350,Rokitamycin,2.0
CHEMBL1921847,Aticaprant,3.0
CHEMBL20461,Phenethylboronic Acid,
CHEMBL2103792,Agatolimod,3.0
CHEMBL2105745,Glycerol Phenylbutyrate,4.0
CHEMBL2105907,Azidocillin,2.0
CHEMBL2107816,Radium Ra 223 Dichloride,4.0
CHEMBL2111105,Rusalatide,2.0
CHEMBL217463,Chembl217463,
CHEMBL2179834,Chembl2179834,
CHEMBL219586,Gw590735,2.0
CHEMBL236777,Chembl236777,
CHEMBL239508,Chembl239508,
CHEMBL2397149,Chembl2397149,
CHEMBL248713,Chembl248713,
CHEMBL258201,Chembl258201,
CHEMBL258940,Falnidamol,2.0
CHEMBL267936,Mecamylamine,4.0
CHEMBL274070,9-Aminocamptothecin,2.0
CHEMBL279014,Lucanthone,2.0
CHEMBL282468,Choline Chloride,4.0
CHEMBL298312,Metacresol,-1.0
CHEMBL3236080,Chembl3236080,
CHEMBL331378,Zofenopril,2.0
CHEMBL3358611,Chembl3358611,
CHEMBL3544932,Tak-901,1.0
CHEMBL3609741,Chembl3609741,
CHEMBL3622533,Fimepinostat,2.0
CHEMBL3769965,Chembl3769965,
CHEMBL379630,D-Phenylalanine,
CHEMBL3929298,Chembl3929298,
CHEMBL4064619,Chembl4064619,
CHEMBL4096740,Chembl4096740,
CHEMBL4166607,Chembl4166607,
CHEMBL4204322,Chembl4204322,
CHEMBL4218705,Chembl4218705,
CHEMBL4225537,Chembl4225537,
CHEMBL4297218,Rovazolac,2.0
CHEMBL4297319,Phencynonate Hydrochloride,2.0
CHEMBL4297346,Agn-201904,1.0
CHEMBL4298128,Elexacaftor,4.0
CHEMBL443238,Chembl443238,
CHEMBL445304,3-Hydroxyanthranilic Acid,
CHEMBL4455633,Chembl4455633,
CHEMBL4593677,Bay-474,
CHEMBL460785,Duvoglustat Hydrochloride,2.0
CHEMBL473484,Chembl473484,
CHEMBL5084520,Chembl5084520,
CHEMBL5095042,Fasedienol,3.0
CHEMBL5095253,Ulonivirine,2.0
CHEMBL513027,Chembl513027,
CHEMBL5314428,Zanzalintinib,3.0
CHEMBL553,Erlotinib,4.0
CHEMBL577294,2-Hydroxypropyl-Beta-Cyclodextrin,3.0
CHEMBL586702,Zstk-474,2.0
CHEMBL59132,Ad-7057,
CHEMBL608738,Chembl608738,
CHEMBL61441,Chembl61441,
CHEMBL82932,Chembl82932,
CHEMBL8483,N-(3-Oxododecanoyl)Homoserinelactone,
CHEMBL87493,Fenfluramine,4.0
CHEMBL940,Gabapentin,4.0
CHEMBL979,Meprobamate,4.0
CHEMBL102714,Sb-216763,
CHEMBL104943,Monoethanolamine,2.0
CHEMBL1078231,Chembl1078231,
CHEMBL1091644,Linsitinib,3.0
CHEMBL1094705,Chembl1094705,
CHEMBL1192517,Bifemelane,2.0
CHEMBL1200522,Avobenzone,4.0
CHEMBL1200649,Quinupristin,4.0
CHEMBL1200798,Trazodone Hydrochloride,4.0
CHEMBL1200828,Cycrimine Hydrochloride,4.0
CHEMBL1207607,Tetraphenylporphine Tetrasulfonic Acid,1.0
CHEMBL1231132,Chembl1231132,
CHEMBL123132,(S)-5-Fluorowillardiine,
CHEMBL1233464,Phenylacetaldehyde,
CHEMBL1235287,L-Phenylalaninol,
CHEMBL1237123,Doxacurium,4.0
CHEMBL127,Meropenem,4.0
CHEMBL1271,Pentolinium,4.0
CHEMBL1271442,Chembl1271442,
CHEMBL13485,Su-11652,
CHEMBL1443,Nafcillin,4.0
CHEMBL1449962,Chembl1449962,
CHEMBL1487,Atorvastatin,4.0
CHEMBL1615807,Indocyanine Green,
CHEMBL1651534,Redafamdastat,2.0
CHEMBL1697775,Tiadenol,2.0
CHEMBL1738699,N6022,3.0
CHEMBL174502,Chembl174502,
CHEMBL184421,Chembl184421,
CHEMBL1922094,Apitolisib,2.0
CHEMBL2010872,Cep-11981,2.0
CHEMBL2063325,Chembl2063325,
CHEMBL2070241,Bremelanotide,4.0
CHEMBL2103839,Ridaforolimus,3.0
CHEMBL2105160,Naminidil,2.0
CHEMBL2106409,Elsamitrucin,2.0
CHEMBL2107186,Resocortol Butyrate,2.0
CHEMBL2107778,Segesterone,2.0
CHEMBL2111051,Talsaclidine,2.0
CHEMBL216693,Chembl216693,
CHEMBL2178269,Chembl2178269,
CHEMBL219410,Zotarolimus,3.0
CHEMBL227924,Chembl227924,
CHEMBL2315928,Chembl2315928,
CHEMBL250504,Chembl250504,
CHEMBL254316,Raltegravir,4.0
CHEMBL257662,Zd-6126,2.0
CHEMBL273348,Tosufloxacin,2.0
CHEMBL278894,Chembl278894,
CHEMBL282686,Tesaglitazar,3.0
CHEMBL290744,Chembl290744,
CHEMBL296306,Lactulose,4.0
CHEMBL3184437,Dichlorobenzyl Alcohol,4.0
CHEMBL3319620,Chembl3319620,
CHEMBL3350189,Chembl3350189,
CHEMBL3408956,Chembl3408956,
CHEMBL34918,Chembl34918,
CHEMBL357995,Bopindolol,2.0
CHEMBL361497,Artesunate,4.0
CHEMBL371562,8-Prenylapigenin,
CHEMBL3753858,Ridinilazole,3.0
CHEMBL380394,Chembl380394,
CHEMBL397647,Jnj-17166864,2.0
CHEMBL3989866,Bictegravir,4.0
CHEMBL4077282,Chembl4077282,
CHEMBL4105630,Zuranolone,4.0
CHEMBL4125960,Chembl4125960,
CHEMBL4170168,Chembl4170168,
CHEMBL4204375,Chembl4204375,
CHEMBL4228518,Chembl4228518,
CHEMBL4238799,Chembl4238799,
CHEMBL428462,Chembl428462,
CHEMBL431701,Silybin A,3.0
CHEMBL435298,Esflurbiprofen,4.0
CHEMBL4594396,8-Chloroadenosine,1.0
CHEMBL4650330,Rimtuzalcap,2.0
CHEMBL4802143,Mbc-11,1.0
CHEMBL504805,Chembl504805,
CHEMBL5184791,Chembl5184791,
CHEMBL528,Ceftizoxime,4.0
CHEMBL5314408,Azd-0424,1.0
CHEMBL544,Mequinol,4.0
CHEMBL810,Temozolomide,4.0
CHEMBL861,Mephenytoin,4.0
CHEMBL1077583,Chembl1077583,
CHEMBL1079742,Erlotinib Hydrochloride,4.0
CHEMBL1083993,Amiodarone Hydrochloride,4.0
CHEMBL1091347,Chembl1091347,
CHEMBL1094706,Chembl1094706,
CHEMBL110458,Migalastat,4.0
CHEMBL1169388,(S)-Fluoxetine,
CHEMBL1200949,Betazole Hydrochloride,4.0
CHEMBL1200979,Dexpanthenol,4.0
CHEMBL1209675,Chembl1209675,
CHEMBL1231606,Chembl1231606,
CHEMBL1232381,Chembl1232381,
CHEMBL1236282,Thiamphenicol,2.0
CHEMBL126159,Lmp-744,1.0
CHEMBL1318150,Aspoxicillin,2.0
CHEMBL1328768,Chembl1328768,
CHEMBL1443577,Sulfachlorpyridazine,2.0
CHEMBL1525,Permethrin,4.0
CHEMBL1528,Sodium Fluoride,4.0
CHEMBL1560,Captopril,4.0
CHEMBL1691,Betaxolol Hydrochloride,4.0
CHEMBL176,Bekanamycin,3.0
CHEMBL1956285,Dsm-265,2.0
CHEMBL2062566,Chembl2062566,
CHEMBL2063338,Chembl2063338,
CHEMBL2104414,Motexafin,3.0
CHEMBL2104765,Trimegestone,3.0
CHEMBL2104790,Mephenoxalone,2.0
CHEMBL2104864,Aplindore Fumarate,2.0
CHEMBL2104932,Flumedroxone,2.0
CHEMBL221224,Chembl221224,
CHEMBL224325,Chlorquinaldol,4.0
CHEMBL2338801,Luvadaxistat,2.0
CHEMBL2358147,Carphenazine Maleate,4.0
CHEMBL2425654,Chembl2425654,
CHEMBL2442124,Chembl2442124,
CHEMBL251795,Chembl251795,
CHEMBL259247,Chembl259247,
CHEMBL3109040,Chembl3109040,
CHEMBL3186453,Chembl3186453,
CHEMBL327515,Chembl327515,
CHEMBL3353346,Chembl3353346,
CHEMBL355048,Chembl355048,
CHEMBL3582149,Chembl3582149,
CHEMBL3590674,Abt-639,2.0
CHEMBL3707372,Voxilaprevir,4.0
CHEMBL4059912,Chembl4059912,
CHEMBL4069631,Chembl4069631,
CHEMBL411278,Chembl411278,
CHEMBL4300945,Azeloprazole,1.0
CHEMBL4541964,Zatolmilast,3.0
CHEMBL4594401,Rafutrombopag,3.0
CHEMBL4594448,Iptacopan,3.0
CHEMBL4650227,Centhaquine Citrate,1.0
CHEMBL4756476,Nemtabrutinib,3.0
CHEMBL4802149,Fosciclopirox,1.0
CHEMBL5095097,Edecesertib,2.0
CHEMBL5095251,Ly-3372689,2.0
CHEMBL518383,Chembl518383,
CHEMBL521193,Chembl521193,
CHEMBL526688,Chembl526688,
CHEMBL5314561,Ulotaront Hydrochloride,1.0
CHEMBL562967,Mericitabine,2.0
CHEMBL57375,Chembl57375,
CHEMBL58792,Fluanisone,2.0
CHEMBL596583,Chembl596583,
CHEMBL6,Indomethacin,4.0
CHEMBL97893,Fosfructose,
CHEMBL99842,Chembl99842,
CHEMBL1034,Diclofenac Sodium,4.0
CHEMBL1078971,Chembl1078971,
CHEMBL1172560,Hydroxyphenyl Propionic Acid,
CHEMBL1200482,Cefoperazone Sodium,4.0
CHEMBL1200654,Benoxinate Hydrochloride,4.0
CHEMBL1201012,Flurandrenolide,4.0
CHEMBL1201327,Acetrizoic Acid,4.0
CHEMBL1201773,Prasugrel Hydrochloride,4.0
CHEMBL120979,Chembl120979,
CHEMBL1231574,Levomefolic Acid,4.0
CHEMBL1231801,Chembl1231801,
CHEMBL1254025,Nolasiban,3.0
CHEMBL1269258,Ce-326597,2.0
CHEMBL1311,Isosorbide Mononitrate,4.0
CHEMBL1622638,Tolonium,2.0
CHEMBL1673046,Chembl1673046,
CHEMBL1697753,Aspirin Dl-Lysine,3.0
CHEMBL1908377,Pyrvinium Pamoate,4.0
CHEMBL2018302,Tubastatin A,
CHEMBL2022996,Chembl2022996,
CHEMBL2051960,Carbazochrome,2.0
CHEMBL2063441,Chembl2063441,
CHEMBL209490,Chembl209490,
CHEMBL2104979,Perflubutane,3.0
CHEMBL2220295,Chembl2220295,
CHEMBL2315924,Chembl2315924,
CHEMBL259850,Ar-A014418,
CHEMBL272595,Chembl272595,
CHEMBL274536,Chembl274536,
CHEMBL279786,Batimastat,2.0
CHEMBL304428,Sb-218078,
CHEMBL3182744,Chembl3182744,
CHEMBL321582,Bucindolol,2.0
CHEMBL323542,Chembl323542,
CHEMBL3259907,Bi 224436,1.0
CHEMBL3329658,Chembl3329658,
CHEMBL3353355,Chembl3353355,
CHEMBL3394722,Chembl3394722,
CHEMBL3746329,Shr-4640,3.0
CHEMBL3769507,Chembl3769507,
CHEMBL377104,Chembl377104,
CHEMBL3988900,Zinc Oxide,4.0
CHEMBL401476,Chembl401476,
CHEMBL4073826,Chembl4073826,
CHEMBL4160754,Chembl4160754,
CHEMBL418068,Rhein,
CHEMBL4226937,Chembl4226937,
CHEMBL4277900,Crozbaciclib,2.0
CHEMBL428496,Wortmannin,
CHEMBL4297391,Disaccharide Tripeptide Glycerol Dipalmitoyl,2.0
CHEMBL4303679,Chembl4303679,
CHEMBL445472,16.Alpha.-Bromoepiandrosterone,1.0
CHEMBL4594400,Gumarontinib,2.0
CHEMBL460901,Arabinouridine 3'-Phosphate,
CHEMBL4650340,Trazpiroben,2.0
CHEMBL482193,Chembl482193,
CHEMBL504888,Methamidophos,
CHEMBL5095029,Pf-04634817,2.0
CHEMBL5095094,Culmerciclib,2.0
CHEMBL549386,Fotemustine,3.0
CHEMBL552338,Pf-3409409,
CHEMBL577144,Chembl577144,
CHEMBL595439,Chembl595439,
CHEMBL64195,Beclamide,4.0
CHEMBL770,Tolazoline,4.0
CHEMBL7890,L-Name,2.0
CHEMBL829,Methylpromazine,4.0
CHEMBL84158,Tiapride,3.0
CHEMBL89598,Vigabatrin,4.0
CHEMBL96433,Chembl96433,
CHEMBL100239,Tcmdc-131943,
CHEMBL1080585,Chembl1080585,
CHEMBL115824,1-Deaza-Adenosine,
CHEMBL1160200,Chembl1160200,
CHEMBL1186579,Methylnaltrexone,4.0
CHEMBL118865,Spiradoline,2.0
CHEMBL1200621,Gemifloxacin Mesylate,4.0
CHEMBL1200763,Iodohippurate Sodium I 131,4.0
CHEMBL1230062,Chembl1230062,
CHEMBL1231124,Azd-1480,2.0
CHEMBL1235157,Pentabromophenol,
CHEMBL1235452,Sulfur,4.0
CHEMBL1235660,Chembl1235660,
CHEMBL1276010,Undecylenic Acid,-1.0
CHEMBL135492,Chembl135492,
CHEMBL142438,Nitrogen,4.0
CHEMBL1442934,Safingol,2.0
CHEMBL1488165,Pidotimod,2.0
CHEMBL1566956,Troxipide,2.0
CHEMBL1608982,Chembl1608982,
CHEMBL1753,Clindamycin,4.0
CHEMBL1779533,Chembl1779533,
CHEMBL187264,Chembl187264,
CHEMBL2051956,Dexniguldipine,2.0
CHEMBL2103831,Naproxcinod,3.0
CHEMBL2103882,Tivantinib,3.0
CHEMBL210593,Chembl210593,
CHEMBL2107339,Esmirtazapine Maleate,3.0
CHEMBL2107380,Umirolimus,2.0
CHEMBL2107777,Satavaptan,3.0
CHEMBL217941,Chembl217941,
CHEMBL2381116,Chembl2381116,
CHEMBL2393171,Chembl2393171,
CHEMBL240963,Lawsone,
CHEMBL243823,Chembl243823,
CHEMBL252556,Idebenone,4.0
CHEMBL270271,Etaconazole,1.0
CHEMBL274654,Orantinib,3.0
CHEMBL299233,Talopram,-1.0
CHEMBL3110303,Chembl3110303,
CHEMBL3187683,Arundic Acid,2.0
CHEMBL340813,Nu-6086,
CHEMBL3427435,Ctt-1057,3.0
CHEMBL3590121,Chembl3590121,
CHEMBL362148,Thiazolidin-(2E)-Ylideneamine,
CHEMBL364282,Chembl364282,
CHEMBL379000,Chembl379000,
CHEMBL3813873,Pexidartinib,4.0
CHEMBL3989496,Tezacitabine,2.0
CHEMBL3989794,Daglutril,2.0
CHEMBL3989819,Naxifylline,2.0
CHEMBL404849,Suloctidil,4.0
CHEMBL406393,Deoxycholic Acid,4.0
CHEMBL4297297,Kp-1461,2.0
CHEMBL4297669,Phosphatidyl Serine,2.0
CHEMBL446036,Malonaldehyde,
CHEMBL458767,Sr-12813,
CHEMBL4594301,Remimazolam Besylate,4.0
CHEMBL479527,Torcetrapib,3.0
CHEMBL486696,Domiphen Bromide,4.0
CHEMBL497,Clioquinol,4.0
CHEMBL52564,O-Coumaric Acid,
CHEMBL5314377,Ganirelix Acetate,4.0
CHEMBL5314966,Spg-302,1.0
CHEMBL53292,Isoxicam,4.0
CHEMBL540695,Chembl540695,
CHEMBL556667,N-(3-Chlorophenyl)Picolinamide,
CHEMBL575,Methicillin,4.0
CHEMBL618,4-Chloro-Benzoic Acid,
CHEMBL65,Camptothecin,-1.0
CHEMBL69863,Piceatannol,
CHEMBL88223,Chembl88223,
CHEMBL98669,Chembl98669,
CHEMBL1043,Dapsone,4.0
CHEMBL1200340,Oseltamivir Phosphate,4.0
CHEMBL1200647,Candicidin,4.0
CHEMBL1200715,Hexylcaine Hydrochloride,4.0
CHEMBL1200769,Tripelennamine Citrate,4.0
CHEMBL1200963,Bimatoprost,4.0
CHEMBL1201152,Nalmefene Hydrochloride,4.0
CHEMBL1201204,Cefpiramide,4.0
CHEMBL1201275,Isosulfan Blue,4.0
CHEMBL1213371,Chembl1213371,
CHEMBL122270,Lobeline,2.0
CHEMBL1232157,Chembl1232157,
CHEMBL1256994,Citicoline Sodium,3.0
CHEMBL135287,Chembl135287,
CHEMBL1475252,Tenatoprazole,2.0
CHEMBL153585,Indenolol,2.0
CHEMBL1583,Bacampicillin,4.0
CHEMBL1628233,Fluorescein Sodium,4.0
CHEMBL1650443,Trelagliptin,4.0
CHEMBL1794791,Oxaloacetate,2.0
CHEMBL1908397,Kw-2449,1.0
CHEMBL2103794,Anamorelin Hydrochloride,3.0
CHEMBL2103959,Gitoformate,2.0
CHEMBL2104783,Iopentol,2.0
CHEMBL2107386,Vorapaxar Sulfate,4.0
CHEMBL2110781,Chlorbenzoxamine,2.0
CHEMBL2111112,Vernakalant,4.0
CHEMBL2165615,Nerigliatin,2.0
CHEMBL225071,Raltitrexed,4.0
CHEMBL2315927,Chembl2315927,
CHEMBL2334760,6-Aza-Thq,
CHEMBL234580,Chembl234580,
CHEMBL237337,Chembl237337,
CHEMBL2396661,Alpelisib,4.0
CHEMBL244243,Srx246,2.0
CHEMBL247399,Chembl247399,
CHEMBL253359,Chembl253359,
CHEMBL258202,Bms-640994,
CHEMBL260629,Chembl260629,
CHEMBL273158,Chembl273158,
CHEMBL3186422,Chembl3186422,
CHEMBL3298923,Chembl3298923,
CHEMBL3301601,Verubecestat,3.0
CHEMBL3301622,Gilteritinib,4.0
CHEMBL3301845,Safrazine,-1.0
CHEMBL3408384,Chembl3408384,
CHEMBL3545163,Amp579,2.0
CHEMBL356700,Chembl356700,
CHEMBL3707219,Remetinostat,2.0
CHEMBL3758634,Chembl3758634,
CHEMBL376408,Abt 737,1.0
CHEMBL380888,Chembl380888,
CHEMBL3883761,Chembl3883761,
CHEMBL401473,Chembl401473,
CHEMBL4245766,Chembl4245766,
CHEMBL4249925,Chembl4249925,
CHEMBL4297457,Bms-823778,2.0
CHEMBL4297481,Ak-106,2.0
CHEMBL4298158,Onvansertib Fumarate,1.0
CHEMBL431210,Bb-3497,
CHEMBL4650218,Danuglipron Tromethamine,1.0
CHEMBL480329,3'-Datp,
CHEMBL508583,Trodusquemine,2.0
CHEMBL509101,Chembl509101,
CHEMBL514215,Jhu-75528,1.0
CHEMBL5190401,Chembl5190401,
CHEMBL522891,Chembl522891,
CHEMBL5314485,Rovadicitinib,2.0
CHEMBL5314490,Tivumecirnon,2.0
CHEMBL5314578,Vortioxetine Hemihydrobromide,1.0
CHEMBL5314585,Gamcemetinib,2.0
CHEMBL5314964,Abiraterone Decanoate,1.0
CHEMBL559401,Chembl559401,
CHEMBL609109,Thioproperazine,2.0
CHEMBL64676,Chembl64676,
CHEMBL688,Fentanyl Citrate,4.0
CHEMBL7492,Piritrexim,2.0
CHEMBL84242,Chembl84242,
CHEMBL1029,Miglustat,4.0
CHEMBL1045,Phthalic Acid,
CHEMBL1083203,Vu0366369,
CHEMBL108483,Chembl108483,
CHEMBL1091698,Chembl1091698,
CHEMBL1097893,Chembl1097893,
CHEMBL1104,Edrophonium,4.0
CHEMBL112235,Chembl112235,
CHEMBL1144,Pravastatin,4.0
CHEMBL1160695,Chembl1160695,
CHEMBL1200330,Pilocarpine Hydrochloride,4.0
CHEMBL1201071,Tetracycline Phosphate Complex,4.0
CHEMBL1207358,Orotidine Monophosphate,
CHEMBL1256391,Pirfenidone,4.0
CHEMBL1371770,Piribedil,4.0
CHEMBL1401,Nitazoxanide,4.0
CHEMBL1512080,Methisazone,2.0
CHEMBL151803,Sulbentine,2.0
CHEMBL1624126,Xanthinol,4.0
CHEMBL1650818,Amdinocillin Pivoxil,4.0
CHEMBL1652465,Gs-9191,1.0
CHEMBL1689279,Chembl1689279,
CHEMBL1893554,Furazabol,2.0
CHEMBL197589,Lg-190178,
CHEMBL2068884,Sodium Gluconate,4.0
CHEMBL2104184,Brasofensine,2.0
CHEMBL2104423,Narasin,2.0
CHEMBL2105613,Divalproex Sodium,4.0
CHEMBL2110824,Buserelin,4.0
CHEMBL211769,Chembl211769,
CHEMBL219973,Chembl219973,
CHEMBL2216824,Chembl2216824,
CHEMBL2219536,Mipomersen,4.0
CHEMBL2311578,Chembl2311578,
CHEMBL2323775,Mk-8033,1.0
CHEMBL266564,Tiliroside,
CHEMBL307500,Chembl307500,
CHEMBL3099695,Osilodrostat,4.0
CHEMBL3103040,Chembl3103040,
CHEMBL31088,Deoxiepinephrine,
CHEMBL311932,Chembl311932,
CHEMBL323533,Equilin,-1.0
CHEMBL325414,Chembl325414,
CHEMBL329091,Besifovir,3.0
CHEMBL3329675,Chembl3329675,
CHEMBL3353410,Osimertinib,4.0
CHEMBL336786,Chembl336786,
CHEMBL337577,Chembl337577,
CHEMBL3422063,Chembl3422063,
CHEMBL3527358,Ppi-2458,1.0
CHEMBL3691737,Chembl3691737,
CHEMBL3696475,Mk-7145,1.0
CHEMBL3704901,Zunsemetinib,2.0
CHEMBL389029,Lividomycin,2.0
CHEMBL3989931,Enasidenib Mesylate,4.0
CHEMBL3989959,Nacubactam,3.0
CHEMBL4206442,Chembl4206442,
CHEMBL4208685,Chembl4208685,
CHEMBL4249798,Chembl4249798,
CHEMBL433990,Chembl433990,
CHEMBL458997,Chembl458997,
CHEMBL4594421,Deutenzalutamide,3.0
CHEMBL4596566,Vamifeport,2.0
CHEMBL4650216,Daridorexant Hydrochloride,4.0
CHEMBL467,Hydroxyurea,4.0
CHEMBL469449,L-Fucose,3.0
CHEMBL4754195,Chembl4754195,
CHEMBL476937,Emd-486019,
CHEMBL4781145,Chembl4781145,
CHEMBL483991,Chembl483991,
CHEMBL490672,Filibuvir,3.0
CHEMBL509406,Chembl509406,
CHEMBL5095259,Alogabat,2.0
CHEMBL5095406,Branaplam Hydrochloride,1.0
CHEMBL509941,Chembl509941,
CHEMBL515914,Azaribine,4.0
CHEMBL519160,Chembl519160,
CHEMBL5315122,Bortezomib D-Mannitol,4.0
CHEMBL550755,Forodesine Hydrochloride,2.0
CHEMBL646,Triazolam,4.0
CHEMBL75680,Aloisine A,
CHEMBL95431,Carboxyamidotriazole,3.0
CHEMBL1085587,Chembl1085587,
CHEMBL114070,Dinitrophenylene,
CHEMBL1160965,Phenylalanylaminodi(Ethyloxy)Ethyl Benzenesulfonamideaminocarbonylbenzenesulfonamide,
CHEMBL1193948,Amibegron,3.0
CHEMBL1200596,Chloroxine,4.0
CHEMBL1200681,Montelukast Sodium,4.0
CHEMBL1201290,Potassium,3.0
CHEMBL1221649,Chembl1221649,
CHEMBL1229868,Sc-77774,
CHEMBL1230001,Chembl1230001,
CHEMBL1234593,Chembl1234593,
CHEMBL125362,Chembl125362,
CHEMBL1255891,Narlaprevir,3.0
CHEMBL1284,"3,4-Dihydroxyphenylacetic Acid ",
CHEMBL1287935,Verucerfont,2.0
CHEMBL1393,Spironolactone,4.0
CHEMBL1406148,Tricaprilin,3.0
CHEMBL1455,Altretamine,4.0
CHEMBL1510,Eletriptan,4.0
CHEMBL153057,L-165041,
CHEMBL1651470,Chembl1651470,
CHEMBL1652442,Piperaquine Tetraphosphate,1.0
CHEMBL1697845,Norethandrolone,3.0
CHEMBL1767407,Denufosol Tetrasodium,3.0
CHEMBL177,Amikacin,4.0
CHEMBL178862,Anetholtrithion,-1.0
CHEMBL180071,Chembl180071,
CHEMBL180672,Nps-2143,
CHEMBL189963,Palbociclib,4.0
CHEMBL1941052,Chembl1941052,
CHEMBL1952401,Chembl1952401,
CHEMBL195393,Chembl195393,
CHEMBL200435,Chembl200435,
CHEMBL202932,Chembl202932,
CHEMBL2029988,Cep-32496,2.0
CHEMBL2032049,Chembl2032049,
CHEMBL2104514,Arginine Glutamate,3.0
CHEMBL2105748,Prucalopride Succinate,4.0
CHEMBL2111187,Radium Dichloride,4.0
CHEMBL213661,Chembl213661,
CHEMBL22150,Chlorcyclizine,2.0
CHEMBL227529,Alogliptin Benzoate,4.0
CHEMBL2403840,Chembl2403840,
CHEMBL2408243,Chembl2408243,
CHEMBL257978,Dabuzalgron,2.0
CHEMBL26424,Tesmilifene,2.0
CHEMBL270306,Chembl270306,
CHEMBL27551,Trichloro-Acetaldehyde,
CHEMBL288436,Chembl288436,
CHEMBL3098771,Uab-30,1.0
CHEMBL3105228,Chembl3105228,
CHEMBL314437,Meptazinol,4.0
CHEMBL3301608,Lanopepden,2.0
CHEMBL3305965,Chembl3305965,
CHEMBL3360525,Chembl3360525,
CHEMBL3422790,Chembl3422790,
CHEMBL345292,Chembl345292,
CHEMBL3707446,Rivipansel,3.0
CHEMBL37387,Bropirimine,2.0
CHEMBL3753077,Chembl3753077,
CHEMBL3793226,Gsk-945237,1.0
CHEMBL395291,Chembl395291,
CHEMBL3989677,Hydrocodone Bitartrate,4.0
CHEMBL3989873,Piclidenoson,3.0
CHEMBL404216,Tofisopam,2.0
CHEMBL409450,6Bio,
CHEMBL41194,Pratosartan,2.0
CHEMBL419362,Ro-264550,
CHEMBL428,Trovafloxacin,4.0
CHEMBL4284414,Chembl4284414,
CHEMBL428963,Chembl428963,
CHEMBL4303309,Cx-5461,1.0
CHEMBL4443062,Chembl4443062,
CHEMBL444929,Squalamine,3.0
CHEMBL448297,Sakuranetin,
CHEMBL471466,Chembl471466,
CHEMBL481949,Zapnometinib,2.0
CHEMBL48361,Dabigatran,3.0
CHEMBL491429,Chembl491429,
CHEMBL495990,Chembl495990,
CHEMBL5095164,Osunprotafib,2.0
CHEMBL514800,Apremilast,4.0
CHEMBL5314426,Potassium Magnesium Citrate (4:1:2),2.0
CHEMBL5314968,Unecritinib,2.0
CHEMBL559180,Isoxsuprine Hydrochloride,4.0
CHEMBL574234,Chembl574234,
CHEMBL583912,(-)-Epicatechin,2.0
CHEMBL6685,Chembl6685,
CHEMBL689,Mannitol,4.0
CHEMBL70927,Deferiprone,4.0
CHEMBL849,Triclosan,4.0
CHEMBL92361,Cgp-029482,
CHEMBL9940,Nsc-601316,
CHEMBL1017,Telmisartan,4.0
CHEMBL1097106,Chembl1097106,
CHEMBL111,Rimonabant,4.0
CHEMBL1111,Ambrisentan,4.0
CHEMBL11672,Roquinimex,2.0
CHEMBL1184,Acetylcholine Chloride,4.0
CHEMBL1200977,Milrinone Lactate,4.0
CHEMBL1201013,Olsalazine Sodium,4.0
CHEMBL1201159,Fentanyl Hydrochloride,4.0
CHEMBL1201218,Cefamandole Nafate,4.0
CHEMBL1201300,Iothalamic Acid,4.0
CHEMBL1230988,Chembl1230988,
CHEMBL1235116,Chembl1235116,
CHEMBL1323944,Chembl1323944,
CHEMBL134354,Chembl134354,
CHEMBL1474129,Clorsulon,2.0
CHEMBL1565476,Apazone,4.0
CHEMBL1567,Sunitinib Malate,4.0
CHEMBL15967,Pyrazole,
CHEMBL161,Ceftriaxone,4.0
CHEMBL1615372,Lurasidone Hydrochloride,4.0
CHEMBL1625,Oxybenzone,4.0
CHEMBL1696,Desipramine Hydrochloride,4.0
CHEMBL1718,Naloxone Hydrochloride,4.0
CHEMBL191910,Chembl191910,
CHEMBL207554,Chembl207554,
CHEMBL2105161,Nicoboxil,3.0
CHEMBL2107636,Cefazedone,2.0
CHEMBL210791,Chembl210791,
CHEMBL2110587,Tasisulam,3.0
CHEMBL2177636,Chembl2177636,
CHEMBL2216830,Chembl2216830,
CHEMBL2338397,Crenigacestat,2.0
CHEMBL2362410,Landiolol Hydrochloride,3.0
CHEMBL2386802,Chembl2386802,
CHEMBL258040,Chembl258040,
CHEMBL259420,Chembl259420,
CHEMBL283120,Axl-1717,2.0
CHEMBL295698,Levoketoconazole,4.0
CHEMBL307782,3-Aminobenzoic Acid,
CHEMBL3109802,Tba-7371,2.0
CHEMBL3137317,Sonidegib Phosphate,4.0
CHEMBL3236073,Chembl3236073,
CHEMBL327097,Chembl327097,
CHEMBL3392776,C-188-9,2.0
CHEMBL352531,4-Nitro-Biphenyl,
CHEMBL3545184,Velcalcetide,4.0
CHEMBL3653256,Siremadlin,2.0
CHEMBL3707362,Dimethylaminopropionylphenothiazine,-1.0
CHEMBL374361,2'-Deoxy-Utp,
CHEMBL3747256,Chembl3747256,
CHEMBL3974629,Chembl3974629,
CHEMBL401377,Chembl401377,
CHEMBL4068108,Cp-461,2.0
CHEMBL4176464,Chembl4176464,
CHEMBL4239569,Chembl4239569,
CHEMBL4297280,Etarfolatide,2.0
CHEMBL4297334,Piflufolastat F18,4.0
CHEMBL4297470,Max-40279,2.0
CHEMBL4297528,Risdiplam,4.0
CHEMBL43,Amsacrine,4.0
CHEMBL444965,Ethaneperoxoic Acid,
CHEMBL44857,Acetic Acid Propyl Ester,
CHEMBL452800,A-620223,
CHEMBL47050,Penfluridol,2.0
CHEMBL478409,Chembl478409,
CHEMBL4802043,Msc-4381,
CHEMBL485940,Sulfametomidine,2.0
CHEMBL496102,Amg-208,2.0
CHEMBL496574,Chembl496574,
CHEMBL503160,Fumaric Acid,4.0
CHEMBL5095177,Ds-2248,1.0
CHEMBL523395,Gw9371,
CHEMBL5314402,Tc-6987,2.0
CHEMBL65567,Creatinine,3.0
CHEMBL79993,Z-Pro-Prolinal,
CHEMBL101683,Chembl101683,
CHEMBL1160160,Rose Bengal,
CHEMBL1186581,Rti-336,1.0
CHEMBL1200342,Paramethasone Acetate,4.0
CHEMBL1200479,Dicyclomine Hydrochloride,4.0
CHEMBL1200807,Norelgestromin,4.0
CHEMBL1201121,Hetacillin Potassium,4.0
CHEMBL1214192,Bemegride,2.0
CHEMBL1233316,Chembl1233316,
CHEMBL1233584,Isoleucine,2.0
CHEMBL123440,Chembl123440,
CHEMBL1257840,Chembl1257840,
CHEMBL1303,Rotigotine,4.0
CHEMBL1489254,Triacetin,2.0
CHEMBL1725,Iopromide,4.0
CHEMBL1778663,Chembl1778663,
CHEMBL184410,Chembl184410,
CHEMBL189607,Chembl189607,
CHEMBL191275,Chembl191275,
CHEMBL195723,Chembl195723,
CHEMBL2003538,Cetylpyridinium Chloride,4.0
CHEMBL2027925,Capeserod,2.0
CHEMBL2078834,Chembl2078834,
CHEMBL2105606,Desaspidin,2.0
CHEMBL2107767,Paliroden,2.0
CHEMBL211274,Chembl211274,
CHEMBL21333,Pranlukast,4.0
CHEMBL2164354,Chembl2164354,
CHEMBL2177736,Biib-057,
CHEMBL2325100,Chembl2325100,
CHEMBL2364612,Latanoprostene Bunod,4.0
CHEMBL2393448,Chembl2393448,
CHEMBL269538,Harmine,1.0
CHEMBL271941,Chembl271941,
CHEMBL292963,Minalrestat,
CHEMBL3039594,Gentamicin Sulfate,4.0
CHEMBL306380,Chembl306380,
CHEMBL307820,Chembl307820,
CHEMBL3085436,Viomycin,4.0
CHEMBL3137328,Orilotimod Potassium,2.0
CHEMBL3218576,Copanlisib,4.0
CHEMBL3422075,Chembl3422075,
CHEMBL3422086,Chembl3422086,
CHEMBL3422092,Chembl3422092,
CHEMBL3545123,Pibrentasvir,4.0
CHEMBL3623004,Azd-9496,1.0
CHEMBL3785197,Obicetrapib,3.0
CHEMBL3819019,Chembl3819019,
CHEMBL398110,"Uk-396,082",1.0
CHEMBL398428,Chembl398428,
CHEMBL399486,Chembl399486,
CHEMBL4101807,Voxelotor,4.0
CHEMBL4104572,Chembl4104572,
CHEMBL411879,Latrunculin B,
CHEMBL420671,Chembl420671,
CHEMBL4207750,Chembl4207750,
CHEMBL4227113,Chembl4227113,
CHEMBL4289811,Chembl4289811,
CHEMBL4297181,Samotolisib,2.0
CHEMBL4297257,Albuvirtide,3.0
CHEMBL4297591,Fosmanogepix,2.0
CHEMBL4297667,Citrulline Malate,0.5
CHEMBL439044,Chembl439044,
CHEMBL448,Pentobarbital,4.0
CHEMBL4594291,Taniborbactam Hydrochloride,1.0
CHEMBL4594453,Tenofovir Disoproxil Aspartate,3.0
CHEMBL478381,Chembl478381,
CHEMBL485259,Eucalyptol,3.0
CHEMBL485659,Prednisolone Hemisuccinate,-1.0
CHEMBL5095397,Imlunestrant Tosylate,1.0
CHEMBL5201510,Fipravirimat,2.0
CHEMBL5267842,Paltusotine,3.0
CHEMBL5314591,Feniralstat Hydrochloride,1.0
CHEMBL553025,Vinorelbine,4.0
CHEMBL565,Clofibrate,4.0
CHEMBL592435,Derenofylline,2.0
CHEMBL74355,Volinanserin,3.0
CHEMBL744,Riluzole,4.0
CHEMBL817,Tolazamide,4.0
CHEMBL101,Phenylbutazone,4.0
CHEMBL101541,Chembl101541,
CHEMBL1027,Tiagabine,4.0
CHEMBL1054,Trichlormethiazide,4.0
CHEMBL1075,Moricizine,4.0
CHEMBL1077291,Chembl1077291,
CHEMBL1138,Ezetimibe,4.0
CHEMBL1160593,Chembl1160593,
CHEMBL1185245,Chembl1185245,
CHEMBL1200750,Promethazine Hydrochloride,4.0
CHEMBL1200821,Propyliodone,4.0
CHEMBL1205452,Chembl1205452,
CHEMBL1208,Cinoxacin,4.0
CHEMBL1215331,Pf-03882845,1.0
CHEMBL1237055,Hydromorphone Hydrochloride,4.0
CHEMBL1256786,Formoterol,4.0
CHEMBL1257015,Picotamide,4.0
CHEMBL1275682,Chembl1275682,
CHEMBL127907,Whi-P180,
CHEMBL129482,(+)-Epicatechin,2.0
CHEMBL134561,Iclaprim,3.0
CHEMBL140827,Chembl140827,
CHEMBL1441,Ethionamide,4.0
CHEMBL195560,Isophenoxodiol,3.0
CHEMBL2030402,Chembl2030402,
CHEMBL2040682,Ciclesonide,4.0
CHEMBL209148,Bms-509744,
CHEMBL2103832,Pardoprunox,3.0
CHEMBL2103842,Varlitinib,2.0
CHEMBL2104149,Bezitramide,2.0
CHEMBL2105401,Tioclomarol,2.0
CHEMBL2107319,Canfosfamide Hydrochloride,3.0
CHEMBL2107366,Rezatomidine,2.0
CHEMBL2178100,Glpg0492,1.0
CHEMBL2178271,Chembl2178271,
CHEMBL237786,Chembl237786,
CHEMBL2386905,Chembl2386905,
CHEMBL2387742,Cannabidivarin,2.0
CHEMBL282837,Chembl282837,
CHEMBL29714,Chembl29714,
CHEMBL310413,Chembl310413,
CHEMBL3185133,Chembl3185133,
CHEMBL3188993,Quetiapine Fumarate,4.0
CHEMBL32838,Fumagillin,2.0
CHEMBL331372,Cgs-21680,
CHEMBL3353359,Chembl3353359,
CHEMBL3422072,Chembl3422072,
CHEMBL3422788,Chembl3422788,
CHEMBL353972,Atipamezole,2.0
CHEMBL356388,Etazolate,2.0
CHEMBL3715431,Chembl3715431,
CHEMBL3822503,Exeporfinium Chloride,2.0
CHEMBL3905910,Voruciclib,2.0
CHEMBL393949,Chembl393949,
CHEMBL394875,Chembl394875,
CHEMBL3990456,Chembl3990456,
CHEMBL403350,Chembl403350,
CHEMBL409153,Isavuconazole,3.0
CHEMBL41,Fluoxetine,4.0
CHEMBL412142,Laduviglusib,1.0
CHEMBL41286,Diacerein,4.0
CHEMBL4216044,Chembl4216044,
CHEMBL421615,Chembl421615,
CHEMBL4250280,Chembl4250280,
CHEMBL429585,Chembl429585,
CHEMBL4297402,Vp-14637,1.0
CHEMBL4298150,Siponimod Fumaric Acid,4.0
CHEMBL435381,Cimicoxib,2.0
CHEMBL440510,Chembl440510,
CHEMBL451,Chlordiazepoxide,4.0
CHEMBL455136,Almorexant,3.0
CHEMBL498051,Chembl498051,
CHEMBL500,Pindolol,4.0
CHEMBL514503,Chembl514503,
CHEMBL529,Azithromycin,4.0
CHEMBL5314456,Dazostinag,2.0
CHEMBL5314969,Tsn-084,1.0
CHEMBL55214,Neridronic Acid,3.0
CHEMBL559,Dextrothyroxine,4.0
CHEMBL573107,Bi-D1870,
CHEMBL591665,Sodium Ascorbate,4.0
CHEMBL596426,Chembl596426,
CHEMBL601660,Chembl601660,
CHEMBL661,Alprazolam,4.0
CHEMBL66879,Coumaric Acid,
CHEMBL7917,Tyrphostin Ag-1478,
CHEMBL834,Pamidronic Acid,4.0
CHEMBL855,Triprolidine,4.0
CHEMBL93836,Valpromide,2.0
CHEMBL104829,"Furo[2,3D]Pyrimidine Antifolate",
CHEMBL110971,Chembl110971,
CHEMBL1200644,Fondaparinux Sodium,4.0
CHEMBL1201244,Rocuronium,4.0
CHEMBL1231486,Chembl1231486,
CHEMBL1233085,Phosphoaminophosphonic Acid Guanylate Ester,
CHEMBL1234135,Chembl1234135,
CHEMBL1271443,Chembl1271443,
CHEMBL132966,Rivanicline,2.0
CHEMBL138806,Chembl138806,
CHEMBL144527,4-(4-Fluorobenzyl)Piperidine,
CHEMBL1454910,Nitroxoline,2.0
CHEMBL15511,Enrofloxacin,2.0
CHEMBL1651476,Chembl1651476,
CHEMBL1714,Ketamine Hydrochloride,4.0
CHEMBL1800685,Pptn,
CHEMBL1834184,Bi 99179,
CHEMBL191974,Chembl191974,
CHEMBL203567,Ro-3201195,1.0
CHEMBL2042273,Vicagrel,1.0
CHEMBL2048846,Chembl2048846,
CHEMBL2103802,Dapagliflozin Propanediol,4.0
CHEMBL2103815,Larazotide Acetate,3.0
CHEMBL2110579,Anamorelin,3.0
CHEMBL2152944,Skepinone-L,
CHEMBL2160007,Psi-352938,2.0
CHEMBL2178352,Chembl2178352,
CHEMBL217914,Chembl217914,
CHEMBL2180984,Chembl2180984,
CHEMBL232201,Benziodarone,4.0
CHEMBL232557,Chembl232557,
CHEMBL2326966,Sf-1126,2.0
CHEMBL23330,Tretazicar,2.0
CHEMBL2376667,Chembl2376667,
CHEMBL2381694,Chembl2381694,
CHEMBL2393186,Chembl2393186,
CHEMBL2409775,Chembl2409775,
CHEMBL244888,Nifuroxazide,4.0
CHEMBL253710,Chembl253710,
CHEMBL273807,Mrs-1754,
CHEMBL281593,Guanidino Acetate,
CHEMBL3109042,Chembl3109042,
CHEMBL3545237,He3235,1.0
CHEMBL3594105,Chembl3594105,
CHEMBL3707247,Ozanimod,4.0
CHEMBL3746923,Chembl3746923,
CHEMBL3759201,Chembl3759201,
CHEMBL381624,Chembl381624,
CHEMBL3833301,Barbexaclone,4.0
CHEMBL3989529,Ethanolamine Oleate,4.0
CHEMBL3989892,Clopenthixol,
CHEMBL4062453,Chembl4062453,
CHEMBL406643,Chembl406643,
CHEMBL4070033,Chembl4070033,
CHEMBL4215326,Chembl4215326,
CHEMBL435191,Edotecarin,3.0
CHEMBL4435170,Deucravacitinib,4.0
CHEMBL448500,Phenylethyl Alcohol,-1.0
CHEMBL4552060,Chembl4552060,
CHEMBL4650321,Orelabrutinib,3.0
CHEMBL4650365,Camizestrant,3.0
CHEMBL477563,Chembl477563,
CHEMBL4776719,Tebideutorexant,2.0
CHEMBL4802239,Mobocertinib Succinate,4.0
CHEMBL5095220,Saruparib,2.0
CHEMBL523991,Chembl523991,
CHEMBL5314970,Vad-044,1.0
CHEMBL596591,Chembl596591,
CHEMBL64894,Gentian Violet,4.0
CHEMBL98123,Papaverine Hydrochloride,4.0
CHEMBL1091250,Indigotindisulfonate,4.0
CHEMBL1097279,Cangrelor Tetrasodium,4.0
CHEMBL1160597,Chembl1160597,
CHEMBL1200338,Pinacidil,4.0
CHEMBL1200981,Epirubicin Hydrochloride,4.0
CHEMBL1201346,Balsalazide,4.0
CHEMBL1223207,Chembl1223207,
CHEMBL1229516,Chembl1229516,
CHEMBL1230961,Apramycin,
CHEMBL1232445,17-Epiestriol,
CHEMBL1232673,4-Fluorobenzenesulfonamide,
CHEMBL1232973,Chembl1232973,
CHEMBL1234781,Naphthyloxyacetic Acid,
CHEMBL1272250,Chembl1272250,
CHEMBL13,Metoprolol,4.0
CHEMBL142464,Cgc-11047,2.0
CHEMBL1502047,Chembl1502047,
CHEMBL1573436,Chembl1573436,
CHEMBL1611,Phenytoin Sodium,4.0
CHEMBL1617726,Chembl1617726,
CHEMBL1644695,Sodium Iodide,4.0
CHEMBL1655,Toremifene,4.0
CHEMBL1684590,Chembl1684590,
CHEMBL1765463,Chembl1765463,
CHEMBL206031,Brecanavir,2.0
CHEMBL2107384,Vicriviroc Maleate,3.0
CHEMBL2110666,Denagliptin,2.0
CHEMBL2178134,Chembl2178134,
CHEMBL222287,Ibogaine,2.0
CHEMBL2315937,Chembl2315937,
CHEMBL235668,Tipiracil,4.0
CHEMBL236345,Mgb-Bp-3,2.0
CHEMBL244342,Chembl244342,
CHEMBL272251,Chembl272251,
CHEMBL29919,Elpetrigine,2.0
CHEMBL311498,Cianidanol,4.0
CHEMBL312598,Chembl312598,
CHEMBL332230,Chembl332230,
CHEMBL3326006,Chembl3326006,
CHEMBL3544944,Bms-863233,2.0
CHEMBL3544981,Tavilermide,3.0
CHEMBL3545305,Cibinetide,2.0
CHEMBL3545328,Xl-019,1.0
CHEMBL370347,Chembl370347,
CHEMBL3770459,Lenrispodun Phosphate,1.0
CHEMBL3989406,Enalaprilat,4.0
CHEMBL3989933,Etrasimod Arginine,4.0
CHEMBL4163691,Poseltinib,2.0
CHEMBL4237255,Chembl4237255,
CHEMBL425783,Chembl425783,
CHEMBL4295247,Chembl4295247,
CHEMBL4296683,Chembl4296683,
CHEMBL4297849,Bamocaftor,3.0
CHEMBL445236,Argadin,
CHEMBL452587,Chembl452587,
CHEMBL461101,Eltrombopag,4.0
CHEMBL474651,Chembl474651,
CHEMBL477,Adenosine,4.0
CHEMBL4789639,Bms-986202,1.0
CHEMBL493656,Chembl493656,
CHEMBL493974,Chembl493974,
CHEMBL5095049,Pacritinib Citrate,4.0
CHEMBL5095091,Basroparib,2.0
CHEMBL509544,Chembl509544,
CHEMBL5314394,Sb-773812,2.0
CHEMBL5314531,Nedometinib,2.0
CHEMBL53950,Incadronic Acid,2.0
CHEMBL551717,Chembl551717,
CHEMBL967,Temazepam,4.0
CHEMBL1108,Droperidol,4.0
CHEMBL1164729,Febuxostat,4.0
CHEMBL1200359,Sulfameter,4.0
CHEMBL1200377,Amphetamine Aspartate,4.0
CHEMBL1213492,Givinostat,3.0
CHEMBL124470,Chembl124470,
CHEMBL142130,Cyproterone,0.5
CHEMBL1475,Trioxsalen,4.0
CHEMBL158766,Chembl158766,
CHEMBL1589,Acetohexamide,4.0
CHEMBL1628698,Bgc-20-1531 Free Base,2.0
CHEMBL1630563,Tba-354,1.0
CHEMBL1651489,Chembl1651489,
CHEMBL165372,Chembl165372,
CHEMBL1697851,Thiopropazate,4.0
CHEMBL1723,Alfuzosin Hydrochloride,4.0
CHEMBL174,Ampicillin,4.0
CHEMBL1742423,Bilastine,4.0
CHEMBL1796763,Chembl1796763,
CHEMBL1822792,Mk-2461,2.0
CHEMBL1852688,Infigratinib,4.0
CHEMBL1946266,Chembl1946266,
CHEMBL2028019,Cariprazine,4.0
CHEMBL2043437,Glasdegib,4.0
CHEMBL204997,Chembl204997,
CHEMBL2074922,Efonidipine,2.0
CHEMBL2104038,Cilexetil,3.0
CHEMBL2107574,Timepidium Bromide,2.0
CHEMBL2110670,Vabicaserin,2.0
CHEMBL2152264,Chembl2152264,
CHEMBL2178349,Chembl2178349,
CHEMBL218650,Delamanid,4.0
CHEMBL221633,Chembl221633,
CHEMBL232202,Arbutin,2.0
CHEMBL240530,Chembl240530,
CHEMBL249837,Methacycline,4.0
CHEMBL251739,Chembl251739,
CHEMBL270342,Chembl270342,
CHEMBL270368,Chembl270368,
CHEMBL289277,Emodin,
CHEMBL307189,Chembl307189,
CHEMBL322241,Telinavir,2.0
CHEMBL3236636,Chembl3236636,
CHEMBL3319604,Chembl3319604,
CHEMBL3392845,Chembl3392845,
CHEMBL3408957,Chembl3408957,
CHEMBL3545029,Abt-288,2.0
CHEMBL357021,Tricyclazole,
CHEMBL3612507,Chembl3612507,
CHEMBL3678076,Evenamide,2.0
CHEMBL3700052,Chembl3700052,
CHEMBL3707320,Alectinib Hydrochloride,4.0
CHEMBL3833350,Magaldrate,4.0
CHEMBL3907479,Fgfr Inhibitor Debio 1347,2.0
CHEMBL3962812,Chembl3962812,
CHEMBL3989562,Terazosin Hydrochloride,4.0
CHEMBL3989570,Hyoscyamine Sulfate,4.0
CHEMBL403741,4-Phenylenediamine,
CHEMBL406572,Chembl406572,
CHEMBL4068490,Chembl4068490,
CHEMBL422395,Chembl422395,
CHEMBL4228124,Org-25935,2.0
CHEMBL4288947,Chembl4288947,
CHEMBL4303201,Catequentinib,3.0
CHEMBL4439321,Atuveciclib,1.0
CHEMBL4521594,Bay-1797,
CHEMBL4748407,Chembl4748407,
CHEMBL478402,Chembl478402,
CHEMBL492320,Chembl492320,
CHEMBL509027,Chembl509027,
CHEMBL51483,Gossypol,3.0
CHEMBL52333,Rolofylline,3.0
CHEMBL5314512,Civorebrutinib,2.0
CHEMBL560377,Chembl560377,
CHEMBL582817,Chembl582817,
CHEMBL592054,Imiglitazar,3.0
CHEMBL92,Docetaxel Anhydrous,4.0
CHEMBL920,Choline,0.5
CHEMBL1076637,D-Tyrosine,
CHEMBL1078363,Chembl1078363,
CHEMBL1080983,Febantel,2.0
CHEMBL108821,Sitafloxacin Anhydrous,3.0
CHEMBL1169490,4'-Thio-2'-Deoxycytidine,1.0
CHEMBL1200570,Meglumine,4.0
CHEMBL1200940,Metoclopramide Hydrochloride,4.0
CHEMBL1201387,Trandolaprilat,2.0
CHEMBL1208962,Chembl1208962,
CHEMBL1231708,Chembl1231708,
CHEMBL1258635,Chembl1258635,
CHEMBL1454,Levamisole,4.0
CHEMBL153983,Ronifibrate,2.0
CHEMBL1599,Cephapirin,4.0
CHEMBL1615777,Iobenguane I 123,1.0
CHEMBL165024,Chembl165024,
CHEMBL1651479,Chembl1651479,
CHEMBL166,Melarsoprol,3.0
CHEMBL1684984,Izorlisib,2.0
CHEMBL1697844,Nicofuranose,4.0
CHEMBL1744447,Rosuvastatin Calcium,4.0
CHEMBL17962,Histidine,2.0
CHEMBL180792,Chembl180792,
CHEMBL1922404,Chembl1922404,
CHEMBL1978713,Chembl1978713,
CHEMBL2059863,Chembl2059863,
CHEMBL2095209,Icosapent Ethyl,4.0
CHEMBL2105391,Protiofate,2.0
CHEMBL2106489,Water O 15,3.0
CHEMBL2110809,Captodiame,2.0
CHEMBL2111030,Prothipendyl,4.0
CHEMBL2364968,Ergoloid,4.0
CHEMBL258046,Chembl258046,
CHEMBL269871,Chembl269871,
CHEMBL3039743,Chembl3039743,
CHEMBL3115194,Chembl3115194,
CHEMBL32190,Chembl32190,
CHEMBL340807,Harmaline,
CHEMBL346178,Osanetant,2.0
CHEMBL354201,"2,3-Dimethyl-[1,4]Naphthoquinone",
CHEMBL358064,Chembl358064,
CHEMBL365141,Chembl365141,
CHEMBL3707393,Osilodrostat Phosphate,4.0
CHEMBL373882,Chembl373882,
CHEMBL374424,Chembl374424,
CHEMBL388154,Chembl388154,
CHEMBL392499,Chembl392499,
CHEMBL394369,Chembl394369,
CHEMBL396535,Chembl396535,
CHEMBL399310,Chembl399310,
CHEMBL4065359,Chembl4065359,
CHEMBL4102147,Chembl4102147,
CHEMBL4297422,Rg-4733,2.0
CHEMBL4297508,Dorzagliatin,3.0
CHEMBL437029,Chembl437029,
CHEMBL443030,Chembl443030,
CHEMBL4594246,Sulopenem Etzadroxil,3.0
CHEMBL4594434,Mol-4239,2.0
CHEMBL464792,Transcrocetin,3.0
CHEMBL4746525,Chembl4746525,
CHEMBL497012,Chembl497012,
CHEMBL501680,Bilirubin,1.0
CHEMBL514,Lomustine,4.0
CHEMBL514446,Dehydrocholic Acid,4.0
CHEMBL5174805,Chembl5174805,
CHEMBL5314417,Mavodelpar Sodium,1.0
CHEMBL5314951,Sonrotoclax,2.0
CHEMBL590,Menadione,4.0
CHEMBL606260,Carbenicillin Disodium,4.0
CHEMBL7983,Propyl Gallate,1.0
CHEMBL101253,Vatalanib,3.0
CHEMBL104937,Chembl104937,
CHEMBL1078889,Chembl1078889,
CHEMBL1101,Biperiden,4.0
CHEMBL113051,Gimatecan,2.0
CHEMBL1173532,"1-(3,4-Dichlorophenyl)-6-(Methoxymethyl)-3-Azabicyclo[4.1.0]Heptane (Enantiomeric Mix)",1.0
CHEMBL1181829,Rsm-932A Cation,1.0
CHEMBL1200380,Acyclovir Sodium,4.0
CHEMBL1200391,Tromethamine,4.0
CHEMBL1200458,Potassium Citrate Anhydrous,4.0
CHEMBL1200475,Daunorubicin Citrate,4.0
CHEMBL1200560,Guanabenz Acetate,4.0
CHEMBL1222251,Inositol,3.0
CHEMBL122411,Chembl122411,
CHEMBL1230365,Chembl1230365,
CHEMBL1230617,8-Bromo-Adenosine Mono Phosphate,
CHEMBL1231644,Cacodylic Acid,
CHEMBL1236302,Chembl1236302,
CHEMBL1236595,Coenzyme Q2,
CHEMBL1237,Lisinopril Anhydrous,4.0
CHEMBL124525,Chembl124525,
CHEMBL12610,Benzydamine,4.0
CHEMBL141305,Cyclofenil,4.0
CHEMBL1478530,Chembl1478530,
CHEMBL1529,Diphenidol Hydrochloride,4.0
CHEMBL155572,2-(Aminomethyl)Phenol,2.0
CHEMBL1628669,Way-213613,
CHEMBL16958,Staurosporinone,
CHEMBL1738697,Pf-00337210,1.0
CHEMBL19224,Papaverine,4.0
CHEMBL1957458,Chembl1957458,
CHEMBL195836,Chembl195836,
CHEMBL2103761,Barnidipine,2.0
CHEMBL2104154,Darodipine,2.0
CHEMBL2143592,Bms-794833,1.0
CHEMBL2180983,Chembl2180983,
CHEMBL229264,Bms-564929,
CHEMBL230011,Tg100-115,2.0
CHEMBL2338308,Chembl2338308,
CHEMBL2392692,Chembl2392692,
CHEMBL25336,Bisantrene,3.0
CHEMBL308745,Chembl308745,
CHEMBL3137301,Sacubitril,4.0
CHEMBL316053,Chembl316053,
CHEMBL3186864,Chembl3186864,
CHEMBL336360,Iodofiltic Acid,2.0
CHEMBL3545062,Velpatasvir,4.0
CHEMBL3545408,Naltalimide,2.0
CHEMBL35505,Dihydralazine,3.0
CHEMBL3681949,Top-1288,2.0
CHEMBL383189,Chembl383189,
CHEMBL3989920,Pitavastatin Sodium,4.0
CHEMBL3989969,Opigolix,2.0
CHEMBL399378,Chembl399378,
CHEMBL400906,Chembl400906,
CHEMBL415606,Degarelix,4.0
CHEMBL417656,Chembl417656,
CHEMBL4280303,Chembl4280303,
CHEMBL4297258,Firmonertinib,3.0
CHEMBL4297361,1.Alpha.-Hydroxyvitamin D5,1.0
CHEMBL4297445,Trc-150094,3.0
CHEMBL4297647,Furaprevir,3.0
CHEMBL441,Thiopental,4.0
CHEMBL4457723,Bms-741672,2.0
CHEMBL4514636,Fisogatinib,2.0
CHEMBL452,Clonazepam,4.0
CHEMBL489514,Chembl489514,
CHEMBL5095202,Vimseltinib,3.0
CHEMBL5095225,Dazcapistat,2.0
CHEMBL5095264,Azetukalner,3.0
CHEMBL5187116,Chembl5187116,
CHEMBL5314629,Emzadirib,2.0
CHEMBL592917,Chembl592917,
CHEMBL672,Fenofibrate,4.0
CHEMBL7087,4-(2-Aminoethyl)Benzenesulfonamide,
CHEMBL75124,Nonivamide,3.0
CHEMBL797,Phensuximide,4.0
CHEMBL83063,Ritodrine,4.0
CHEMBL93124,Pittsburgh Compound B,2.0
CHEMBL962,Epoprostenol Sodium,4.0
CHEMBL100231,Chembl100231,
CHEMBL1094701,Chembl1094701,
CHEMBL1161,Mometasone Furoate,4.0
CHEMBL1200690,Lypressin,4.0
CHEMBL1201016,Cefpodoxime Proxetil,4.0
CHEMBL1222044,Cyclapolin 1,
CHEMBL1222151,Octyl Beta-D-Galactoside,
CHEMBL1231469,Chembl1231469,
CHEMBL1236183,Tagatose,3.0
CHEMBL1254709,Dm-1157,1.0
CHEMBL1272,Repaglinide,4.0
CHEMBL130880,Ipidacrine,2.0
CHEMBL145347,Lasalocid,2.0
CHEMBL1628234,Doxepin Hydrochloride,4.0
CHEMBL168815,Cevimeline,4.0
CHEMBL1751,Digoxin,4.0
CHEMBL1779202,Chembl1779202,
CHEMBL208154,Chembl208154,
CHEMBL2105845,Valomaciclovir Stearate,2.0
CHEMBL2107456,Limaprost,3.0
CHEMBL2146095,Calcium Ascorbate,-1.0
CHEMBL2203764,Chembl2203764,
CHEMBL2205807,Abametapir,4.0
CHEMBL227552,Chembl227552,
CHEMBL2381382,Chembl2381382,
CHEMBL246003,Chembl246003,
CHEMBL246208,Chembl246208,
CHEMBL267447,(+)-Calanolide A,
CHEMBL292687,Dinitrochlorobenzene,1.0
CHEMBL3039596,Fosinopril Sodium,4.0
CHEMBL3137316,Fosdagrocorat,2.0
CHEMBL32010,Cyclohexanol,
CHEMBL3234035,Prs-211375,2.0
CHEMBL3329657,Chembl3329657,
CHEMBL3348846,Fexagratinib,2.0
CHEMBL3706622,Chembl3706622,
CHEMBL3715310,Chembl3715310,
CHEMBL379975,Chembl379975,
CHEMBL3806158,Bms-986104,1.0
CHEMBL3809901,Mmi-0100,1.0
CHEMBL381621,Chembl381621,
CHEMBL3989949,Cenobamate,4.0
CHEMBL4104957,Rodatristat,2.0
CHEMBL413,Sirolimus,4.0
CHEMBL4206281,Chembl4206281,
CHEMBL4209111,Chembl4209111,
CHEMBL4439259,Chembl4439259,
CHEMBL447603,Chembl447603,
CHEMBL4544478,Denfivontinib,2.0
CHEMBL4594214,Ziconotide,4.0
CHEMBL477611,Chembl477611,
CHEMBL480517,Nitrocefin,-1.0
CHEMBL482858,Cephalosporin C,-1.0
CHEMBL489799,Chembl489799,
CHEMBL506871,Veliparib,3.0
CHEMBL50882,Tirapazamine,3.0
CHEMBL559288,Piritramide,3.0
CHEMBL595287,Chembl595287,
CHEMBL9113,Toluene,2.0
CHEMBL934,Metyrapone,4.0
CHEMBL941,Imatinib,4.0
CHEMBL1088745,Chembl1088745,
CHEMBL117785,Tetrabenazine,4.0
CHEMBL1200392,Doxylamine Succinate,4.0
CHEMBL1200477,Allopurinol Sodium,4.0
CHEMBL1200521,Almotriptan Malate,4.0
CHEMBL1200755,Ceruletide Diethylamine,4.0
CHEMBL1201232,Isopropamide,4.0
CHEMBL1213529,Acrylic Acid,
CHEMBL1231683,Chembl1231683,
CHEMBL1232817,Chembl1232817,
CHEMBL1233278,Chembl1233278,
CHEMBL1235786,Chembl1235786,
CHEMBL1237210,Chembl1237210,
CHEMBL1241348,Faldaprevir,3.0
CHEMBL130266,Uridine_Diphosphate,
CHEMBL1316726,Cis-Urocanic Acid,1.0
CHEMBL132530,Formestane,4.0
CHEMBL1328898,Melevodopa,2.0
CHEMBL1407943,Clemizole,2.0
CHEMBL148333,Chembl148333,
CHEMBL1548142,Chembl1548142,
CHEMBL1651469,Chembl1651469,
CHEMBL1819257,Chembl1819257,
CHEMBL192154,Chembl192154,
CHEMBL193,Nifedipine,4.0
CHEMBL197084,Trofinetide,4.0
CHEMBL2021430,Dexamethasone Sodium Phosphate,4.0
CHEMBL20255,Chembl20255,
CHEMBL204277,Chembl204277,
CHEMBL207413,Acetoxolone,-1.0
CHEMBL2103735,Cetrorelix Acetate,4.0
CHEMBL2103855,Telotristat,4.0
CHEMBL2104986,Tedatioxetine,2.0
CHEMBL2105080,Gedocarnil,2.0
CHEMBL2105728,Crenolanib,3.0
CHEMBL2105739,Oclacitinib Maleate,-1.0
CHEMBL2105754,Trelagliptin Succinate,4.0
CHEMBL214940,Chembl214940,
CHEMBL2219999,Chembl2219999,
CHEMBL222460,Bms-223131,2.0
CHEMBL23,Diltiazem,4.0
CHEMBL230910,Chembl230910,
CHEMBL23194,Spermine,0.5
CHEMBL23550,Lobucavir,2.0
CHEMBL2403846,Chembl2403846,
CHEMBL241694,Ethisterone,3.0
CHEMBL250699,A-803467,
CHEMBL282121,Mebeverine,4.0
CHEMBL3182437,Chembl3182437,
CHEMBL3236367,Chembl3236367,
CHEMBL332935,Chembl332935,
CHEMBL336908,Chembl336908,
CHEMBL3422074,Chembl3422074,
CHEMBL3545110,Ribociclib,4.0
CHEMBL3545985,Benzphetamine,4.0
CHEMBL355323,Tcmdc-138112,
CHEMBL391724,Chembl391724,
CHEMBL4,Ofloxacin,4.0
CHEMBL4127317,Chembl4127317,
CHEMBL415324,Tranilast,3.0
CHEMBL4297616,Olinciguat,2.0
CHEMBL4448899,Bay-876,
CHEMBL45412,Chembl45412,
CHEMBL4559961,Chembl4559961,
CHEMBL456341,Lenabasum,3.0
CHEMBL4594290,Taniborbactam,3.0
CHEMBL4594353,Unesbulin,2.0
CHEMBL470582,Chembl470582,
CHEMBL4757114,Chembl4757114,
CHEMBL4788758,Omilancor,2.0
CHEMBL4802242,Suvecaltamide Hydrochloride,1.0
CHEMBL5095492,Mp-412,1.0
CHEMBL511142,Buprenorphine,4.0
CHEMBL5314524,Lepzacitinib,2.0
CHEMBL5314547,Uplarafenib,2.0
CHEMBL5314938,F-Arag F-18,1.0
CHEMBL561318,Chembl561318,
CHEMBL565372,Chembl565372,
CHEMBL604710,Z160,2.0
CHEMBL63055,Alrestatin,-1.0
CHEMBL633,Amiodarone,4.0
CHEMBL757,Nandrolone,3.0
CHEMBL816,Ethylenediamine,3.0
CHEMBL86,Metoclopramide,4.0
CHEMBL1092395,Chembl1092395,
CHEMBL1095933,Chembl1095933,
CHEMBL1098659,Water,4.0
CHEMBL1162545,Glyoxylate,
CHEMBL1201087,Cabergoline,4.0
CHEMBL1228,Oxyphenbutazone Anhydrous,4.0
CHEMBL1229648,Chembl1229648,
CHEMBL1231840,Carbon Monoxide,3.0
CHEMBL1297,Fenoprofen,4.0
CHEMBL1329203,Octisalate,2.0
CHEMBL1400,O-Desmethyl Tramadol,
CHEMBL1448,Niclosamide,4.0
CHEMBL1630842,Bilr 355,2.0
CHEMBL1642546,Chembl1642546,
CHEMBL1646,Indocyanine Green,4.0
CHEMBL1652128,Lb80380,2.0
CHEMBL1738797,Alectinib,4.0
CHEMBL1835207,Apricoxib,2.0
CHEMBL1865258,Clofenamide,2.0
CHEMBL1899506,Tipepidine,2.0
CHEMBL2107065,Tibezonium Iodide,2.0
CHEMBL2107759,Milataxel,2.0
CHEMBL2219425,Aripiprazole Lauroxil,4.0
CHEMBL242737,Chembl242737,
CHEMBL257619,Chembl257619,
CHEMBL260994,Chembl260994,
CHEMBL270190,Alvimopan,4.0
CHEMBL285819,2-Chloroadenosine,
CHEMBL295316,Plumbagin,1.0
CHEMBL3084748,Trospium Chloride,4.0
CHEMBL333021,L-21649,1.0
CHEMBL3349523,Chembl3349523,
CHEMBL3408396,Chembl3408396,
CHEMBL371405,Marizomib,3.0
CHEMBL3785703,Chembl3785703,
CHEMBL3824116,Chembl3824116,
CHEMBL398612,Chembl398612,
CHEMBL406050,Px-12,2.0
CHEMBL407214,Chembl407214,
CHEMBL408074,Chembl408074,
CHEMBL411,Diethylstilbestrol,4.0
CHEMBL4164318,Chembl4164318,
CHEMBL4225777,Chembl4225777,
CHEMBL4245029,Chembl4245029,
CHEMBL4286698,Chembl4286698,
CHEMBL4297267,Bms-184476,1.0
CHEMBL4297675,Ralaniten Acetate,1.0
CHEMBL4302089,T-817,2.0
CHEMBL442565,Alpha-Pinene,1.0
CHEMBL445647,2-Oxoisohexanoate,
CHEMBL4594251,Netarsudil Dimesylate,4.0
CHEMBL46,Ondansetron,4.0
CHEMBL471036,Litoxetine,2.0
CHEMBL472261,Chembl472261,
CHEMBL485961,Chembl485961,
CHEMBL489095,Camicinal,3.0
CHEMBL498623,Mip-1095 I-123,1.0
CHEMBL499,Timolol,4.0
CHEMBL503067,Chembl503067,
CHEMBL5314631,Lotiglipron,2.0
CHEMBL545315,Canertinib Dihydrochloride,3.0
CHEMBL573887,Chembl573887,
CHEMBL650,Methylprednisolone,4.0
CHEMBL70586,Spiradoline,
CHEMBL806,Flutamide,4.0
CHEMBL842,Chlorothiazide,4.0
CHEMBL924,Zoledronic Acid Anhydrous,4.0
CHEMBL972,Selegiline,4.0
CHEMBL106258,Aminorex,2.0
CHEMBL1093362,Chembl1093362,
CHEMBL1094785,Carmoterol,2.0
CHEMBL1117,Idarubicin,4.0
CHEMBL1200507,Iodixanol,4.0
CHEMBL1200986,Haloperidol Decanoate,4.0
CHEMBL1201019,Ceftizoxime Sodium,4.0
CHEMBL1201093,Methyl Aminolevulinate Hydrochloride,4.0
CHEMBL1201266,Lodoxamide,4.0
CHEMBL1230969,Allosamizoline,
CHEMBL1231458,Chembl1231458,
CHEMBL1234521,Tiamulin,2.0
CHEMBL1328913,Dimetacrine,2.0
CHEMBL15891,Lindane,4.0
CHEMBL1618378,Declopramide,2.0
CHEMBL1645548,Chembl1645548,
CHEMBL1650645,Chembl1650645,
CHEMBL1651908,Cymarin,-1.0
CHEMBL1653,Pheniramine Maleate,4.0
CHEMBL1709,Sertraline Hydrochloride,4.0
CHEMBL171623,"1,4-Butanediol",
CHEMBL1742420,Amelubant,2.0
CHEMBL175367,Chembl175367,
CHEMBL1765292,Indobufen,3.0
CHEMBL1794068,Gsk-326090A,
CHEMBL20,Acetazolamide,4.0
CHEMBL207745,Chembl207745,
CHEMBL2103846,Ulipristal,4.0
CHEMBL2104793,Pyrovalerone Hydrochloride,4.0
CHEMBL2105233,Proxibarbal,4.0
CHEMBL2105394,Promestriene,3.0
CHEMBL2105666,Tenifatecan,2.0
CHEMBL2107827,Aldoxorubicin Hydrochloride,2.0
CHEMBL220018,Chembl220018,
CHEMBL223533,Cystetine Triphosphate,
CHEMBL230347,Chembl230347,
CHEMBL2338312,Chembl2338312,
CHEMBL286364,Chembl286364,
CHEMBL323119,Chembl323119,
CHEMBL3309307,Chembl3309307,
CHEMBL3329662,Chembl3329662,
CHEMBL3330122,Chembl3330122,
CHEMBL3357462,Chembl3357462,
CHEMBL3360732,Chembl3360732,
CHEMBL35107,Chembl35107,
CHEMBL354541,Lomitapide,4.0
CHEMBL3561076,Trimetazidine Dihydrochloride,4.0
CHEMBL3577854,Chembl3577854,
CHEMBL3674570,Edicotinib,2.0
CHEMBL373204,Alpha-Cypermethrin,-1.0
CHEMBL400568,Chembl400568,
CHEMBL407567,Chembl407567,
CHEMBL4087666,Chembl4087666,
CHEMBL418052,S-Adenosylhomocysteine,
CHEMBL429095,Nsc-95397,
CHEMBL4292698,Chembl4292698,
CHEMBL4297320,Pl-3994,2.0
CHEMBL4297401,Caldaret Monohydrate,2.0
CHEMBL4649424,Chembl4649424,
CHEMBL4751394,Bay-1125976,1.0
CHEMBL4802040,Pfi-653,
CHEMBL4802223,Leuprolide Mesylate,4.0
CHEMBL487273,Chembl487273,
CHEMBL53463,Doxorubicin,4.0
CHEMBL537,Hydroquinone,4.0
CHEMBL552532,Chembl552532,
CHEMBL558,Mexiletine,4.0
CHEMBL570790,Chembl570790,
CHEMBL607023,Tempol,2.0
CHEMBL636,Rivastigmine,4.0
CHEMBL788,Idoxuridine,4.0
CHEMBL792,Uric Acid,2.0
CHEMBL92567,Chembl92567,
CHEMBL11266,Chembl11266,
CHEMBL116438,Curcumin,3.0
CHEMBL1200749,Levobupivacaine Hydrochloride,4.0
CHEMBL1214,Carbenicillin,4.0
CHEMBL1233749,Chembl1233749,
CHEMBL1233795,Chembl1233795,
CHEMBL1234952,N-Octylvalienamine,
CHEMBL1235529,Chembl1235529,
CHEMBL1257070,Faropenem Medoxomil,3.0
CHEMBL1263,Salmeterol,4.0
CHEMBL1338432,Chembl1338432,
CHEMBL1364551,Minaprine Hydrochloride,4.0
CHEMBL1364906,Lufenuron,2.0
CHEMBL1472,Protirelin,4.0
CHEMBL1530428,Dexamethasone Acetate,4.0
CHEMBL1557,Dopamine Hydrochloride,4.0
CHEMBL1619528,Pipenzolate,4.0
CHEMBL167150,Trichlorfon,4.0
CHEMBL169506,Chembl169506,
CHEMBL1852164,Lx-2931,2.0
CHEMBL1908919,Florbetapir,4.0
CHEMBL2089125,Chembl2089125,
CHEMBL2104264,Etamiphyllin,2.0
CHEMBL2104619,Ocaperidone,2.0
CHEMBL2104895,Setiptiline,2.0
CHEMBL2105731,Encaleret Sulfate,2.0
CHEMBL2110368,Bethanidine Sulfate,4.0
CHEMBL2110791,Clamoxyquin,3.0
CHEMBL2151572,Encenicline,3.0
CHEMBL2153711,Chembl2153711,
CHEMBL225983,"(2S,3R)-2,3-Dihydroxysuccinic Acid",
CHEMBL240163,Pazufloxacin,3.0
CHEMBL249530,Chembl249530,
CHEMBL263634,Chembl263634,
CHEMBL265325,1-Aminocyclopropane Carboxylic Acid,
CHEMBL295122,Chembl295122,
CHEMBL3127500,Chembl3127500,
CHEMBL3304485,Tenapanor,4.0
CHEMBL333231,Chembl333231,
CHEMBL3341965,Chembl3341965,
CHEMBL356752,Chembl356752,
CHEMBL3707205,(2-Benzhydryloxyethyl)Diethyl-Methylammonium,-1.0
CHEMBL3707304,Dermatan Sulfate,-1.0
CHEMBL373497,Chembl373497,
CHEMBL380500,Variolin B,
CHEMBL3833354,Sulfatolamide,2.0
CHEMBL38380,Fasudil,3.0
CHEMBL398746,Chembl398746,
CHEMBL4239712,Chembl4239712,
CHEMBL4297065,Spinosad,4.0
CHEMBL4297484,Bp-14979,2.0
CHEMBL4297488,Ct-7001,2.0
CHEMBL4300944,Valnivudine,3.0
CHEMBL459016,Genipin,3.0
CHEMBL471549,Chembl471549,
CHEMBL479789,Iotyrosine,-1.0
CHEMBL4802270,Pudexacianinium,3.0
CHEMBL480626,Di-Tert-Butylhydroquinone,
CHEMBL492813,Chembl492813,
CHEMBL501,Amphetamine Sulfate,4.0
CHEMBL506649,Chembl506649,
CHEMBL508112,Benzothiazyl Disulfide,
CHEMBL5083143,Chembl5083143,
CHEMBL509485,Chembl509485,
CHEMBL516206,Chembl516206,
CHEMBL5314386,Me-344,1.0
CHEMBL5314907,Ab-836,1.0
CHEMBL570537,Chembl570537,
CHEMBL592445,Gedatolisib,3.0
CHEMBL74078,Chembl74078,
CHEMBL108,Carbamazepine,4.0
CHEMBL1200474,Demeclocycline Hydrochloride,4.0
CHEMBL1201354,Tridihexethyl,4.0
CHEMBL1201753,Pitavastatin,4.0
CHEMBL1213403,Chembl1213403,
CHEMBL1231797,Chembl1231797,
CHEMBL1232132,Dibromotyrosine,-1.0
CHEMBL1269858,Chembl1269858,
CHEMBL134342,Thioctic Acid,
CHEMBL1434170,Chembl1434170,
CHEMBL1551724,Acadesine,3.0
CHEMBL1651906,Streptozocin,4.0
CHEMBL1698011,Trenbolone Acetate,2.0
CHEMBL180570,Medronic Acid,3.0
CHEMBL1938870,Mk-8245,1.0
CHEMBL1957025,Chembl1957025,
CHEMBL2001019,Pf-04217903,1.0
CHEMBL2021423,Magnesium Sulfate Anhydrous,4.0
CHEMBL20852,3-Aminophenyl Boronic Acid,
CHEMBL2104208,Emylcamate,2.0
CHEMBL2104309,Dimenoxadol,2.0
CHEMBL2219421,Recilisib,2.0
CHEMBL223713,Chembl223713,
CHEMBL225411,Gw842166X,2.0
CHEMBL2368925,Dolasetron,4.0
CHEMBL2408616,Chembl2408616,
CHEMBL259833,Chembl259833,
CHEMBL26828,Chembl26828,
CHEMBL27784,Chembl27784,
CHEMBL281872,Zd-4190,1.0
CHEMBL28636,Deracoxib,2.0
CHEMBL31962,Butyl Boronic Acid,
CHEMBL323202,Chembl323202,
CHEMBL3236075,Chembl3236075,
CHEMBL3237875,Chembl3237875,
CHEMBL3335604,Chembl3335604,
CHEMBL3338866,Mk-1064,1.0
CHEMBL3422082,Chembl3422082,
CHEMBL343480,Dimethylallyl Diphosphate,
CHEMBL3545289,Azd2207,2.0
CHEMBL354788,Chembl354788,
CHEMBL3612504,Chembl3612504,
CHEMBL3613162,Chembl3613162,
CHEMBL3659497,Azd-7451,1.0
CHEMBL3678958,Ruserontinib,3.0
CHEMBL370805,Cocaine,4.0
CHEMBL374805,Chembl374805,
CHEMBL3781971,Chembl3781971,
CHEMBL3989553,Nafamostat Mesylate,3.0
CHEMBL3989820,Zolpidem Tartrate,4.0
CHEMBL41172,3-Chloro-Phenol,
CHEMBL422704,Cannabichromene,
CHEMBL4297626,Nidufexor,2.0
CHEMBL45340,Pd-161182,
CHEMBL4635134,Gsk620,
CHEMBL4802233,Roxatidine,2.0
CHEMBL495118,Chembl495118,
CHEMBL5095050,Fingolimod Lauryl Sulfate,4.0
CHEMBL5095245,Nesuparib,2.0
CHEMBL5095400,Bocidelpar Sulfate,1.0
CHEMBL5170587,Vk5211,2.0
CHEMBL5209881,Chembl5209881,
CHEMBL5314953,Bt-5528,1.0
CHEMBL56900,Lerisetron,3.0
CHEMBL576960,Chembl576960,
CHEMBL595248,Chembl595248,
CHEMBL607048,18-Methoxycoronaridine,2.0
CHEMBL63859,Chembl63859,
CHEMBL7863,Aprobarbital,2.0
CHEMBL837,7-Ethyl-10-Hydroxycamptothecin,2.0
CHEMBL844,Brimonidine,4.0
CHEMBL85398,Thiazolidinedione,3.0
CHEMBL980,Guaifenesin,4.0
CHEMBL1078666,Chembl1078666,
CHEMBL1099298,Chembl1099298,
CHEMBL116597,Chembl116597,
CHEMBL119385,Neflamapimod,2.0
CHEMBL1200558,Bacitracin,4.0
CHEMBL1200727,Rubidium Chloride Rb 82,4.0
CHEMBL1200758,Ampicillin Sodium,4.0
CHEMBL1200848,Hydroxyprogesterone Caproate,4.0
CHEMBL1204187,Gepirone Hydrochloride,4.0
CHEMBL122264,Nu-6094,
CHEMBL1232589,Methylethylamine,
CHEMBL1235132,Chembl1235132,
CHEMBL1252,Abarelix,4.0
CHEMBL135889,Chembl135889,
CHEMBL1372950,Nicergoline,4.0
CHEMBL1466172,Metronidazole Benzoate,2.0
CHEMBL1502,Pantoprazole,4.0
CHEMBL1625607,Mebhydrolin,4.0
CHEMBL1631540,Gsk163090,2.0
CHEMBL1673408,Delpazolid,2.0
CHEMBL1807477,Chembl1807477,
CHEMBL1819267,Chembl1819267,
CHEMBL1819275,Chembl1819275,
CHEMBL1851943,Pracinostat,3.0
CHEMBL185586,Chembl185586,
CHEMBL1885178,Chembl1885178,
CHEMBL1889140,Ropivacaine Hydrochloride,4.0
CHEMBL190279,Alfaxalone,2.0
CHEMBL1911882,Kd7040,2.0
CHEMBL198178,Chembl198178,
CHEMBL2106317,Iobenzamic Acid,2.0
CHEMBL212345,Chembl212345,
CHEMBL2136920,Chembl2136920,
CHEMBL217092,Saracatinib,3.0
CHEMBL217894,Decylubiquinone,
CHEMBL220050,Gw813893,2.0
CHEMBL227744,N (G)-Nitro-L-Arginine,
CHEMBL2356648,Gusperimus Trihydrochloride,1.0
CHEMBL253371,Alverine,4.0
CHEMBL26717,Sk&F-29661,
CHEMBL282093,Sc-58236,
CHEMBL290364,Cgp-49823,
CHEMBL298826,(-)-Epibatidine,
CHEMBL30816,Dichloroisoproterenol,
CHEMBL3182621,Azd-8330,1.0
CHEMBL31891,Brodimoprim,2.0
CHEMBL3236081,Chembl3236081,
CHEMBL3260505,Mbx-2982,2.0
CHEMBL329123,Etalocib,2.0
CHEMBL3360531,Chembl3360531,
CHEMBL3526802,Rrx-001,3.0
CHEMBL3544943,Bms-863233,2.0
CHEMBL361054,Chembl361054,
CHEMBL3621969,Fipaxalparant,2.0
CHEMBL3823426,Chembl3823426,
CHEMBL3989928,Rezafungin Acetate,4.0
CHEMBL400431,Chembl400431,
CHEMBL405110,Methylene Blue Anhydrous,4.0
CHEMBL4087636,Chembl4087636,
CHEMBL4094440,Bms-919373,2.0
CHEMBL410968,Chembl410968,
CHEMBL419505,Chembl419505,
CHEMBL420910,Chembl420910,
CHEMBL4227736,Toludesvenlafaxine,3.0
CHEMBL4287422,Chembl4287422,
CHEMBL4297203,Dutogliptin Tartrate,3.0
CHEMBL4297273,Cpp-115,1.0
CHEMBL4297332,Ut-231B,2.0
CHEMBL4297343,Abtl-0812,1.0
CHEMBL4475463,Amcenestrant,3.0
CHEMBL450449,Trabectedin,4.0
CHEMBL4650323,Tolebrutinib,3.0
CHEMBL483790,Chembl483790,
CHEMBL5094158,Chembl5094158,
CHEMBL556937,3-Hydroxyglutarate,
CHEMBL57,Nevirapine,4.0
CHEMBL577736,Tyrothricin,4.0
CHEMBL605846,Olodaterol,4.0
CHEMBL77921,Medetomidine,3.0
CHEMBL84617,Trefentanil,-1.0
CHEMBL863,Cysteine,4.0
CHEMBL94657,Patupilone,3.0
CHEMBL986,Retinol,4.0
CHEMBL1092398,Chembl1092398,
CHEMBL109420,Chembl109420,
CHEMBL1094304,Olomoucine Ii,
CHEMBL1200852,Penicillin V Potassium,4.0
CHEMBL1201749,Difluprednate,4.0
CHEMBL1208961,Chembl1208961,
CHEMBL1213470,Chembl1213470,
CHEMBL1215661,Pruvanserin,2.0
CHEMBL1234871,Chembl1234871,
CHEMBL1255582,Fipamezole,2.0
CHEMBL1257,Enflurane,4.0
CHEMBL1257073,Tecovirimat,4.0
CHEMBL1270426,Chembl1270426,
CHEMBL1276179,Chembl1276179,
CHEMBL134851,Chembl134851,
CHEMBL1413199,Diphenadione,2.0
CHEMBL1484,Nicardipine,4.0
CHEMBL1492498,Chembl1492498,
CHEMBL1504,Triamcinolone Acetonide,4.0
CHEMBL150894,Cep-5214,1.0
CHEMBL1615209,Dexrabeprazole,-1.0
CHEMBL1615775,Oxidronic Acid,2.0
CHEMBL1643895,Ramosetron,3.0
CHEMBL1659,Chlorpheniramine Maleate,4.0
CHEMBL1668418,Chembl1668418,
CHEMBL179532,Chembl179532,
CHEMBL1819255,Chembl1819255,
CHEMBL182402,Chembl182402,
CHEMBL1829433,Azd-4877,2.0
CHEMBL193482,Estriol,4.0
CHEMBL1976040,Adavosertib,2.0
CHEMBL201960,Pyrovalerone,4.0
CHEMBL2028852,Icatibant Acetate,4.0
CHEMBL2103852,Crolibulin,2.0
CHEMBL2105692,Taprenepag Isopropyl,2.0
CHEMBL2105987,Atamestane,3.0
CHEMBL2110756,Mitemcinal,2.0
CHEMBL213907,Chembl213907,
CHEMBL2165191,Azd-6482,2.0
CHEMBL2397751,Sad448,1.0
CHEMBL243716,Metacavir,2.0
CHEMBL254129,Cyclopamine,
CHEMBL303933,Piperaquine,3.0
CHEMBL3103033,Chembl3103033,
CHEMBL3286830,Lorlatinib,4.0
CHEMBL3306201,Chembl3306201,
CHEMBL3330649,Chembl3330649,
CHEMBL351769,Arsanilic Acid,
CHEMBL3545039,Azd1386,2.0
CHEMBL3560331,Chembl3560331,
CHEMBL3646801,Chembl3646801,
CHEMBL3741424,Chembl3741424,
CHEMBL382820,Chembl382820,
CHEMBL3833336,Aluminum Clofibrate,2.0
CHEMBL3989515,Penicillin G Benzathine,4.0
CHEMBL42126,Piclamilast,2.0
CHEMBL424664,Chembl424664,
CHEMBL424975,Chembl424975,
CHEMBL428495,Naphthalen-1-Ylacetic Acid,
CHEMBL4297107,Iprazochrome,2.0
CHEMBL4297618,Granotapide,2.0
CHEMBL4298159,Bamocaftor Potassium,1.0
CHEMBL433501,Chembl433501,
CHEMBL4594257,Rovafovir Etalafenamide,2.0
CHEMBL4594274,Posenacaftor,2.0
CHEMBL4650338,Edralbrutinib,2.0
CHEMBL485629,Mk-0873,2.0
CHEMBL495795,Chembl495795,
CHEMBL504567,Zebularine,
CHEMBL5095061,Elzovantinib,2.0
CHEMBL5095071,Linvencorvir,2.0
CHEMBL5314594,Sudocetaxel,1.0
CHEMBL555146,Chembl555146,
CHEMBL65553,Chembl65553,
CHEMBL70,Morphine,4.0
CHEMBL78755,Chembl78755,
CHEMBL82411,Indole-3-Acetic Acid,
CHEMBL94417,Chembl94417,
CHEMBL1076438,Lecanindole D,
CHEMBL1089359,Chembl1089359,
CHEMBL1161633,Chlorate,
CHEMBL1200659,Enalapril Maleate,4.0
CHEMBL1200736,Magnesium Carbonate,4.0
CHEMBL1200796,Cyclophosphamide,4.0
CHEMBL1201098,Cefotetan Disodium,4.0
CHEMBL1201289,Clindamycin Palmitate,4.0
CHEMBL1212979,Chembl1212979,
CHEMBL1232903,Glycerylphosphate,-1.0
CHEMBL1234490,Terbutryne,
CHEMBL1236936,Cinaciguat,2.0
CHEMBL1270124,Chembl1270124,
CHEMBL135,Estradiol,4.0
CHEMBL139020,Chembl139020,
CHEMBL1420319,Limantrafin,2.0
CHEMBL1439973,Chlorobutanol,4.0
CHEMBL1441059,Albuterol Sulfate,4.0
CHEMBL146506,Mofarotene,2.0
CHEMBL14687,Propanol,-1.0
CHEMBL1479098,Chembl1479098,
CHEMBL1496,Rosuvastatin,4.0
CHEMBL1733174,Mosapride Citrate,3.0
CHEMBL1738757,Rebastinib,2.0
CHEMBL1774995,Chembl1774995,
CHEMBL2012582,Chembl2012582,
CHEMBL210246,Chembl210246,
CHEMBL2104445,Tritoqualine,4.0
CHEMBL2104462,Mepixanox,2.0
CHEMBL2104970,Incyclinide,2.0
CHEMBL2105359,Prednylidene,2.0
CHEMBL2105736,Epelsiban Besylate,2.0
CHEMBL2106399,Kitasamycin,2.0
CHEMBL211737,Chembl211737,
CHEMBL212205,Chembl212205,
CHEMBL216973,5-Aminoisoquinoline,
CHEMBL2181776,Bilb-1941,1.0
CHEMBL2218877,Erythromycin Estolate,4.0
CHEMBL2441112,Chembl2441112,
CHEMBL2441340,Chembl2441340,
CHEMBL248643,Chembl248643,
CHEMBL258223,Chembl258223,
CHEMBL267648,Pefloxacin,4.0
CHEMBL267894,Amobarbital,4.0
CHEMBL285674,Estazolam,4.0
CHEMBL3039529,Tirasemtiv,3.0
CHEMBL3039531,Danirixin,2.0
CHEMBL3249110,13-Deoxydoxorubicin,2.0
CHEMBL3301593,Decoglurant,2.0
CHEMBL3309998,Chembl3309998,
CHEMBL333964,Chembl333964,
CHEMBL3422062,Chembl3422062,
CHEMBL3544937,Zd-4190,1.0
CHEMBL3545076,Ly-2584702,1.0
CHEMBL3604174,Chembl3604174,
CHEMBL363295,Terodiline,4.0
CHEMBL363498,Chembl363498,
CHEMBL3672841,Chembl3672841,
CHEMBL374223,Defoslimod,2.0
CHEMBL3827738,Chembl3827738,
CHEMBL3833370,Elamipretide,3.0
CHEMBL404215,Pridinol,2.0
CHEMBL4216144,Chembl4216144,
CHEMBL421773,Chembl421773,
CHEMBL4297498,Ssr-150106,2.0
CHEMBL437557,Chembl437557,
CHEMBL445245,Chembl445245,
CHEMBL447664,Vipadenant,2.0
CHEMBL455917,Chloral Hydrate,4.0
CHEMBL459,Methyldopa,4.0
CHEMBL4594293,Acalabrutinib Maleate,4.0
CHEMBL4594417,Pruxelutamide,3.0
CHEMBL470888,Bvt.115959,2.0
CHEMBL472442,Chembl472442,
CHEMBL473967,Chembl473967,
CHEMBL4778870,Tp-040,
CHEMBL4802130,Belumosudil Mesylate,4.0
CHEMBL496619,Chembl496619,
CHEMBL500779,Chembl500779,
CHEMBL522987,Vestipitant,2.0
CHEMBL5314406,4Sc-203,1.0
CHEMBL5314413,Lartesertib,2.0
CHEMBL5314494,Zavondemstat,2.0
CHEMBL54277,Chembl54277,
CHEMBL562551,Chembl562551,
CHEMBL596,Fentanyl,4.0
CHEMBL598025,Chembl598025,
CHEMBL610630,Chembl610630,
CHEMBL80257,D-Proline,
CHEMBL9,Norfloxacin,4.0
CHEMBL1087,Mepivacaine,4.0
CHEMBL1090781,Chembl1090781,
CHEMBL111654,2-Mercaptobenzothiazole,
CHEMBL1160818,Chembl1160818,
CHEMBL1200581,Diatrizoate Sodium,4.0
CHEMBL1200648,Rocuronium Bromide,4.0
CHEMBL1200734,Fosamprenavir Calcium,4.0
CHEMBL1201180,Diclofenac Epolamine,4.0
CHEMBL120293,Chembl120293,
CHEMBL1222017,Triacetylchitotriose,
CHEMBL1230813,Alfadex,2.0
CHEMBL1270425,Chembl1270425,
CHEMBL1359,Ertapenem,4.0
CHEMBL1519375,Chembl1519375,
CHEMBL1618,Cefamandole Nafate,4.0
CHEMBL1765750,Chembl1765750,
CHEMBL1796999,Cyclopropane,2.0
CHEMBL18,Ethoxzolamide,4.0
CHEMBL1801381,Chembl1801381,
CHEMBL1819256,Chembl1819256,
CHEMBL188,Win-552122,
CHEMBL1905872,Docusate Sodium,4.0
CHEMBL1922174,Ganoderic Acid C2,
CHEMBL1933350,Mk-3577,2.0
CHEMBL1947204,Allitinib,2.0
CHEMBL2103736,Fenoprofen Calcium,4.0
CHEMBL2105499,Sulfaperin,2.0
CHEMBL2107212,Iobitridol,3.0
CHEMBL2107375,Taribavirin Hydrochloride,3.0
CHEMBL2110596,Azapetine,-1.0
CHEMBL2111186,Talaporfin,3.0
CHEMBL212181,Chembl212181,
CHEMBL2148124,Chembl2148124,
CHEMBL2152999,.Alpha.-Tocopheryloxyacetic Acid,1.0
CHEMBL2153191,Azd-4017,2.0
CHEMBL2169919,Chembl2169919,
CHEMBL2172288,Chembl2172288,
CHEMBL2177637,Chembl2177637,
CHEMBL219341,8-Azaxanthine,
CHEMBL254193,Endralazine,2.0
CHEMBL254520,Chembl254520,
CHEMBL280527,Atevirdine Mesylate,2.0
CHEMBL285347,Biapenem,2.0
CHEMBL291157,Rosoxacin,4.0
CHEMBL3039498,Grapiprant,2.0
CHEMBL3104237,Chembl3104237,
CHEMBL3115157,Chembl3115157,
CHEMBL3137331,Defactinib,2.0
CHEMBL3236358,Chembl3236358,
CHEMBL327987,Chembl327987,
CHEMBL3342493,Chembl3342493,
CHEMBL3356009,Chembl3356009,
CHEMBL3401255,Chembl3401255,
CHEMBL3545165,Afacifenacin,2.0
CHEMBL3545279,Efatutazone Hydrochloride,2.0
CHEMBL3605456,Chembl3605456,
CHEMBL3612515,Chembl3612515,
CHEMBL3632739,Chembl3632739,
CHEMBL365484,Chembl365484,
CHEMBL3703921,Enavogliflozin,3.0
CHEMBL3718849,Chembl3718849,
CHEMBL375655,Guanosine,
CHEMBL3818617,Chembl3818617,
CHEMBL3931971,Razuprotafib,2.0
CHEMBL404431,Oz277,3.0
CHEMBL416755,Oxolinic Acid,2.0
CHEMBL422625,Chembl422625,
CHEMBL429646,Chembl429646,
CHEMBL4297625,Licogliflozin,2.0
CHEMBL4297663,Ambroxol Acefyllinate,3.0
CHEMBL431651,Enrasentan,2.0
CHEMBL432162,Tasosartan,2.0
CHEMBL4451634,Chembl4451634,
CHEMBL457526,Chembl457526,
CHEMBL457530,Chembl457530,
CHEMBL4594281,Dubermatinib Tartrate,1.0
CHEMBL4594454,Ripasudil Hydrochloride Dihydrate,2.0
CHEMBL4650286,M4344,1.0
CHEMBL46618,Otamixaban,3.0
CHEMBL470729,Chembl470729,
CHEMBL492,Etidocaine,4.0
CHEMBL500853,Hpph,2.0
CHEMBL514432,Ginkolide B,
CHEMBL519374,Chembl519374,
CHEMBL526,Propofol,4.0
CHEMBL547,Isotretinoin,4.0
CHEMBL570533,Chembl570533,
CHEMBL572932,Chembl572932,
CHEMBL604482,Chembl604482,
CHEMBL871,Etidronic Acid,4.0
CHEMBL99037,Chembl99037,
CHEMBL109162,Chembl109162,
CHEMBL1200396,Bupivacaine Hydrochloride,4.0
CHEMBL1200624,Ethynodiol Diacetate,4.0
CHEMBL1200675,Toremifene Citrate,4.0
CHEMBL1200695,Phenylpropanolamine Hydrochloride,4.0
CHEMBL1200701,Dicloxacillin Sodium,4.0
CHEMBL1200833,Dipivefrin Hydrochloride,4.0
CHEMBL1201304,Indocyanine Green Acid Form,4.0
CHEMBL1213368,Chembl1213368,
CHEMBL1230044,Chembl1230044,
CHEMBL1230609,Foretinib,2.0
CHEMBL1235413,Chembl1235413,
CHEMBL1270122,Chembl1270122,
CHEMBL1334860,Diloxanide Furoate,4.0
CHEMBL146428,Imexon,2.0
CHEMBL1641613,Chembl1641613,
CHEMBL1728,Lomefloxacin Hydrochloride,4.0
CHEMBL1769,Propoxycaine Hydrochloride,4.0
CHEMBL1773,Capecitabine,4.0
CHEMBL1836680,Chembl1836680,
CHEMBL1933578,Chembl1933578,
CHEMBL1940180,Chembl1940180,
CHEMBL1961796,Sr9009,
CHEMBL2096633,Magnesium Trisilicate,4.0
CHEMBL2105680,Rifamycin Sodium,4.0
CHEMBL2105862,Iseganan Hydrochloride,3.0
CHEMBL2107315,Belotecan Hydrochloride,2.0
CHEMBL2146753,Chembl2146753,
CHEMBL2152070,Am-1638,
CHEMBL215645,Rivastigmine Tartrate,4.0
CHEMBL234625,Chembl234625,
CHEMBL2441082,Chembl2441082,
CHEMBL251940,Periciazine,4.0
CHEMBL258175,Chembl258175,
CHEMBL275067,Chembl275067,
CHEMBL279956,Quisqualate,
CHEMBL292821,Chembl292821,
CHEMBL295433,Orbifloxacin,2.0
CHEMBL298019,Pirodavir,2.0
CHEMBL307177,Ly-295501,2.0
CHEMBL3306853,Chembl3306853,
CHEMBL3408949,Chembl3408949,
CHEMBL3609304,Chembl3609304,
CHEMBL363160,Pha-680632,
CHEMBL368591,Dimepheptanol,2.0
CHEMBL379760,Chembl379760,
CHEMBL381743,Chembl381743,
CHEMBL383675,Temoporfin,4.0
CHEMBL389621,Hydrocortisone,4.0
CHEMBL403673,Chembl403673,
CHEMBL4065485,Chembl4065485,
CHEMBL4072005,Chembl4072005,
CHEMBL408194,Obatoclax,3.0
CHEMBL4167286,Chembl4167286,
CHEMBL4303214,Fruquintinib,4.0
CHEMBL462313,Zilpaterol,
CHEMBL463675,Chembl463675,
CHEMBL4650827,Revumenib,2.0
CHEMBL473428,Chembl473428,
CHEMBL4782804,Chembl4782804,
CHEMBL4803710,Bms-986202,1.0
CHEMBL539165,Sr-1C13,
CHEMBL556578,Morphine Hydrochloride,4.0
CHEMBL577120,Chembl577120,
CHEMBL600367,Chembl600367,
CHEMBL776,Metaproterenol,4.0
CHEMBL81273,Chembl81273,
CHEMBL86882,Etilefrine,4.0
CHEMBL1078276,Chembl1078276,
CHEMBL1079,Tizanidine,4.0
CHEMBL113178,Selenomethionine,4.0
CHEMBL1135,Dimethylaminoethanol,2.0
CHEMBL1163068,Chembl1163068,
CHEMBL1182714,Cevipabulin,2.0
CHEMBL1200436,Oxandrolone,4.0
CHEMBL1200817,Levomethadyl Acetate Hydrochloride,4.0
CHEMBL1201015,Aluminum Acetate,4.0
CHEMBL1201134,Lubiprostone,4.0
CHEMBL1206232,Fosbretabulin,3.0
CHEMBL1231099,Chembl1231099,
CHEMBL1231375,Chembl1231375,
CHEMBL1231529,Bleomycin A6,2.0
CHEMBL1234048,Chembl1234048,
CHEMBL125,Miltefosine,4.0
CHEMBL1375743,Ziprasidone Hydrochloride,4.0
CHEMBL1521,Zaleplon,4.0
CHEMBL1589896,Hexoprenaline,2.0
CHEMBL1614701,Selumetinib,4.0
CHEMBL1688539,Chembl1688539,
CHEMBL17350,Traxoprodil,2.0
CHEMBL1793891,Chembl1793891,
CHEMBL1808640,Chembl1808640,
CHEMBL1951095,Eravacycline,4.0
CHEMBL20684,Abt-751,2.0
CHEMBL207228,Chembl207228,
CHEMBL209720,Chembl209720,
CHEMBL2106388,Calcium Hydroxide,4.0
CHEMBL2106561,Cadralazine,2.0
CHEMBL2107112,Tixocortol Pivalate,2.0
CHEMBL2107773,Ritobegron,3.0
CHEMBL2110954,Neramexane,3.0
CHEMBL221390,Reversin 121,
CHEMBL222102,Ku-55933,
CHEMBL233225,Chembl233225,
CHEMBL238659,Chembl238659,
CHEMBL2397141,Chembl2397141,
CHEMBL2403831,Chembl2403831,
CHEMBL253665,Chembl253665,
CHEMBL254895,Chembl254895,
CHEMBL3093936,Chembl3093936,
CHEMBL3186993,Hydroxyzine Hydrochloride,4.0
CHEMBL3219616,Cp-866087,2.0
CHEMBL3335793,Azd3965,1.0
CHEMBL3407554,Chembl3407554,
CHEMBL3545241,Ac-430,1.0
CHEMBL3586573,Cc-115,2.0
CHEMBL3623612,Chembl3623612,
CHEMBL366312,Chembl366312,
CHEMBL3707212,Gestonorone,-1.0
CHEMBL3707310,Lotilaner,4.0
CHEMBL377855,Chembl377855,
CHEMBL377862,Chembl377862,
CHEMBL3833314,Aluminum Chloride,4.0
CHEMBL4060295,Chembl4060295,
CHEMBL4068896,Chembl4068896,
CHEMBL4104537,Chembl4104537,
CHEMBL415247,Jdtic,1.0
CHEMBL4208229,Asciminib,4.0
CHEMBL420937,Dextrofloxacine,
CHEMBL4297608,Eldecalcitol,3.0
CHEMBL4536031,Chembl4536031,
CHEMBL453655,Chembl453655,
CHEMBL454,Butalbital,4.0
CHEMBL4594252,Aluminium Oxide,4.0
CHEMBL4594305,Sibofimloc,2.0
CHEMBL463588,Chembl463588,
CHEMBL477486,Deoxyguanosine Triphosphate,
CHEMBL5094181,Chembl5094181,
CHEMBL529437,Cocaine Hydrochloride,4.0
CHEMBL569,Procaine,4.0
CHEMBL576507,Chembl576507,
CHEMBL591118,Carmegliptin,2.0
CHEMBL593791,Chembl593791,
CHEMBL700,Sulfapyridine,4.0
CHEMBL1059,Pregabalin,4.0
CHEMBL1089700,Chembl1089700,
CHEMBL1095,Ethotoin,4.0
CHEMBL109962,Selenocysteine,
CHEMBL1200365,Aminohippurate Sodium,4.0
CHEMBL1200556,Desmopressin Acetate,4.0
CHEMBL1201039,Benzthiazide,4.0
CHEMBL1201335,Glycopyrronium,4.0
CHEMBL1213165,Dolutegravir Sodium,4.0
CHEMBL1231055,Arylomycin A2,
CHEMBL1231491,Betaine Aldehyde,
CHEMBL1235902,Chembl1235902,
CHEMBL126279,Chembl126279,
CHEMBL14021,Propionic Acid,2.0
CHEMBL1402920,Chembl1402920,
CHEMBL146032,Lonaprisan,2.0
CHEMBL1484857,Succinylsulfathiazole,2.0
CHEMBL1588,Thiamine,4.0
CHEMBL1834657,Infigratinib Phosphate,4.0
CHEMBL187659,Chembl187659,
CHEMBL192894,Chembl192894,
CHEMBL207990,Epoxomycin,
CHEMBL2107308,Acotiamide Hydrochloride,3.0
CHEMBL2107465,Ticalopride,2.0
CHEMBL2107576,Demexiptiline,2.0
CHEMBL220946,Chembl220946,
CHEMBL240719,Chembl240719,
CHEMBL2436978,Chembl2436978,
CHEMBL261244,Regrelor Disodium,2.0
CHEMBL267744,Ticrynafen,4.0
CHEMBL267777,Ritanserin,2.0
CHEMBL290578,Cambendazole,2.0
CHEMBL295467,Nisoxetine,2.0
CHEMBL30424,Chembl30424,
CHEMBL3102998,Chembl3102998,
CHEMBL3126833,Chembl3126833,
CHEMBL3137310,Benzhydrocodone Hydrochloride,4.0
CHEMBL3342489,Chembl3342489,
CHEMBL3353597,Chembl3353597,
CHEMBL3544917,Rapastinel,3.0
CHEMBL3644672,Bay-1082439,1.0
CHEMBL3764816,Chembl3764816,
CHEMBL3828070,Chembl3828070,
CHEMBL38912,Chembl38912,
CHEMBL3989563,Nicotine Bitartrate,4.0
CHEMBL3989869,Umbralisib Tosylate,4.0
CHEMBL399530,Cct018159,
CHEMBL4061061,Chembl4061061,
CHEMBL4100295,Chembl4100295,
CHEMBL421,Sulfasalazine,4.0
CHEMBL4250860,Danicopan,3.0
CHEMBL4293806,Chembl4293806,
CHEMBL4297448,Tt-301,1.0
CHEMBL4297506,Dapaconazole,3.0
CHEMBL4298169,Tropifexor,2.0
CHEMBL430879,Chembl430879,
CHEMBL4741924,Ipn-60090,1.0
CHEMBL496138,Chembl496138,
CHEMBL500351,Chembl500351,
CHEMBL5078486,Chembl5078486,
CHEMBL509282,Apronal,-1.0
CHEMBL512840,Chembl512840,
CHEMBL5314801,Idraparinux,3.0
CHEMBL575060,Glutamic Acid,3.0
CHEMBL581,Fosinoprilat,2.0
CHEMBL93560,Chembl93560,
CHEMBL96712,Neu5Ac2En,
CHEMBL1078534,Androstenedone,
CHEMBL1091356,Chembl1091356,
CHEMBL1093069,Chembl1093069,
CHEMBL1229517,Vemurafenib,4.0
CHEMBL1229908,Ethamivan,4.0
CHEMBL1232399,Chembl1232399,
CHEMBL1232731,Chembl1232731,
CHEMBL1305,Antazoline,4.0
CHEMBL131890,Atpgammas,
CHEMBL133097,Chembl133097,
CHEMBL1335656,Chembl1335656,
CHEMBL1339216,Phenyl Salicylate,-1.0
CHEMBL152452,Sialic Acid,2.0
CHEMBL1650676,Chembl1650676,
CHEMBL1722209,Tolterodine Tartrate,4.0
CHEMBL1738972,Denatonium,2.0
CHEMBL187460,Cryptotanshinone,
CHEMBL2022968,Dubermatinib,2.0
CHEMBL2079526,Chembl2079526,
CHEMBL2105467,Tezacitabine,2.0
CHEMBL2106224,Fenamole,2.0
CHEMBL2164048,Chembl2164048,
CHEMBL216913,Mitoguazone,3.0
CHEMBL2221139,Chembl2221139,
CHEMBL2407899,Chembl2407899,
CHEMBL246801,Chembl246801,
CHEMBL24924,Fluindione,4.0
CHEMBL280051,Chembl280051,
CHEMBL297884,Ciluprevir,2.0
CHEMBL3112741,Relebactam Anhydrous,4.0
CHEMBL3301603,Gilteritinib Fumarate,4.0
CHEMBL3414619,Chembl3414619,
CHEMBL3527416,Monoxerutin,2.0
CHEMBL370143,Paromomycin,4.0
CHEMBL3707183,Quinidine Sulfate,4.0
CHEMBL3741026,Chembl3741026,
CHEMBL375838,Chembl375838,
CHEMBL377312,Chembl377312,
CHEMBL3818646,Chembl3818646,
CHEMBL3828482,Chembl3828482,
CHEMBL405258,Chembl405258,
CHEMBL408403,Angiotensin Ii,4.0
CHEMBL4092217,Chembl4092217,
CHEMBL4096195,Chembl4096195,
CHEMBL417990,Bicuculline,
CHEMBL4279521,Pf-05241328,1.0
CHEMBL429478,Chembl429478,
CHEMBL4297330,Tocotrienol,3.0
CHEMBL446443,Chembl446443,
CHEMBL451790,Chembl451790,
CHEMBL4571075,Bms-984923,1.0
CHEMBL4581088,Chembl4581088,
CHEMBL4587232,Chembl4587232,
CHEMBL4650353,"Hydroxynorketamine, (2R,6R)-, Hydrochloride",1.0
CHEMBL4802251,Emprumapimod,2.0
CHEMBL481854,Madecassic Acid,
CHEMBL482767,Sns-314,1.0
CHEMBL501942,Chembl501942,
CHEMBL5095197,Tas-303,2.0
CHEMBL5314411,Epitinib,1.0
CHEMBL5314560,Paltusotine Hydrochloride,1.0
CHEMBL574,P-Toluenesulfonamide,3.0
CHEMBL61511,Perfosfamide,2.0
CHEMBL76,Chloroquine,4.0
CHEMBL799,Cilostazol,4.0
CHEMBL8030,Tolimidone,2.0
CHEMBL841,Loperamide,4.0
CHEMBL90039,Benzophenone,
CHEMBL94081,Alclofenac,4.0
CHEMBL95193,Chembl95193,
CHEMBL953,Entacapone,4.0
CHEMBL101382,Chembl101382,
CHEMBL1068,Oxcarbazepine,4.0
CHEMBL1092768,Chembl1092768,
CHEMBL1161789,Chembl1161789,
CHEMBL1200562,Hydrocortisone Valerate,4.0
CHEMBL1201153,Isoetharine Mesylate,4.0
CHEMBL121941,Chembl121941,
CHEMBL123904,Nu-1025,
CHEMBL1243200,Chembl1243200,
CHEMBL1256137,Cysteamine Hydrochloride,4.0
CHEMBL1265,Adapalene,4.0
CHEMBL1294,Quinidine,4.0
CHEMBL1546,Hydroxyamphetamine,4.0
CHEMBL1563,Daunorubicin Hydrochloride,4.0
CHEMBL1614702,Scio-323,1.0
CHEMBL163238,Pilsicainide,2.0
CHEMBL1650105,Chembl1650105,
CHEMBL1676,Fluticasone Furoate,4.0
CHEMBL170988,Phenformin,4.0
CHEMBL1724,Mepenzolate Bromide,4.0
CHEMBL179123,Chembl179123,
CHEMBL1908360,Everolimus,4.0
CHEMBL2103879,Ganetespib,3.0
CHEMBL2110602,Cephacetrile,2.0
CHEMBL213490,"(1-Hydroxy-1-Phosphono-2-[1,1';3',1'']Terphenyl-3-Yl-Ethyl)-Phosphonic Acid",
CHEMBL2140942,Chembl2140942,
CHEMBL221118,Chembl221118,
CHEMBL236687,Perillyl Alcohol,2.0
CHEMBL245678,Chembl245678,
CHEMBL24828,Vandetanib,4.0
CHEMBL267044,Levosulpiride,2.0
CHEMBL3041160,Chembl3041160,
CHEMBL304383,Sarcosine,2.0
CHEMBL3233142,Lumateperone Tosylate,4.0
CHEMBL3301676,Linaclotide Acetate,2.0
CHEMBL3314362,Chembl3314362,
CHEMBL34076,Chembl34076,
CHEMBL3545254,Olesoxime,3.0
CHEMBL356769,Tubacin,
CHEMBL358876,Chembl358876,
CHEMBL3770443,Chembl3770443,
CHEMBL383705,Chembl383705,
CHEMBL3989917,Fosnetupitant,4.0
CHEMBL4077078,Chembl4077078,
CHEMBL4079768,Chembl4079768,
CHEMBL4086143,Pf-06840003,1.0
CHEMBL4095934,Chembl4095934,
CHEMBL419380,Cetiedil,2.0
CHEMBL4297253,4-Demethyl-4-Cholesteryloxycarbonylpenclomedine,2.0
CHEMBL4297306,Nbi-6024,1.0
CHEMBL4297477,Brepocitinib,3.0
CHEMBL4302507,Cesium,1.0
CHEMBL4303389,Ns-018,2.0
CHEMBL440498,Cts-1027,2.0
CHEMBL444144,2-Methoxyethanol,
CHEMBL449121,Chembl449121,
CHEMBL4594248,Calcitonin Human,4.0
CHEMBL4594436,Alofanib,2.0
CHEMBL4650463,Deutarserine,2.0
CHEMBL5095231,Tulmimetostat,1.0
CHEMBL523859,Chembl523859,
CHEMBL5314960,Dioxydine,3.0
CHEMBL556,Deferoxamine,4.0
CHEMBL570296,Chembl570296,
CHEMBL570596,Chembl570596,
CHEMBL572879,Chembl572879,
CHEMBL62836,Chembl62836,
CHEMBL64246,Chembl64246,
CHEMBL73267,Chembl73267,
CHEMBL74074,Chembl74074,
CHEMBL896,Hydroxyzine,4.0
CHEMBL91609,Ro-5-3335,
CHEMBL998,Loratadine,4.0
CHEMBL1079078,Chembl1079078,
CHEMBL1089,Phenelzine,4.0
CHEMBL1095157,Chembl1095157,
CHEMBL109822,Chembl109822,
CHEMBL11306,Chembl11306,
CHEMBL1161632,Bicarbonate,3.0
CHEMBL1163065,Alasa,
CHEMBL1171829,Bitopertin,3.0
CHEMBL1189679,Palonosetron,4.0
CHEMBL1200347,Isopropamide Iodide,4.0
CHEMBL1208309,Chembl1208309,
CHEMBL1213633,Methoxyamine,2.0
CHEMBL1230227,Sabarubicin,2.0
CHEMBL1232501,Chembl1232501,
CHEMBL1234848,Nitrilotriacetic Acid,
CHEMBL1259,Metocurine,4.0
CHEMBL1290746,Chembl1290746,
CHEMBL1370446,Metizoline,2.0
CHEMBL14130,P-Nitrophenol,
CHEMBL1511,Estradiol Valerate,4.0
CHEMBL1527378,Chembl1527378,
CHEMBL1706858,Chembl1706858,
CHEMBL1852492,Chembl1852492,
CHEMBL1908336,Midecamycin,2.0
CHEMBL194173,Chembl194173,
CHEMBL1971943,Bay-549,
CHEMBL201307,Chembl201307,
CHEMBL2103773,Otilonium Bromide,3.0
CHEMBL2105116,Isatoribine,2.0
CHEMBL2105643,Fosbretabulin Tromethamine,2.0
CHEMBL2110784,Cinepazet,2.0
CHEMBL2133806,Jnj-38877605,1.0
CHEMBL2221250,Capreomycin,4.0
CHEMBL223873,Chembl223873,
CHEMBL2263632,Aslan-003,2.0
CHEMBL2385460,Chembl2385460,
CHEMBL2418347,Chembl2418347,
CHEMBL242396,"(E)2',4,4'-Trimethoxystilbene",
CHEMBL2431173,Chembl2431173,
CHEMBL258918,Mesterolone,4.0
CHEMBL274064,Sb-220025,
CHEMBL303950,Chembl303950,
CHEMBL3039582,Secretin,4.0
CHEMBL3236364,Chembl3236364,
CHEMBL3286797,Pf-04418948,1.0
CHEMBL3360529,Chembl3360529,
CHEMBL3545040,Azd7009,2.0
CHEMBL3545432,Ixazomib Citrate,4.0
CHEMBL36,Pyrimethamine,4.0
CHEMBL360356,Chembl360356,
CHEMBL3657311,Ifebemtinib,2.0
CHEMBL3818547,Chembl3818547,
CHEMBL3833338,Streptoduocin,-1.0
CHEMBL3833401,Aluminum Chloride,4.0
CHEMBL383921,Chembl383921,
CHEMBL398615,Metopimazine,2.0
CHEMBL3989901,Iodofiltic Acid I 123,2.0
CHEMBL3989915,Difelikefalin,4.0
CHEMBL4205747,Chembl4205747,
CHEMBL4206892,Chembl4206892,
CHEMBL4215969,Chembl4215969,
CHEMBL4297224,Blarcamesine,3.0
CHEMBL4297289,Bomedemstat,2.0
CHEMBL4297451,Xl-888,1.0
CHEMBL4297542,Gsk-2018682,1.0
CHEMBL4297590,Daridorexant,4.0
CHEMBL4437054,Rilematovir,3.0
CHEMBL450895,Nystatin,4.0
CHEMBL452076,Cilnidipine,3.0
CHEMBL4531334,T3-Clk,
CHEMBL4650350,Inzomelid,1.0
CHEMBL476413,Jhu-75528 C-11,0.5
CHEMBL4802585,Muvalaplin,2.0
CHEMBL5095173,Camsirubicin,2.0
CHEMBL5095214,Fosclevudine Alafenamide,2.0
CHEMBL5095226,Golcadomide,2.0
CHEMBL5095419,Fosgonimeton,3.0
CHEMBL5095491,Aumolertinib Mesylate,1.0
CHEMBL511115,Cilomilast,3.0
CHEMBL513377,Chembl513377,
CHEMBL5314472,Neracorvir,2.0
CHEMBL5314557,Emraclidine,1.0
CHEMBL5314949,Atigliflozin,2.0
CHEMBL551440,Chembl551440,
CHEMBL561639,Chembl561639,
CHEMBL617,Cephalothin,4.0
CHEMBL695,Trimethadione,4.0
CHEMBL99946,Levomilnacipran,4.0
CHEMBL1098247,Chembl1098247,
CHEMBL1200406,Dimenhydrinate,4.0
CHEMBL1200939,Ammonium Chloride,4.0
CHEMBL1201117,Methocarbamol,4.0
CHEMBL1236620,Chembl1236620,
CHEMBL1269729,Chembl1269729,
CHEMBL12760,Chembl12760,
CHEMBL1314751,Prochlorperazine Maleate,4.0
CHEMBL1412041,Cathine,2.0
CHEMBL1444,Letrozole,4.0
CHEMBL148756,Chembl148756,
CHEMBL1642545,Chembl1642545,
CHEMBL1697733,Acetylcarnitine,4.0
CHEMBL1743203,Delta5-Add,
CHEMBL1766,Desoximetasone,4.0
CHEMBL1893913,Iodocarb,2.0
CHEMBL196,Ascorbic Acid,4.0
CHEMBL196779,Fk-788,
CHEMBL2364603,Acorafloxacin Hydrochloride,2.0
CHEMBL248413,Chembl248413,
CHEMBL252642,Liquirtigenin,
CHEMBL256362,Chembl256362,
CHEMBL262747,Acyline,2.0
CHEMBL276520,Indalpine,4.0
CHEMBL3039518,Batefenterol,2.0
CHEMBL3234446,Chembl3234446,
CHEMBL3246831,Chembl3246831,
CHEMBL336434,Chembl336434,
CHEMBL3545083,Rgb-286638,1.0
CHEMBL3545368,Panobinostat Lactate,4.0
CHEMBL3644252,Arry-382,2.0
CHEMBL3669417,Bi-187004,2.0
CHEMBL369075,Vapitadine,2.0
CHEMBL375166,Chembl375166,
CHEMBL386051,Pd-0173955,
CHEMBL3912251,Ono-8539,2.0
CHEMBL3967849,Tinlarebant,3.0
CHEMBL397783,5-Fluoronicotinic Acid,3.0
CHEMBL3989936,Vilaprisan,3.0
CHEMBL404155,Chembl404155,
CHEMBL4084119,Liraglutide,4.0
CHEMBL4091089,Chembl4091089,
CHEMBL417844,Chembl417844,
CHEMBL4208780,Chembl4208780,
CHEMBL4213770,Chembl4213770,
CHEMBL4297631,Telratolimod,2.0
CHEMBL4300557,Kw-2478,1.0
CHEMBL4475481,Zelicapavir,2.0
CHEMBL4568735,Nvs-Malt1,
CHEMBL4650229,Ilacirnon Sodium,1.0
CHEMBL4650280,Asn007,1.0
CHEMBL477989,Sb590885,
CHEMBL4802150,Navocaftor,2.0
CHEMBL49642,Indibulin,2.0
CHEMBL5095399,Ivarmacitinib Sulfate,3.0
CHEMBL5095416,Udifitimod Hydrochloride,1.0
CHEMBL522751,Chembl522751,
CHEMBL523122,Chembl523122,
CHEMBL54,Haloperidol,4.0
CHEMBL564941,Chembl564941,
CHEMBL573448,Lactisole,1.0
CHEMBL609147,R-30490,
CHEMBL727,Thioguanine,4.0
CHEMBL838,Benazepril,4.0
CHEMBL102358,Idrocilamide,2.0
CHEMBL1081615,Atpenin A5,
CHEMBL1084617,Temanogrel,2.0
CHEMBL1164552,Ck0106023,
CHEMBL1200425,Pargyline Hydrochloride,4.0
CHEMBL1200781,Citalopram Hydrobromide,4.0
CHEMBL1201061,Levalbuterol Hydrochloride,4.0
CHEMBL121291,Chembl121291,
CHEMBL1236872,Chembl1236872,
CHEMBL1368,"Sodium Phosphate, Monobasic",4.0
CHEMBL13766,Guaiacol,3.0
CHEMBL1413,Ciclopirox,4.0
CHEMBL14192,Benzylimidazole,
CHEMBL1609104,Chembl1609104,
CHEMBL1623992,Piperidolate,4.0
CHEMBL1697831,Clofibride,2.0
CHEMBL1711,Isoproterenol Hydrochloride,4.0
CHEMBL1717,Ticlopidine Hydrochloride,4.0
CHEMBL1733,Quinaprilat,2.0
CHEMBL1773877,Chembl1773877,
CHEMBL180101,Esreboxetine,3.0
CHEMBL180742,Chembl180742,
CHEMBL1834659,Chembl1834659,
CHEMBL1983268,Entrectinib,4.0
CHEMBL2041933,Azd-7762,1.0
CHEMBL206253,Netupitant,4.0
CHEMBL2103795,Azilsartan Kamedoxomil,4.0
CHEMBL2106441,Noxytiolin,4.0
CHEMBL2144065,Chembl2144065,
CHEMBL2146108,Leteprinim Potassium,2.0
CHEMBL2180727,Chembl2180727,
CHEMBL2315934,Chembl2315934,
CHEMBL264961,Chembl264961,
CHEMBL3122212,Chembl3122212,
CHEMBL3137335,Transcrocetinate Sodium,3.0
CHEMBL3183440,Chembl3183440,
CHEMBL324794,Cinnamic Alcohol,
CHEMBL324951,Chembl324951,
CHEMBL3288011,Chembl3288011,
CHEMBL3319236,Glpg-0187,1.0
CHEMBL3414621,Tazemetostat,4.0
CHEMBL3545057,Acetyldigitoxin,4.0
CHEMBL3545068,Copanlisib Hydrochloride,4.0
CHEMBL3545367,Lemborexant,4.0
CHEMBL363910,Vna-932,
CHEMBL3707286,Hidrosmin,-1.0
CHEMBL379771,Chembl379771,
CHEMBL3814752,Chembl3814752,
CHEMBL3885038,Chembl3885038,
CHEMBL4297544,2-Octyl Cyanoacrylate,3.0
CHEMBL4297584,Tenalisib,2.0
CHEMBL4297611,Venglustat,3.0
CHEMBL4297638,Petesicatib,2.0
CHEMBL4298164,Sitravatinib Malate,2.0
CHEMBL433921,Al-6629,
CHEMBL4450322,Chembl4450322,
CHEMBL452289,Chembl452289,
CHEMBL458975,Chembl458975,
CHEMBL471524,Formycin,
CHEMBL5203605,Chembl5203605,
CHEMBL522590,Chembl522590,
CHEMBL531048,Phanquone,2.0
CHEMBL5314447,Vulolisib,2.0
CHEMBL5314602,Hypericin Sodium,1.0
CHEMBL5314948,Aut-00206,1.0
CHEMBL56904,Demethyl-Imatinib,
CHEMBL596072,Chembl596072,
CHEMBL598912,Chembl598912,
CHEMBL820,Busulfan,4.0
CHEMBL866,Mycophenolic Acid,4.0
CHEMBL1088973,Chembl1088973,
CHEMBL1094017,Chembl1094017,
CHEMBL109817,Chembl109817,
CHEMBL109831,Dexelvucitabine,2.0
CHEMBL113313,Capromorelin,2.0
CHEMBL1187,Phosphoric Acid,4.0
CHEMBL1200455,Iohexol,4.0
CHEMBL1200604,Tropicamide,4.0
CHEMBL1201103,Methoxamine Hydrochloride,4.0
CHEMBL1201201,Methamphetamine,4.0
CHEMBL1232583,Indeglitazar,2.0
CHEMBL1234270,Arfolitixorin,3.0
CHEMBL1236068,Streptolydigin,
CHEMBL1289,Haloprogin,4.0
CHEMBL1306,Terconazole,4.0
CHEMBL1455766,Chembl1455766,
CHEMBL1561,Miglitol,4.0
CHEMBL160038,Nebicapone,2.0
CHEMBL162036,Benorilate,4.0
CHEMBL1632,Cephalothin Sodium,4.0
CHEMBL1651461,Chembl1651461,
CHEMBL1651462,Chembl1651462,
CHEMBL1697768,Sodium Picosulfate,4.0
CHEMBL1697782,Methylprednisolone Aceponate,4.0
CHEMBL1697829,Ceftezole,2.0
CHEMBL1749,Edetate Disodium Anhydrous,4.0
CHEMBL1825089,Chembl1825089,
CHEMBL189558,Cyclo(-Trp-Tyr),
CHEMBL1949838,Chembl1949838,
CHEMBL1950289,Tanzisertib,2.0
CHEMBL19612,Spermidine,3.0
CHEMBL2009034,Dimesna,3.0
CHEMBL2022997,Chembl2022997,
CHEMBL206912,Chembl206912,
CHEMBL2104292,Hexapropymate,2.0
CHEMBL2105420,Taurolidine,4.0
CHEMBL2105618,Allylestrenol,4.0
CHEMBL2105664,Tecarfarin,3.0
CHEMBL2107301,Valomaciclovir,2.0
CHEMBL2177629,Chembl2177629,
CHEMBL227875,Pretomanid,4.0
CHEMBL2381408,Sar-405838,1.0
CHEMBL240230,Chembl240230,
CHEMBL242080,E319,
CHEMBL251429,Chembl251429,
CHEMBL272557,Fiacitabine,2.0
CHEMBL272816,Chembl272816,
CHEMBL298737,Chembl298737,
CHEMBL304784,Chembl304784,
CHEMBL3092562,Pf-05180999,1.0
CHEMBL3545330,Msx-122,1.0
CHEMBL3546958,Chembl3546958,
CHEMBL3989822,Potassium Citrate,4.0
CHEMBL3989887,Tacrolimus,4.0
CHEMBL3989967,Lotamilast,2.0
CHEMBL399043,Thiolactomycin,
CHEMBL4249337,Onametostat,1.0
CHEMBL4297411,Octahydroaminoacridine Succinate,3.0
CHEMBL441343,Paraben,
CHEMBL457614,Chembl457614,
CHEMBL471,Sotalol,4.0
CHEMBL4742712,Chembl4742712,
CHEMBL5095204,Yimitasvir Phosphate,1.0
CHEMBL5095213,Fosgonimeton Sodium,3.0
CHEMBL52606,Colforsin,2.0
CHEMBL539204,N-Chlorotaurine,
CHEMBL571433,Chembl571433,
CHEMBL71733,Trigonellamide,2.0
CHEMBL85436,Chembl85436,
CHEMBL94809,Hexadecanesulfonyl Fluoride,
CHEMBL101661,Chembl101661,
CHEMBL1091720,Chembl1091720,
CHEMBL1096896,Uk432097,2.0
CHEMBL113436,Chembl113436,
CHEMBL1200747,Ammonium Lactate,4.0
CHEMBL1200869,Metronidazole Hydrochloride,4.0
CHEMBL1201190,Levocetirizine Dihydrochloride,4.0
CHEMBL1201263,Hydrocortamate,4.0
CHEMBL1201279,Chembl1201279,
CHEMBL1205,Nelfinavir Mesylate,4.0
CHEMBL1231501,"1,3-Butanediol",
CHEMBL1231909,Chembl1231909,
CHEMBL1232448,D-Erythrose 4-Phosphate,
CHEMBL1237124,Meclocycline,2.0
CHEMBL126075,Dilazep,2.0
CHEMBL127592,Oxethazaine,3.0
CHEMBL1412667,Chembl1412667,
CHEMBL1419,Sibutramine,4.0
CHEMBL144888,Phosphorylisopropane,
CHEMBL1456892,Chembl1456892,
CHEMBL1633,Ketotifen Fumarate,4.0
CHEMBL17669,Englitazone,-1.0
CHEMBL177749,Chembl177749,
CHEMBL1807789,Chembl1807789,
CHEMBL187785,Chembl187785,
CHEMBL188865,Chembl188865,
CHEMBL1908841,Levoleucovorin,4.0
CHEMBL2010601,Ivacaftor,4.0
CHEMBL2063434,Chembl2063434,
CHEMBL2064032,Vonoprazan Fumarate,4.0
CHEMBL207769,Chembl207769,
CHEMBL2107011,Oxypertine,4.0
CHEMBL2110924,Daledalin,-1.0
CHEMBL2171169,Chembl2171169,
CHEMBL2208034,Chembl2208034,
CHEMBL2387541,Tetrahydrocannabivarin,2.0
CHEMBL2407747,Chembl2407747,
CHEMBL242727,Chembl242727,
CHEMBL250481,Chembl250481,
CHEMBL270193,Chembl270193,
CHEMBL289556,Omapatrilat,2.0
CHEMBL3093822,Chembl3093822,
CHEMBL3093948,Chembl3093948,
CHEMBL312948,Chembl312948,
CHEMBL3137327,Omega-3-Carboxylic Acids,4.0
CHEMBL3188292,Chembl3188292,
CHEMBL3417525,Bi 665915,
CHEMBL35241,Diminazene,2.0
CHEMBL353581,Pyroxamide,1.0
CHEMBL362592,Chembl362592,
CHEMBL367556,Chembl367556,
CHEMBL3833371,Uprifosbuvir,2.0
CHEMBL3948730,Umbralisib,4.0
CHEMBL3989731,Gepefrine,2.0
CHEMBL400721,Chembl400721,
CHEMBL405886,Chembl405886,
CHEMBL4175607,Chembl4175607,
CHEMBL4286311,Chembl4286311,
CHEMBL4297288,Hydronidone,3.0
CHEMBL4297392,Iowh-032,2.0
CHEMBL4297495,Iopofosine I 131,2.0
CHEMBL4297529,Risuteganib,2.0
CHEMBL4303467,Chembl4303467,
CHEMBL4526356,Zb-716,1.0
CHEMBL46058,Ethyl Chloride,4.0
CHEMBL46286,Omacetaxine Mepesuccinate,4.0
CHEMBL4650215,Inavolisib,3.0
CHEMBL4650368,Irsenontrine,2.0
CHEMBL470670,Levomenthol,3.0
CHEMBL477772,Pazopanib,4.0
CHEMBL4802156,Vevorisertib,1.0
CHEMBL483557,Chembl483557,
CHEMBL507170,Chembl507170,
CHEMBL518647,Chembl518647,
CHEMBL522432,Chembl522432,
CHEMBL5314390,Cep-2563 Dihydrochloride,1.0
CHEMBL594757,Chembl594757,
CHEMBL594983,Chembl594983,
CHEMBL598797,Cudc-101,1.0
CHEMBL608533,Midostaurin,4.0
CHEMBL626,Naftifine,4.0
CHEMBL652,Flecainide,4.0
CHEMBL67,Combretastatin A4,-1.0
CHEMBL673,Pargyline,4.0
CHEMBL768,Esmolol,4.0
CHEMBL86715,Procyclidine,4.0
CHEMBL92355,Chembl92355,
CHEMBL92915,Aminopentamide Sulfate,2.0
CHEMBL96852,Chembl96852,
CHEMBL973,Teriflunomide,4.0
CHEMBL1003,Clavulanate Potassium,4.0
CHEMBL105720,Chembl105720,
CHEMBL1090488,Pf-00446687,2.0
CHEMBL1093053,Chembl1093053,
CHEMBL112953,Chembl112953,
CHEMBL1161253,Chembl1161253,
CHEMBL1200584,Aminosalicylate Potassium,4.0
CHEMBL1200671,Nafarelin Acetate,4.0
CHEMBL1201265,Methylprednisolone Hemisuccinate,4.0
CHEMBL1201345,Tetradecyl Sulfuric Acid,4.0
CHEMBL1209145,Chembl1209145,
CHEMBL1230065,Bms-582949,2.0
CHEMBL1237102,Levocabastine Hydrochloride,4.0
CHEMBL129529,Butacaine,-1.0
CHEMBL1347128,Chembl1347128,
CHEMBL1364144,Methylprednisolone Acetate,4.0
CHEMBL1407356,Oxaceprol,2.0
CHEMBL140830,Chembl140830,
CHEMBL1761942,Chembl1761942,
CHEMBL1764,Levomepromazine,4.0
CHEMBL1922235,Darexaban,3.0
CHEMBL200177,Mk-0777,2.0
CHEMBL2019090,S-777469,2.0
CHEMBL2063462,Chembl2063462,
CHEMBL2104449,Sarakalim,2.0
CHEMBL2106471,Domiodol,2.0
CHEMBL218375,Chembl218375,
CHEMBL2205002,Ganoderic Acid D,
CHEMBL2220486,Lucitanib,2.0
CHEMBL235191,Tacedinaline,3.0
CHEMBL248176,Chembl248176,
CHEMBL294199,Capsaicin,4.0
CHEMBL3,Nicotine,4.0
CHEMBL3133037,Leq506,1.0
CHEMBL3261920,Chembl3261920,
CHEMBL3301624,Setmelanotide,4.0
CHEMBL332971,Chembl332971,
CHEMBL336626,Chembl336626,
CHEMBL3545215,Bms-911543,2.0
CHEMBL361078,Chembl361078,
CHEMBL3707206,Calcium Glycerylphosphate,-1.0
CHEMBL3707377,Segesterone Acetate,4.0
CHEMBL38397,Chembl38397,
CHEMBL396298,Elacridar,-1.0
CHEMBL4099031,Chembl4099031,
CHEMBL4160872,Chembl4160872,
CHEMBL423,Betaxolol,4.0
CHEMBL4297183,Balovaptan,3.0
CHEMBL4297293,Jnj-18038683,2.0
CHEMBL4297416,Pf-4191834,2.0
CHEMBL435966,Nimorazole,4.0
CHEMBL4436748,Sr-318,
CHEMBL4455124,Chembl4455124,
CHEMBL446061,Trolamine,4.0
CHEMBL44884,Ethambutol,4.0
CHEMBL4551635,Bay-069,
CHEMBL4852381,Chembl4852381,
CHEMBL485696,Sulfisomidine,2.0
CHEMBL491228,Chembl491228,
CHEMBL493062,Chembl493062,
CHEMBL519364,Dimefline,2.0
CHEMBL5314597,Bimatoprost Grenod,2.0
CHEMBL5314599,Ibuprofen Trelamine Hydrochloride,3.0
CHEMBL5315120,Odevixibat Sesquihydrate,4.0
CHEMBL590799,Camostat,3.0
CHEMBL601462,Chembl601462,
CHEMBL705,Alitretinoin,4.0
CHEMBL8642,Chembl8642,
CHEMBL93960,Chembl93960,
CHEMBL1083185,Chembl1083185,
CHEMBL112687,Acedoben,2.0
CHEMBL1200843,Methylergonovine Maleate,4.0
CHEMBL1201319,Metaraminol,4.0
CHEMBL1201752,Ixabepilone,4.0
CHEMBL1232207,Chembl1232207,
CHEMBL1256459,Torin1,
CHEMBL1256815,Pradofloxacin,2.0
CHEMBL1345,Guanethidine Monosulfate,4.0
CHEMBL1547,Thiamine Ion,4.0
CHEMBL1595,Dihydrocodeine,4.0
CHEMBL1614650,Exatecan,3.0
CHEMBL1631911,Chembl1631911,
CHEMBL16503,Salcaprozic Acid,2.0
CHEMBL1693,Diethylpropion Hydrochloride,4.0
CHEMBL182,Ganciclovir,4.0
CHEMBL19236,Moxonidine,4.0
CHEMBL1933288,Chembl1933288,
CHEMBL1940174,Chembl1940174,
CHEMBL1950649,Apadenoson,3.0
CHEMBL1964546,Proflavine Sulfate,1.0
CHEMBL197603,A-770041,
CHEMBL200377,Chembl200377,
CHEMBL2018881,Chembl2018881,
CHEMBL2063460,Chembl2063460,
CHEMBL2087491,Chembl2087491,
CHEMBL2104907,Fenozolone,2.0
CHEMBL2104957,Bisoctrizole,2.0
CHEMBL2110618,Minopafant,2.0
CHEMBL2110938,Pipradrol,2.0
CHEMBL216981,Navarixin,2.0
CHEMBL2181666,Bfpet F-18,2.0
CHEMBL228057,Uridine-5'-Diphosphoglucuronic Acid,
CHEMBL2315212,Magnesium Valproate,3.0
CHEMBL231884,Diosmin,4.0
CHEMBL2333767,Chembl2333767,
CHEMBL240725,Chembl240725,
CHEMBL260046,Evofosfamide,3.0
CHEMBL266497,Sorbinil,3.0
CHEMBL270687,Meriolin 5,
CHEMBL271227,Abiraterone Acetate,4.0
CHEMBL272690,Chembl272690,
CHEMBL273038,Chembl273038,
CHEMBL304253,Tolonidine,2.0
CHEMBL3183773,Chembl3183773,
CHEMBL3184143,Guanadrel Sulfate,4.0
CHEMBL323799,Phosphohydantocidin,
CHEMBL3330650,Gdc-0623,
CHEMBL3359265,Pf-05175157,2.0
CHEMBL362558,Ly-2090314,2.0
CHEMBL365795,Tiaprofenic Acid,4.0
CHEMBL378104,Cardamomin,
CHEMBL405821,Senicapoc,3.0
CHEMBL4078431,Chembl4078431,
CHEMBL413965,Felbinac,4.0
CHEMBL4297182,Pegcantratinib,2.0
CHEMBL4297254,552-02,2.0
CHEMBL4297427,Sch-486757,2.0
CHEMBL442687,Tioxolone,2.0
CHEMBL442754,Chembl442754,
CHEMBL4540528,Chembl4540528,
CHEMBL4549658,Pf-06835919,2.0
CHEMBL461571,Chembl461571,
CHEMBL473082,Chembl473082,
CHEMBL4740383,Etrumadenant,2.0
CHEMBL496634,Docosapentaenoic Acid,2.0
CHEMBL5095063,Envonalkib,2.0
CHEMBL5095093,Canocapavir,2.0
CHEMBL519827,Chembl519827,
CHEMBL5206992,Chembl5206992,
CHEMBL522038,Ximelagatran,4.0
CHEMBL5314504,Bavtavirine,2.0
CHEMBL589103,Chembl589103,
CHEMBL589390,Latrepirdine,3.0
CHEMBL66,(+)-Taxifolin,
CHEMBL796,Methylphenidate,4.0
CHEMBL80236,Chembl80236,
CHEMBL92870,Lidoflazine,4.0
CHEMBL98,Vorinostat,4.0
CHEMBL106187,Chembl106187,
CHEMBL1081262,Chembl1081262,
CHEMBL1092781,Chembl1092781,
CHEMBL1093458,Endoxifen,3.0
CHEMBL1096237,Bms-188797,1.0
CHEMBL110691,Chlormadinone Acetate,4.0
CHEMBL1200339,Phenylephrine Hydrochloride,4.0
CHEMBL1200589,Cefotiam Hydrochloride,4.0
CHEMBL1201281,Chloramphenicol Succinic Acid,4.0
CHEMBL1213446,Chembl1213446,
CHEMBL122,Rofecoxib,4.0
CHEMBL1231178,Chembl1231178,
CHEMBL1234443,Chembl1234443,
CHEMBL157548,Danofloxacin,-1.0
CHEMBL1731994,Chembl1731994,
CHEMBL1801250,Nanatinostat,2.0
CHEMBL1981592,Aviptadil,3.0
CHEMBL206468,Afegostat,2.0
CHEMBL20945,3-Nitrophenyl Boronic Acid,
CHEMBL2105719,Dacomitinib,4.0
CHEMBL2105829,Modipafant,2.0
CHEMBL2106573,Diethylthiambutene,2.0
CHEMBL2107760,Nebentan,2.0
CHEMBL2107762,Nerispirdine,2.0
CHEMBL2179387,Chembl2179387,
CHEMBL2179582,Pf-03382792,1.0
CHEMBL2218878,Trimetrexate Glucuronate,4.0
CHEMBL2315922,Chembl2315922,
CHEMBL2425960,Chembl2425960,
CHEMBL276568,"Cefprozil Anhydrous, (E)-",4.0
CHEMBL288441,Bosutinib,4.0
CHEMBL3093947,Chembl3093947,
CHEMBL323668,Chembl323668,
CHEMBL329592,Chembl329592,
CHEMBL330498,Chembl330498,
CHEMBL3545187,Verdinexor,2.0
CHEMBL359020,Chembl359020,
CHEMBL372231,Chembl372231,
CHEMBL3742059,Chembl3742059,
CHEMBL380780,Chembl380780,
CHEMBL391782,Chembl391782,
CHEMBL3989504,Sitafloxacin,2.0
CHEMBL408350,Edotreotide,3.0
CHEMBL410770,Chembl410770,
CHEMBL4297432,Slv-334,2.0
CHEMBL4297491,E-7386,1.0
CHEMBL4565370,Chembl4565370,
CHEMBL4594404,Rifaquizinone,2.0
CHEMBL4647764,Chembl4647764,
CHEMBL4650221,Omega-3-Pentaenoic Acids,3.0
CHEMBL4744254,Bersacapavir,2.0
CHEMBL479014,Chembl479014,
CHEMBL4795354,Chembl4795354,
CHEMBL483161,Chembl483161,
CHEMBL492762,Casimiroin,
CHEMBL5095174,Cedirogant,2.0
CHEMBL5095209,Sulanemadlin,1.0
CHEMBL513225,Chembl513225,
CHEMBL517712,Atropine,4.0
CHEMBL539648,Maleic Acid,
CHEMBL583207,Didesmethylrocaglamide,
CHEMBL585902,Amg-548,1.0
CHEMBL588934,Chembl588934,
CHEMBL68117,Vosaroxin,3.0
CHEMBL719,Mupirocin,4.0
CHEMBL75753,Xamoterol,4.0
CHEMBL945,Amiloride,4.0
CHEMBL984,Mivacurium Chloride,4.0
CHEMBL1076263,Setrobuvir,2.0
CHEMBL1092546,Chembl1092546,
CHEMBL1200909,Prednisolone Tebutate,4.0
CHEMBL1200916,Thioridazine Hydrochloride,4.0
CHEMBL1200936,Penicillin G Procaine,4.0
CHEMBL1201233,Methyldopate,4.0
CHEMBL1235346,Pyromellitic Acid,
CHEMBL1363,Arformoterol,4.0
CHEMBL14762,Seliciclib,2.0
CHEMBL150261,Chembl150261,
CHEMBL1552969,Chembl1552969,
CHEMBL176072,Chembl176072,
CHEMBL178938,Chembl178938,
CHEMBL194009,Chembl194009,
CHEMBL1964262,Chembl1964262,
CHEMBL198877,Aus-131,2.0
CHEMBL2104786,Pantethine,3.0
CHEMBL2104962,Denagliptin Tosylate,2.0
CHEMBL2105758,Avatrombopag Maleate,4.0
CHEMBL2106060,Bevantolol Hydrochloride,2.0
CHEMBL2106618,Glisoxepide,2.0
CHEMBL2107369,Rusalatide Acetate,2.0
CHEMBL2219642,Magnesium Chloride Anhydrous,4.0
CHEMBL224282,Chembl224282,
CHEMBL2356114,Chembl2356114,
CHEMBL246203,Chembl246203,
CHEMBL248260,Chembl248260,
CHEMBL254328,Abiraterone,4.0
CHEMBL258176,Chembl258176,
CHEMBL26915,Sc-560,
CHEMBL276473,4'-Hydroxychalcone,
CHEMBL281594,Vanoxerine,3.0
CHEMBL285123,(D)-Serine,3.0
CHEMBL298461,"1,2-Dichlorobenzene",
CHEMBL300780,Chembl300780,
CHEMBL303984,Chlorobiocin,
CHEMBL3040276,Chembl3040276,
CHEMBL307739,Ibopamine,2.0
CHEMBL3137314,Esuberaprost,3.0
CHEMBL321944,Chembl321944,
CHEMBL332958,Chembl332958,
CHEMBL3353345,Chembl3353345,
CHEMBL3360522,Chembl3360522,
CHEMBL3545224,Burixafor,2.0
CHEMBL362811,Chembl362811,
CHEMBL3701238,Futibatinib,4.0
CHEMBL3706620,Chembl3706620,
CHEMBL372638,Chembl372638,
CHEMBL393460,Chembl393460,
CHEMBL3989689,Squalamine Lactate,3.0
CHEMBL408891,Chembl408891,
CHEMBL4173668,Chembl4173668,
CHEMBL4297438,T-817 Maleate,2.0
CHEMBL4297610,Olutasidenib,4.0
CHEMBL436,Tolrestat,4.0
CHEMBL44793,Gavestinel,2.0
CHEMBL456649,Chembl456649,
CHEMBL4584965,Ammonium Trichlorotellurate,2.0
CHEMBL48310,Hinokitiol,
CHEMBL487864,Chembl487864,
CHEMBL491841,Lycogalic Acid A,
CHEMBL520733,Semagacestat,3.0
CHEMBL521105,Chembl521105,
CHEMBL5314471,Migoprotafib,2.0
CHEMBL5314590,Clazosentan Sodium,1.0
CHEMBL562497,Chembl562497,
CHEMBL593602,Chembl593602,
CHEMBL596592,Chembl596592,
CHEMBL64545,Meclofenoxate,2.0
CHEMBL73148,Cmi-977,
CHEMBL968,Flurazepam,4.0
CHEMBL107400,Sobetirome,2.0
CHEMBL1076903,Varenicline,4.0
CHEMBL1089962,"Fructose 1,6-Diphosphate",-1.0
CHEMBL1090916,Chembl1090916,
CHEMBL1149,Levocarnitine,4.0
CHEMBL1159902,6-Hydroxymethylpterin Monophosphate,
CHEMBL1200501,Goserelin Acetate,4.0
CHEMBL1200588,Clindamycin Hydrochloride,4.0
CHEMBL1201080,Trimethoprim Hydrochloride,4.0
CHEMBL1201284,Cinacalcet,4.0
CHEMBL1201294,Diphenoxylate,4.0
CHEMBL122208,Chembl122208,
CHEMBL1232391,Chembl1232391,
CHEMBL1232918,Chembl1232918,
CHEMBL1235999,Isatoic Anhydride,
CHEMBL1237132,Clevidipine,4.0
CHEMBL1278118,Supinoxin,1.0
CHEMBL1343061,Chembl1343061,
CHEMBL1347487,Chembl1347487,
CHEMBL1410877,Arasertaconazole,2.0
CHEMBL1411333,Chembl1411333,
CHEMBL1580,Pentostatin,4.0
CHEMBL1581,Perindopril,4.0
CHEMBL1615165,Chembl1615165,
CHEMBL1652,Ambenonium,4.0
CHEMBL17,Dichlorphenamide,4.0
CHEMBL1788387,Teclozan,2.0
CHEMBL181691,Chembl181691,
CHEMBL184491,Chembl184491,
CHEMBL191598,Chembl191598,
CHEMBL207162,Chembl207162,
CHEMBL2087337,Velusetrag,2.0
CHEMBL2096637,Pyrethrins,4.0
CHEMBL2104560,Dextilidine,2.0
CHEMBL2105024,Ioglicic Acid,2.0
CHEMBL2105648,Palovarotene,4.0
CHEMBL2106999,Quinbolone,2.0
CHEMBL2146063,Chlortetracycline Hydrochloride,4.0
CHEMBL2219416,Naloxegol Oxalate,4.0
CHEMBL223643,Valinomycin,
CHEMBL224946,Chembl224946,
CHEMBL2323490,Chembl2323490,
CHEMBL2336071,Siponimod,4.0
CHEMBL2348780,Chembl2348780,
CHEMBL2369989,Atilmotin,2.0
CHEMBL241577,Chembl241577,
CHEMBL2418346,Chembl2418346,
CHEMBL253592,Camylofin,2.0
CHEMBL257036,2-Phenylbenzylamine,
CHEMBL257626,Chembl257626,
CHEMBL257995,Chembl257995,
CHEMBL288149,Sutezolid,2.0
CHEMBL293212,Chembl293212,
CHEMBL297327,Chembl297327,
CHEMBL30116,Pipemidic Acid,4.0
CHEMBL3039522,Birinapant,2.0
CHEMBL306315,Chembl306315,
CHEMBL3092041,Acetyldihydrocodeine,-1.0
CHEMBL3142541,Butamben Picrate,4.0
CHEMBL3355009,Gsk-3179106,1.0
CHEMBL3545097,Sapanisertib,2.0
CHEMBL3545125,Mirogabalin,3.0
CHEMBL367788,Nsc-324360,
CHEMBL3707341,Diphenhydramine Methylbromide,-1.0
CHEMBL3707447,Calcium Pangamate,-1.0
CHEMBL3818130,Adh-1,1.0
CHEMBL392149,Tecadenoson,2.0
CHEMBL3924132,Chembl3924132,
CHEMBL39560,Acepromazine,2.0
CHEMBL4063862,Chembl4063862,
CHEMBL4074262,Chembl4074262,
CHEMBL4160008,Chembl4160008,
CHEMBL4217325,Chembl4217325,
CHEMBL4284998,Chembl4284998,
CHEMBL455477,Biliverdin,
CHEMBL458876,Amdoxovir,2.0
CHEMBL4650317,Icapamespib,1.0
CHEMBL4650366,Trotabresib,1.0
CHEMBL48029,Chembl48029,
CHEMBL482967,Cyc-116,1.0
CHEMBL487739,Chembl487739,
CHEMBL521686,Olaparib,4.0
CHEMBL5314436,Plogosertib,2.0
CHEMBL5314458,Emzeltrectinib,2.0
CHEMBL5315050,Atosiban Acetate,4.0
CHEMBL542414,Difloxacin Hydrochloride,-1.0
CHEMBL564912,Chembl564912,
CHEMBL58910,Hydroxy-Phenyl-Acetic Acid Anion,
CHEMBL68055,Acolbifene,3.0
CHEMBL7942,Malonic Acid,
CHEMBL1095475,Chembl1095475,
CHEMBL112302,Sodium Selenite,3.0
CHEMBL1161861,"Adenosine 2',5'-Diphosphate",
CHEMBL1173328,3-Methylcatechol,
CHEMBL1200400,Azathioprine Sodium,4.0
CHEMBL1200850,Ganciclovir Sodium,4.0
CHEMBL1200966,Sodium Aminosalicylate,-1.0
CHEMBL1201051,Cimetidine Hydrochloride,4.0
CHEMBL1201245,Bromodiphenhydramine,4.0
CHEMBL1201775,Sapropterin Dihydrochloride,4.0
CHEMBL1235810,Chembl1235810,
CHEMBL126,Linezolid,4.0
CHEMBL127300,Hexobendine,2.0
CHEMBL1522313,Chembl1522313,
CHEMBL1523964,Ephedrine Sulfate,4.0
CHEMBL172155,Chembl172155,
CHEMBL1730601,Gimeracil,3.0
CHEMBL176459,Chembl176459,
CHEMBL180389,Chembl180389,
CHEMBL185114,Chembl185114,
CHEMBL187927,Dianicline,3.0
CHEMBL204792,Chembl204792,
CHEMBL2096635,Urea C 14,4.0
CHEMBL2104282,Imolamine,2.0
CHEMBL2105534,Zolimidine,2.0
CHEMBL2105705,Lunacalcipol,2.0
CHEMBL2106186,Fenquizone,2.0
CHEMBL2179529,Azd1446,2.0
CHEMBL220360,Taranabant,3.0
CHEMBL226403,Chembl226403,
CHEMBL239507,Chembl239507,
CHEMBL254219,Digitoxin,4.0
CHEMBL254468,Fluciclovine F18,4.0
CHEMBL260585,Chembl260585,
CHEMBL298827,(S)-Thiorphan,
CHEMBL301327,Levormeloxifene,2.0
CHEMBL31344,Chembl31344,
CHEMBL3309965,Chembl3309965,
CHEMBL3356006,Chembl3356006,
CHEMBL3545181,Tiotropium Bromide,4.0
CHEMBL3545291,Jnj-39393406,2.0
CHEMBL366868,Chembl366868,
CHEMBL3770173,Chembl3770173,
CHEMBL3785909,Amg-337,2.0
CHEMBL3970748,Chembl3970748,
CHEMBL397990,Chembl397990,
CHEMBL3989922,Niraparib Tosylate Monohydrate,4.0
CHEMBL4078721,Chembl4078721,
CHEMBL4084907,Bimiralisib,2.0
CHEMBL416230,Decoquinate,2.0
CHEMBL4225923,Chembl4225923,
CHEMBL4239931,Chembl4239931,
CHEMBL426926,Arbekacin,2.0
CHEMBL4297397,Quercetin-3'-O-Phosphate,2.0
CHEMBL4297589,Selatogrel,3.0
CHEMBL4297637,Zuretinol Acetate,2.0
CHEMBL43452,Pomalidomide,4.0
CHEMBL4445645,Chembl4445645,
CHEMBL47590,Chembl47590,
CHEMBL490866,Chembl490866,
CHEMBL493496,Chembl493496,
CHEMBL5095187,Linaprazan Glurate,2.0
CHEMBL601023,Chembl601023,
CHEMBL64391,Itraconazole,4.0
CHEMBL666,Foscarnet,4.0
CHEMBL686,Mefenamic Acid,4.0
CHEMBL92636,Chembl92636,
CHEMBL1091346,Chembl1091346,
CHEMBL114283,Daniquidone,2.0
CHEMBL1177,Pemoline,4.0
CHEMBL1200430,Estradiol Acetate,4.0
CHEMBL1200733,Desflurane,4.0
CHEMBL1201075,Ioxilan,4.0
CHEMBL1201314,Valganciclovir,4.0
CHEMBL1213528,Crotonic Acid,
CHEMBL12315,Isoquinoline,
CHEMBL1232595,Chembl1232595,
CHEMBL1234635,Chembl1234635,
CHEMBL1237065,Tramadol Hydrochloride,4.0
CHEMBL1325592,Protoporphyrin,-1.0
CHEMBL148630,Phosphoric Acid Benzyl Ester 2-Formyl-Phenyl Ester,
CHEMBL152988,Chembl152988,
CHEMBL1620875,Oxolamine,3.0
CHEMBL1631910,Chembl1631910,
CHEMBL1642,Imatinib Mesylate,4.0
CHEMBL1950651,Evodenoson,2.0
CHEMBL2063453,Chembl2063453,
CHEMBL207456,Pittsburgh Compound B,2.0
CHEMBL2103826,Davunetide,2.0
CHEMBL2104266,Epicillin,2.0
CHEMBL2104856,Ponazuril,2.0
CHEMBL2105148,Nepinalone,2.0
CHEMBL2105527,Tetrazepam,4.0
CHEMBL2106905,Norcholestenol Iodomethyl (131I) [Injection],-1.0
CHEMBL2107529,Sucralose,3.0
CHEMBL218291,Forodesine,2.0
CHEMBL2407748,Chembl2407748,
CHEMBL247659,Chembl247659,
CHEMBL250743,Chembl250743,
CHEMBL269521,Mk-212,
CHEMBL292376,Tecalcet,2.0
CHEMBL3137322,Dianhydrogalactitol,3.0
CHEMBL3137332,Fevipiprant,3.0
CHEMBL3301614,Toreforant Tartrate,2.0
CHEMBL3301673,Ifetroban,2.0
CHEMBL3329655,Chembl3329655,
CHEMBL3330226,Macozinone,2.0
CHEMBL3546271,Flortaucipir,4.0
CHEMBL371491,Chembl371491,
CHEMBL372396,3-Methylbutanol,
CHEMBL3736314,Chembl3736314,
CHEMBL37390,Proxyphylline,4.0
CHEMBL381758,Chembl381758,
CHEMBL3823499,Chembl3823499,
CHEMBL3833335,Chloral Betaine,4.0
CHEMBL388590,Benzbromarone,4.0
CHEMBL398729,Chembl398729,
CHEMBL3989926,Sitravatinib,3.0
CHEMBL401064,Chembl401064,
CHEMBL4062346,Chembl4062346,
CHEMBL408701,Taurolithocholic Acid,3.0
CHEMBL4204869,Elenbecestat,3.0
CHEMBL427896,Chembl427896,
CHEMBL4297274,Ct-2584,2.0
CHEMBL4297678,Adrabetadex,3.0
CHEMBL4301492,Altropane,3.0
CHEMBL4563522,Fe 203799,3.0
CHEMBL4594294,Vocacapsaicin,2.0
CHEMBL462019,Trofosfamide,3.0
CHEMBL4650305,Stg-001,2.0
CHEMBL471580,Chembl471580,
CHEMBL49120,Pd-0166285,1.0
CHEMBL493670,Chembl493670,
CHEMBL511984,Chembl511984,
CHEMBL522771,Chembl522771,
CHEMBL561540,Chembl561540,
CHEMBL567303,Palosuran,2.0
CHEMBL591,Ethchlorvynol,4.0
CHEMBL6731,Tenamfetamine,2.0
CHEMBL73502,3'-Deoxyguanosine,
CHEMBL90403,Chembl90403,
CHEMBL1091706,Chembl1091706,
CHEMBL1095627,Chembl1095627,
CHEMBL1109,Sulfaphenazole,4.0
CHEMBL1160619,Chembl1160619,
CHEMBL1200354,Sodium Tetradecyl Sulfate,4.0
CHEMBL1200464,Proparacaine Hydrochloride,4.0
CHEMBL1200645,Etoposide Phosphate,4.0
CHEMBL1200705,Hydroxyamphetamine Hydrobromide,4.0
CHEMBL1200839,Diatrizoate Meglumine,4.0
CHEMBL1200841,Procaine Hydrochloride,4.0
CHEMBL1201199,Leuprolide,4.0
CHEMBL1222883,Gsk1482160,1.0
CHEMBL1223,Penicillin G Potassium,4.0
CHEMBL1233147,Guanosine Triphosphate,
CHEMBL1235380,Chembl1235380,
CHEMBL123693,Tuaminoheptane,2.0
CHEMBL1240967,Pf-00610355,2.0
CHEMBL1272307,Sb-649868,2.0
CHEMBL1474889,Clobutinol,4.0
CHEMBL1500276,Oxeladin,2.0
CHEMBL1732102,Chembl1732102,
CHEMBL178130,Chembl178130,
CHEMBL1807804,Chembl1807804,
CHEMBL1819077,Ono-2333Ms,2.0
CHEMBL2105801,Celgosivir Hydrochloride,2.0
CHEMBL2106068,Atrasentan Hydrochloride,3.0
CHEMBL2107358,Obatoclax Mesylate,3.0
CHEMBL216697,Chembl216697,
CHEMBL2177650,Chembl2177650,
CHEMBL2180639,3-[2-[(Cyclobutylmethyl)(Phenethyl)Amino]Ethyl]Phenol,
CHEMBL229128,Mephenesin,4.0
CHEMBL2337886,Chembl2337886,
CHEMBL2355051,Clomiphene,4.0
CHEMBL2393163,Chembl2393163,
CHEMBL24038,Ragaglitazar,2.0
CHEMBL24231,P-Nitrophenylphosphate,
CHEMBL256705,Ochromycinone,1.0
CHEMBL263429,Disomotide,2.0
CHEMBL285932,Am-251,
CHEMBL286204,Quinolinic Acid,
CHEMBL29197,Pd-153035,
CHEMBL3092184,Chembl3092184,
CHEMBL318516,Chembl318516,
CHEMBL3186761,Chembl3186761,
CHEMBL3186849,Cpi 613,3.0
CHEMBL3309990,Chembl3309990,
CHEMBL3335672,Chembl3335672,
CHEMBL3422069,Chembl3422069,
CHEMBL3545314,Dusquetide,3.0
CHEMBL3545355,Chf4227,1.0
CHEMBL3632721,Chembl3632721,
CHEMBL3707231,Fluclorolone,-1.0
CHEMBL3707338,Magnesium Pyridoxal 5-Phosphate Glutamate,-1.0
CHEMBL3984441,Ningetinib,2.0
CHEMBL3989954,Rosiptor,3.0
CHEMBL4064874,Chembl4064874,
CHEMBL406652,Chembl406652,
CHEMBL4297292,Jnj-17166864,2.0
CHEMBL4297388,Gw-870086,2.0
CHEMBL4297619,Enarodustat,3.0
CHEMBL4297633,Sepetaprost,3.0
CHEMBL4297636,Plocabulin,2.0
CHEMBL431770,Istradefylline,4.0
CHEMBL4458424,Bay-899,
CHEMBL4459585,Ropsacitinib,2.0
CHEMBL455271,Chembl455271,
CHEMBL4580787,Chembl4580787,
CHEMBL4802136,Phi-101,1.0
CHEMBL506569,Lanatoside C,4.0
CHEMBL5095021,Am-461,1.0
CHEMBL5095170,Bms-986299,1.0
CHEMBL5095172,Brilaroxazine,3.0
CHEMBL542,Aminobenzoic Acid,4.0
CHEMBL558722,Eberconazole,2.0
CHEMBL71,Chlorpromazine,4.0
CHEMBL87,Chembl87,
CHEMBL106,Fluconazole,4.0
CHEMBL1092067,Fludeoxyglucose F 18,4.0
CHEMBL1092392,Chembl1092392,
CHEMBL1098242,Chembl1098242,
CHEMBL1173,Chembl1173,
CHEMBL1200509,Histrelin Acetate,4.0
CHEMBL1200711,Omega-3-Acid Ethyl Esters,4.0
CHEMBL1201065,Thiamylal Sodium,4.0
CHEMBL1201068,Propiomazine Hydrochloride,4.0
CHEMBL1213033,Aprindine,2.0
CHEMBL1231498,Chembl1231498,
CHEMBL1231667,Carboxin,
CHEMBL1235115,Chembl1235115,
CHEMBL1236788,(R)-Iclaprim,
CHEMBL126726,Chembl126726,
CHEMBL145,Caffeic Acid,3.0
CHEMBL151,Luteolin,2.0
CHEMBL1614707,Mubritinib,2.0
CHEMBL1644029,Potassium Nitrate,3.0
CHEMBL1707454,Scarlet Red,2.0
CHEMBL1716,Cyproheptadine Hydrochloride,4.0
CHEMBL175105,Chembl175105,
CHEMBL1789842,Indacaterol Maleate,4.0
CHEMBL1834662,Chembl1834662,
CHEMBL185862,Chembl185862,
CHEMBL1874750,Cinepazide,4.0
CHEMBL1980825,Antineoplaston A10,3.0
CHEMBL198516,Chembl198516,
CHEMBL2103914,Ticlatone,2.0
CHEMBL2105059,Morniflumate,2.0
CHEMBL2105141,Niaprazine,2.0
CHEMBL2105668,Orvepitant Maleate,2.0
CHEMBL2107756,Lemuteporfin,2.0
CHEMBL211512,Chembl211512,
CHEMBL2181929,Mt-3995,2.0
CHEMBL220491,Brinzolamide,4.0
CHEMBL2206292,Pf-03654764,2.0
CHEMBL221181,Chembl221181,
CHEMBL2218861,Quinagolide,4.0
CHEMBL2364624,Pradigastat,3.0
CHEMBL256963,Chembl256963,
CHEMBL275638,Flavone,2.0
CHEMBL277474,Antipyrine,4.0
CHEMBL279898,Enprofylline,2.0
CHEMBL29392,Diaminooctane,
CHEMBL301141,4-Hydroxycoumarins,
CHEMBL3094405,Chembl3094405,
CHEMBL312862,Demecolcine,2.0
CHEMBL3287301,Chembl3287301,
CHEMBL3301611,Amifampridine Phosphate,4.0
CHEMBL347862,Carboxymethoxylamine,
CHEMBL3609372,Chembl3609372,
CHEMBL3707301,Idanpramine,-1.0
CHEMBL388751,Chembl388751,
CHEMBL398133,Chembl398133,
CHEMBL4060396,Chembl4060396,
CHEMBL4066163,Chembl4066163,
CHEMBL4162390,Chembl4162390,
CHEMBL4212866,Chembl4212866,
CHEMBL4297505,Cenerimod,3.0
CHEMBL4298170,Leriglitazone Hydrochloride,1.0
CHEMBL430341,Rebaudioside A,1.0
CHEMBL4469488,Chembl4469488,
CHEMBL450940,Prinaberel,2.0
CHEMBL455461,Radezolid,2.0
CHEMBL4650337,Ulotaront,3.0
CHEMBL467399,Biib021,2.0
CHEMBL479579,Phosphoramidon,
CHEMBL499458,Chembl499458,
CHEMBL501351,Beta-Pinene,
CHEMBL5095095,Dalzanemdor,3.0
CHEMBL5095218,Mitiperstat,2.0
CHEMBL512283,Chembl512283,
CHEMBL5314443,Tilpisertib Fosmecarbil,2.0
CHEMBL5314455,Brigimadlin,2.0
CHEMBL5314548,Usnoflast,2.0
CHEMBL535,Sunitinib,4.0
CHEMBL575218,Chembl575218,
CHEMBL592878,Chembl592878,
CHEMBL595483,Chembl595483,
CHEMBL89363,Su-5402,
CHEMBL94394,Bufexamac,4.0
CHEMBL1078178,Momelotinib,4.0
CHEMBL1086,Dibucaine,4.0
CHEMBL1091351,Chembl1091351,
CHEMBL1091711,Chembl1091711,
CHEMBL1185242,Chembl1185242,
CHEMBL1200597,Etidocaine Hydrochloride,4.0
CHEMBL1201151,Mestranol,4.0
CHEMBL1201323,Betazole,4.0
CHEMBL1201373,Lovastatin Acid,-1.0
CHEMBL1213135,Ergonovine Maleate,4.0
CHEMBL123137,Chembl123137,
CHEMBL1256175,Tilarginine Acetate,3.0
CHEMBL1308,Fomepizole,4.0
CHEMBL13209,Nitrazepam,4.0
CHEMBL132722,Diphosphomethylphosphonic Acid Adenosyl Ester,
CHEMBL133809,Chembl133809,
CHEMBL1422849,Chembl1422849,
CHEMBL1542,Azathioprine,4.0
CHEMBL156025,Thymopentin,3.0
CHEMBL1697854,Zorubicin,2.0
CHEMBL175247,Orlistat,4.0
CHEMBL1757,Fosfomycin,4.0
CHEMBL1836678,Chembl1836678,
CHEMBL186314,Sodium Carbonate,4.0
CHEMBL1957018,Chembl1957018,
CHEMBL1986658,Chembl1986658,
CHEMBL2103877,Efinaconazole,4.0
CHEMBL2105894,"Potash, Sulfurated",
CHEMBL2107331,Dextofisopam,2.0
CHEMBL2107342,Gamithromycin,2.0
CHEMBL227123,Trp-Nh2,
CHEMBL2349310,Chembl2349310,
CHEMBL2443061,Chembl2443061,
CHEMBL264190,Chembl264190,
CHEMBL266125,Ibodutant,3.0
CHEMBL270875,Chembl270875,
CHEMBL274047,Tandospirone,2.0
CHEMBL282724,Sitaxentan,4.0
CHEMBL297302,Benperidol,4.0
CHEMBL299400,Butorphanol Tartrate,4.0
CHEMBL3126194,Chembl3126194,
CHEMBL3182973,Chembl3182973,
CHEMBL319622,Chembl319622,
CHEMBL341367,Chembl341367,
CHEMBL3586405,Chembl3586405,
CHEMBL3589164,Chembl3589164,
CHEMBL3623290,Azd-3759,2.0
CHEMBL383541,Chembl383541,
CHEMBL3989958,Ivosidenib,4.0
CHEMBL403328,Chembl403328,
CHEMBL4059677,Chembl4059677,
CHEMBL4063082,Chembl4063082,
CHEMBL4067760,Chembl4067760,
CHEMBL4164059,Pitolisant Hydrochloride,4.0
CHEMBL4203647,Chembl4203647,
CHEMBL425863,Mibolerone,2.0
CHEMBL4297396,L-778123,1.0
CHEMBL4297513,Ibrexafungerp,4.0
CHEMBL4297514,Imeglimin,2.0
CHEMBL4297596,Fulacimstat,2.0
CHEMBL435,Hydrochlorothiazide,4.0
CHEMBL437508,Chembl437508,
CHEMBL4539512,Chembl4539512,
CHEMBL4650333,Seralutinib,2.0
CHEMBL465123,Seproxetine,-1.0
CHEMBL5095255,Jnj-38877618,1.0
CHEMBL593186,Chembl593186,
CHEMBL708,Ziprasidone,4.0
CHEMBL89700,Methylhonokiol,
CHEMBL93247,Chembl93247,
CHEMBL93747,Netoglitazone,2.0
CHEMBL95606,Cytidine,3.0
CHEMBL11471,L-Nio,
CHEMBL117869,Chembl117869,
CHEMBL1198130,Chembl1198130,
CHEMBL1200358,Sodium Phenylacetate,4.0
CHEMBL1200563,Cerivastatin Sodium,4.0
CHEMBL1200762,Betamethasone Sodium Phosphate,4.0
CHEMBL1200826,Lithium Carbonate,4.0
CHEMBL1220,Tinidazole,4.0
CHEMBL123792,Chembl123792,
CHEMBL1256841,Nialamide,4.0
CHEMBL132533,Chembl132533,
CHEMBL1361347,Clopamide,2.0
CHEMBL139,Diclofenac,4.0
CHEMBL1408258,Chembl1408258,
CHEMBL149082,Tramiprosate,3.0
CHEMBL1570441,Chembl1570441,
CHEMBL1649931,Pf-232798,2.0
CHEMBL1697841,Isometheptene,4.0
CHEMBL173453,Chembl173453,
CHEMBL186007,2-Bromo-Phenol,
CHEMBL191190,Chembl191190,
CHEMBL197669,St1535,1.0
CHEMBL202887,Gw788388,
CHEMBL204946,Chembl204946,
CHEMBL2103824,Arhalofenate,2.0
CHEMBL2104393,Iopydol,2.0
CHEMBL2104521,Ciclonicate,2.0
CHEMBL2104921,Sulfamazone,2.0
CHEMBL2105687,Dexpramipexole Dihydrochloride,3.0
CHEMBL2105737,Sonidegib,4.0
CHEMBL2106220,Diampromide,2.0
CHEMBL2110636,Bunamiodyl,-1.0
CHEMBL2205230,Tak-441,1.0
CHEMBL2431028,Chembl2431028,
CHEMBL2448612,Ergotamine Tartrate,4.0
CHEMBL266195,Alprenolol,2.0
CHEMBL270527,Chembl270527,
CHEMBL289233,Iodomelatonin,
CHEMBL3093076,Chembl3093076,
CHEMBL3126842,Beclabuvir,3.0
CHEMBL3264004,Avutometinib Potassium,1.0
CHEMBL327579,Chembl327579,
CHEMBL3306803,Lumateperone,4.0
CHEMBL3360521,Chembl3360521,
CHEMBL3663929,Naquotinib,3.0
CHEMBL371311,Chembl371311,
CHEMBL3715108,Lactisole Sodium,1.0
CHEMBL3828289,Chembl3828289,
CHEMBL406734,Chembl406734,
CHEMBL4204794,Avapritinib,4.0
CHEMBL4240170,Chembl4240170,
CHEMBL4297413,Perfluoro Tert-Butylcyclohexane,2.0
CHEMBL434525,Chembl434525,
CHEMBL490225,Chembl490225,
CHEMBL49563,Alpha-Tochopherol,
CHEMBL497001,Aloin,-1.0
CHEMBL504802,Pala,
CHEMBL506972,Chembl506972,
CHEMBL5095509,Ddp-225 Free Base Anhydrous,2.0
CHEMBL522709,Gsk-317315A,
CHEMBL5314378,Caspofungin Acetate,4.0
CHEMBL580,Lorazepam,4.0
CHEMBL589858,Chembl589858,
CHEMBL594288,Chembl594288,
CHEMBL659,Galantamine,4.0
CHEMBL70972,Seratrodast,4.0
CHEMBL851,Phenyl Propionic Acid,
CHEMBL1088324,Chembl1088324,
CHEMBL1094703,Chembl1094703,
CHEMBL1185001,Chembl1185001,
CHEMBL119604,Diethanolamine,3.0
CHEMBL1200970,Ethopropazine Hydrochloride,4.0
CHEMBL1201213,Isoetharine,4.0
CHEMBL1201288,Dantrolene,4.0
CHEMBL1210313,Chembl1210313,
CHEMBL1229780,Tribenuron Methyl,
CHEMBL1279,Frovatriptan,4.0
CHEMBL151649,Phenethylisothiocyanate,
CHEMBL1539,Sulfadoxine,4.0
CHEMBL1626223,Pyrantel,4.0
CHEMBL1651998,Terpin,4.0
CHEMBL1705373,Thiocolchicoside,3.0
CHEMBL170758,Tcmdc-137283,
CHEMBL1708421,Chembl1708421,
CHEMBL1823222,Chembl1823222,
CHEMBL197579,Chembl197579,
CHEMBL1989587,Formocortal,2.0
CHEMBL2063328,Chembl2063328,
CHEMBL208239,Chembl208239,
CHEMBL2096648,Urea C 13,4.0
CHEMBL2103743,Tofacitinib Citrate,4.0
CHEMBL2105206,Pipequaline,2.0
CHEMBL2105616,Spaglumic Acid,2.0
CHEMBL2106851,Nicomorphine,2.0
CHEMBL2107312,Arbaclofen Placarbil,3.0
CHEMBL2111144,Zolazepam,-1.0
CHEMBL221399,Chembl221399,
CHEMBL226471,Chembl226471,
CHEMBL2311030,Ergoloid Mesylates,4.0
CHEMBL2376666,Chembl2376666,
CHEMBL2391146,Angiotensin,3.0
CHEMBL242509,Chembl242509,
CHEMBL251074,S-Warfarin,
CHEMBL258558,Chembl258558,
CHEMBL29411,Thymol,4.0
CHEMBL32479,Brotizolam,3.0
CHEMBL3301681,Tribenoside,2.0
CHEMBL3330129,Chembl3330129,
CHEMBL334869,Chembl334869,
CHEMBL3527000,E-7016,2.0
CHEMBL3617550,Chembl3617550,
CHEMBL3693786,Citarinostat,2.0
CHEMBL3819637,Chembl3819637,
CHEMBL394429,Thymidine Monophosphate,
CHEMBL3989705,Sodium Propionate Monohydrate,2.0
CHEMBL3989801,Forigerimod Acetate,3.0
CHEMBL4098975,Chembl4098975,
CHEMBL413376,Suramin Hexasodium,3.0
CHEMBL4172408,Chembl4172408,
CHEMBL4207710,Chembl4207710,
CHEMBL4297321,Pr-104,1.0
CHEMBL4297599,Aspacytarabine,2.0
CHEMBL4299491,Chembl4299491,
CHEMBL4303487,Chembl4303487,
CHEMBL459146,Chembl459146,
CHEMBL4650361,Taletrectinib Adipate,1.0
CHEMBL46780,Chembl46780,
CHEMBL476993,Chembl476993,
CHEMBL4784510,Bms-986235,1.0
CHEMBL506110,Sultamicillin,4.0
CHEMBL510095,Ginsenoside Re,0.5
CHEMBL5198469,Chembl5198469,
CHEMBL520902,Chembl520902,
CHEMBL521078,Porfiromycin,3.0
CHEMBL5314409,Gsk-2269557,2.0
CHEMBL5314967,Nitramine,1.0
CHEMBL658,Sufentanil,4.0
CHEMBL76688,Sivelestat,3.0
CHEMBL85871,Chembl85871,
CHEMBL929,Delavirdine Mesylate,4.0
CHEMBL103045,Chembl103045,
CHEMBL112797,Sgs-742,2.0
CHEMBL1172928,Radafaxine,2.0
CHEMBL1173462,Tricosanoic Acid,
CHEMBL1200737,Colfosceril Palmitate,4.0
CHEMBL1200778,Dexrazoxane Hydrochloride,4.0
CHEMBL1200935,Darifenacin Hydrobromide,4.0
CHEMBL1201229,Demecarium,4.0
CHEMBL1207366,Gw468816,2.0
CHEMBL1210221,Chembl1210221,
CHEMBL1224,Acrivastine,4.0
CHEMBL1230134,Chembl1230134,
CHEMBL1234886,Oxygen,4.0
CHEMBL1235421,Pyrroloquinoline Quinone,
CHEMBL1236003,Adenosine Phosphonoacetic Acid,
CHEMBL124493,Chembl124493,
CHEMBL1254990,Norucholic Acid,3.0
CHEMBL125907,Chembl125907,
CHEMBL129788,Wr-99210,
CHEMBL1369984,Chembl1369984,
CHEMBL1377575,Homosalate,2.0
CHEMBL1398754,Chembl1398754,
CHEMBL1793894,Chembl1793894,
CHEMBL1819274,Chembl1819274,
CHEMBL181936,Chembl181936,
CHEMBL1819489,Chembl1819489,
CHEMBL1980391,Rg-1530,1.0
CHEMBL203321,Brincidofovir,4.0
CHEMBL2104386,Carperitide,3.0
CHEMBL2104398,Isomalt,3.0
CHEMBL2106841,Nonabine,2.0
CHEMBL2107820,Delparantag,2.0
CHEMBL2110912,Dihexyverine,2.0
CHEMBL217804,Chembl217804,
CHEMBL222813,Zanamivir,4.0
CHEMBL247998,Chembl247998,
CHEMBL248412,Chembl248412,
CHEMBL271184,Chembl271184,
CHEMBL273386,"2,4-Dinitrophenol",2.0
CHEMBL3093926,Chembl3093926,
CHEMBL323515,Chembl323515,
CHEMBL326294,Isatin,
CHEMBL332906,Chembl332906,
CHEMBL3339360,Chembl3339360,
CHEMBL33864,"Lipoic Acid, Alpha",4.0
CHEMBL3590107,Chembl3590107,
CHEMBL363387,Lidorestat,2.0
CHEMBL3707350,Naquotinib Mesylate,3.0
CHEMBL3799292,(R)-9S,
CHEMBL381533,Chembl381533,
CHEMBL396416,Carbocysteine,4.0
CHEMBL406237,Chembl406237,
CHEMBL427216,Gliclazide,4.0
CHEMBL4284447,Sutidiazine,2.0
CHEMBL429317,Avl-3288,1.0
CHEMBL4301787,Nox-100,2.0
CHEMBL4521078,Plx-51107,1.0
CHEMBL4583691,Lxh254,2.0
CHEMBL460480,Chembl460480,
CHEMBL4650362,Opelconazole,3.0
CHEMBL508102,Carbimazole,4.0
CHEMBL522579,Chembl522579,
CHEMBL5314432,Zevotrelvir,2.0
CHEMBL5314920,Jnj-64264681,1.0
CHEMBL5314957,Hgr-4113,1.0
CHEMBL550453,Chembl550453,
CHEMBL570775,Chembl570775,
CHEMBL597,Phentolamine,4.0
CHEMBL69330,Farnesyl Diphosphate,
CHEMBL7010,Fencamfamin,2.0
CHEMBL91718,Chembl91718,
CHEMBL1093743,Chembl1093743,
CHEMBL1200467,Hydroxyzine Pamoate,4.0
CHEMBL1201066,Venlafaxine Hydrochloride,4.0
CHEMBL1231193,Chembl1231193,
CHEMBL1233024,Chembl1233024,
CHEMBL1236235,Thiamin Diphosphate,
CHEMBL1270324,Chembl1270324,
CHEMBL1270620,Chembl1270620,
CHEMBL129857,As-602868,1.0
CHEMBL1382,Tolterodine,4.0
CHEMBL1446,Kanamycin Sulfate,4.0
CHEMBL1527608,Doxofylline,3.0
CHEMBL15677,Fenclofenac,4.0
CHEMBL1614,Deslanoside,4.0
CHEMBL1685,Dezocine,4.0
CHEMBL1742428,Donitriptan,2.0
CHEMBL1742466,Landiolol,3.0
CHEMBL1829335,Irdabisant,2.0
CHEMBL1865134,Dibunic Acid,2.0
CHEMBL1908372,Cefbuperazone,2.0
CHEMBL2074725,Acetyldigoxin,-1.0
CHEMBL2074932,Deoxyglucose,
CHEMBL2105949,Arzoxifene Hydrochloride,2.0
CHEMBL2106083,Bibenzonium Bromide,2.0
CHEMBL2106284,Dioxaphetyl Butyrate,2.0
CHEMBL2218898,Barusiban,2.0
CHEMBL2325412,Chembl2325412,
CHEMBL242938,Chembl242938,
CHEMBL243001,Chembl243001,
CHEMBL270362,Calanolide A,1.0
CHEMBL303992,Chembl303992,
CHEMBL320775,Nolatrexed,3.0
CHEMBL3275971,Chembl3275971,
CHEMBL3287255,Bisthianostat,1.0
CHEMBL334966,Cangrelor,4.0
CHEMBL352554,Chembl352554,
CHEMBL3545420,Ag-24322,1.0
CHEMBL357217,Es-936,
CHEMBL3659477,Varoglutamstat,2.0
CHEMBL371133,Chembl371133,
CHEMBL3800394,Chembl3800394,
CHEMBL39324,Chembl39324,
CHEMBL395716,Chembl395716,
CHEMBL3989678,Piperazine Citrate,4.0
CHEMBL3989694,Olanzapine Pamoate,4.0
CHEMBL4071161,Tirabrutinib,4.0
CHEMBL4297318,Pg-530742,2.0
CHEMBL433841,Chembl433841,
CHEMBL438,Sulfamerazine,4.0
CHEMBL4594271,Berotralstat,4.0
CHEMBL4749741,Chembl4749741,
CHEMBL4802148,E-7130,1.0
CHEMBL496783,Chembl496783,
CHEMBL517199,Xipamide,4.0
CHEMBL5314425,Misetionamide,2.0
CHEMBL5314498,Zongertinib,2.0
CHEMBL568259,Chembl568259,
CHEMBL583972,Chembl583972,
CHEMBL631,Propafenone,4.0
CHEMBL8739,Linolenic Acid,
CHEMBL1089334,Chembl1089334,
CHEMBL1098241,Chembl1098241,
CHEMBL1098243,Chembl1098243,
CHEMBL1098319,2-Mercaptoethanesulfonic Acid,4.0
CHEMBL1200601,Naratriptan Hydrochloride,4.0
CHEMBL1200696,Potassium Perchlorate,4.0
CHEMBL1200893,Protokylol Hydrochloride,4.0
CHEMBL1205969,Chembl1205969,
CHEMBL1230628,Chembl1230628,
CHEMBL1231023,Chembl1231023,
CHEMBL1234524,Chembl1234524,
CHEMBL1236196,Tetrabuthylammonium,
CHEMBL125381,Chembl125381,
CHEMBL1269057,Chembl1269057,
CHEMBL129530,(+)-4-Fluorobenzyltrozamicol,
CHEMBL1591,Demeclocycline,4.0
CHEMBL1615374,Vilazodone Hydrochloride,4.0
CHEMBL1619,Cladribine,4.0
CHEMBL16300,Benzohydroxamate,
CHEMBL1697741,Dehydroemetine,2.0
CHEMBL1783282,Azd7325,2.0
CHEMBL1788393,Etofamide,2.0
CHEMBL1907763,Chembl1907763,
CHEMBL1941138,(R)-2-(Phosphonatooxy)Propanoate,
CHEMBL1949908,Chembl1949908,
CHEMBL1963502,Pki-166,1.0
CHEMBL202311,Chembl202311,
CHEMBL2107723,Acotiamide,3.0
CHEMBL2110367,Trimethoprim Sulfate,4.0
CHEMBL212879,Chembl212879,
CHEMBL2180602,Tafetinib,1.0
CHEMBL221542,Beta-Sitosterol,
CHEMBL2332840,Chembl2332840,
CHEMBL2338319,Chembl2338319,
CHEMBL244946,Chembl244946,
CHEMBL250093,Chembl250093,
CHEMBL267178,Cgs-27023A,
CHEMBL279785,Marimastat,3.0
CHEMBL300058,Brequinar Sodium,2.0
CHEMBL303457,R-100943,
CHEMBL3125537,Chembl3125537,
CHEMBL332882,Chembl332882,
CHEMBL3356005,Chembl3356005,
CHEMBL3357463,Chembl3357463,
CHEMBL3358954,Bi 653048,1.0
CHEMBL3360505,Chembl3360505,
CHEMBL3422067,Chembl3422067,
CHEMBL3707376,Cadazolid,3.0
CHEMBL3819328,Chembl3819328,
CHEMBL3989780,Sucralfate,4.0
CHEMBL3989861,Desvenlafaxine Fumarate,4.0
CHEMBL403200,Chembl403200,
CHEMBL4098392,Chembl4098392,
CHEMBL4103211,Chembl4103211,
CHEMBL4114766,Atuzabrutinib,1.0
CHEMBL4288374,Chembl4288374,
CHEMBL4297328,Suvn-G3031,2.0
CHEMBL4297662,Tarloxotinib Bromide,2.0
CHEMBL444478,Acetoside,2.0
CHEMBL4535474,Bay-293,
CHEMBL46403,Stearic Acid,-1.0
CHEMBL4862963,Bavdegalutamide,1.0
CHEMBL5095067,Gilmelisib,2.0
CHEMBL523516,Chembl523516,
CHEMBL5314440,Sacibertinib,2.0
CHEMBL5314926,Rmc-5552,1.0
CHEMBL571,Ketoprofen,4.0
CHEMBL600258,Chembl600258,
CHEMBL601719,Crizotinib,4.0
CHEMBL627,Amitriptylinoxide,3.0
CHEMBL82324,4-Boronobenzoic Acid,
CHEMBL870,Alendronic Acid,4.0
CHEMBL87385,Clopenthixol,2.0
CHEMBL103,Progesterone,4.0
CHEMBL1087630,Oxibendazole,2.0
CHEMBL1097902,Chembl1097902,
CHEMBL1178786,Chembl1178786,
CHEMBL1182210,Benzethonium,2.0
CHEMBL1183349,Isavuconazonium,4.0
CHEMBL1189432,Olopatadine,4.0
CHEMBL1200527,Atracurium Besylate,4.0
CHEMBL1200775,Leuprolide Acetate,4.0
CHEMBL1200975,Clocortolone Pivalate,4.0
CHEMBL1201043,Cephapirin Sodium,4.0
CHEMBL1229656,Dextrocarnitine,
CHEMBL1231649,Carbomycin A,
CHEMBL1236544,Chembl1236544,
CHEMBL123978,3-Methoxy-Benzamide,
CHEMBL1240772,Glp-1,2.0
CHEMBL1255,Formaldehyde,4.0
CHEMBL146624,Mitoglitazone,2.0
CHEMBL146972,Phosphorylethanolamine,2.0
CHEMBL147792,Carpropamide,
CHEMBL1607480,Oxytetracycline Hydrochloride,4.0
CHEMBL1697762,Niceritrol,2.0
CHEMBL171148,Chembl171148,
CHEMBL18116,Toloxatone,4.0
CHEMBL1822495,Chembl1822495,
CHEMBL186,Cefepime,4.0
CHEMBL198743,Chembl198743,
CHEMBL2105717,Cabozantinib,4.0
CHEMBL2106530,Nifurzide,2.0
CHEMBL2110732,Dacomitinib Anhydrous,4.0
CHEMBL2110788,Benzilonium,2.0
CHEMBL217464,Chembl217464,
CHEMBL2219418,Naloxegol,4.0
CHEMBL23254,Purvalanol B,
CHEMBL241304,Chembl241304,
CHEMBL2417572,Chembl2417572,
CHEMBL2431901,Chembl2431901,
CHEMBL271512,Chembl271512,
CHEMBL296419,Astemizole,4.0
CHEMBL304087,Merimepodib,2.0
CHEMBL305906,Cetylpyridinium,4.0
CHEMBL3087515,Mavoglurant,2.0
CHEMBL3143549,F-Arag,1.0
CHEMBL314854,Fingolimod,4.0
CHEMBL3305317,Chembl3305317,
CHEMBL35306,Nikkomycin,1.0
CHEMBL3589039,Chembl3589039,
CHEMBL3597971,Seltorexant,3.0
CHEMBL3707216,4-Dimethylaminophenol,-1.0
CHEMBL373028,Chembl373028,
CHEMBL377175,Chembl377175,
CHEMBL404630,Chembl404630,
CHEMBL4082941,Chembl4082941,
CHEMBL4087758,Chembl4087758,
CHEMBL410834,Chembl410834,
CHEMBL425148,Matairesinol,
CHEMBL4297518,Mirodenafil,2.0
CHEMBL4298146,Lifirafenib Maleate,1.0
CHEMBL438139,Rocaglamide,
CHEMBL446143,Ornithine,3.0
CHEMBL4594287,Ensifentrine,3.0
CHEMBL469,Ketorolac,4.0
CHEMBL486226,Bms-707035,2.0
CHEMBL505,Chlorpheniramine,4.0
CHEMBL5314363,Apomorphine Hydrochloride,4.0
CHEMBL5314596,Aspirin Trelamine Hydrochloride,2.0
CHEMBL570298,Chembl570298,
CHEMBL583,Grepafloxacin,4.0
CHEMBL590104,Chembl590104,
CHEMBL593,Delavirdine,4.0
CHEMBL612137,Chembl612137,
CHEMBL61479,Siramesine,2.0
CHEMBL62382,Methylselenocysteine,1.0
CHEMBL63857,Phenolphthalein,4.0
CHEMBL68828,Chembl68828,
CHEMBL761,Naphazoline,4.0
CHEMBL878,Metolazone,4.0
CHEMBL969,Prazepam,4.0
CHEMBL1089636,Ang1005,3.0
CHEMBL1089866,Chembl1089866,
CHEMBL1091348,Chembl1091348,
CHEMBL1092397,Chembl1092397,
CHEMBL1094838,Chembl1094838,
CHEMBL1097191,Chembl1097191,
CHEMBL1200638,Dexbrompheniramine Maleate,4.0
CHEMBL1200832,Terbinafine Hydrochloride,4.0
CHEMBL1200854,Fluphenazine Decanoate,4.0
CHEMBL1200969,Dutasteride,4.0
CHEMBL1201101,Testosterone Cypionate,4.0
CHEMBL1201740,Nilotinib Hydrochloride Monohydrate,4.0
CHEMBL1208572,Salinomycin,2.0
CHEMBL121978,Chembl121978,
CHEMBL1230135,Chembl1230135,
CHEMBL123292,Cycloheximide,2.0
CHEMBL1234268,Chembl1234268,
CHEMBL1236107,Sgx-523,1.0
CHEMBL1236433,Chembl1236433,
CHEMBL1236670,Virginiamycin Factor M1,-1.0
CHEMBL146755,Oxalic Acid,-1.0
CHEMBL155625,Indole-3-Carbinol,2.0
CHEMBL16264,Ether,2.0
CHEMBL1651473,Chembl1651473,
CHEMBL166937,Sarcnu,2.0
CHEMBL169,Ursolic Acid,2.0
CHEMBL1825092,Chembl1825092,
CHEMBL192966,Fexaramine,
CHEMBL1950576,Dihydrostreptomycin,4.0
CHEMBL1951071,Arformoterol Tartrate,4.0
CHEMBL2010507,Methoxyphenamine,4.0
CHEMBL2062263,Cysteamine Bitartrate,4.0
CHEMBL2071209,Chembl2071209,
CHEMBL2104027,Alphameprodine,2.0
CHEMBL2105167,Meprotixol,2.0
CHEMBL2105729,Dabrafenib Mesylate,4.0
CHEMBL2151197,Pf-03654746,2.0
CHEMBL2315921,Chembl2315921,
CHEMBL2403849,Chembl2403849,
CHEMBL25202,Tamibarotene,4.0
CHEMBL25826,Paratoulene Phosphate,
CHEMBL260532,Chembl260532,
CHEMBL297792,S-3304,1.0
CHEMBL30713,Alpha-Methyltryptamine,
CHEMBL3093584,Chembl3093584,
CHEMBL313405,R-120393,
CHEMBL3183193,Cefmenoxime Hydrochloride,4.0
CHEMBL3188386,Wnt-974,2.0
CHEMBL3344470,Chembl3344470,
CHEMBL3545407,Trabodenoson,3.0
CHEMBL387385,Chembl387385,
CHEMBL401843,Chembl401843,
CHEMBL4083870,Chembl4083870,
CHEMBL4174724,Chembl4174724,
CHEMBL4287662,Chembl4287662,
CHEMBL4297349,Aspartyl-Alanyl-Diketopiperazine,3.0
CHEMBL4297362,Cbp-501,2.0
CHEMBL4297527,Revamilast,2.0
CHEMBL4297600,Reldesemtiv,3.0
CHEMBL44228,"1,3,5-Trichlorobenzene",
CHEMBL45177,Chembl45177,
CHEMBL465026,Nefopam,4.0
CHEMBL470288,Chembl470288,
CHEMBL472565,Dinitolmide,2.0
CHEMBL505147,Uk-390957,2.0
CHEMBL5095201,Valiloxybate,2.0
CHEMBL5314577,Orforglipron Calcium,1.0
CHEMBL5314931,Sudapyridine,3.0
CHEMBL5316167,Arq-736 Free Acid,1.0
CHEMBL53366,Imidafenacin,3.0
CHEMBL551978,Drotaverine,3.0
CHEMBL559973,Fluorotryptophane,
CHEMBL561844,Chembl561844,
CHEMBL565801,Chembl565801,
CHEMBL583914,Chembl583914,
CHEMBL59990,Mafosfamide,2.0
CHEMBL747,Cycloguanil,-1.0
CHEMBL848,Lenalidomide,4.0
CHEMBL88055,Rimiterol,4.0
CHEMBL92731,Chembl92731,
CHEMBL1078767,Chembl1078767,
CHEMBL1096562,Methyl Aminolevulinate,4.0
CHEMBL1165,Moexipril,4.0
CHEMBL1194287,Chloropyramine,2.0
CHEMBL119489,Chembl119489,
CHEMBL1201255,Histrelin,4.0
CHEMBL1232142,Soneclosan,2.0
CHEMBL1232889,Chembl1232889,
CHEMBL1237135,Maprotiline Hydrochloride,4.0
CHEMBL1242,Phenazopyridine,4.0
CHEMBL1278,Naratriptan,4.0
CHEMBL1365576,Tetrasul,2.0
CHEMBL1469,Phenylbutanoic Acid,4.0
CHEMBL1516,Olmesartan,3.0
CHEMBL1525826,Sulfalene,4.0
CHEMBL1615281,Slc-0111,1.0
CHEMBL1742471,Ebrotidine,4.0
CHEMBL1783256,Azd6280,1.0
CHEMBL1835869,Chembl1835869,
CHEMBL1909286,Phenoxypropazine,4.0
CHEMBL207016,Chembl207016,
CHEMBL209159,Chembl209159,
CHEMBL2105078,Furethidine,2.0
CHEMBL2106548,Clometocillin,2.0
CHEMBL2107811,Zabofloxacin,3.0
CHEMBL2110753,Iseganan,3.0
CHEMBL2142890,Aceglumate,4.0
CHEMBL2204263,Jnj-41443532,2.0
CHEMBL226117,Palmitoyl Glycine,
CHEMBL233553,Chembl233553,
CHEMBL234569,Chembl234569,
CHEMBL236708,Chembl236708,
CHEMBL2408778,Chembl2408778,
CHEMBL249304,Chembl249304,
CHEMBL259551,Fr-180204,
CHEMBL267431,Asoprisnil,3.0
CHEMBL28318,Propyphenazone,2.0
CHEMBL293498,R-82913,
CHEMBL297362,Xylazine,2.0
CHEMBL3086883,Chembl3086883,
CHEMBL316257,L-Alpha-Dimyristoylphosphatidylcholine,
CHEMBL3183453,Novobiocin Sodium,4.0
CHEMBL325434,Chembl325434,
CHEMBL3288027,Chembl3288027,
CHEMBL329433,Chembl329433,
CHEMBL331057,Chembl331057,
CHEMBL3329671,Chembl3329671,
CHEMBL3342504,Chembl3342504,
CHEMBL3422068,Chembl3422068,
CHEMBL3544983,Tesevatinib,3.0
CHEMBL361056,Chembl361056,
CHEMBL3622821,Upadacitinib,4.0
CHEMBL376981,Chembl376981,
CHEMBL3785432,Chembl3785432,
CHEMBL38885,Chembl38885,
CHEMBL3975522,Ebopiprant,2.0
CHEMBL406973,Chembl406973,
CHEMBL4091647,Chembl4091647,
CHEMBL4297216,Fedratinib Hydrochloride,4.0
CHEMBL4297370,Crs-3123,2.0
CHEMBL431698,Raloxifene Core,
CHEMBL446452,Arundine,3.0
CHEMBL4586585,Chembl4586585,
CHEMBL4594268,Tasipimidine Sulfate,1.0
CHEMBL460962,Chembl460962,
CHEMBL471498,Mitiglinide,3.0
CHEMBL4749646,Chembl4749646,
CHEMBL486193,Gilretinol Acetate,1.0
CHEMBL523367,Methoxyverapamil,2.0
CHEMBL526639,Chembl526639,
CHEMBL5314412,Zotizalkib,2.0
CHEMBL5314415,Milademetan,2.0
CHEMBL5314554,Guretolimod,1.0
CHEMBL553426,(R)-2-Aminobutanoic Acid,
CHEMBL574737,Ucn-01,2.0
CHEMBL585397,Chembl585397,
CHEMBL72434,Chembl72434,
CHEMBL726,Fluphenazine,4.0
CHEMBL77562,"1,3,5-Benzenetricarboxylic Acid",
CHEMBL814,Fluvoxamine,4.0
CHEMBL819,Oxacillin,4.0
CHEMBL87992,Eslicarbazepine Acetate,4.0
CHEMBL90568,Diosmetin,
CHEMBL9352,Naringenin,
CHEMBL936,Diphenidol,4.0
CHEMBL1040,Calcifediol Anhydrous,4.0
CHEMBL107498,Decanoic Acid,
CHEMBL1082508,Landipirdine,2.0
CHEMBL1084625,Chembl1084625,
CHEMBL108545,Methyl Salicylate,4.0
CHEMBL1146,Cefamandole,4.0
CHEMBL1161949,3-(Heptyloxy)Benzoate,
CHEMBL1172736,Chembl1172736,
CHEMBL1200397,Butenafine Hydrochloride,4.0
CHEMBL1201129,Decitabine,4.0
CHEMBL1201179,Lapatinib Ditosylate,4.0
CHEMBL1201320,Esomeprazole,4.0
CHEMBL1201766,Fospropofol,4.0
CHEMBL1214124,Perampanel,4.0
CHEMBL1231535,Chembl1231535,
CHEMBL1231666,Chembl1231666,
CHEMBL1232699,Fluorescin,
CHEMBL123850,Chembl123850,
CHEMBL1241,Tripelennamine,4.0
CHEMBL1258006,Bradanicline,2.0
CHEMBL1509101,Chembl1509101,
CHEMBL153813,Chembl153813,
CHEMBL158627,Chembl158627,
CHEMBL159660,Alphamethadol,2.0
CHEMBL1721359,Chembl1721359,
CHEMBL173809,Emopamil,2.0
CHEMBL1867342,Butafenacil,
CHEMBL2016893,Xl-418,1.0
CHEMBL2095224,Pyronaridine Tetraphosphate,2.0
CHEMBL2104993,Vortioxetine,4.0
CHEMBL2107378,Tedisamil Sesquifumarate,3.0
CHEMBL220346,Chembl220346,
CHEMBL229855,Chembl229855,
CHEMBL2365807,Chembl2365807,
CHEMBL2371968,Chembl2371968,
CHEMBL240438,Chembl240438,
CHEMBL27769,Stanolone,2.0
CHEMBL290814,Bafilomycin A1,
CHEMBL294018,Patulin,
CHEMBL3110081,Chembl3110081,
CHEMBL3112595,Chembl3112595,
CHEMBL3218578,Bgt-226,2.0
CHEMBL3302622,Chembl3302622,
CHEMBL3356004,Chembl3356004,
CHEMBL349803,Piretanide,4.0
CHEMBL3545252,Docetaxel,4.0
CHEMBL3589357,Chembl3589357,
CHEMBL3828492,Chembl3828492,
CHEMBL3989520,Histamine Phosphate,4.0
CHEMBL3989525,Azidamfenicol,2.0
CHEMBL405130,Whi-P131,1.0
CHEMBL4078100,Azd-5153,1.0
CHEMBL4080720,Chembl4080720,
CHEMBL4091762,Cabamiquine,2.0
CHEMBL4104741,Chembl4104741,
CHEMBL411907,Sonolisib,2.0
CHEMBL41306,Cns-5161,-1.0
CHEMBL4173394,Brilliant Blue G,4.0
CHEMBL4204119,Chembl4204119,
CHEMBL4297666,Omidenepag Isopropyl,4.0
CHEMBL434200,Tertatolol,4.0
CHEMBL4594428,Asp-5878,1.0
CHEMBL4646511,Gamitrinib,1.0
CHEMBL4650363,.Alpha.-R-Lipoic Acid Choline Ester Chloride,2.0
CHEMBL4754493,Btx-A51,1.0
CHEMBL478120,Marbofloxacin,2.0
CHEMBL4783446,Vx-135,2.0
CHEMBL4795065,Borussertib,
CHEMBL489586,Mk-4965,
CHEMBL498485,Icaritin,3.0
CHEMBL5314404,Ajmaline,3.0
CHEMBL5314528,Luxdegalutamide,2.0
CHEMBL578006,Pd-0173958,
CHEMBL61780,Tezosentan,3.0
CHEMBL655,Midazolam,4.0
CHEMBL787,Montelukast,4.0
CHEMBL821,Guanidine,4.0
CHEMBL91397,Rupatadine,4.0
CHEMBL944,Chloroprocaine Hydrochloride,4.0
CHEMBL101083,Chembl101083,
CHEMBL1079576,Phenprobamate,2.0
CHEMBL1085,Acetophenazine,4.0
CHEMBL1200947,Metipranolol Hydrochloride,4.0
CHEMBL1201302,Dexamethasone Phosphoric Acid,4.0
CHEMBL1201891,Deflazacort,4.0
CHEMBL1206869,Chembl1206869,
CHEMBL1208965,Chembl1208965,
CHEMBL122245,Chembl122245,
CHEMBL1236394,Tricarballylic Acid,
CHEMBL1275868,Azelnidipine,3.0
CHEMBL1412853,Chembl1412853,
CHEMBL142703,Vildagliptin,4.0
CHEMBL1597,Dimercaprol,4.0
CHEMBL1603014,Chembl1603014,
CHEMBL1609891,Buthionine Sulfoximine,1.0
CHEMBL1614709,Cenisertib,
CHEMBL1618279,Revaprazan,2.0
CHEMBL1632158,Chembl1632158,
CHEMBL1802410,Chembl1802410,
CHEMBL181886,Pyruvate Sodium,2.0
CHEMBL1836679,Chembl1836679,
CHEMBL185083,Chembl185083,
CHEMBL2035187,Pacritinib,4.0
CHEMBL205098,Chembl205098,
CHEMBL2103979,Thymalfasin,3.0
CHEMBL2104030,Aranidipine,2.0
CHEMBL2106660,Acefylline Piperazine,4.0
CHEMBL2107495,Temafloxacin Hydrochloride,4.0
CHEMBL222559,Tipranavir,4.0
CHEMBL230153,Chembl230153,
CHEMBL2316142,Chembl2316142,
CHEMBL233360,Chembl233360,
CHEMBL2396674,Chembl2396674,
CHEMBL254857,Fipexide,4.0
CHEMBL256105,Monensin,2.0
CHEMBL260538,Ulipristal Acetate,4.0
CHEMBL268736,Valeric Acid,
CHEMBL269646,Tiotidine,2.0
CHEMBL270995,Brivanib Alaninate,3.0
CHEMBL28218,Bromperidol,4.0
CHEMBL292411,Hydroxy-Phenyl-Acetic Acid Anion,
CHEMBL308333,Actinonin,
CHEMBL314010,Bevantolol,2.0
CHEMBL31601,Remikiren,2.0
CHEMBL3182320,Troxerutin,3.0
CHEMBL3184799,Mephentermine Sulfate,4.0
CHEMBL3236357,Chembl3236357,
CHEMBL3286737,Chembl3286737,
CHEMBL3301620,Temsavir,2.0
CHEMBL3353352,Chembl3353352,
CHEMBL346977,Fonazine,4.0
CHEMBL369180,Chembl369180,
CHEMBL37493,Chembl37493,
CHEMBL380331,Chembl380331,
CHEMBL382300,Ortataxel,2.0
CHEMBL3989833,Ziprasidone Mesylate,4.0
CHEMBL404313,Asiatic Acid,
CHEMBL4066920,Chembl4066920,
CHEMBL4218410,Chembl4218410,
CHEMBL425,Olsalazine,4.0
CHEMBL4297322,Prx-08066,2.0
CHEMBL4297409,Biphenyl Dimethyl Dicarboxylate,3.0
CHEMBL4297464,Cxl-1020,2.0
CHEMBL4297487,Rencofilstat,2.0
CHEMBL4303141,Gsk2838232,2.0
CHEMBL438497,Nicotinamide Riboside,3.0
CHEMBL4462530,Azd-4573,2.0
CHEMBL4582373,Chembl4582373,
CHEMBL4594272,Berotralstat Hydrochloride,4.0
CHEMBL462170,Chembl462170,
CHEMBL4650285,Temuterkib,2.0
CHEMBL468419,Fadrozole Hydrochloride,-1.0
CHEMBL4802133,Fidrisertib,2.0
CHEMBL481,Irinotecan,4.0
CHEMBL482505,Chembl482505,
CHEMBL503075,Methyl Beta-D-Lactoside,
CHEMBL5314532,Nerandomilast,2.0
CHEMBL541,Benzoic Acid,4.0
CHEMBL581476,Gnf-Pf-365,
CHEMBL592,Levorphanol,4.0
CHEMBL70971,Carbendazim,1.0
CHEMBL760,Anagrelide,4.0
CHEMBL87223,Aminoquinuride,2.0
CHEMBL991,Stavudine,4.0
CHEMBL104966,Chembl104966,
CHEMBL1084430,Inarigivir,2.0
CHEMBL110674,Chembl110674,
CHEMBL1200989,Alclometasone Dipropionate,4.0
CHEMBL1230982,Anabaseine,2.0
CHEMBL1234370,Chembl1234370,
CHEMBL126224,Iprindole,4.0
CHEMBL1271234,Chembl1271234,
CHEMBL1571,Testolactone,4.0
CHEMBL15841,Ethylparaben,-1.0
CHEMBL1591074,Chembl1591074,
CHEMBL17976,Resiniferatoxin,3.0
CHEMBL1801384,Chembl1801384,
CHEMBL1835866,Chembl1835866,
CHEMBL186720,Phenyltoloxamine,2.0
CHEMBL1923502,Ulimorelin Hydrochloride,3.0
CHEMBL1951706,Hydromorphinol,2.0
CHEMBL1987462,Bamethan,4.0
CHEMBL2007884,Afp-464 Free Base,2.0
CHEMBL2104340,Ibacitabine,2.0
CHEMBL2104967,Firategrast,2.0
CHEMBL2105639,Dirucotide,3.0
CHEMBL2107341,Fispemifene,2.0
CHEMBL2107372,Simotaxel,2.0
CHEMBL2107531,Stepronin,2.0
CHEMBL2107726,Arimoclomol,3.0
CHEMBL2163631,Sabizabulin,3.0
CHEMBL2178270,Chembl2178270,
CHEMBL222645,Floxacillin,4.0
CHEMBL2315930,Chembl2315930,
CHEMBL257704,Eplivanserin,3.0
CHEMBL265849,Chembl265849,
CHEMBL268164,Cyclobarbital,4.0
CHEMBL307679,Cytidine 5'-Phosphate,
CHEMBL3085504,Bleomycin Sulfate,4.0
CHEMBL308954,Etravirine,4.0
CHEMBL327715,Chembl327715,
CHEMBL3329435,Pf-05212377,2.0
CHEMBL3350555,Chembl3350555,
CHEMBL3422087,Chembl3422087,
CHEMBL3545036,Raseglurant,2.0
CHEMBL3707266,Ribociclib Succinate,4.0
CHEMBL3707282,Magnesium Orotate,4.0
CHEMBL372509,Chembl372509,
CHEMBL391087,Chembl391087,
CHEMBL400858,Chembl400858,
CHEMBL406381,Krn-633,1.0
CHEMBL4070336,Chembl4070336,
CHEMBL4086276,Chembl4086276,
CHEMBL4091991,Chembl4091991,
CHEMBL412989,Chembl412989,
CHEMBL415284,Nalorphine,2.0
CHEMBL4297379,Fluorofuranylnorprogesterone F-18,2.0
CHEMBL457979,Chembl457979,
CHEMBL4594393,Calcium Oxybate,4.0
CHEMBL47072,Ketobemidone,2.0
CHEMBL472193,Chembl472193,
CHEMBL4802159,Enpatoran,2.0
CHEMBL495039,Chembl495039,
CHEMBL500576,Chembl500576,
CHEMBL501849,Simeprevir,4.0
CHEMBL5085204,Chembl5085204,
CHEMBL5095239,Gsk-3494245,1.0
CHEMBL5095421,Emavusertib Hydrochloride,1.0
CHEMBL5095423,Selnoflast,1.0
CHEMBL512172,Chembl512172,
CHEMBL5314375,Cidofovir,4.0
CHEMBL5314579,Zilurgisertib,2.0
CHEMBL53418,Danthron,4.0
CHEMBL563327,Chembl563327,
CHEMBL572944,Chembl572944,
CHEMBL58061,Co-Trimoxazole,3.0
CHEMBL58510,Chloroquine Phosphate,4.0
CHEMBL65543,Acetyl Tyrosine,
CHEMBL83527,Pterostilbene,2.0
CHEMBL8981,Pd-156707,
CHEMBL1078859,Chembl1078859,
CHEMBL1200497,Cyclizine Lactate,4.0
CHEMBL1200578,Theophylline Sodium Glycinate,4.0
CHEMBL1200881,Minocycline Hydrochloride,4.0
CHEMBL1214186,Sinefungin,2.0
CHEMBL1230762,Acetoacetic Acid,-1.0
CHEMBL1233327,Chembl1233327,
CHEMBL1370630,Chembl1370630,
CHEMBL1428,Nimodipine,4.0
CHEMBL1513348,Chembl1513348,
CHEMBL152408,Pimethixene,2.0
CHEMBL1535,Hydroxychloroquine,4.0
CHEMBL1672352,Chembl1672352,
CHEMBL169901,Debrisoquin,4.0
CHEMBL177275,Chembl177275,
CHEMBL1871418,Ronnel,2.0
CHEMBL1897362,Haloxon,2.0
CHEMBL207433,Sb-705498,2.0
CHEMBL209073,Chembl209073,
CHEMBL2103774,Tibolone,4.0
CHEMBL2103857,Edivoxetine,3.0
CHEMBL2103869,Dasolampanel,2.0
CHEMBL2103884,Oprozomib,2.0
CHEMBL2106468,Tricetamide,1.0
CHEMBL2110725,Vinflunine,4.0
CHEMBL2111109,Tasidotin,2.0
CHEMBL2158866,Chembl2158866,
CHEMBL2355317,Chembl2355317,
CHEMBL240597,Chenodiol,4.0
CHEMBL240624,Preladenant,3.0
CHEMBL261454,Hts-466284,
CHEMBL269264,Chembl269264,
CHEMBL273264,Nafamostat,3.0
CHEMBL277535,Bifonazole,4.0
CHEMBL281398,Terbogrel,2.0
CHEMBL301265,Pramipexole,4.0
CHEMBL3263958,Chembl3263958,
CHEMBL327127,Pd-0166326,
CHEMBL3304678,Chembl3304678,
CHEMBL3342358,Chembl3342358,
CHEMBL341824,Pteroic Acid,
CHEMBL363302,Chembl363302,
CHEMBL3707244,Recanaclotide,2.0
CHEMBL3717933,Chembl3717933,
CHEMBL3739699,Chembl3739699,
CHEMBL3787344,Nazartinib,2.0
CHEMBL394484,Chembl394484,
CHEMBL3989844,Dextroamphetamine Saccharate,4.0
CHEMBL404116,Latrunculin A,
CHEMBL406105,Chembl406105,
CHEMBL4089731,Exicorilant,2.0
CHEMBL4204308,Chembl4204308,
CHEMBL4214023,Chembl4214023,
CHEMBL4216005,Chembl4216005,
CHEMBL4297088,Chlorhexidine Gluconate,4.0
CHEMBL4297615,Parsaclisib,3.0
CHEMBL454868,Chembl454868,
CHEMBL4570969,Chembl4570969,
CHEMBL462228,Chembl462228,
CHEMBL463580,Chembl463580,
CHEMBL5095262,Cadisegliatin,2.0
CHEMBL514270,Emicerfont,2.0
CHEMBL519143,Chembl519143,
CHEMBL558288,Chembl558288,
CHEMBL56367,Nimesulide,4.0
CHEMBL567597,Artemisinin,4.0
CHEMBL590578,Chembl590578,
CHEMBL593019,Pyridoxamine,2.0
CHEMBL594606,Chembl594606,
CHEMBL599,Meloxicam,4.0
CHEMBL62855,Chembl62855,
CHEMBL71595,Hydrogen Peroxide,4.0
CHEMBL965,Carbamoylcholine,4.0
CHEMBL100617,Chembl100617,
CHEMBL1082354,Tenonitrozole,2.0
CHEMBL1082986,Chembl1082986,
CHEMBL1090777,Chembl1090777,
CHEMBL109648,Clazosentan,3.0
CHEMBL1161221,Chembl1161221,
CHEMBL1200517,Dihydroergotamine Mesylate,4.0
CHEMBL1200617,Rimexolone,4.0
CHEMBL1234777,Chembl1234777,
CHEMBL1236642,Vaccenic Acid,
CHEMBL1334078,Sodium Hypochlorite,4.0
CHEMBL14249,Adenosine Triphosphate,2.0
CHEMBL1448187,Fluphenazine Hydrochloride,4.0
CHEMBL1512,Flunisolide,4.0
CHEMBL152959,Chembl152959,
CHEMBL1552157,Squalane,-1.0
CHEMBL15768,Chembl15768,
CHEMBL1651478,Chembl1651478,
CHEMBL1665,Albendazole Oxide,2.0
CHEMBL178280,Chembl178280,
CHEMBL1807788,Chembl1807788,
CHEMBL181862,Chembl181862,
CHEMBL183,"1,3-Dipropyl-8-Cyclopentylxanthine [Dpcpx]",
CHEMBL184048,4-Hydroxymethyl-Benzamidine,
CHEMBL1911272,Bms-776532,
CHEMBL198795,Chembl198795,
CHEMBL200884,Chembl200884,
CHEMBL2016757,Gs-441524,1.0
CHEMBL2105743,Olodaterol Hydrochloride,4.0
CHEMBL2107720,Kebuzone,2.0
CHEMBL2107787,Tesetaxel,3.0
CHEMBL2146102,Ephedrine Hydrochloride,4.0
CHEMBL21485,Phenylboronic Acid,
CHEMBL217068,Chembl217068,
CHEMBL2380579,Chembl2380579,
CHEMBL2393169,Chembl2393169,
CHEMBL239857,Chembl239857,
CHEMBL242510,Chembl242510,
CHEMBL267458,Bms-182874,
CHEMBL270548,Chembl270548,
CHEMBL278819,Minaprine,4.0
CHEMBL3039516,Gemcitabine Elaidate,2.0
CHEMBL305686,Cordycepin,1.0
CHEMBL3094434,Chembl3094434,
CHEMBL3137691,Quinupristin/Dalfopristin,4.0
CHEMBL3182405,Chembl3182405,
CHEMBL3183184,Octinoxate,4.0
CHEMBL3330105,Chembl3330105,
CHEMBL338604,C-1311,2.0
CHEMBL3408388,Chembl3408388,
CHEMBL3408393,Chembl3408393,
CHEMBL341922,Ketoprofen Sodium,2.0
CHEMBL3580737,Mk-0941,2.0
CHEMBL3632719,Chembl3632719,
CHEMBL3653158,Chembl3653158,
CHEMBL365468,Chembl365468,
CHEMBL3692206,Tas-119,1.0
CHEMBL3707283,Tetragalacturonic Acid Hydroxymethylester,-1.0
CHEMBL3707340,Tribromometacresol,-1.0
CHEMBL37932,Fenoxaprop-Ethyl,
CHEMBL3823104,Chembl3823104,
CHEMBL3916717,Selonsertib,3.0
CHEMBL40,Phenobarbital,4.0
CHEMBL402744,(2S)-7-Hydroxyflavanone,
CHEMBL409536,Chembl409536,
CHEMBL4281167,Chembl4281167,
CHEMBL4297066,Eliglustat Tartrate,4.0
CHEMBL4297252,2'-Fucosyllactose,1.0
CHEMBL4297593,Atecegatran Metoxil,2.0
CHEMBL4446892,Chembl4446892,
CHEMBL44803,Chembl44803,
CHEMBL451635,Obidoxime,2.0
CHEMBL458966,Chembl458966,
CHEMBL4650214,Zandelisib,3.0
CHEMBL474857,Chembl474857,
CHEMBL477874,Flurothyl,2.0
CHEMBL4802246,Larsucosterol Sodium,1.0
CHEMBL493708,Chembl493708,
CHEMBL515001,Chembl515001,
CHEMBL51969,Phenylalanine Methyl Ester,
CHEMBL520308,Chembl520308,
CHEMBL549906,Chembl549906,
CHEMBL55400,Proflavine,4.0
CHEMBL573677,Abequolixron,1.0
CHEMBL640,Procainamide,4.0
CHEMBL91649,Chembl91649,
CHEMBL100595,Chembl100595,
CHEMBL1084172,Vilanterol Trifenatate,4.0
CHEMBL1091491,Chembl1091491,
CHEMBL11,Imipramine,4.0
CHEMBL1171754,Jnj-39220675,2.0
CHEMBL1200776,Cinacalcet Hydrochloride,4.0
CHEMBL1200866,Perflubron,4.0
CHEMBL1201018,Cefaclor,4.0
CHEMBL1201262,Dipivefrin,4.0
CHEMBL1237296,Chembl1237296,
CHEMBL1271590,Chembl1271590,
CHEMBL153043,Chembl153043,
CHEMBL153479,Ambroxol,3.0
CHEMBL1712170,Ethylmorphine,-1.0
CHEMBL1712678,Chembl1712678,
CHEMBL1722,Methylphenidate Hydrochloride,4.0
CHEMBL1761940,Chembl1761940,
CHEMBL17645,Cgp-71683A,
CHEMBL1808625,Chembl1808625,
CHEMBL1915761,Ganoderiol F,
CHEMBL1951714,Octacosanol,-1.0
CHEMBL1956820,Gs-9256,2.0
CHEMBL2016681,Velneperit,2.0
CHEMBL2029972,Chembl2029972,
CHEMBL206115,Chembl206115,
CHEMBL230172,Chembl230172,
CHEMBL232942,Chembl232942,
CHEMBL236572,Chembl236572,
CHEMBL2397415,Zavegepant,4.0
CHEMBL2443139,Chembl2443139,
CHEMBL249120,"2,5-Xylidine",
CHEMBL250409,Chembl250409,
CHEMBL258844,Chembl258844,
CHEMBL286398,Propylene Glycol,3.0
CHEMBL299175,Tretoquinol,2.0
CHEMBL313972,Masoprocol,4.0
CHEMBL3186027,Chembl3186027,
CHEMBL3329659,Chembl3329659,
CHEMBL346631,Cep-7055,1.0
CHEMBL3545010,Ordopidine,2.0
CHEMBL3545369,Epacadostat,3.0
CHEMBL3545391,Org-34517,2.0
CHEMBL3655950,Chembl3655950,
CHEMBL3682589,Elismetrep,2.0
CHEMBL374478,Rifampin,4.0
CHEMBL3747359,Chembl3747359,
CHEMBL3763790,Chembl3763790,
CHEMBL397919,Chembl397919,
CHEMBL397976,Pidolic Acid,2.0
CHEMBL414139,Chembl414139,
CHEMBL4163329,Chembl4163329,
CHEMBL4210847,Pf-00489791,2.0
CHEMBL42632,Chembl42632,
CHEMBL4297184,Ciforadenant,2.0
CHEMBL4297307,Neosaxitoxin,1.0
CHEMBL4297345,Adl-5747,2.0
CHEMBL4300465,Radium,3.0
CHEMBL4303404,Pelabresib,3.0
CHEMBL4597200,Ammonium Trichlorotellurate,2.0
CHEMBL46909,"Trans-2,4,3',5'-Tetramethoxystilbene",
CHEMBL482950,Pexacerfont,3.0
CHEMBL483321,Cp-724714,2.0
CHEMBL485323,Chembl485323,
CHEMBL5070897,Chembl5070897,
CHEMBL5095203,Yimitasvir,3.0
CHEMBL5095227,Cemsidomide,2.0
CHEMBL517427,Nilvadipine,3.0
CHEMBL5314592,Povorcitinib Phosphate,1.0
CHEMBL535650,Mefloquine Hydrochloride,4.0
CHEMBL59986,A-85380,
CHEMBL65273,Chembl65273,
CHEMBL67166,Sphingosine,
CHEMBL82321,1-Aminoanthracene,
CHEMBL960,Leflunomide,4.0
CHEMBL1078688,Chembl1078688,
CHEMBL1088762,Chembl1088762,
CHEMBL1095284,Cefatrizine,2.0
CHEMBL1160571,Pyrophosphoric Acid,2.0
CHEMBL1181731,Teglarinad,2.0
CHEMBL1190,Decamethonium,4.0
CHEMBL1200374,Exemestane,4.0
CHEMBL1200561,Doxazosin Mesylate,4.0
CHEMBL1213583,Gestodene,3.0
CHEMBL1230193,Chembl1230193,
CHEMBL1231234,Chembl1231234,
CHEMBL1232392,Chembl1232392,
CHEMBL1235825,Aza-Adomet,
CHEMBL1435,Cefazolin,4.0
CHEMBL1525287,Chembl1525287,
CHEMBL1577,Methyclothiazide,4.0
CHEMBL1697,Diltiazem Hydrochloride,4.0
CHEMBL171480,Chembl171480,
CHEMBL173799,Chembl173799,
CHEMBL1796998,Sulfur Hexafluoride,4.0
CHEMBL191958,Genz-644282,1.0
CHEMBL210352,Chembl210352,
CHEMBL2104255,Benzoxonium Chloride,2.0
CHEMBL2163396,Chembl2163396,
CHEMBL2315923,Chembl2315923,
CHEMBL232211,Minozac Free Base,1.0
CHEMBL2323695,Chembl2323695,
CHEMBL300982,Licofelone,2.0
CHEMBL3039530,Abediterol,2.0
CHEMBL3120793,Gs-6620,1.0
CHEMBL313136,Simendan,2.0
CHEMBL3182444,Mk-5108,1.0
CHEMBL324942,Chembl324942,
CHEMBL331976,Chembl331976,
CHEMBL3330124,Chembl3330124,
CHEMBL3342187,Chembl3342187,
CHEMBL334533,Dexanabinol,3.0
CHEMBL3740500,Minnelide,2.0
CHEMBL375348,Chembl375348,
CHEMBL390674,Chembl390674,
CHEMBL4086356,Chembl4086356,
CHEMBL411759,Chembl411759,
CHEMBL427409,Neamine,
CHEMBL429736,Retosiban,3.0
CHEMBL438605,2'-C-Mecytosine,
CHEMBL4461515,Chembl4461515,
CHEMBL4540808,Chembl4540808,
CHEMBL468900,Chembl468900,
CHEMBL472,Glyburide,4.0
CHEMBL4802160,Dersimelagon,3.0
CHEMBL5095086,Alpibectir,2.0
CHEMBL5314366,Esomeprazole Magnesium,4.0
CHEMBL5314605,Zanzalintinib Fumarate,1.0
CHEMBL5314958,Crisugabalin,2.0
CHEMBL563168,Chembl563168,
CHEMBL568737,3-Methylbutanoic Acid,
CHEMBL569862,Chembl569862,
CHEMBL570175,Chembl570175,
CHEMBL604591,Chembl604591,
CHEMBL85231,Medifoxamine,4.0
CHEMBL8946,Eticlopride,2.0
CHEMBL1020,Tolmetin,4.0
CHEMBL1136,Telithromycin,4.0
CHEMBL1200468,Malathion,4.0
CHEMBL1200987,Eprosartan Mesylate,4.0
CHEMBL1201295,Bitolterol,4.0
CHEMBL1232702,Chembl1232702,
CHEMBL1234619,Chembl1234619,
CHEMBL1235556,Chembl1235556,
CHEMBL1236475,Tetrahydrouridine,2.0
CHEMBL1237044,Tramadol,4.0
CHEMBL1237099,Doxacurium Chloride,4.0
CHEMBL1257040,Trifluoperazine Hydrochloride,4.0
CHEMBL126589,Chembl126589,
CHEMBL1267,Leriglitazone,3.0
CHEMBL1385076,Chembl1385076,
CHEMBL1540,Penciclovir,4.0
CHEMBL167731,Pixantrone,4.0
CHEMBL1760169,Chembl1760169,
CHEMBL1819141,Chembl1819141,
CHEMBL184041,Ertiprotafib,2.0
CHEMBL18442,Plerixafor,4.0
CHEMBL1981292,Chembl1981292,
CHEMBL2063329,Chembl2063329,
CHEMBL2104753,Rivoglitazone,3.0
CHEMBL2106236,Epimestrol,2.0
CHEMBL2106822,Nizofenone,2.0
CHEMBL2107357,Motesanib Diphosphate,3.0
CHEMBL2220019,Chembl2220019,
CHEMBL2357192,Deslorelin Acetate,-1.0
CHEMBL2376648,X-396,
CHEMBL2397450,Ym-543,2.0
CHEMBL2401865,Oxyntomodulin,1.0
CHEMBL245807,Oxyphenisatine,4.0
CHEMBL246621,Chembl246621,
CHEMBL256563,Monepantel,1.0
CHEMBL3187503,Gsk-1292263,2.0
CHEMBL319467,Nu-6102,
CHEMBL3233043,Chembl3233043,
CHEMBL3236369,Chembl3236369,
CHEMBL331373,Hadacidin,
CHEMBL3410084,Chembl3410084,
CHEMBL3989762,Lorajmine,2.0
CHEMBL4101487,Galicaftor,2.0
CHEMBL418471,Chembl418471,
CHEMBL4209082,Chembl4209082,
CHEMBL4297305,Nb-001,3.0
CHEMBL4297449,Usl-311,1.0
CHEMBL4303454,Doripenem Monohydrate,4.0
CHEMBL442218,Procysteine,2.0
CHEMBL443014,Carboquone,2.0
CHEMBL447,Secobarbital,4.0
CHEMBL4594296,Lazucirnon Hydrochloride,1.0
CHEMBL473417,Vismodegib,4.0
CHEMBL487863,Chembl487863,
CHEMBL488230,Chembl488230,
CHEMBL497939,Cytisinicline,3.0
CHEMBL5095036,Azenosertib,2.0
CHEMBL5095069,Itruvone,2.0
CHEMBL5095244,Safimaltib,2.0
CHEMBL5314571,Emavusertib Maleate,1.0
CHEMBL5314593,Seclidemstat Mesylate,1.0
CHEMBL5314935,Vonafexor,2.0
CHEMBL56337,Epalrestat,4.0
CHEMBL573820,Pd-0179483,
CHEMBL66092,Laquinimod,3.0
CHEMBL7130,Chembl7130,
CHEMBL73303,Chembl73303,
CHEMBL812,Pyridostigmine Bromide,4.0
CHEMBL91925,Chembl91925,
CHEMBL10878,Agomelatine,4.0
CHEMBL1099290,Chembl1099290,
CHEMBL114655,Nylidrin,2.0
CHEMBL1200550,Antazoline Phosphate,4.0
CHEMBL1200606,Mexiletine Hydrochloride,4.0
CHEMBL1200890,Oxycodone Hydrochloride,4.0
CHEMBL1201141,Ibuprofen Lysine,4.0
CHEMBL1232829,Chembl1232829,
CHEMBL1235146,Chembl1235146,
CHEMBL1366039,Chembl1366039,
CHEMBL144366,Pyroquilon,
CHEMBL1536119,Chembl1536119,
CHEMBL1589763,Chembl1589763,
CHEMBL160347,Brofaromine,2.0
CHEMBL176058,Chembl176058,
CHEMBL1823223,Chembl1823223,
CHEMBL1863513,Ingenol Mebutate,4.0
CHEMBL190461,Cannabidiol,4.0
CHEMBL205596,Cholic Acid,4.0
CHEMBL2103875,Trametinib,4.0
CHEMBL2104314,Icaridin,2.0
CHEMBL2111097,Levamlodipine,4.0
CHEMBL214332,Intermedine,2.0
CHEMBL2151205,E-2212,1.0
CHEMBL217091,Chembl217091,
CHEMBL2178267,Chembl2178267,
CHEMBL2180203,Chembl2180203,
CHEMBL219916,Domperidone,4.0
CHEMBL22055,Sufugolix,2.0
CHEMBL2387080,Taselisib,3.0
CHEMBL239816,Sr-1459,
CHEMBL2425968,Chembl2425968,
CHEMBL249515,Chembl249515,
CHEMBL313006,Dalcetrapib,3.0
CHEMBL31421,Chembl31421,
CHEMBL331858,Al-7182,
CHEMBL333357,Endomorphin 2,
CHEMBL335940,Chembl335940,
CHEMBL3403664,Chembl3403664,
CHEMBL3561663,Chembl3561663,
CHEMBL3732012,Gdc-0134,1.0
CHEMBL381667,Chembl381667,
CHEMBL3824393,Exeporfinium,2.0
CHEMBL383899,Anilinopyrimidine1,
CHEMBL3940890,Acoramidis,3.0
CHEMBL3989968,Difamilast,3.0
CHEMBL399096,Chembl399096,
CHEMBL401365,Chembl401365,
CHEMBL4073796,Chembl4073796,
CHEMBL4074884,Mitoquinone Mesylate,2.0
CHEMBL4242114,Chembl4242114,
CHEMBL4284857,Chembl4284857,
CHEMBL4290141,Branaplam,2.0
CHEMBL4298162,Nerindocianine,2.0
CHEMBL43128,Primaquine Phosphate,4.0
CHEMBL4461619,Chembl4461619,
CHEMBL451930,Plitidepsin,3.0
CHEMBL463788,Chembl463788,
CHEMBL4649457,Udifitimod,2.0
CHEMBL4762515,Chembl4762515,
CHEMBL48796,Chembl48796,
CHEMBL490029,Mk-0533,2.0
CHEMBL5095088,Anizatrectinib,2.0
CHEMBL531,Pergolide,4.0
CHEMBL5314556,Lirafugratinib Hydrochloride,1.0
CHEMBL5314563,Zosurabalpin,2.0
CHEMBL5314915,Dsp-5336,1.0
CHEMBL60889,Mosapride,3.0
CHEMBL623,Nefazodone,4.0
CHEMBL65794,Cefpirome,4.0
CHEMBL697,Methsuximide,4.0
CHEMBL765,Guanethidine,4.0
CHEMBL85848,Chembl85848,
CHEMBL98153,Chembl98153,
CHEMBL1084546,Pf-00562271,1.0
CHEMBL111664,Chembl111664,
CHEMBL11662,Ozagrel,4.0
CHEMBL1200334,Moricizine Hydrochloride,4.0
CHEMBL1200510,Erythromycin Stearate,4.0
CHEMBL1209015,Chembl1209015,
CHEMBL1235338,Palmitaldehyde,
CHEMBL129795,Isoliquiritigenin,
CHEMBL1395,Methyltestosterone,4.0
CHEMBL1472460,Chembl1472460,
CHEMBL1697856,Bucetin,4.0
CHEMBL1808631,Chembl1808631,
CHEMBL187266,Tanshinone Iia,
CHEMBL19344,Higenamine,1.0
CHEMBL197194,Vidofludimus,3.0
CHEMBL2024377,Chembl2024377,
CHEMBL2037226,Chembl2037226,
CHEMBL2063090,Grazoprevir Anhydrous,4.0
CHEMBL2074765,Krn5500,2.0
CHEMBL2103854,Omadacycline Tosylate,4.0
CHEMBL2105637,Delafloxacin,4.0
CHEMBL2107175,Ranelic Acid,4.0
CHEMBL2111016,Tibezonium,2.0
CHEMBL212723,Chembl212723,
CHEMBL221186,Otx-008,1.0
CHEMBL2219422,Afuresertib,2.0
CHEMBL2431768,Lcl-161,2.0
CHEMBL25719,Geraniol,
CHEMBL269881,Nu-2058,
CHEMBL282614,Eltoprazine,2.0
CHEMBL3114688,Chembl3114688,
CHEMBL3137318,Talazoparib Tosylate,4.0
CHEMBL32800,Fenoterol,4.0
CHEMBL340211,Azaperone,2.0
CHEMBL3408392,Chembl3408392,
CHEMBL3422060,Chembl3422060,
CHEMBL3545043,Asapiprant,3.0
CHEMBL3714916,Chembl3714916,
CHEMBL374713,Chembl374713,
CHEMBL393545,Chembl393545,
CHEMBL397420,Acenocoumarol,4.0
CHEMBL3989569,Ibandronate Sodium,4.0
CHEMBL4084847,Chembl4084847,
CHEMBL4165344,Chembl4165344,
CHEMBL4165749,Bi 2545,
CHEMBL421138,Chembl421138,
CHEMBL42208,Chembl42208,
CHEMBL42336,Methionine,4.0
CHEMBL4241177,Chembl4241177,
CHEMBL4303729,Plixorafenib,2.0
CHEMBL440687,Abt-724,
CHEMBL4567446,Clesacostat,2.0
CHEMBL4648362,Gsk789,
CHEMBL4649378,Flubentylosin,2.0
CHEMBL4650320,Molnupiravir,3.0
CHEMBL471414,Chembl471414,
CHEMBL494072,Chembl494072,
CHEMBL508360,Ils-920,1.0
CHEMBL514838,Chembl514838,
CHEMBL5173945,Chembl5173945,
CHEMBL538,Aniline,
CHEMBL609583,R-306465,1.0
CHEMBL7162,Ns-398,
CHEMBL84163,Chembl84163,
CHEMBL1078667,Chembl1078667,
CHEMBL1086445,Crotonaldehyde,
CHEMBL1091704,Chembl1091704,
CHEMBL1093266,Gsk2033,
CHEMBL1094015,Chembl1094015,
CHEMBL1095097,Eplerenone,4.0
CHEMBL109612,Chembl109612,
CHEMBL1180004,Chembl1180004,
CHEMBL1200331,Fosfomycin Tromethamine,4.0
CHEMBL1200543,Anileridine Phosphate,4.0
CHEMBL1200853,Dydrogesterone,4.0
CHEMBL1200868,Phenyl Aminosalicylate,4.0
CHEMBL1201096,Krypton Kr 81M,4.0
CHEMBL1201115,Esmolol Hydrochloride,4.0
CHEMBL121915,(S)-5-Iodowillardiine,
CHEMBL1231248,Theracys,
CHEMBL1234088,Chembl1234088,
CHEMBL1234293,Chembl1234293,
CHEMBL1289926,Axitinib,4.0
CHEMBL1371412,Tioxidazole,2.0
CHEMBL1399702,Nebularine,
CHEMBL1451173,Dipyrocetyl,2.0
CHEMBL157604,Chembl157604,
CHEMBL1616951,Canrenoate,4.0
CHEMBL1650126,Chembl1650126,
CHEMBL1668,Rescinnamine,4.0
CHEMBL184618,Framycetin,3.0
CHEMBL1940178,Chembl1940178,
CHEMBL200234,Chembl200234,
CHEMBL2024517,Cariprazine Hydrochloride,4.0
CHEMBL2043025,Tmc-647055,2.0
CHEMBL2104678,Azintamide,2.0
CHEMBL2107546,Bucindolol Hydrochloride,2.0
CHEMBL212141,Chembl212141,
CHEMBL214502,Chembl214502,
CHEMBL2165224,Anisodamine,3.0
CHEMBL221959,Tofacitinib,4.0
CHEMBL2441437,Chembl2441437,
CHEMBL249500,Chembl249500,
CHEMBL251932,Chembl251932,
CHEMBL293405,Chembl293405,
CHEMBL294029,Ravuconazole,2.0
CHEMBL309282,Chembl309282,
CHEMBL315985,Eslicarbazepine,4.0
CHEMBL3182813,Chembl3182813,
CHEMBL3186475,Chembl3186475,
CHEMBL3186492,Ondansetron Hydrochloride,4.0
CHEMBL3219143,Pf-04776548,1.0
CHEMBL3251336,Chembl3251336,
CHEMBL3408381,Chembl3408381,
CHEMBL351298,Chembl351298,
CHEMBL3581693,Brilanestrant,2.0
CHEMBL3609300,Chembl3609300,
CHEMBL3609306,Chembl3609306,
CHEMBL3623001,Chembl3623001,
CHEMBL379300,A-443654,
CHEMBL382102,Chembl382102,
CHEMBL391640,Chembl391640,
CHEMBL402629,Chembl402629,
CHEMBL406388,Chembl406388,
CHEMBL4071864,Gsk2982772,2.0
CHEMBL4090083,Chembl4090083,
CHEMBL4245221,Chembl4245221,
CHEMBL427342,Imidocarb,-1.0
CHEMBL4297337,Orm-13070 C-11,1.0
CHEMBL4297359,Biib-028,1.0
CHEMBL4297393,Kosn-1724,1.0
CHEMBL4297468,Zetomipzomib,2.0
CHEMBL4303781,Chembl4303781,
CHEMBL4483575,Remibrutinib,3.0
CHEMBL4594260,Tazemetostat Hydrobromide,4.0
CHEMBL4594383,Pafolacianine Sodium,4.0
CHEMBL4647810,Elimusertib,1.0
CHEMBL4650319,Mobocertinib,4.0
CHEMBL469514,Chembl469514,
CHEMBL471488,Mb07344,-1.0
CHEMBL485,Codeine,4.0
CHEMBL5095051,Venlafaxine Besylate,4.0
CHEMBL509924,Diflucortolone,4.0
CHEMBL5314461,Ficonalkib,2.0
CHEMBL5314510,Canlitinib,2.0
CHEMBL533,Ibutilide,4.0
CHEMBL548,Dinoprostone,4.0
CHEMBL588,Fenoldopam,4.0
CHEMBL605,Procainamide Hydrochloride,4.0
CHEMBL61,Podofilox,4.0
CHEMBL654,Mirtazapine,4.0
CHEMBL738,Thiopental Sodium,4.0
CHEMBL92086,Chembl92086,
CHEMBL92404,Chembl92404,
CHEMBL939,Gefitinib,4.0
CHEMBL9514,Nocodazole,2.0
CHEMBL1086580,Chembl1086580,
CHEMBL1091,Hydrocortisone Acetate,4.0
CHEMBL1094982,Inositol Niacinate,2.0
CHEMBL1200368,Bentiromide,4.0
CHEMBL1200950,Clidinium Bromide,4.0
CHEMBL1201365,Ramiprilat,2.0
CHEMBL1229592,Chembl1229592,
CHEMBL1230020,Plx-4720,
CHEMBL1231378,Chembl1231378,
CHEMBL1235764,Ribavirin Monophosphate,
CHEMBL1255653,Sepiapterin,3.0
CHEMBL1269257,Chembl1269257,
CHEMBL1336,Sorafenib,4.0
CHEMBL1371200,Canrenoate Potassium,4.0
CHEMBL145781,7-Benzyloxycoumarin,
CHEMBL1544,Liothyronine,4.0
CHEMBL15976,Oxamate,
CHEMBL1615278,Chembl1615278,
CHEMBL1628569,Robalzotan,2.0
CHEMBL167874,Chembl167874,
CHEMBL1681,Iodohippurate,4.0
CHEMBL172806,Chembl172806,
CHEMBL1742483,Resolvin E1,1.0
CHEMBL1774327,Chembl1774327,
CHEMBL1875086,Methoprene,2.0
CHEMBL195368,Methyl Alpha-D-Mannopyranoside,
CHEMBL1963249,Ulimorelin,3.0
CHEMBL200849,Chembl200849,
CHEMBL2048904,Chembl2048904,
CHEMBL207095,Chembl207095,
CHEMBL207403,Chembl207403,
CHEMBL2104797,Tiemonium Iodide,2.0
CHEMBL2105807,Maduramicin,2.0
CHEMBL2106071,Clomocycline,2.0
CHEMBL210651,Apricitabine,3.0
CHEMBL2107806,Talaporfin Sodium,3.0
CHEMBL213618,Chembl213618,
CHEMBL2165402,Ingenol,3.0
CHEMBL2177639,Chembl2177639,
CHEMBL217899,Tofimilast,2.0
CHEMBL219841,Chembl219841,
CHEMBL220467,Chembl220467,
CHEMBL22148,Gnf-Pf-26,
CHEMBL2303621,Daclatasvir Dihydrochloride,4.0
CHEMBL2308885,Clobetasone Butyrate,4.0
CHEMBL2331680,Rg-7603,1.0
CHEMBL2346738,Dipraglurant,2.0
CHEMBL24147,Resorcinol,4.0
CHEMBL251796,Chembl251796,
CHEMBL259898,Prasterone Sulfuric Acid,-1.0
CHEMBL262616,"(1-Hydroxy-1-Phosphono-2-[1,1';4',1'']Terphenyl-3-Yl-Ethyl)-Phosphonic Acid",
CHEMBL270754,Chembl270754,
CHEMBL272980,Mocetinostat,2.0
CHEMBL307429,Duvoglustat,2.0
CHEMBL3102994,Chembl3102994,
CHEMBL3137320,Talazoparib,4.0
CHEMBL3137358,Simeprevir Sodium,4.0
CHEMBL3335307,Chembl3335307,
CHEMBL334830,Ranirestat,3.0
CHEMBL335062,Androstandiol,
CHEMBL3422093,Chembl3422093,
CHEMBL354773,Chembl354773,
CHEMBL3559901,Chembl3559901,
CHEMBL358150,Etofibrate,2.0
CHEMBL364713,Noscapine,4.0
CHEMBL3707218,Funapide,2.0
CHEMBL3793424,Chembl3793424,
CHEMBL3989478,Thiethylperazine Maleate,4.0
CHEMBL4207583,Chembl4207583,
CHEMBL423192,Anisomycin,
CHEMBL4240458,Chembl4240458,
CHEMBL4283683,Domatinostat,2.0
CHEMBL4297325,Simmitecan,1.0
CHEMBL4297494,Gsk-3117391,2.0
CHEMBL452867,Riboprine,2.0
CHEMBL455328,Chembl455328,
CHEMBL457299,Macrogol,4.0
CHEMBL4586794,Abt-100,
CHEMBL4594430,Kl-1333,2.0
CHEMBL46325,Chembl46325,
CHEMBL4650232,Treprostinil Palmitil,1.0
CHEMBL4791762,Cx-717,2.0
CHEMBL4802135,Nirmatrelvir,4.0
CHEMBL485145,Chembl485145,
CHEMBL500082,Chembl500082,
CHEMBL502124,Chembl502124,
CHEMBL5095106,Masofaniten,2.0
CHEMBL521860,Chembl521860,
CHEMBL5314374,Idraparinux Sodium,3.0
CHEMBL5314496,Zelnecirnon,2.0
CHEMBL542541,Hydralazine Hydrochloride,4.0
CHEMBL566636,Chembl566636,
CHEMBL579217,Florbenazine,2.0
CHEMBL589752,L-Homoarginine,
CHEMBL604907,Chembl604907,
CHEMBL63895,Chembl63895,
CHEMBL762,Oxymetazoline,4.0
CHEMBL76222,Rebimastat,2.0
CHEMBL1075733,Valnoctamide,3.0
CHEMBL1091354,Chembl1091354,
CHEMBL1097454,Chembl1097454,
CHEMBL118,Celecoxib,4.0
CHEMBL118130,Chembl118130,
CHEMBL1200461,Midodrine Hydrochloride,4.0
CHEMBL1200728,Guanidine Hydrochloride,4.0
CHEMBL1201049,Econazole Nitrate,4.0
CHEMBL1201216,Dapiprazole,4.0
CHEMBL1221702,Chembl1221702,
CHEMBL126648,Plevitrexed,2.0
CHEMBL1330792,Acetarsone,4.0
CHEMBL1436,Cefuroxime,4.0
CHEMBL1605650,Chembl1605650,
CHEMBL1631918,Chembl1631918,
CHEMBL1657,Tazarotene,4.0
CHEMBL1658,Retapamulin,4.0
CHEMBL1774329,Chembl1774329,
CHEMBL1817968,Ltx-109,2.0
CHEMBL1819440,Ornipressin,2.0
CHEMBL185097,Chembl185097,
CHEMBL1885748,Chembl1885748,
CHEMBL1892286,Chembl1892286,
CHEMBL1908355,Tenidap,2.0
CHEMBL1933583,Chembl1933583,
CHEMBL202839,Chembl202839,
CHEMBL2104194,Enprostil,2.0
CHEMBL2104955,Becocalcidiol,2.0
CHEMBL2106566,"Calcium Phosphate, Tribasic",2.0
CHEMBL2106939,Polihexanide,4.0
CHEMBL231095,Chembl231095,
CHEMBL248411,Chembl248411,
CHEMBL255056,Chembl255056,
CHEMBL269732,Tacrolimus Anhydrous,4.0
CHEMBL270954,Chembl270954,
CHEMBL278623,Macimorelin,4.0
CHEMBL280541,Pnu-142721,
CHEMBL284733,Diclazuril,2.0
CHEMBL289351,Fosbretabulin Disodium,2.0
CHEMBL290960,Nifurtimox,4.0
CHEMBL295069,Sodium Beta-Nicotinamide Adenine Dinucleotide Phosphate,
CHEMBL303958,Nu-6027,
CHEMBL3113974,Tranimilast,2.0
CHEMBL3126004,Fosgemcitabine Palabenamide,3.0
CHEMBL327320,Chembl327320,
CHEMBL3286736,Chembl3286736,
CHEMBL3353360,Chembl3353360,
CHEMBL3545213,Bentamapimod,2.0
CHEMBL3585580,Lobeglitazone,3.0
CHEMBL360563,Chembl360563,
CHEMBL371197,Tridolgosir,-1.0
CHEMBL371428,Chembl371428,
CHEMBL379692,Chembl379692,
CHEMBL385266,Chembl385266,
CHEMBL385597,Chembl385597,
CHEMBL391586,Chembl391586,
CHEMBL392501,Chembl392501,
CHEMBL398880,Pipotiazine,
CHEMBL3989868,Tucatinib,4.0
CHEMBL405120,Chembl405120,
CHEMBL4175992,Chembl4175992,
CHEMBL4227721,Pf-06815345,1.0
CHEMBL425209,Chembl425209,
CHEMBL43048,Midomafetamine,3.0
CHEMBL43068,Valine,2.0
CHEMBL453280,Isoformonentin,
CHEMBL456929,Chembl456929,
CHEMBL46469,Anthralin,4.0
CHEMBL4650349,Chiglitazar,3.0
CHEMBL471399,Chembl471399,
CHEMBL471897,Mb07811,2.0
CHEMBL476571,Chembl476571,
CHEMBL4847106,Cc-90001,2.0
CHEMBL485835,Chembl485835,
CHEMBL507674,Cefoperazone,4.0
CHEMBL5095250,Ly-2880070,2.0
CHEMBL5314910,Anc-501,2.0
CHEMBL549479,Chembl549479,
CHEMBL55483,Chembl55483,
CHEMBL559569,Sb-612111,
CHEMBL565389,Chembl565389,
CHEMBL90555,Vincristine,4.0
CHEMBL1080759,Chembl1080759,
CHEMBL1171433,Phenylmethanesulfonic Acid,
CHEMBL1187694,Quifenadine,2.0
CHEMBL1196,Proparacaine,4.0
CHEMBL1200770,Iocetamic Acid,4.0
CHEMBL1200814,Acetazolamide Sodium,4.0
CHEMBL1208829,Itx-5061,2.0
CHEMBL121,Rosiglitazone,4.0
CHEMBL1229585,Chembl1229585,
CHEMBL1231358,Chembl1231358,
CHEMBL1231453,Chembl1231453,
CHEMBL1234585,Chembl1234585,
CHEMBL1257716,Chembl1257716,
CHEMBL1506,Chloramphenicol Palmitate,4.0
CHEMBL1578,Anisotropine Methylbromide,4.0
CHEMBL1651482,Chembl1651482,
CHEMBL1672987,Chembl1672987,
CHEMBL1697737,Clotiazepam,4.0
CHEMBL173929,Lutein,3.0
CHEMBL1766944,Chembl1766944,
CHEMBL188462,Ispronicline,2.0
CHEMBL199358,Chembl199358,
CHEMBL205742,Chembl205742,
CHEMBL2062154,Ci-988,1.0
CHEMBL2063322,Chembl2063322,
CHEMBL2095223,Chloroquine Sulphate,4.0
CHEMBL2105708,Ponatinib Hydrochloride,4.0
CHEMBL2105755,Naldemedine,4.0
CHEMBL2107334,Disufenton Sodium,3.0
CHEMBL2107349,Lecozotan Hydrochloride,3.0
CHEMBL2110857,Lavoltidine,2.0
CHEMBL2111090,Disufenton,3.0
CHEMBL218427,Fasitibant,2.0
CHEMBL220513,Chembl220513,
CHEMBL221326,Diquafosol,3.0
CHEMBL227381,Chembl227381,
CHEMBL2361014,Chembl2361014,
CHEMBL2393158,Chembl2393158,
CHEMBL2393159,Chembl2393159,
CHEMBL2393190,Chembl2393190,
CHEMBL24441,Betahistine,4.0
CHEMBL281948,K-252A,
CHEMBL3086284,Kiss1-305,
CHEMBL3092468,Chembl3092468,
CHEMBL3183409,Apalutamide,4.0
CHEMBL325023,Chembl325023,
CHEMBL3263571,Chembl3263571,
CHEMBL344068,Chembl344068,
CHEMBL352960,Tcmdc-137309,
CHEMBL3601426,Chembl3601426,
CHEMBL3622372,Chembl3622372,
CHEMBL366706,Chembl366706,
CHEMBL370252,Flumequine,2.0
CHEMBL381806,Chembl381806,
CHEMBL383484,Chembl383484,
CHEMBL3989519,Doxapram Hydrochloride,4.0
CHEMBL3989970,Mavelertinib,2.0
CHEMBL3990694,Piperazine Citrate,4.0
CHEMBL4210834,Chembl4210834,
CHEMBL4249195,Chembl4249195,
CHEMBL4297463,Cpi-1205,1.0
CHEMBL4298171,Linzagolix Choline,4.0
CHEMBL4594351,Tak-071,2.0
CHEMBL4742157,Gsk-2256098,2.0
CHEMBL4802134,H-100,1.0
CHEMBL526566,Chembl526566,
CHEMBL52939,Sarpogrelate,3.0
CHEMBL5314535,Pimicotinib,2.0
CHEMBL5314545,Tibremciclib,2.0
CHEMBL5314945,Resomelagon Acetate,2.0
CHEMBL597997,Mk-2894,
CHEMBL605525,Dp001,2.0
CHEMBL62193,Sulfadimethoxine,4.0
CHEMBL6966,Verapamil,4.0
CHEMBL826,Enoxacin,4.0
CHEMBL91867,Cl-387785,
CHEMBL1013,Loracarbef Anhydrous,4.0
CHEMBL1025,Isoflurophate,4.0
CHEMBL1097235,Azosemide,3.0
CHEMBL1098060,Chembl1098060,
CHEMBL1160189,Chembl1160189,
CHEMBL1174,Eptifibatide,4.0
CHEMBL1201251,Arbutamine,4.0
CHEMBL1201735,Bupropion Hydrobromide,4.0
CHEMBL1215923,Bimosiamose,2.0
CHEMBL1229851,Chembl1229851,
CHEMBL1230245,Ronopterin,3.0
CHEMBL1233973,Lauryldimethylamine N-Oxide,
CHEMBL125278,Carbamic Acid,
CHEMBL1271117,Chembl1271117,
CHEMBL1278146,Famitinib,3.0
CHEMBL1387,Norethynodrel,4.0
CHEMBL1531134,Melperone,3.0
CHEMBL166863,Polmacoxib,3.0
CHEMBL1672054,Casopitant,3.0
CHEMBL1712842,Mepazine Acetate,4.0
CHEMBL187105,Chembl187105,
CHEMBL200469,Chembl200469,
CHEMBL2104164,Caroxazone,2.0
CHEMBL2107254,Cloxazolam,2.0
CHEMBL2107371,Selodenoson,2.0
CHEMBL2107611,Sodium Sulfide,2.0
CHEMBL2110700,Penthienate,-1.0
CHEMBL2447938,Ozone,3.0
CHEMBL255873,Chembl255873,
CHEMBL285802,Zotepine,4.0
CHEMBL292707,Ibuproxam,2.0
CHEMBL297273,Chembl297273,
CHEMBL3109141,Chembl3109141,
CHEMBL318326,Chembl318326,
CHEMBL321130,Chembl321130,
CHEMBL3288010,Chembl3288010,
CHEMBL3298349,Chembl3298349,
CHEMBL3480577,Ucsf924,
CHEMBL352659,Chembl352659,
CHEMBL3824068,Chembl3824068,
CHEMBL3828074,Ziritaxestat,3.0
CHEMBL394351,Chembl394351,
CHEMBL395110,Mepazine,4.0
CHEMBL407009,Chembl407009,
CHEMBL4165199,Chembl4165199,
CHEMBL426559,Laropiprant,4.0
CHEMBL4280835,Chembl4280835,
CHEMBL4297270,Bms-986020,2.0
CHEMBL4297386,Gsk-376501,1.0
CHEMBL4297412,Pafolacianine,4.0
CHEMBL4535757,Sotorasib,4.0
CHEMBL47259,Butyl Chloride,-1.0
CHEMBL4747845,Bgp-15,2.0
CHEMBL4779773,Zelatriazin,2.0
CHEMBL4802151,Pelcitoclax,1.0
CHEMBL484609,Chembl484609,
CHEMBL491688,Chembl491688,
CHEMBL494089,Gsk-690693,1.0
CHEMBL5314603,Treprostinil Phosphate,1.0
CHEMBL5316158,Jbi-802 Free Base,1.0
CHEMBL632,Betamethasone,4.0
CHEMBL63560,(R)-Bicalutamide,
CHEMBL8600,Dom,
CHEMBL108358,Tiazofurin,2.0
CHEMBL1089221,Bendazac,4.0
CHEMBL113644,Chembl113644,
CHEMBL1140,Niacinamide,4.0
CHEMBL1191,Sulfamethizole,4.0
CHEMBL1199307,Distigmine,4.0
CHEMBL1200418,Dobutamine Hydrochloride,4.0
CHEMBL1200703,Chlordiazepoxide Hydrochloride,4.0
CHEMBL1201146,Norethindrone Acetate,4.0
CHEMBL1208894,Chembl1208894,
CHEMBL1213083,Chembl1213083,
CHEMBL1229767,Chembl1229767,
CHEMBL1231605,Chembl1231605,
CHEMBL1231862,Chembl1231862,
CHEMBL1232416,Methylmalonic Acid,
CHEMBL1236482,Chembl1236482,
CHEMBL1255739,Methapyrilene Hydrochloride,4.0
CHEMBL1270326,Chembl1270326,
CHEMBL1389,Levonorgestrel,4.0
CHEMBL1427,Hypoxanthine,
CHEMBL1602127,Chembl1602127,
CHEMBL1800807,Anacetrapib,3.0
CHEMBL1808645,Chembl1808645,
CHEMBL181932,Oteracil,3.0
CHEMBL194911,Chembl194911,
CHEMBL1972527,Chembl1972527,
CHEMBL2047692,Chembl2047692,
CHEMBL2063447,Chembl2063447,
CHEMBL2105231,Piprozolin,2.0
CHEMBL2105477,Brovanexine,2.0
CHEMBL2107361,Pelitrexol,2.0
CHEMBL2111084,Belotecan,3.0
CHEMBL2158626,Chembl2158626,
CHEMBL218746,Chembl218746,
CHEMBL2216825,Lactoquinomycin,
CHEMBL2407895,Chembl2407895,
CHEMBL248702,Dexfenfluramine,4.0
CHEMBL24957,Chembl24957,
CHEMBL266510,Flindokalner,3.0
CHEMBL271741,Chembl271741,
CHEMBL286796,Ethyl Ferulate,
CHEMBL305187,Ifenprodil,4.0
CHEMBL3091687,Chembl3091687,
CHEMBL3127501,Chembl3127501,
CHEMBL3187032,Chembl3187032,
CHEMBL33103,Acetylserotonin,
CHEMBL3416885,Ro-5028442,1.0
CHEMBL3422095,Chembl3422095,
CHEMBL356362,Isopentenylpyrophosphate,
CHEMBL3600717,Chembl3600717,
CHEMBL3633802,Etc-159,1.0
CHEMBL3707254,Furazidin,-1.0
CHEMBL3707334,Perboric Acid,4.0
CHEMBL3989911,Veldoreotide,2.0
CHEMBL3989929,Azeliragon,3.0
CHEMBL4061360,Chembl4061360,
CHEMBL4071058,Chembl4071058,
CHEMBL4104117,Chembl4104117,
CHEMBL4112323,Chembl4112323,
CHEMBL4165848,Chembl4165848,
CHEMBL4211107,Atb-346,2.0
CHEMBL4228587,Chembl4228587,
CHEMBL4293418,Chembl4293418,
CHEMBL4297534,Glasdegib Maleate,4.0
CHEMBL4297673,Troriluzole Hydrochloride,3.0
CHEMBL4303288,Abacavir Sulfate,4.0
CHEMBL437190,Chembl437190,
CHEMBL446,Sulfamethazine,4.0
CHEMBL4525203,Chembl4525203,
CHEMBL4594273,Elacestrant Hydrochloride,4.0
CHEMBL4650273,Setmelanotide Acetate,4.0
CHEMBL465161,Ginkgolide A,
CHEMBL469686,Chembl469686,
CHEMBL496978,Iofolastat I 123,2.0
CHEMBL498847,Secnidazole,4.0
CHEMBL50894,Alsterpaullone,
CHEMBL5095076,Paltimatrectinib,2.0
CHEMBL517,Disopyramide,4.0
CHEMBL521203,Chembl521203,
CHEMBL526479,Chembl526479,
CHEMBL5314553,Fostroxacitabine Bralpamide Hydrochloride,1.0
CHEMBL540929,Chembl540929,
CHEMBL550972,Chembl550972,
CHEMBL570015,Gsk-256066,2.0
CHEMBL572878,Tozasertib,2.0
CHEMBL71360,Chembl71360,
CHEMBL86658,Chembl86658,
CHEMBL1086582,Chembl1086582,
CHEMBL1173055,Rucaparib,4.0
CHEMBL1200910,Sulfisoxazole Acetyl,4.0
CHEMBL1201248,Cisatracurium,4.0
CHEMBL1201772,Prasugrel,4.0
CHEMBL1234354,Pf-04691502,2.0
CHEMBL1408759,Guaiazulen,-1.0
CHEMBL1423,Pimozide,4.0
CHEMBL1476500,Chembl1476500,
CHEMBL1515,Methimazole,4.0
CHEMBL15844,Indole,
CHEMBL1591365,Liranaftate,2.0
CHEMBL16081,Acetamide,
CHEMBL1622,Folic Acid,4.0
CHEMBL1683544,Eribulin Mesylate,4.0
CHEMBL1729,Cisapride,4.0
CHEMBL1789941,Ruxolitinib,4.0
CHEMBL181948,Chembl181948,
CHEMBL1823817,Ce-224535,2.0
CHEMBL1908324,Metampicillin,2.0
CHEMBL1972860,Elesclomol,3.0
CHEMBL2071194,Chembl2071194,
CHEMBL2104981,Rilapladib,2.0
CHEMBL2105075,Floctafenine,2.0
CHEMBL2105686,Cenicriviroc Mesylate,1.0
CHEMBL2106309,Hydrocortisone Aceponate,2.0
CHEMBL2107333,Dimethyl Fumarate,4.0
CHEMBL2110585,Ezatiostat,2.0
CHEMBL2110900,Dapoxetine,4.0
CHEMBL219160,Luf-5981,
CHEMBL227711,Chembl227711,
CHEMBL2304041,Sagopilone,2.0
CHEMBL2333770,Chembl2333770,
CHEMBL2364629,Rimegepant Sulfate,4.0
CHEMBL2402737,Idasanutlin,3.0
CHEMBL2409106,Chembl2409106,
CHEMBL2418948,Chembl2418948,
CHEMBL255482,Chembl255482,
CHEMBL260091,Chir-090,
CHEMBL265502,Suramin,3.0
CHEMBL280998,Catechol,
CHEMBL292303,D-Tryptophan,
CHEMBL3039513,Decernotinib,2.0
CHEMBL3093499,L-377202,1.0
CHEMBL3098172,Chembl3098172,
CHEMBL313113,Chembl313113,
CHEMBL316966,Cyclic Adenosine Monophosphate,
CHEMBL3187246,Methapyrilene Fumarate,4.0
CHEMBL321357,Chembl321357,
CHEMBL3236074,Chembl3236074,
CHEMBL3422084,Chembl3422084,
CHEMBL345524,Antrafenine,4.0
CHEMBL3544913,Vixotrigine,3.0
CHEMBL3545154,Poziotinib,3.0
CHEMBL3545874,Chembl3545874,
CHEMBL3639728,Plx-5622,1.0
CHEMBL3673096,Jtt-251,2.0
CHEMBL3694493,Vipoglanstat,2.0
CHEMBL392452,Chembl392452,
CHEMBL3989510,Pentazocine Hydrochloride,4.0
CHEMBL3989756,Talc,4.0
CHEMBL403772,Chembl403772,
CHEMBL40422,Leucine Phosphonic Acid,
CHEMBL4112930,Pamiparib,3.0
CHEMBL4211840,Chembl4211840,
CHEMBL444814,L-Citrulline,3.0
CHEMBL4456123,Bi 639667,1.0
CHEMBL458049,"3,4-Dimethoxy-Hydrocinnamic Acid",
CHEMBL4585243,Bay-7598,
CHEMBL467476,Chembl467476,
CHEMBL469481,Chembl469481,
CHEMBL4802252,Florquinitau F18,2.0
CHEMBL484,Adefovir,3.0
CHEMBL521,Ibuprofen,4.0
CHEMBL5314574,Emavusertib Tosylate,1.0
CHEMBL54661,Flupentixol,3.0
CHEMBL576,Succinic Acid,3.0
CHEMBL578390,Apx-3330,2.0
CHEMBL603,Zafirlukast,4.0
CHEMBL684,Diethylcarbamazine,4.0
CHEMBL1075834,Shp-627,2.0
CHEMBL1083390,Intepirdine,3.0
CHEMBL113948,Chembl113948,
CHEMBL118218,Irofulven,3.0
CHEMBL119521,Ethyl Hydrogen Hexylphosphonate,
CHEMBL1200622,Paricalcitol,4.0
CHEMBL1200679,Zinc Chloride,4.0
CHEMBL1200922,Mebutamate,4.0
CHEMBL1206161,Chembl1206161,
CHEMBL1230468,Chembl1230468,
CHEMBL1233953,Chembl1233953,
CHEMBL1269202,Chembl1269202,
CHEMBL134022,Chembl134022,
CHEMBL14193,4-Hydroxybenzaldehyde,
CHEMBL1494709,Chembl1494709,
CHEMBL1505,Almotriptan,4.0
CHEMBL15605,Hydrochlorthiazide,2.0
CHEMBL1579,Paramethasone,
CHEMBL1673159,Vch-759,1.0
CHEMBL1713,Chlorpromazine Hydrochloride,4.0
CHEMBL1729021,Chembl1729021,
CHEMBL1741037,R(+)Xk469,1.0
CHEMBL1750,Clofarabine,4.0
CHEMBL1779046,Tarafenacin,2.0
CHEMBL1812161,Vatiquinone,3.0
CHEMBL2104095,Choline Salicylate,4.0
CHEMBL2105107,Inecalcitol,2.0
CHEMBL2105372,Rociverine,2.0
CHEMBL2107763,Odiparcil,2.0
CHEMBL2148074,Chembl2148074,
CHEMBL225546,Equilenin,
CHEMBL2365940,Darotropium,2.0
CHEMBL237370,Cinnamic Acid Hydroxamate,
CHEMBL247620,Chembl247620,
CHEMBL252424,Chembl252424,
CHEMBL267099,Tubercidin,
CHEMBL269915,Chembl269915,
CHEMBL270164,Gw607117X,
CHEMBL285527,Chembl285527,
CHEMBL286494,Hypericin,3.0
CHEMBL3039597,Gentamicin,4.0
CHEMBL308148,Saredutant,3.0
CHEMBL3181841,Ramosetron Hydrochloride,3.0
CHEMBL323348,Dimethyl Phthalate,-1.0
CHEMBL3287282,Chembl3287282,
CHEMBL3354350,Azd-3043,1.0
CHEMBL339427,Tubocurarine,4.0
CHEMBL3422101,Chembl3422101,
CHEMBL34259,Methotrexate,4.0
CHEMBL3545164,Azd2066,2.0
CHEMBL3545366,Voxtalisib,2.0
CHEMBL3590187,Clascoterone,4.0
CHEMBL3818875,Gsk2256294,2.0
CHEMBL3989558,Methysergide Maleate,4.0
CHEMBL3989752,Oxetorone,2.0
CHEMBL3989830,Sibutramine Hydrochloride,4.0
CHEMBL4088977,Chembl4088977,
CHEMBL415768,Deoxyandrographolide,2.0
CHEMBL420,Guanabenz,4.0
CHEMBL4296717,Resminostat,2.0
CHEMBL4297165,Chloroquine Hydrochloride,4.0
CHEMBL4297223,Mitapivat Sulfate,4.0
CHEMBL4297256,Abt-384,2.0
CHEMBL4303611,Pfk-158,1.0
CHEMBL44618,Chloroform,4.0
CHEMBL461522,Metamizole,4.0
CHEMBL4802139,Vk-0214,1.0
CHEMBL4804173,Florquinitau,3.0
CHEMBL488231,Chembl488231,
CHEMBL489798,Chembl489798,
CHEMBL52011,Thiodigalactoside,
CHEMBL5314492,Vonifimod,2.0
CHEMBL535607,Bx 471,2.0
CHEMBL538940,Chembl538940,
CHEMBL558486,Chembl558486,
CHEMBL571209,Indoximod,2.0
CHEMBL572361,Chembl572361,
CHEMBL593157,Chembl593157,
CHEMBL599552,Indigo,3.0
CHEMBL601661,Chembl601661,
CHEMBL706,Cetyl Alcohol,4.0
CHEMBL807,Memantine,4.0
CHEMBL1082723,Cipargamin,2.0
CHEMBL1161998,Chembl1161998,
CHEMBL1197118,Chembl1197118,
CHEMBL1200855,Ticarcillin Disodium,4.0
CHEMBL1200880,Diphemanil Methylsulfate,4.0
CHEMBL1213351,Propoxyphene,4.0
CHEMBL122182,Chembl122182,
CHEMBL1235568,Chembl1235568,
CHEMBL1235787,Chembl1235787,
CHEMBL1236690,Vinylsulfonic Acid,
CHEMBL13280,Flunitrazepam,4.0
CHEMBL1357,Sodium Lactate,4.0
CHEMBL13817,Ibutamoren,2.0
CHEMBL14173,Anthranilic Acid,
CHEMBL151663,Chembl151663,
CHEMBL152632,Niridazole,2.0
CHEMBL1702,Atomoxetine Hydrochloride,4.0
CHEMBL176933,Chembl176933,
CHEMBL1851805,Propacetamol,2.0
CHEMBL186289,Chembl186289,
CHEMBL1922405,Chembl1922405,
CHEMBL1997223,Chembl1997223,
CHEMBL200301,Chembl200301,
CHEMBL2062565,Chembl2062565,
CHEMBL2103833,Toceranib Phosphate,-1.0
CHEMBL2103851,Amuvatinib,2.0
CHEMBL2104432,Norflurane,2.0
CHEMBL2106615,Bazedoxifene Acetate,4.0
CHEMBL2110959,Metabutethamine,-1.0
CHEMBL212522,Chembl212522,
CHEMBL2151570,Abt-107,1.0
CHEMBL2219740,Calcium Glubionate,4.0
CHEMBL2373108,Chembl2373108,
CHEMBL2393162,Chembl2393162,
CHEMBL2393423,Chembl2393423,
CHEMBL258728,Cytidine 3'-Phosphate,
CHEMBL262777,Vancomycin,4.0
CHEMBL308279,Chembl308279,
CHEMBL3137306,Orilotimod,2.0
CHEMBL329363,Chembl329363,
CHEMBL3393588,Bta-9881,1.0
CHEMBL3545309,Lefamulin Acetate,4.0
CHEMBL356479,Chlordantoin,2.0
CHEMBL3578202,Gozetotide,3.0
CHEMBL37676,Apc-100,1.0
CHEMBL3823478,Chembl3823478,
CHEMBL386465,Chembl386465,
CHEMBL3989855,Pseudoephedrine Sulfate,4.0
CHEMBL3989966,Contezolid Acefosamil,3.0
CHEMBL4069597,Pritelivir,3.0
CHEMBL4076467,Abt-072,2.0
CHEMBL4086340,Chembl4086340,
CHEMBL424,Salicylic Acid,4.0
CHEMBL4280626,Chembl4280626,
CHEMBL4297405,Tak-243,1.0
CHEMBL4297583,Tegoprazan,3.0
CHEMBL4298138,Repotrectinib,4.0
CHEMBL457077,Salvianolic Acid A,1.0
CHEMBL4638510,Chembl4638510,
CHEMBL476,Dacarbazine,4.0
CHEMBL4792487,Ly-3475070,1.0
CHEMBL5095068,Iruplinalkib,2.0
CHEMBL5095200,Ulevostinag,2.0
CHEMBL5095422,Ivospemin Hydrochloride,1.0
CHEMBL524182,Chembl524182,
CHEMBL5314478,Pumecitinib,2.0
CHEMBL537669,Yohimbine Hydrochloride,4.0
CHEMBL554,Lapatinib,4.0
CHEMBL556262,Faropenem,3.0
CHEMBL565787,Chembl565787,
CHEMBL572284,Ombrabulin,3.0
CHEMBL576127,Fenspiride,4.0
CHEMBL625,Thiabendazole,4.0
CHEMBL766,Cilastatin,4.0
CHEMBL83116,Chembl83116,
CHEMBL9298,Fadrozole,-1.0
CHEMBL1078005,Chembl1078005,
CHEMBL1078685,Topiroxostat,2.0
CHEMBL1200434,Oxtriphylline,4.0
CHEMBL1200453,Docosanol,4.0
CHEMBL1201227,Cycrimine,4.0
CHEMBL1201355,Ceruletide,4.0
CHEMBL1209758,Chembl1209758,
CHEMBL123368,Chembl123368,
CHEMBL1277072,Henatinib,1.0
CHEMBL1366933,Esmirtazapine,3.0
CHEMBL1464,Warfarin,4.0
CHEMBL1643,Ribavirin,4.0
CHEMBL1683,Hydrocortisone Butyrate,4.0
CHEMBL187709,Triparanol,4.0
CHEMBL206249,Chembl206249,
CHEMBL2095207,Choline C-11,4.0
CHEMBL2106780,Itramin Tosylate,2.0
CHEMBL2158563,Chembl2158563,
CHEMBL2180604,Tak-593,1.0
CHEMBL2251610,Ethyl Salicylate,
CHEMBL230158,Seladelpar,3.0
CHEMBL2315933,Chembl2315933,
CHEMBL2357792,Chembl2357792,
CHEMBL2364969,Chembl2364969,
CHEMBL2418344,Chembl2418344,
CHEMBL247397,Chembl247397,
CHEMBL253978,Telenzepine,2.0
CHEMBL258177,Chembl258177,
CHEMBL284362,[(4-Ethylphenyl)Amino]Carbonylphosphonic Acid,
CHEMBL291747,Threonine,2.0
CHEMBL3092413,Chembl3092413,
CHEMBL3093587,Chembl3093587,
CHEMBL3250476,2'-Deoxythioguanosine,2.0
CHEMBL3301627,Tenapanor Hydrochloride,4.0
CHEMBL344607,Chembl344607,
CHEMBL3799512,Tp-004,
CHEMBL389433,Liarozole,2.0
CHEMBL398606,Chembl398606,
CHEMBL4085272,Chembl4085272,
CHEMBL409671,Chembl409671,
CHEMBL415049,Barasertib,3.0
CHEMBL4167685,Chembl4167685,
CHEMBL4205783,Jnj-18038683,2.0
CHEMBL4297399,Ly-2608204,2.0
CHEMBL4302492,Chembl4302492,
CHEMBL43185,Piperine,2.0
CHEMBL43686,Hydrochlorthiazide,2.0
CHEMBL445162,Chembl445162,
CHEMBL4753998,Zegocractin,2.0
CHEMBL479032,Chembl479032,
CHEMBL4802245,Pudexacianinium Chloride,3.0
CHEMBL483,Tenofovir,3.0
CHEMBL488280,Propatyl Nitrate,3.0
CHEMBL5095034,Sovleplenib,3.0
CHEMBL515,Chlorambucil,4.0
CHEMBL519846,Ro-0622,3.0
CHEMBL539163,Tanaproget,2.0
CHEMBL550,Pilocarpine,4.0
CHEMBL570274,Chembl570274,
CHEMBL570680,Arterolane,2.0
CHEMBL573352,Tas-106,2.0
CHEMBL590628,Chembl590628,
CHEMBL66412,Chembl66412,
CHEMBL74632,Moxalactam,4.0
CHEMBL75177,Chembl75177,
CHEMBL98470,Chembl98470,
CHEMBL1042,Cholecalciferol,4.0
CHEMBL107251,1400W,
CHEMBL1079175,Mk-2206,2.0
CHEMBL1112,Aripiprazole,4.0
CHEMBL115220,Chembl115220,
CHEMBL1166,Argatroban,4.0
CHEMBL1185568,Dithiazanine,4.0
CHEMBL1200802,Talbutal,4.0
CHEMBL1201,Thiothixene,4.0
CHEMBL1201184,Lanreotide Acetate,4.0
CHEMBL1201224,Cefmenoxime,4.0
CHEMBL1201761,Besifloxacin Hydrochloride,4.0
CHEMBL1209843,Chembl1209843,
CHEMBL1213406,Chembl1213406,
CHEMBL12198,Alanine,3.0
CHEMBL1234621,Alpha-Sialoside,
CHEMBL1254682,Levallorphan,4.0
CHEMBL1276678,Vtp-27999,1.0
CHEMBL1408594,Alverine Citrate,4.0
CHEMBL1533,Desogestrel,4.0
CHEMBL1560089,Xanthinol Niacinate,4.0
CHEMBL1614713,Cc-401,2.0
CHEMBL1614766,Ro-4987655,1.0
CHEMBL1615371,Levomefolate Calcium,4.0
CHEMBL1686,Alpha-Ketoglutaric Acid,
CHEMBL17157,Terfenadine,4.0
CHEMBL1752,Dyphylline,4.0
CHEMBL1836264,Chembl1836264,
CHEMBL192632,Chembl192632,
CHEMBL1950045,"3,4-Dihydroxyphenylethanol",
CHEMBL196228,Epitestosterone,
CHEMBL196753,Chembl196753,
CHEMBL206024,Chembl206024,
CHEMBL2103945,Teverelix,2.0
CHEMBL2105011,Iodocholesterol I 131,2.0
CHEMBL2105051,Lesopitron,2.0
CHEMBL2105753,Dexmecamylamine Hydrochloride,3.0
CHEMBL2106370,Ilaprazole,3.0
CHEMBL2107823,Gandotinib,2.0
CHEMBL2146140,Esomeprazole Strontium,4.0
CHEMBL2216859,Nemiralisib,2.0
CHEMBL2396989,Ly-2886721,1.0
CHEMBL282042,Saquinavir Mesylate,4.0
CHEMBL299155,Transtorine,1.0
CHEMBL3127526,Chembl3127526,
CHEMBL325795,S-Rolipram,
CHEMBL3342492,Chembl3342492,
CHEMBL3353358,Chembl3353358,
CHEMBL3707389,Amino(Diphenylhydantoin) Valeric Acid,-1.0
CHEMBL375971,2-((4-(Dimethylamino)Phenyl)Diazenyl)Benzoic Acid,
CHEMBL387262,(3-Trifluoromethylphenyl)Methylamidinoisothiourea,
CHEMBL390130,Chembl390130,
CHEMBL402315,Chembl402315,
CHEMBL410668,Chembl410668,
CHEMBL4171233,Chembl4171233,
CHEMBL4212424,Chembl4212424,
CHEMBL4249147,Chembl4249147,
CHEMBL425646,Chembl425646,
CHEMBL4297520,Oglemilast,2.0
CHEMBL4297651,Aclimostat,2.0
CHEMBL443,Sulfamethoxazole,4.0
CHEMBL450995,Chembl450995,
CHEMBL460499,Carmofur,2.0
CHEMBL4650347,Anaprazole Sodium,3.0
CHEMBL4740348,Chembl4740348,
CHEMBL4802163,Nezulcitinib,2.0
CHEMBL504,Dimethyl Sulfoxide,4.0
CHEMBL5077861,Opnurasib,3.0
CHEMBL5095099,Exarafenib,2.0
CHEMBL513521,Bl-1020,2.0
CHEMBL5315324,Kw-2450 Free Base,2.0
CHEMBL600325,Proscillaridin,4.0
CHEMBL609987,Chembl609987,
CHEMBL102970,Pyridoxal,3.0
CHEMBL107874,Tridecanoate,2.0
CHEMBL1095945,Chembl1095945,
CHEMBL1096146,Ponesimod,4.0
CHEMBL1096643,Phenglutarimide,2.0
CHEMBL1097999,E-6201,2.0
CHEMBL111234,Dihydroresveratrol,
CHEMBL1200539,Calcium Carbonate,4.0
CHEMBL1200988,Methantheline Bromide,4.0
CHEMBL1209756,Chembl1209756,
CHEMBL1232414,Chembl1232414,
CHEMBL1235981,"(E)-2,4-Dihydroxycinnamic Acid",
CHEMBL1236909,Chembl1236909,
CHEMBL1258634,Chembl1258634,
CHEMBL1331366,Carbarsone,
CHEMBL1378024,Protionamide,4.0
CHEMBL1545677,Chembl1545677,
CHEMBL1619017,Metralindole,2.0
CHEMBL1650559,Plazomicin,4.0
CHEMBL1672,Cefpodoxime,4.0
CHEMBL1697834,Dichloralphenazone,-1.0
CHEMBL1793896,Chembl1793896,
CHEMBL19019,Naltrexone,4.0
CHEMBL1914489,Azd1981,2.0
CHEMBL194014,Propylparaben,-1.0
CHEMBL19490,Zomepirac,4.0
CHEMBL1950864,Chembl1950864,
CHEMBL197979,Chembl197979,
CHEMBL2048790,Chembl2048790,
CHEMBL2104910,Sulfadicramide,2.0
CHEMBL2105965,Acolbifene Hydrochloride,2.0
CHEMBL2106411,Epicriptine,2.0
CHEMBL2106439,Pipotiazine Palmitate,4.0
CHEMBL216146,Chembl216146,
CHEMBL2172289,Chembl2172289,
CHEMBL222002,Chembl222002,
CHEMBL2365707,Chembl2365707,
CHEMBL24991,S-Adenosyl-L-Methionine,2.0
CHEMBL271220,Cort 108297,1.0
CHEMBL307747,Chembl307747,
CHEMBL3091493,Chembl3091493,
CHEMBL312443,Gaboxadol,3.0
CHEMBL3301612,Encorafenib,4.0
CHEMBL3422091,Chembl3422091,
CHEMBL3545333,Mk-0773,2.0
CHEMBL3746559,Chembl3746559,
CHEMBL402761,Chembl402761,
CHEMBL4078588,Mk-7622,2.0
CHEMBL4093023,Chembl4093023,
CHEMBL4168754,Chembl4168754,
CHEMBL4174922,Chembl4174922,
CHEMBL4280145,Chembl4280145,
CHEMBL4297435,Retagliptin,3.0
CHEMBL4297523,Piromelatine,2.0
CHEMBL4297655,Glyceryl Trierucate,2.0
CHEMBL430145,Motuporin,
CHEMBL4468472,Chembl4468472,
CHEMBL453862,Chembl453862,
CHEMBL455907,Chembl455907,
CHEMBL4749823,Chembl4749823,
CHEMBL47527,Chembl47527,
CHEMBL4802158,Larsucosterol,2.0
CHEMBL514670,Chembl514670,
CHEMBL518957,Chembl518957,
CHEMBL5314598,Ibuprofen Trelamine,3.0
CHEMBL59356,Atreleuton,2.0
CHEMBL701,Baclofen,4.0
CHEMBL1082607,Salmeterol Xinafoate,4.0
CHEMBL1088751,Ph-797804,2.0
CHEMBL1160594,Chembl1160594,
CHEMBL116296,Iodobenzene,
CHEMBL1201112,Nelarabine,4.0
CHEMBL1213456,Nemonoxacin,3.0
CHEMBL1231329,Mellitic Acid,
CHEMBL1233851,Kifunensine,
CHEMBL1339,Vardenafil Hydrochloride,4.0
CHEMBL1451116,Iodoform,4.0
CHEMBL150777,Chembl150777,
CHEMBL1601669,Alfacalcidol,4.0
CHEMBL1684573,Chembl1684573,
CHEMBL1703636,Chembl1703636,
CHEMBL1774337,Chembl1774337,
CHEMBL190,Theophylline,4.0
CHEMBL2104528,Octamoxin,2.0
CHEMBL2104708,Meldonium,2.0
CHEMBL2107016,Taltirelin,2.0
CHEMBL2107818,Aldoxorubicin,3.0
CHEMBL2158625,Chembl2158625,
CHEMBL224868,Chembl224868,
CHEMBL2359248,Zeaxanthin,3.0
CHEMBL250094,Chembl250094,
CHEMBL30054,Dpoc-4088,1.0
CHEMBL303934,Chembl303934,
CHEMBL3094409,Chembl3094409,
CHEMBL3126198,Chembl3126198,
CHEMBL3128069,Chembl3128069,
CHEMBL339053,Chembl339053,
CHEMBL342478,Chembl342478,
CHEMBL353955,Deoxyuridine,
CHEMBL3609307,Chembl3609307,
CHEMBL3612508,Chembl3612508,
CHEMBL3945728,Elcubragistat,2.0
CHEMBL3989697,Riboflavin 5'-Phosphate Sodium,4.0
CHEMBL3989934,Avadomide,2.0
CHEMBL3989972,Balipodect,2.0
CHEMBL4164238,Chembl4164238,
CHEMBL42710,Eugenol,0.5
CHEMBL4288984,Withanolide D,2.0
CHEMBL4297295,Jtk-853,1.0
CHEMBL4297431,Henagliflozin,3.0
CHEMBL4297656,Glyceryl Trioleate,2.0
CHEMBL4298137,Durlobactam,4.0
CHEMBL4468777,Fanotaprim,1.0
CHEMBL4594217,Canagliflozin,4.0
CHEMBL4650308,Gsk-2556286,1.0
CHEMBL4650331,Inupadenant,2.0
CHEMBL470147,Chembl470147,
CHEMBL475446,Chembl475446,
CHEMBL476960,Voglibose,4.0
CHEMBL486174,Pecilocin,2.0
CHEMBL504387,Eleutherobin,
CHEMBL5095078,Posovolone,2.0
CHEMBL557555,Ciprofibrate,4.0
CHEMBL562439,Chembl562439,
CHEMBL577338,Chembl577338,
CHEMBL594244,Chembl594244,
CHEMBL595256,Chembl595256,
CHEMBL602884,Chembl602884,
CHEMBL641,Atomoxetine,4.0
CHEMBL677,Levonordefrin,4.0
CHEMBL7301,Fenretinide,3.0
CHEMBL75691,Chembl75691,
CHEMBL10041,Afimoxifene,
CHEMBL1078866,Chembl1078866,
CHEMBL1092393,Chembl1092393,
CHEMBL119709,Ib-Meca,
CHEMBL1201120,Remifentanil Hydrochloride,4.0
CHEMBL1234363,Maltotriose,
CHEMBL1255800,Fidaxomicin,4.0
CHEMBL1420829,Chembl1420829,
CHEMBL146095,Glafenine,4.0
CHEMBL1540742,Chembl1540742,
CHEMBL1643880,Pumosetrag,2.0
CHEMBL1697830,Chlormadinone,
CHEMBL17127,Sch-58261,
CHEMBL1736,Metrizoic Acid,4.0
CHEMBL1765744,Chembl1765744,
CHEMBL1774328,Chembl1774328,
CHEMBL1780010,Florbenazine F 18,2.0
CHEMBL189568,Buloxibutid,0.5
CHEMBL1907089,Chembl1907089,
CHEMBL1957016,Chembl1957016,
CHEMBL2103799,Cobiprostone,2.0
CHEMBL2103847,Tosedostat,2.0
CHEMBL2103858,Naronapride,2.0
CHEMBL2104578,Cilazaprilat,2.0
CHEMBL2104627,Nifurpirinol,2.0
CHEMBL2107793,Alphacetylmethadol,2.0
CHEMBL2111135,Thiazinamium,2.0
CHEMBL2111152,Fenethylline,2.0
CHEMBL22108,Dimethindene,4.0
CHEMBL2220079,Act-001,1.0
CHEMBL238071,Vindesine,4.0
CHEMBL24,Atenolol,4.0
CHEMBL2426364,Chembl2426364,
CHEMBL259067,Chembl259067,
CHEMBL272897,Chembl272897,
CHEMBL3093823,Chembl3093823,
CHEMBL3115681,Narazaciclib,2.0
CHEMBL3186011,Eprenetapopt,3.0
CHEMBL332347,Bibp-3226,
CHEMBL332794,A-192621,
CHEMBL3334759,Granaticin B,1.0
CHEMBL3422066,Chembl3422066,
CHEMBL3707348,Acalabrutinib,4.0
CHEMBL376388,Chembl376388,
CHEMBL3833404,Carbaspirin,2.0
CHEMBL4069412,Chembl4069412,
CHEMBL4116634,Chembl4116634,
CHEMBL4129286,Adafosbuvir,2.0
CHEMBL4162888,Chembl4162888,
CHEMBL4168763,Chembl4168763,
CHEMBL4297214,Praliciguat,2.0
CHEMBL4297286,Hsd-016,1.0
CHEMBL4303241,Bay-1161909,2.0
CHEMBL445,Nortriptyline,4.0
CHEMBL449158,Bryostatin 1,2.0
CHEMBL464345,Gluconic Acid,
CHEMBL4650348,Benzoylphenylurea,1.0
CHEMBL4802249,Lenacapavir Sodium,4.0
CHEMBL501259,Eritoran,3.0
CHEMBL5095035,Camlipixant,3.0
CHEMBL5095171,Bocidelpar,2.0
CHEMBL5095179,Ezurpimtrostat,2.0
CHEMBL528988,Chembl528988,
CHEMBL5314908,Fosigotifator Sodium Tromethamine,2.0
CHEMBL5314933,Tuvusertib,2.0
CHEMBL576304,Chembl576304,
CHEMBL893,Dicloxacillin,4.0
CHEMBL898,Diflunisal,4.0
CHEMBL93298,Arotinolol,3.0
CHEMBL946,Azatadine,4.0
CHEMBL993,Thymine,
CHEMBL1079905,Propentofylline,2.0
CHEMBL1085699,Manidipine 6300,3.0
CHEMBL1092791,Chembl1092791,
CHEMBL1097901,Chembl1097901,
CHEMBL1183717,Almitrine,4.0
CHEMBL1200459,"Potassium Phosphate, Dibasic",4.0
CHEMBL1200491,Epinastine Hydrochloride,4.0
CHEMBL1200885,Alosetron Hydrochloride,4.0
CHEMBL1200941,Thiamine Hydrochloride,4.0
CHEMBL1200968,Hydrocortisone Sodium Phosphate,4.0
CHEMBL1201060,Loxapine Hydrochloride,4.0
CHEMBL1201156,Nortriptyline Hydrochloride,4.0
CHEMBL1206690,Parecoxib,4.0
CHEMBL1229950,2-Allylphenol,
CHEMBL1233401,Chembl1233401,
CHEMBL1236924,Int131,2.0
CHEMBL1256818,Dextromethorphan Hydrobromide,4.0
CHEMBL142348,Androstenol,
CHEMBL1451633,Etofenamate,2.0
CHEMBL146245,Chembl146245,
CHEMBL1473,Fluticasone Propionate,4.0
CHEMBL1641,Hydrocortisone Phosphoric Acid,4.0
CHEMBL173373,Ethyl Pyruvate,2.0
CHEMBL1740071,Enisamium,3.0
CHEMBL1741,Clarithromycin,4.0
CHEMBL1768,Bethanechol Chloride,4.0
CHEMBL1807483,Chembl1807483,
CHEMBL184151,Chembl184151,
CHEMBL191146,Chembl191146,
CHEMBL200266,Chembl200266,
CHEMBL2047696,Chembl2047696,
CHEMBL2103920,Ularitide,3.0
CHEMBL2105804,Implitapide,2.0
CHEMBL2110627,Temocapril,2.0
CHEMBL2111076,Heptaminol,2.0
CHEMBL2142592,Taladegib,2.0
CHEMBL218289,Chembl218289,
CHEMBL222838,L-Eflornithine,
CHEMBL2361641,Doramectin,2.0
CHEMBL2364607,Cobimetinib Fumarate,4.0
CHEMBL2374220,Ledipasvir,4.0
CHEMBL261772,Meclocycline Sulfosalicylate,4.0
CHEMBL290106,Bithionol,4.0
CHEMBL291386,Chembl291386,
CHEMBL3099773,Chembl3099773,
CHEMBL3218916,Chembl3218916,
CHEMBL3301610,Abemaciclib,4.0
CHEMBL3317856,Gepotidacin,3.0
CHEMBL348000,Cinchophen,2.0
CHEMBL3544984,Tradipitant,3.0
CHEMBL3597634,Gemilukast,2.0
CHEMBL3601432,Chembl3601432,
CHEMBL3833327,Inosine Pranobex,4.0
CHEMBL385517,Saxagliptin Anhydrous,4.0
CHEMBL3989543,Vindesine Sulfate,4.0
CHEMBL399517,Chembl399517,
CHEMBL406270,Dithiothreitol,
CHEMBL4167329,Chembl4167329,
CHEMBL4213970,Mk-8353,1.0
CHEMBL4228713,A-1211212,
CHEMBL4297398,Ly-2300559,2.0
CHEMBL4298140,Tomivosertib Hydrochloride,1.0
CHEMBL4298174,Lanraplenib Succinate,1.0
CHEMBL437694,Chembl437694,
CHEMBL443052,Tavaborole,4.0
CHEMBL457,Gemfibrozil,4.0
CHEMBL4639395,Chembl4639395,
CHEMBL467754,Chitodextrin,
CHEMBL467888,Lgd-2941,1.0
CHEMBL488937,Cg-400549,2.0
CHEMBL491604,Chembl491604,
CHEMBL5095217,Vimnerixin,2.0
CHEMBL515839,Chembl515839,
CHEMBL5314439,Rifasutenizol,2.0
CHEMBL594828,Pf-3274167,
CHEMBL62492,Chembl62492,
CHEMBL63323,Niflumic Acid,2.0
CHEMBL75013,Zanapezil,2.0
CHEMBL77419,Chembl77419,
CHEMBL830,Eflornithine,4.0
CHEMBL1093448,Chembl1093448,
CHEMBL1094700,Chembl1094700,
CHEMBL1173107,Chembl1173107,
CHEMBL1196088,Chembl1196088,
CHEMBL1200961,Brompheniramine Maleate,4.0
CHEMBL1200967,Bromodiphenhydramine Hydrochloride,4.0
CHEMBL1201022,Phenazopyridine Hydrochloride,4.0
CHEMBL1201084,Sodium Iodide I 131,4.0
CHEMBL1201239,Iodamide,4.0
CHEMBL1232205,Chembl1232205,
CHEMBL1234168,Trimethyllysine,
CHEMBL1237066,Calcium Gluceptate,4.0
CHEMBL1349,Valacyclovir,4.0
CHEMBL1429,Desmopressin,4.0
CHEMBL1452805,Chembl1452805,
CHEMBL15413,Flomoxef,3.0
CHEMBL166754,Chembl166754,
CHEMBL1774055,Chembl1774055,
CHEMBL1790180,Endothelin 3,0.5
CHEMBL1946618,Azd-7268,2.0
CHEMBL1972466,Chembl1972466,
CHEMBL2035874,Eprotirome,3.0
CHEMBL2042122,Flutemetamol F 18,4.0
CHEMBL2104404,Emodepside,2.0
CHEMBL2110659,Aplindore,2.0
CHEMBL214393,Ump,
CHEMBL223360,Linifanib,3.0
CHEMBL233224,Chembl233224,
CHEMBL23838,Paraoxon,-1.0
CHEMBL2431120,Chembl2431120,
CHEMBL245549,Chembl245549,
CHEMBL300138,Enzastaurin,3.0
CHEMBL305380,Bupranolol,2.0
CHEMBL3103000,Chembl3103000,
CHEMBL3109933,Chembl3109933,
CHEMBL316080,Chembl316080,
CHEMBL3301599,Onalespib Lactate,1.0
CHEMBL332765,Chembl332765,
CHEMBL3329665,Chembl3329665,
CHEMBL3357439,Chembl3357439,
CHEMBL3408940,Chembl3408940,
CHEMBL3544971,Dextroamphetamine Sulfate,4.0
CHEMBL3580427,Chembl3580427,
CHEMBL3623003,Chembl3623003,
CHEMBL3633930,Chembl3633930,
CHEMBL373081,Micronomicin,2.0
CHEMBL386661,Chembl386661,
CHEMBL3919831,Amredobresib,2.0
CHEMBL3952064,Chembl3952064,
CHEMBL402823,Chembl402823,
CHEMBL4077893,Chembl4077893,
CHEMBL4129018,Mw-150,2.0
CHEMBL4297517,Mavacamten,4.0
CHEMBL4297629,Nedisertib,1.0
CHEMBL436947,Chembl436947,
CHEMBL452596,Chembl452596,
CHEMBL473,Dofetilide,4.0
CHEMBL490730,Chembl490730,
CHEMBL5095248,Sebetralstat,3.0
CHEMBL5095401,Iptacopan Hydrochloride,1.0
CHEMBL509730,Chembl509730,
CHEMBL511828,Chembl511828,
CHEMBL5189857,Chembl5189857,
CHEMBL521703,Chembl521703,
CHEMBL522806,(R)-Mon-97,
CHEMBL524014,Chembl524014,
CHEMBL571030,Chembl571030,
CHEMBL582,Isopropyl Alcohol,4.0
CHEMBL592374,Amitifadine,2.0
CHEMBL595,Pioglitazone,4.0
CHEMBL808,Econazole,4.0
CHEMBL87277,Chembl87277,
CHEMBL105,Mitomycin,4.0
CHEMBL1089224,Chembl1089224,
CHEMBL1090143,Chembl1090143,
CHEMBL1200323,Labetalol Hydrochloride,4.0
CHEMBL1200616,Chlorothiazide Sodium,4.0
CHEMBL1200751,Mercaptopurine,4.0
CHEMBL1201147,Octocrylene,4.0
CHEMBL1230658,Chembl1230658,
CHEMBL1232944,Chembl1232944,
CHEMBL1234089,Chembl1234089,
CHEMBL1235429,13-Acetylphorbol,
CHEMBL1235735,Chembl1235735,
CHEMBL1272140,Chembl1272140,
CHEMBL1332617,Chembl1332617,
CHEMBL1357815,Chembl1357815,
CHEMBL1446118,Chembl1446118,
CHEMBL1472830,Sulprostone,2.0
CHEMBL1472989,Bisoprolol Fumarate,4.0
CHEMBL1585091,Chembl1585091,
CHEMBL1726,Nisoldipine,4.0
CHEMBL1801385,Chembl1801385,
CHEMBL1887147,Isoxaflutole,2.0
CHEMBL1908333,Tilmicosin,2.0
CHEMBL1940177,Chembl1940177,
CHEMBL195450,Chembl195450,
CHEMBL2104956,Bemotrizinol,3.0
CHEMBL2105302,Prenoxdiazine,2.0
CHEMBL2107743,Edratide,2.0
CHEMBL212953,Chembl212953,
CHEMBL219544,7-Deazaguanine,
CHEMBL221245,Chembl221245,
CHEMBL2219414,Eravacycline Dihydrochloride,4.0
CHEMBL2227975,Bifenthrin,
CHEMBL224867,Taurocholic Acid,
CHEMBL2315920,Chembl2315920,
CHEMBL2325703,Chembl2325703,
CHEMBL2348782,Chembl2348782,
CHEMBL2397136,Chembl2397136,
CHEMBL246802,Chembl246802,
CHEMBL25028,Methanesulfonylmethane,
CHEMBL267225,Boswellic Acid,2.0
CHEMBL295829,Oxametacin,2.0
CHEMBL300891,Kni-764,
CHEMBL3039524,Elubrixin Tosylate,1.0
CHEMBL3093942,Chembl3093942,
CHEMBL3094407,Chembl3094407,
CHEMBL3102995,Chembl3102995,
CHEMBL3182314,Sivelestat Sodium,3.0
CHEMBL3184026,Chembl3184026,
CHEMBL3187964,Chembl3187964,
CHEMBL325109,Clebopride,4.0
CHEMBL3263582,Chembl3263582,
CHEMBL32994,Amsilarotene,2.0
CHEMBL3417489,Chembl3417489,
CHEMBL3422090,Chembl3422090,
CHEMBL350775,Biricodar,2.0
CHEMBL354077,Amifampridine,4.0
CHEMBL3707248,Valbenazine Tosylate,4.0
CHEMBL382127,(1-Phenylcyclopentyl)Methanamine,
CHEMBL3823101,Chembl3823101,
CHEMBL3833333,Nabiximols,3.0
CHEMBL3909517,Rineterkib,1.0
CHEMBL4087679,Chembl4087679,
CHEMBL4165850,Chembl4165850,
CHEMBL4286938,Chembl4286938,
CHEMBL4297266,Blxa4,1.0
CHEMBL4297387,Gsk-424887,1.0
CHEMBL4297617,Mibenratide,2.0
CHEMBL4594424,Tzp-102,2.0
CHEMBL4594432,Ly-3200882,1.0
CHEMBL482968,Enmd-2076,2.0
CHEMBL5095023,Ls-104,1.0
CHEMBL523374,Chembl523374,
CHEMBL5314511,Cinsebrutinib,2.0
CHEMBL534,Ketotifen,4.0
CHEMBL550495,Methylene Blue,4.0
CHEMBL608393,Chembl608393,
CHEMBL647,Apraclonidine,4.0
CHEMBL65061,Leukotriene_B4,
CHEMBL75094,Prinomastat,3.0
CHEMBL9519,Chembl9519,
CHEMBL99203,Iodotubercidin,
CHEMBL1018,Dienestrol,4.0
CHEMBL1021,Nepafenac,4.0
CHEMBL1081188,Chembl1081188,
CHEMBL11122,Chembl11122,
CHEMBL1187646,Perphenazine 4-Aminobutyrate,2.0
CHEMBL1200516,Gonadorelin Hydrochloride,4.0
CHEMBL1200804,Diclofenac Potassium,4.0
CHEMBL1204628,Chembl1204628,
CHEMBL1234276,Chembl1234276,
CHEMBL124474,Chembl124474,
CHEMBL1256686,Calcimycin,2.0
CHEMBL133314,Chembl133314,
CHEMBL1558,Prazosin Hydrochloride,4.0
CHEMBL1568057,Metaproterenol Sulfate,4.0
CHEMBL1615779,Iobenguane I 131,4.0
CHEMBL1762,Tocainide,4.0
CHEMBL184444,Chembl184444,
CHEMBL186113,Gw-328267,1.0
CHEMBL188225,Chembl188225,
CHEMBL189676,Surinabant,2.0
CHEMBL1940182,Chembl1940182,
CHEMBL194805,Chembl194805,
CHEMBL203836,Chembl203836,
CHEMBL2096631,Clorazepate Dipotassium,4.0
CHEMBL2104940,Viminol,2.0
CHEMBL2106991,Raluridine,1.0
CHEMBL219140,Chembl219140,
CHEMBL219445,Chembl219445,
CHEMBL2204239,Chembl2204239,
CHEMBL2322189,Fosfomycin Sodium,3.0
CHEMBL2355456,Ibutilide Fumarate,4.0
CHEMBL2381269,Chembl2381269,
CHEMBL251142,Chembl251142,
CHEMBL257176,Chembl257176,
CHEMBL257553,Chembl257553,
CHEMBL25843,Remacemide,-1.0
CHEMBL267227,Delta 8-Tetrahydrocannobinol,2.0
CHEMBL271544,Chembl271544,
CHEMBL280728,Ridogrel,2.0
CHEMBL301523,Phenylalanine,3.0
CHEMBL3093080,Chembl3093080,
CHEMBL317052,Regadenoson Anhydrous,4.0
CHEMBL323405,Chembl323405,
CHEMBL328250,Adinazolam,2.0
CHEMBL3311302,Chembl3311302,
CHEMBL3360203,Pilaralisib,2.0
CHEMBL3408389,Chembl3408389,
CHEMBL3414622,Chembl3414622,
CHEMBL3545137,Pf-00477736,1.0
CHEMBL3546168,"Ammonium Trichloro(Dioxoethylene-O,O'-)Tellurate",1.0
CHEMBL361348,Chembl361348,
CHEMBL3707395,Elafibranor,3.0
CHEMBL382066,Chembl382066,
CHEMBL3828180,Chembl3828180,
CHEMBL3828636,Chembl3828636,
CHEMBL386253,Chembl386253,
CHEMBL39221,"(S)-3,5-Dihydroxyphenylglycine",
CHEMBL400599,Benfluorex,4.0
CHEMBL4076837,Senexin B,1.0
CHEMBL4094410,Chembl4094410,
CHEMBL4161733,Chembl4161733,
CHEMBL4282338,Chembl4282338,
CHEMBL4297213,Afamelanotide Acetate,4.0
CHEMBL4297676,Pimasertib Hydrochloride,1.0
CHEMBL4299851,Piflufolastat,4.0
CHEMBL442951,Methyl Beta-D-Galactopyranoside,
CHEMBL4574601,Linperlisib,1.0
CHEMBL46102,Roxatidine Acetate,-1.0
CHEMBL470148,Chembl470148,
CHEMBL4740486,Chembl4740486,
CHEMBL4802144,Nnz-2591,2.0
CHEMBL4802146,Cudetaxestat,2.0
CHEMBL491571,Doripenem,4.0
CHEMBL5095243,Incb-059872,1.0
CHEMBL515311,Chembl515311,
CHEMBL5314393,Ly2624803,2.0
CHEMBL5314484,Rolusafine,2.0
CHEMBL560630,Chembl560630,
CHEMBL718,Methyldopa (Racemic),1.0
CHEMBL82390,Chembl82390,
CHEMBL1078261,Propiverine,4.0
CHEMBL1190232,Chembl1190232,
CHEMBL1200682,Sodium Oxybate,4.0
CHEMBL1201391,Tenivastatin,2.0
CHEMBL1201784,Hexaminolevulinate,4.0
CHEMBL1208959,Chembl1208959,
CHEMBL1236602,4-Imidazoleacrylic Acid,
CHEMBL1276342,Cefminox,2.0
CHEMBL1310336,Chembl1310336,
CHEMBL1410,Nonoxynol 9,4.0
CHEMBL1414320,Suxibuzone,2.0
CHEMBL1449676,Ornidazole,4.0
CHEMBL1551,Ursodiol,4.0
CHEMBL168065,Chembl168065,
CHEMBL1790041,Ranitidine,4.0
CHEMBL1957022,Chembl1957022,
CHEMBL1963683,Tafluprost,4.0
CHEMBL2005186,Belumosudil,4.0
CHEMBL2017005,Chembl2017005,
CHEMBL206815,Apratastat,2.0
CHEMBL2069623,Pf-4800567,
CHEMBL207496,Chembl207496,
CHEMBL2272076,Topramezone,
CHEMBL2316582,Olverembatinib,3.0
CHEMBL2364623,Plazomicin Sulfate,4.0
CHEMBL237127,Chembl237127,
CHEMBL267495,Nalfurafine,4.0
CHEMBL271189,Chembl271189,
CHEMBL277100,Temafloxacin,4.0
CHEMBL3039523,Veledimex,2.0
CHEMBL3126185,Chembl3126185,
CHEMBL3261926,Chembl3261926,
CHEMBL328827,Chembl328827,
CHEMBL329203,Cyclopentamine,2.0
CHEMBL3298194,Chembl3298194,
CHEMBL3545059,Aliskiren Fumarate,4.0
CHEMBL355616,Chembl355616,
CHEMBL359744,Doxorubicin Hydrochloride,4.0
CHEMBL3613118,Onternabez,1.0
CHEMBL369258,Tcmdc-137306,
CHEMBL371948,Chembl371948,
CHEMBL3833319,Revefenacin,4.0
CHEMBL3833407,Streptoduocin,-1.0
CHEMBL386310,Chembl386310,
CHEMBL3989834,Avosentan,3.0
CHEMBL401842,Chembl401842,
CHEMBL41632,Tiratricol,3.0
CHEMBL426815,Chembl426815,
CHEMBL4297064,Milnacipran Hydrochloride,4.0
CHEMBL4297515,Lodenafil Carbonate,2.0
CHEMBL430893,(-)-Rolipram,
CHEMBL4444498,Chembl4444498,
CHEMBL446435,Chembl446435,
CHEMBL4594300,Fosdenopterin Hydrobromide,4.0
CHEMBL46439,Chembl46439,
CHEMBL47,Alpha-Tocopherol,
CHEMBL474561,Chembl474561,
CHEMBL492399,Verubulin,2.0
CHEMBL493986,Chembl493986,
CHEMBL522,Benzylamine,
CHEMBL558752,Raf-265,2.0
CHEMBL562743,Chembl562743,
CHEMBL567850,Chembl567850,
CHEMBL585,Triamterene,4.0
CHEMBL76370,Tegaserod,4.0
CHEMBL846,Calcitriol,4.0
CHEMBL8659,Oleic Acid,2.0
CHEMBL1095626,Chembl1095626,
CHEMBL1097205,Borneol,3.0
CHEMBL1170,Testosterone Propionate,4.0
CHEMBL1200367,Echothiophate Iodide,4.0
CHEMBL1200630,Cysteine Hydrochloride,4.0
CHEMBL1200735,Moxifloxacin Hydrochloride,4.0
CHEMBL1200779,Trovafloxacin Mesylate,4.0
CHEMBL1201005,Cefonicid Sodium,4.0
CHEMBL1201178,Lisdexamfetamine Dimesylate,4.0
CHEMBL1201260,Bethanidine,4.0
CHEMBL1201340,Diphemanil,4.0
CHEMBL1213412,Chembl1213412,
CHEMBL1229742,(R)-Imazaquin,
CHEMBL1232180,Chembl1232180,
CHEMBL1236582,Methyl Nonyl Ketone,
CHEMBL1255794,Aplaviroc,3.0
CHEMBL135491,Chembl135491,
CHEMBL137,Metronidazole,4.0
CHEMBL1425,Mercaptopurine Anhydrous,4.0
CHEMBL14370,Reboxetine,4.0
CHEMBL1446813,Betahistine Hydrochloride,4.0
CHEMBL1514,Levomethadyl Acetate,4.0
CHEMBL1616046,Hypochlorous Acid,4.0
CHEMBL1732549,Chembl1732549,
CHEMBL173562,Nsc-72097,
CHEMBL1800159,Relugolix,4.0
CHEMBL1834658,Chembl1834658,
CHEMBL1835743,Chembl1835743,
CHEMBL185878,Taurochenodeoxycholate,
CHEMBL18754,Chembl18754,
CHEMBL1875805,Acetylleucine,2.0
CHEMBL1903566,Chembl1903566,
CHEMBL190801,Chembl190801,
CHEMBL1945778,Ioflupane,4.0
CHEMBL2047943,Chembl2047943,
CHEMBL2063459,Chembl2063459,
CHEMBL206798,Chembl206798,
CHEMBL2094620,Vlx-600,1.0
CHEMBL2104698,Deramciclane,2.0
CHEMBL2105872,Ibutamoren Mesylate,2.0
CHEMBL2106975,Potassium Bicarbonate,4.0
CHEMBL2107786,Terutroban,3.0
CHEMBL2110679,Iomazenil,2.0
CHEMBL216579,Chembl216579,
CHEMBL2181367,Fosifloxuridine Nafalbenamide,2.0
CHEMBL2220039,Chembl2220039,
CHEMBL2325101,Chembl2325101,
CHEMBL2403836,Chembl2403836,
CHEMBL243024,Chembl243024,
CHEMBL272198,Chembl272198,
CHEMBL277062,Bromazepam,4.0
CHEMBL3092650,Gsk239512,2.0
CHEMBL3137312,Dasabuvir,4.0
CHEMBL31574,Fisetin,2.0
CHEMBL3188034,Triprolidine Hydrochloride,4.0
CHEMBL319354,D-Allothreonine,
CHEMBL3309997,Chembl3309997,
CHEMBL350221,Oxitriptan,4.0
CHEMBL358722,Timonacic,2.0
CHEMBL3613119,Chembl3613119,
CHEMBL3786343,Olmutinib,4.0
CHEMBL387347,Chembl387347,
CHEMBL395347,Chembl395347,
CHEMBL3976780,Chembl3976780,
CHEMBL3989777,Trientine Hydrochloride,4.0
CHEMBL402542,Chembl402542,
CHEMBL4060602,Chembl4060602,
CHEMBL408867,[11C]Sa4503,
CHEMBL4170225,Chembl4170225,
CHEMBL4241305,Chembl4241305,
CHEMBL4297521,Padsevonil,3.0
CHEMBL4298156,Derazantinib Hydrochloride,1.0
CHEMBL435696,Chembl435696,
CHEMBL4594449,Idetrexed,2.0
CHEMBL4779850,Anisodine Hydrobromide,3.0
CHEMBL5314405,Clx-0921,1.0
CHEMBL5314552,Elenestinib,2.0
CHEMBL56021,Acetyl-L-Leucine,3.0
CHEMBL7463,Gf-109203,
CHEMBL77,Artemisin,3.0
CHEMBL84844,Deoxymannojirimycin,
CHEMBL1079077,Chembl1079077,
CHEMBL1163085,Chembl1163085,
CHEMBL1165268,Iodipamide,4.0
CHEMBL1184904,Retaspimycin,3.0
CHEMBL1186894,Amrubicin,3.0
CHEMBL1200472,Quazepam,4.0
CHEMBL1201003,Eletriptan Hydrobromide,4.0
CHEMBL1201109,Desonide,4.0
CHEMBL1201163,Sufentanil Citrate,4.0
CHEMBL122744,Chembl122744,
CHEMBL1233349,Streptol,
CHEMBL1234133,Chembl1234133,
CHEMBL1235646,Cephalosporin,3.0
CHEMBL1236594,Coenzyme Q1,
CHEMBL124162,Camptothecin-20-O-Propionate,2.0
CHEMBL1275802,Pexiganan,3.0
CHEMBL1501236,Chembl1501236,
CHEMBL1512949,Fenoverine,3.0
CHEMBL1559,Miconazole Nitrate,4.0
CHEMBL1593566,Deltamethrin,-1.0
CHEMBL159776,Pramiracetam,2.0
CHEMBL160622,Chembl160622,
CHEMBL16073,Phenacetin,4.0
CHEMBL1615933,Omiganan,3.0
CHEMBL1644698,Sodium Nitrate,2.0
CHEMBL176426,Chembl176426,
CHEMBL1823681,Etilevodopa,2.0
CHEMBL184974,Chembl184974,
CHEMBL207602,Isopropyl Myristate,-1.0
CHEMBL20883,Tegafur,4.0
CHEMBL2103849,Udenafil,3.0
CHEMBL2103995,Allylprodine,2.0
CHEMBL2104217,Calcium Saccharate,2.0
CHEMBL2105684,Selumetinib Sulfate,4.0
CHEMBL2107834,Riociguat,4.0
CHEMBL2334539,Chembl2334539,
CHEMBL2364618,Mavatrep,2.0
CHEMBL241271,Sr-715,
CHEMBL252557,Glycolic Acid,2.0
CHEMBL290916,Edaravone,4.0
CHEMBL299001,Chembl299001,
CHEMBL3184791,Streptomycin Sulfate,4.0
CHEMBL3287937,Chembl3287937,
CHEMBL3318007,Pimodivir,3.0
CHEMBL3408395,Chembl3408395,
CHEMBL342686,Chembl342686,
CHEMBL3545061,Fexapotide,3.0
CHEMBL3581647,Birabresib,2.0
CHEMBL359965,Allicin,2.0
CHEMBL3600873,Chembl3600873,
CHEMBL3608680,Fezolinetant,4.0
CHEMBL3759797,Chembl3759797,
CHEMBL393982,Chembl393982,
CHEMBL395308,Chembl395308,
CHEMBL3989865,Mipsagargin,2.0
CHEMBL3989939,Larotrectinib Sulfate,4.0
CHEMBL4086917,Chembl4086917,
CHEMBL408967,Chembl408967,
CHEMBL444,Barbital,4.0
CHEMBL450656,Rotigaptide,2.0
CHEMBL476648,Adociaquinone B,
CHEMBL5092058,Chembl5092058,
CHEMBL5095033,Ibcasertib,3.0
CHEMBL52125,Chlorproethazine,2.0
CHEMBL5314954,Alteminostat,1.0
CHEMBL549340,Chembl549340,
CHEMBL58323,Lacosamide,4.0
CHEMBL594367,Chembl594367,
CHEMBL61946,Caramiphen,-1.0
CHEMBL7303,Arecoline,-1.0
CHEMBL83,Tamoxifen,4.0
CHEMBL975,Mesna,4.0
CHEMBL1200437,Quinidine Gluconate,4.0
CHEMBL1200971,Cephaloglycin,4.0
CHEMBL1200980,Estropipate,4.0
CHEMBL1201124,Ketorolac Tromethamine,4.0
CHEMBL1201247,Goserelin,4.0
CHEMBL1201341,Echothiophate,4.0
CHEMBL1232653,Flavin Adenin Dinucleotide,-1.0
CHEMBL1255901,Huperzine A,2.0
CHEMBL127643,Dimethisoquin,2.0
CHEMBL1291,Metipranolol,4.0
CHEMBL1514715,Ethamsylate,4.0
CHEMBL1520,Vardenafil,4.0
CHEMBL153036,R-Fluoxetine,
CHEMBL1626570,Hexocyclium Methylsulfate,4.0
CHEMBL1738728,Chembl1738728,
CHEMBL1743259,Etoperidone,2.0
CHEMBL1908319,Norgestrienone,2.0
CHEMBL193156,Chembl193156,
CHEMBL1951048,Chembl1951048,
CHEMBL2017291,Gsk1210151A,
CHEMBL204459,Chembl204459,
CHEMBL205786,Chembl205786,
CHEMBL2068839,Rislenemdaz,2.0
CHEMBL2105733,Rucaparib Phosphate,1.0
CHEMBL2107784,Tasquinimod,3.0
CHEMBL2110849,Diisopromine,2.0
CHEMBL214205,2-Morpholinoethanamine,
CHEMBL2403827,Chembl2403827,
CHEMBL249420,Dexpramipexole,3.0
CHEMBL256998,Chembl256998,
CHEMBL272250,Chembl272250,
CHEMBL29024,Chembl29024,
CHEMBL297453,Epigalocatechin Gallate,3.0
CHEMBL3085474,Fradafiban,2.0
CHEMBL310671,Saccharin,3.0
CHEMBL3112866,Sar-260301,1.0
CHEMBL319144,Minodronic Acid,4.0
CHEMBL3360535,Chembl3360535,
CHEMBL3545231,Abt-126,2.0
CHEMBL363559,Deoxythymidine_Triphosphate,
CHEMBL3653164,Chembl3653164,
CHEMBL368688,Chembl368688,
CHEMBL3827650,Chembl3827650,
CHEMBL407632,Nutlin-2,
CHEMBL4206033,Bay1436032,1.0
CHEMBL4297355,Azd-8418,1.0
CHEMBL4300049,Ut-231B,2.0
CHEMBL432481,Deferitrin,2.0
CHEMBL445813,At-7519,2.0
CHEMBL4468815,Ziresovir,3.0
CHEMBL4516611,Btzo-1,
CHEMBL453,Sulfisoxazole,4.0
CHEMBL454973,Chembl454973,
CHEMBL455706,Calusterone,2.0
CHEMBL4594275,Gusacitinib,2.0
CHEMBL4650733,Lixumistat,2.0
CHEMBL478524,Chembl478524,
CHEMBL48109,Chembl48109,
CHEMBL5314480,Resencatinib,2.0
CHEMBL568,Oxazepam,4.0
CHEMBL577,Enalaprilat Anhydrous,-1.0
CHEMBL593442,Chembl593442,
CHEMBL594972,Chembl594972,
CHEMBL608806,Cocaethylene,1.0
CHEMBL8943,Chembl8943,
CHEMBL1094636,Niraparib,4.0
CHEMBL1200665,Diphenoxylate Hydrochloride,4.0
CHEMBL1234640,Chembl1234640,
CHEMBL1256722,Razupenem,2.0
CHEMBL1325149,Chembl1325149,
CHEMBL13929,Chembl13929,
CHEMBL1533310,Histamine Dihydrochloride,4.0
CHEMBL1564,Diphenylpyraline Hydrochloride,4.0
CHEMBL159,Vinblastine,4.0
CHEMBL1615234,Sphinxolide B,
CHEMBL1651990,Fenticonazole,4.0
CHEMBL1729803,Caroverine,2.0
CHEMBL1829173,Amg-837,
CHEMBL1889091,Chlorcyclizine Hydrochloride,1.0
CHEMBL1909452,Apramycin,2.0
CHEMBL199264,Chembl199264,
CHEMBL200255,Chembl200255,
CHEMBL2104391,Insulin Detemir,4.0
CHEMBL2104805,Oxazolam,2.0
CHEMBL21241,Gw7647,
CHEMBL2165620,Pf-04991532,2.0
CHEMBL2178275,Chembl2178275,
CHEMBL2207559,Chembl2207559,
CHEMBL225180,Chembl225180,
CHEMBL2431525,Chembl2431525,
CHEMBL253582,Sucrose,4.0
CHEMBL259084,Mln-8054,1.0
CHEMBL282052,Methaqualone,4.0
CHEMBL291657,Crinecerfont,3.0
CHEMBL296522,Renzapride,3.0
CHEMBL3039514,Elbasvir,4.0
CHEMBL3140361,Ethambutol Hydrochloride,4.0
CHEMBL3185390,Chembl3185390,
CHEMBL31871,Hept,
CHEMBL3301606,Solcitinib,2.0
CHEMBL3353341,Chembl3353341,
CHEMBL337820,Chembl337820,
CHEMBL3422078,Chembl3422078,
CHEMBL3422097,Chembl3422097,
CHEMBL3545011,Gs-9667,1.0
CHEMBL358860,Chembl358860,
CHEMBL360055,Gallamine,4.0
CHEMBL3707281,Magnesium Lactate,4.0
CHEMBL3747368,Chembl3747368,
CHEMBL3827780,Chembl3827780,
CHEMBL3924151,Tak-448,2.0
CHEMBL396778,Safinamide,4.0
CHEMBL3989401,Pamidronate Disodium,4.0
CHEMBL4167360,Idh305,2.0
CHEMBL4244887,Chembl4244887,
CHEMBL425616,Chembl425616,
CHEMBL4297212,Solriamfetol Hydrochloride,4.0
CHEMBL435982,Chembl435982,
CHEMBL4459895,Chembl4459895,
CHEMBL453514,Spiramycin,4.0
CHEMBL454138,Turofexorate Isopropyl,2.0
CHEMBL4594377,Simpinicline Citrate,1.0
CHEMBL4635883,Chembl4635883,
CHEMBL479843,Chembl479843,
CHEMBL507419,Metahexamide,2.0
CHEMBL5095031,Idrevloride,2.0
CHEMBL5095236,Divarasib,2.0
CHEMBL553204,Icariin,3.0
CHEMBL572546,Adenosine-5'-Phosphosulfate,
CHEMBL572881,Motesanib,3.0
CHEMBL6885,"Quinazoline-2,4,6-Triamine",
CHEMBL75527,Chembl75527,
CHEMBL1090479,Gsk-1070916,1.0
CHEMBL1095292,Bretylium Tosylate,4.0
CHEMBL1169,Aminosalicylic Acid,4.0
CHEMBL1189025,Brostallicin,2.0
CHEMBL1200951,Fluphenazine Enanthate,4.0
CHEMBL1201167,Carvedilol Phosphate,4.0
CHEMBL1201863,Dexlansoprazole,4.0
CHEMBL121260,Chembl121260,
CHEMBL1231267,Chembl1231267,
CHEMBL1236704,5-Aminouracil,
CHEMBL1255813,Chembl1255813,
CHEMBL1256734,Sulbenicillin,2.0
CHEMBL1277623,Chembl1277623,
CHEMBL1331216,Hyoscyamine,4.0
CHEMBL140000,Chembl140000,
CHEMBL1411,Lisofylline,2.0
CHEMBL1450,Atovaquone,4.0
CHEMBL1652611,Pirlimycin,-1.0
CHEMBL174310,Chembl174310,
CHEMBL175083,Chembl175083,
CHEMBL1802391,Chembl1802391,
CHEMBL1807303,Chembl1807303,
CHEMBL180752,Chembl180752,
CHEMBL187835,Chembl187835,
CHEMBL192008,"3,4--Xylenol",
CHEMBL1928705,Chembl1928705,
CHEMBL1933104,Chembl1933104,
CHEMBL2063455,Chembl2063455,
CHEMBL207701,Chembl207701,
CHEMBL2104094,Cloridarol,2.0
CHEMBL2106667,Amezinium Metilsulfate,2.0
CHEMBL2107239,Ioxitalamic Acid,4.0
CHEMBL2107309,Alagebrium Chloride,2.0
CHEMBL214376,Chembl214376,
CHEMBL215205,Chembl215205,
CHEMBL2170610,Bi 9627,
CHEMBL220396,Chembl220396,
CHEMBL224436,Josamycin,3.0
CHEMBL236788,Chembl236788,
CHEMBL24683,Chembl24683,
CHEMBL250270,Lercanidipine,4.0
CHEMBL250892,(R)-Melphalan,3.0
CHEMBL253976,Chembl253976,
CHEMBL255590,Jnj-27390467,
CHEMBL263143,Chembl263143,
CHEMBL264241,Anidulafungin,4.0
CHEMBL309339,Salicylhydroxamic Acid,
CHEMBL31,Gatifloxacin,4.0
CHEMBL316308,Chembl316308,
CHEMBL3183451,Garenoxacin Mesylate,-1.0
CHEMBL3188267,Capmatinib,4.0
CHEMBL3344193,Chembl3344193,
CHEMBL3544537,Dihydroxydiphenyl-Pyridyl Methane,-1.0
CHEMBL3714810,Chembl3714810,
CHEMBL3716057,Gefapixant,3.0
CHEMBL380049,Chembl380049,
CHEMBL389051,Cb-3717,
CHEMBL3919973,Chembl3919973,
CHEMBL3950712,Da-6886,1.0
CHEMBL39677,Acridine,2.0
CHEMBL3971095,Chembl3971095,
CHEMBL401633,Chembl401633,
CHEMBL4094894,Cipepofol,3.0
CHEMBL4103954,Chembl4103954,
CHEMBL4168144,Chembl4168144,
CHEMBL4297269,Osugacestat,2.0
CHEMBL4297419,.Alpha.-Pyrrolidinononanophenone,1.0
CHEMBL432600,Lexacalcitol,2.0
CHEMBL437526,Pralnacasan,2.0
CHEMBL4580220,Bay-3827,
CHEMBL4650367,Sirpiglenastat,1.0
CHEMBL4790100,Akn-028,2.0
CHEMBL489156,Chembl489156,
CHEMBL5072826,Calcium,4.0
CHEMBL525194,Chembl525194,
CHEMBL5314491,Upleganan,2.0
CHEMBL531472,Chembl531472,
CHEMBL582878,Indole-3-Butyric Acid,
CHEMBL603956,Chembl603956,
CHEMBL622,Etodolac,4.0
CHEMBL643,Promethazine,4.0
CHEMBL75880,Perhexiline,4.0
CHEMBL92963,Narcobarbital,-1.0
CHEMBL1095988,Chembl1095988,
CHEMBL114503,Sodium Selenate,3.0
CHEMBL1200549,Rapacuronium Bromide,4.0
CHEMBL1200729,Chloramphenicol Sodium Succinate,4.0
CHEMBL1200800,Calcium Acetate,4.0
CHEMBL1208642,Thiosulfuric Acid,4.0
CHEMBL1235647,Dihydrolipoic Acid,
CHEMBL1235738,Azilect,
CHEMBL1245,Trimethaphan Camsylate,4.0
CHEMBL1287853,Fedratinib,4.0
CHEMBL1370561,Aminophylline,4.0
CHEMBL1404553,Chembl1404553,
CHEMBL1481,Glimepiride,4.0
CHEMBL1483877,Ethenzamide,2.0
CHEMBL1702228,Chembl1702228,
CHEMBL1774461,Florbetapir F 18,4.0
CHEMBL194378,Psilocybine,3.0
CHEMBL2047687,Chembl2047687,
CHEMBL207625,Chembl207625,
CHEMBL2087361,Icotinib,3.0
CHEMBL2103738,Lithium Citrate,4.0
CHEMBL2104402,Elcatonin,2.0
CHEMBL2104700,Moperone,2.0
CHEMBL2105399,Sulfamoxole,2.0
CHEMBL2110948,Poldine,4.0
CHEMBL2111099,Maropitant,2.0
CHEMBL221046,Chembl221046,
CHEMBL228369,Chembl228369,
CHEMBL2304327,Colistimethate,3.0
CHEMBL232943,Mk0686,2.0
CHEMBL246623,Chembl246623,
CHEMBL255750,Chembl255750,
CHEMBL264702,Chembl264702,
CHEMBL269594,Chembl269594,
CHEMBL3353541,Glpg-0974,2.0
CHEMBL340032,Dadle,
CHEMBL347437,Chembl347437,
CHEMBL3609637,Gsm1,
CHEMBL3644620,Chembl3644620,
CHEMBL3707204,(2-Benzhydryloxyethyl)Diethyl-Methylammonium Iodide,-1.0
CHEMBL3734774,Dazucorilant,1.0
CHEMBL3764525,Chembl3764525,
CHEMBL3901808,Chembl3901808,
CHEMBL3911164,Bms-986115,1.0
CHEMBL3945199,Bms-852927,1.0
CHEMBL398891,"Thiourea, N-(5-Bromo-2-Pyridinyl)-N'-(2-(2-Chloro-3-Ethoxy-6-Fluorophenyl)Ethyl)-",2.0
CHEMBL400754,Chembl400754,
CHEMBL4297353,Azd-7295,1.0
CHEMBL4297497,Sisunatovir,2.0
CHEMBL4438797,Chembl4438797,
CHEMBL444172,Zosuquidar,3.0
CHEMBL4515441,Chembl4515441,
CHEMBL4594280,Vipivotide Tetraxetan,2.0
CHEMBL487,Droloxifene,3.0
CHEMBL490961,Chembl490961,
CHEMBL495597,Chembl495597,
CHEMBL499017,Chlorfenson,
CHEMBL50106,Sb-223245,
CHEMBL5095026,Dsp-2230,1.0
CHEMBL510436,Chembl510436,
CHEMBL515564,Tenofovir Exalidex,2.0
CHEMBL519504,Aleglitazar,3.0
CHEMBL524266,Chembl524266,
CHEMBL595222,Chembl595222,
CHEMBL87580,Chembl87580,
CHEMBL1076211,Tolperisone,3.0
CHEMBL1097839,Chembl1097839,
CHEMBL1198138,Chembl1198138,
CHEMBL1198855,Ronacaleret,2.0
CHEMBL1200,Benoxinate,4.0
CHEMBL1201002,Carteolol Hydrochloride,4.0
CHEMBL1201202,Fondaparinux,4.0
CHEMBL1201261,Tyropanoic Acid,4.0
CHEMBL1229789,Chembl1229789,
CHEMBL1231806,Chembl1231806,
CHEMBL1237119,Treprostinil,4.0
CHEMBL1241951,Letermovir,4.0
CHEMBL126432,Chembl126432,
CHEMBL13291,Fludiazepam,2.0
CHEMBL1353,Sodium Bicarbonate,4.0
CHEMBL1398529,Chembl1398529,
CHEMBL1409,Fluvoxamine Maleate,4.0
CHEMBL1476022,Nomegestrol Acetate,3.0
CHEMBL149752,4-Heptyl-Phenol,
CHEMBL1552,Glycochenodeoxycholate,
CHEMBL1628227,Doxepin,4.0
CHEMBL16370,"1,2-Dichloroethane",
CHEMBL1697744,Erdosteine,4.0
CHEMBL170052,Ibafloxacin,2.0
CHEMBL1705525,Nicaraven,2.0
CHEMBL171679,Aspartame,3.0
CHEMBL1741078,Vch-759,1.0
CHEMBL176602,Chembl176602,
CHEMBL1789397,Chembl1789397,
CHEMBL1808636,Chembl1808636,
CHEMBL188386,Chembl188386,
CHEMBL1908359,Sodium Monofluorophosphate,4.0
CHEMBL1921976,Orteronel,3.0
CHEMBL2103860,Usistapide,2.0
CHEMBL2105435,Simfibrate,2.0
CHEMBL2106059,Boldenone Undecylenate,2.0
CHEMBL2110652,Tandamine,-1.0
CHEMBL2111107,Sugammadex,4.0
CHEMBL211471,Neostigmine Methylsulfate,4.0
CHEMBL2365282,Chembl2365282,
CHEMBL251819,Chembl251819,
CHEMBL258734,Danoprevir,3.0
CHEMBL259126,Chembl259126,
CHEMBL259724,Chembl259724,
CHEMBL274826,Androstenedione,-1.0
CHEMBL283196,Alpha-Naphthoflavone,
CHEMBL294144,Chembl294144,
CHEMBL303960,Rivenprost,2.0
CHEMBL31634,Brivudine,2.0
CHEMBL3187812,Ilepatril,2.0
CHEMBL3287944,Chembl3287944,
CHEMBL3358114,Chembl3358114,
CHEMBL3408955,Chembl3408955,
CHEMBL3586089,Chembl3586089,
CHEMBL3612810,Chembl3612810,
CHEMBL3621293,Chembl3621293,
CHEMBL3634561,Gsk-2647544,1.0
CHEMBL36633,Oxiracetam,2.0
CHEMBL367246,Chembl367246,
CHEMBL3707367,2-(4-Chlorphenoxy)-Ethanol,-1.0
CHEMBL3707403,Celivarone,3.0
CHEMBL3786182,Gsk2879552,1.0
CHEMBL3823115,Chembl3823115,
CHEMBL3827045,Chembl3827045,
CHEMBL3828486,Chembl3828486,
CHEMBL3961037,Chembl3961037,
CHEMBL3989409,Forigerimod,3.0
CHEMBL3989923,Pitavastatin Magnesium,4.0
CHEMBL3991927,Hmn-214,1.0
CHEMBL405862,Nigericin,
CHEMBL4082366,Chembl4082366,
CHEMBL4098877,Mli-2,
CHEMBL4173075,Chembl4173075,
CHEMBL4214638,Chembl4214638,
CHEMBL4297264,Benzodiazepine,3.0
CHEMBL4297276,Diazoxide Choline,2.0
CHEMBL4297677,Tebipenem Pivoxil Hydrobromide,3.0
CHEMBL4298153,Nirogacestat Hydrobromide,1.0
CHEMBL4548689,Ogerin,
CHEMBL4650336,Emvododstat,2.0
CHEMBL4650342,Onzigolide,2.0
CHEMBL4750445,Chembl4750445,
CHEMBL4752776,Chembl4752776,
CHEMBL5095189,Nyx-2925,2.0
CHEMBL5095232,Ddp-225,2.0
CHEMBL516231,Chembl516231,
CHEMBL5303393,Varenicline Tartrate,4.0
CHEMBL5314385,Cp-778875,2.0
CHEMBL539,Acetic Acid,4.0
CHEMBL570165,Chembl570165,
CHEMBL602276,Chembl602276,
CHEMBL606423,Chembl606423,
CHEMBL778,Dexmedetomidine,4.0
CHEMBL107360,Quinupramine,2.0
CHEMBL1084081,Chembl1084081,
CHEMBL1089767,Chembl1089767,
CHEMBL1091693,Chembl1091693,
CHEMBL1096882,Fludarabine Phosphate,4.0
CHEMBL1114,Theobromine,3.0
CHEMBL1199734,Chembl1199734,
CHEMBL1200694,Sevoflurane,4.0
CHEMBL1200920,Isoetharine Hydrochloride,4.0
CHEMBL1201192,Armodafinil,4.0
CHEMBL1201404,Mometasone,-1.0
CHEMBL1229,Oseltamivir,4.0
CHEMBL1236268,Chembl1236268,
CHEMBL1237105,Carboprost Tromethamine,4.0
CHEMBL1255815,Chembl1255815,
CHEMBL1276308,Mifepristone,4.0
CHEMBL133725,Chembl133725,
CHEMBL1441961,Sofalcone,2.0
CHEMBL1631914,Chembl1631914,
CHEMBL1697833,Clortermine,-1.0
CHEMBL1807785,Chembl1807785,
CHEMBL1908315,Gemeprost,4.0
CHEMBL1908917,Fluciclovine,4.0
CHEMBL1952405,Chembl1952405,
CHEMBL196003,Promegestone,2.0
CHEMBL2048028,Lifitegrast,4.0
CHEMBL2106124,Calcium Glycerophosphate,1.0
CHEMBL2111078,Sulfabromomethazine,-1.0
CHEMBL2177390,Ipatasertib,3.0
CHEMBL2220200,Chembl2220200,
CHEMBL2368924,Dolasetron Mesylate,4.0
CHEMBL257705,Chembl257705,
CHEMBL27,Propranolol,4.0
CHEMBL270556,Chembl270556,
CHEMBL274467,Acetophenone,
CHEMBL296323,Chembl296323,
CHEMBL3310151,Chembl3310151,
CHEMBL3545186,Fonadelpar,3.0
CHEMBL3654384,Orismilast,2.0
CHEMBL3672267,Chembl3672267,
CHEMBL3828009,Chembl3828009,
CHEMBL3833334,Papaveretum,4.0
CHEMBL4105584,Chembl4105584,
CHEMBL420762,Mozavaptan,4.0
CHEMBL4297511,Firibastat,3.0
CHEMBL4297582,Tefinostat,2.0
CHEMBL4298173,Zotiraciclib Citrate,1.0
CHEMBL434025,Chembl434025,
CHEMBL4516982,Bi 1935,
CHEMBL4520293,(R)-Zinc-3573,
CHEMBL4594440,Zamicastat,2.0
CHEMBL460258,Chembl460258,
CHEMBL46293,N-Benzyl-Formamide,
CHEMBL475540,Chembl475540,
CHEMBL483849,Chembl483849,
CHEMBL495729,Chembl495729,
CHEMBL5095024,Mp-412,1.0
CHEMBL5314427,Vociprotafib,2.0
CHEMBL5314573,Emavusertib Phosphate,1.0
CHEMBL564249,Chembl564249,
CHEMBL614,Pyrazinamide,4.0
CHEMBL73234,Carbetapentane,4.0
CHEMBL101797,Chembl101797,
CHEMBL1091695,Chembl1091695,
CHEMBL1093685,Chembl1093685,
CHEMBL1116,Raloxifene Hydrochloride,4.0
CHEMBL119084,Chembl119084,
CHEMBL1200411,Ropinirole Hydrochloride,4.0
CHEMBL1200633,Ivermectin,4.0
CHEMBL1201195,Cefmetazole,4.0
CHEMBL1201212,Midodrine,4.0
CHEMBL1230806,Valienamine,
CHEMBL1231013,Chembl1231013,
CHEMBL131,Prednisolone,4.0
CHEMBL1434513,Norepinephrine Bitartrate,4.0
CHEMBL1630578,Tirilazad,3.0
CHEMBL2023528,Chembl2023528,
CHEMBL2062262,Metaraminol Bitartrate,4.0
CHEMBL20835,Aceclidine,3.0
CHEMBL2105658,Tylvalosin Tartrate,-1.0
CHEMBL2105681,Sapacitabine,3.0
CHEMBL2105721,Nivocasan,2.0
CHEMBL2106627,Diacetylmorphine Hydrochloride,4.0
CHEMBL2147777,Teneligliptin,4.0
CHEMBL221692,Adoprazine,2.0
CHEMBL222501,Way-169916,
CHEMBL2386346,Ro-5045337,1.0
CHEMBL257975,Glucose-6-Phosphate,
CHEMBL277432,Chembl277432,
CHEMBL279516,Indoramin,4.0
CHEMBL3137323,Encenicline Hydrochloride,3.0
CHEMBL3185463,Elzasonan,2.0
CHEMBL3286580,Idalopirdine,3.0
CHEMBL3342944,Chembl3342944,
CHEMBL3408386,Chembl3408386,
CHEMBL3590106,Ulixertinib,2.0
CHEMBL36506,Novobiocin,4.0
CHEMBL3818015,Chembl3818015,
CHEMBL4065231,Chembl4065231,
CHEMBL4073178,Chembl4073178,
CHEMBL4104052,Chembl4104052,
CHEMBL4175858,Chembl4175858,
CHEMBL4225287,Chembl4225287,
CHEMBL4279047,Vorasidenib,3.0
CHEMBL459265,Hexamethyl Pararosaniline,4.0
CHEMBL4802129,Balixafortide,3.0
CHEMBL4802161,Dalpiciclib,3.0
CHEMBL485618,Chembl485618,
CHEMBL48582,Safinamide Mesylate,4.0
CHEMBL493745,Chembl493745,
CHEMBL497058,Chembl497058,
CHEMBL501822,Chembl501822,
CHEMBL521589,Bambuterol,3.0
CHEMBL526330,Calystegine B2,
CHEMBL5314521,Imdatifan,2.0
CHEMBL5314568,Pomotrelvir,1.0
CHEMBL542103,Nevanimibe Hydrochloride,2.0
CHEMBL560,Pentazocine,
CHEMBL573,Niacin,4.0
CHEMBL598911,Chembl598911,
CHEMBL66526,Chembl66526,
CHEMBL897,Probenecid,4.0
CHEMBL1066,"(R,R)-Tramadol",
CHEMBL1098248,Chembl1098248,
CHEMBL116018,Chembl116018,
CHEMBL1172,Desloratadine,4.0
CHEMBL1200490,Cetrorelix,4.0
CHEMBL1200782,Dextroamphetamine Adipate,4.0
CHEMBL1200978,Arsenic Trioxide,4.0
CHEMBL1201325,Hexocyclium,4.0
CHEMBL1230661,Chembl1230661,
CHEMBL1232920,Chembl1232920,
CHEMBL1233636,Indoxyl Sulfate,
CHEMBL1234254,Chembl1234254,
CHEMBL129,Zidovudine,4.0
CHEMBL131921,Biochanin,
CHEMBL1373254,Cyclopenthiazide,4.0
CHEMBL147507,(R)-Mexiletine,
CHEMBL168,Oleanolic_Acid,
CHEMBL178459,Oltipraz,3.0
CHEMBL1828820,Artefenomel,2.0
CHEMBL189434,Chembl189434,
CHEMBL190412,Teglarinad Chloride,2.0
CHEMBL190883,Ne-100,
CHEMBL194176,Chembl194176,
CHEMBL2017974,Buparlisib,3.0
CHEMBL2104168,Betameprodine,2.0
CHEMBL2104988,Tipelukast,2.0
CHEMBL2105291,Quingestanol Acetate,2.0
CHEMBL2105741,Trametinib Dimethyl Sulfoxide,4.0
CHEMBL2107583,Erythrityl Tetranitrate,2.0
CHEMBL2110731,Tofogliflozin Anhydrous,4.0
CHEMBL2386815,Chembl2386815,
CHEMBL250689,Chembl250689,
CHEMBL278519,Clorindione,2.0
CHEMBL289480,Rilmenidine,4.0
CHEMBL301769,Chembl301769,
CHEMBL305178,Chembl305178,
CHEMBL3093928,Chembl3093928,
CHEMBL3103021,Chembl3103021,
CHEMBL3137303,Briciclib Sodium,1.0
CHEMBL336487,Chembl336487,
CHEMBL35571,Chembl35571,
CHEMBL3769414,Lenrispodun,2.0
CHEMBL377198,Chembl377198,
CHEMBL398338,Abt-102,1.0
CHEMBL4078686,Chembl4078686,
CHEMBL4094396,Mephedrone,1.0
CHEMBL4163675,Chembl4163675,
CHEMBL4297460,Dovramilast,2.0
CHEMBL4297501,Afabicin,2.0
CHEMBL466465,Tosyl-L-Lysine Chloromethyl Ketone,
CHEMBL46730,Phenanthrene,1.0
CHEMBL47298,Tilorone,2.0
CHEMBL474890,Chembl474890,
CHEMBL486738,Chembl486738,
CHEMBL487533,Chembl487533,
CHEMBL4878586,Chembl4878586,
CHEMBL489285,Chembl489285,
CHEMBL494917,Chembl494917,
CHEMBL5095186,Ksq-4279,1.0
CHEMBL514794,Chembl514794,
CHEMBL53,Apomorphine,4.0
CHEMBL549695,Chembl549695,
CHEMBL559362,Halofuginone Hydrobromide,2.0
CHEMBL562365,Chembl562365,
CHEMBL566,Uracil,3.0
CHEMBL83644,Chembl83644,
CHEMBL1161626,Chembl1161626,
CHEMBL1200329,Tizanidine Hydrochloride,4.0
CHEMBL1200498,Alatrofloxacin Mesylate,4.0
CHEMBL1200500,Beclomethasone Dipropionate,4.0
CHEMBL1201352,Rapacuronium,4.0
CHEMBL1229914,Chembl1229914,
CHEMBL1229947,Chembl1229947,
CHEMBL1230670,Chembl1230670,
CHEMBL1233206,Chembl1233206,
CHEMBL1455497,Malic Acid,4.0
CHEMBL1548353,Chembl1548353,
CHEMBL157729,5-Methylbenzimidazole,
CHEMBL1617,Rifaximin,4.0
CHEMBL1648,Isradipine,4.0
CHEMBL167071,Chembl167071,
CHEMBL167911,Dichlorvos,2.0
CHEMBL1762505,Chembl1762505,
CHEMBL19,Methazolamide,4.0
CHEMBL191879,Chembl191879,
CHEMBL19980,Brefeldin A,
CHEMBL204021,Darapladib,3.0
CHEMBL20489,Ompenaclid,2.0
CHEMBL208015,Chembl208015,
CHEMBL2105060,Moxaverine,2.0
CHEMBL2105552,Vinylbital,2.0
CHEMBL2105682,Edoxaban Tosylate,4.0
CHEMBL2105735,Asunaprevir,4.0
CHEMBL2110814,Delucemine,2.0
CHEMBL2111110,Tedisamil,3.0
CHEMBL2113457,Chembl2113457,
CHEMBL214601,Chembl214601,
CHEMBL2178575,Gsk-2239633,1.0
CHEMBL239414,Chembl239414,
CHEMBL2443026,Chembl2443026,
CHEMBL255231,Ladostigil,2.0
CHEMBL270672,Chembl270672,
CHEMBL3039528,Zicronapine,3.0
CHEMBL3109945,Chembl3109945,
CHEMBL3183968,Ceftriaxone Sodium,4.0
CHEMBL323556,Chembl323556,
CHEMBL3236072,Chembl3236072,
CHEMBL3286733,Chembl3286733,
CHEMBL3304486,Difemerine,4.0
CHEMBL344159,Tolvaptan,4.0
CHEMBL3623630,Chembl3623630,
CHEMBL3707209,Methylpropylpropanediol Dinitrate,-1.0
CHEMBL3833382,Prajmalium,4.0
CHEMBL395429,Oxytocin,4.0
CHEMBL406291,Bradykinin,2.0
CHEMBL4092859,Chembl4092859,
CHEMBL444633,Rifabutin,4.0
CHEMBL458298,Chembl458298,
CHEMBL460910,Chembl460910,
CHEMBL463321,Chembl463321,
CHEMBL464982,Gamolenic Acid,4.0
CHEMBL478612,Chembl478612,
CHEMBL4802152,Senaparib,2.0
CHEMBL487253,Bendamustine,4.0
CHEMBL501174,Lycopene,3.0
CHEMBL509,Meclofenamic Acid,4.0
CHEMBL518924,Mavorixafor,3.0
CHEMBL5191316,Chembl5191316,
CHEMBL5314947,Denatonium Acetate Monohydrate,2.0
CHEMBL558448,Chembl558448,
CHEMBL570745,Chembl570745,
CHEMBL6367,Gpi-1046,
CHEMBL931,Halothane,4.0
CHEMBL94061,Chembl94061,
CHEMBL9967,Pirenzepine,4.0
CHEMBL110739,Corticosterone,3.0
CHEMBL1195,Propoxycaine,4.0
CHEMBL1200632,Clindamycin Palmitate Hydrochloride,4.0
CHEMBL1200691,Magnesium Acetate,4.0
CHEMBL121790,Chembl121790,
CHEMBL1231,Oxybutynin,4.0
CHEMBL1231592,Chembl1231592,
CHEMBL1232182,"2,3-Difluorobenzyl Alcohol",
CHEMBL1233511,Phytic Acid,3.0
CHEMBL1234904,Chembl1234904,
CHEMBL136560,"(1R,2S)-Phenylpropanolamine",
CHEMBL1373467,Chembl1373467,
CHEMBL1443272,Chembl1443272,
CHEMBL148169,Ik-682,
CHEMBL1637,Gemcitabine Hydrochloride,4.0
CHEMBL165315,Chembl165315,
CHEMBL1673303,(S)-Iclaprim,
CHEMBL169526,Chembl169526,
CHEMBL182323,Chembl182323,
CHEMBL185885,Aes-103,2.0
CHEMBL1888305,Chembl1888305,
CHEMBL1923234,Wp 1066,1.0
CHEMBL1949708,Relmapirazin,3.0
CHEMBL1957857,Chembl1957857,
CHEMBL2104927,Figopitant,2.0
CHEMBL2105675,Tafamidis Meglumine,4.0
CHEMBL2106966,Piketoprofen,2.0
CHEMBL2107826,Vibegron,4.0
CHEMBL2153644,Chembl2153644,
CHEMBL2159741,Chembl2159741,
CHEMBL2346976,Azd3514,1.0
CHEMBL2381968,Chembl2381968,
CHEMBL2430537,Chembl2430537,
CHEMBL24781,L-371257,
CHEMBL257468,Chembl257468,
CHEMBL279115,Phorbol Myristate Acetate,2.0
CHEMBL295301,Chembl295301,
CHEMBL298445,Chembl298445,
CHEMBL3181832,Methicillin Sodium,4.0
CHEMBL338790,Chembl338790,
CHEMBL340606,Chembl340606,
CHEMBL350239,Chembl350239,
CHEMBL353861,Al-6619,
CHEMBL3545096,Bgt-226,2.0
CHEMBL3545312,Ravidasvir Hydrochloride,2.0
CHEMBL3545340,R-343,2.0
CHEMBL363648,Tak-715,2.0
CHEMBL3910075,Ce-245677,1.0
CHEMBL3989571,Spectinomycin Hydrochloride,4.0
CHEMBL3989766,Oritavancin Diphosphate,4.0
CHEMBL4101866,Chembl4101866,
CHEMBL411084,Wiskostatin,
CHEMBL4204833,Chembl4204833,
CHEMBL4293828,Chembl4293828,
CHEMBL4297414,Pd-217014,2.0
CHEMBL4297519,Nafithromycin,2.0
CHEMBL4302505,Nsi-189,2.0
CHEMBL447861,4-Hydroxy Benzoic Acid Benzyl Ester,
CHEMBL4650300,Agi-134,1.0
CHEMBL4650743,.Alpha.-R-Lipoic Acid Choline Ester,2.0
CHEMBL466659,Pentaerythritol Tetranitrate,4.0
CHEMBL469912,Puromycin,2.0
CHEMBL471737,Ivabradine,4.0
CHEMBL480411,Chembl480411,
CHEMBL4847050,Aficamten,3.0
CHEMBL489157,Chembl489157,
CHEMBL5182441,Chembl5182441,
CHEMBL521851,Pictilisib,2.0
CHEMBL524,Methoxamine,4.0
CHEMBL5314392,Bay1067197,2.0
CHEMBL5314401,Cnv2197944,2.0
CHEMBL5314420,Tuspetinib,2.0
CHEMBL551043,Chembl551043,
CHEMBL57531,Chembl57531,
CHEMBL600084,Chembl600084,
CHEMBL604608,Fructose,4.0
CHEMBL72006,Chembl72006,
CHEMBL8260,Baicalein,2.0
CHEMBL850,Sparfloxacin,4.0
CHEMBL852,Melphalan,4.0
CHEMBL959,Rimantadine,4.0
CHEMBL1089495,Chembl1089495,
CHEMBL1162488,Phenylpyruvate,
CHEMBL1168,Ramipril,4.0
CHEMBL1182833,Mivacurium,4.0
CHEMBL1200376,Betamethasone Benzoate,4.0
CHEMBL1200569,Caffeine Citrate,4.0
CHEMBL1200582,Aminolevulinic Acid Hydrochloride,4.0
CHEMBL1200944,Sulbactam Sodium,4.0
CHEMBL1233300,Hydroxyfasudil,
CHEMBL1234151,Chembl1234151,
CHEMBL1236882,Chembl1236882,
CHEMBL1256575,Chembl1256575,
CHEMBL1275,Pergolide Mesylate,4.0
CHEMBL128,Sumatriptan,4.0
CHEMBL1355,Sodium Citrate,4.0
CHEMBL14060,Phenol,4.0
CHEMBL14227,Butanoic Acid,2.0
CHEMBL152649,Chlormidazole,2.0
CHEMBL172854,Chembl172854,
CHEMBL1888176,Trospium,4.0
CHEMBL1929396,Anagliptin,4.0
CHEMBL1939876,Bi 4394,
CHEMBL2009089,Selenious Acid,4.0
CHEMBL205792,Chembl205792,
CHEMBL2096639,Bacitracin Zinc,4.0
CHEMBL2105638,Delafloxacin Meglumine,4.0
CHEMBL2106065,Clamoxyquin Hydrochloride,3.0
CHEMBL2106195,Dexmedetomidine Hydrochloride,4.0
CHEMBL2107830,Empagliflozin,4.0
CHEMBL2182052,Chembl2182052,
CHEMBL230006,Enoxolone,2.0
CHEMBL2315932,Chembl2315932,
CHEMBL232827,Chembl232827,
CHEMBL2365279,Chembl2365279,
CHEMBL2393168,Chembl2393168,
CHEMBL2407750,Chembl2407750,
CHEMBL2408240,Chembl2408240,
CHEMBL250787,Chembl250787,
CHEMBL270545,Chembl270545,
CHEMBL286013,Dimebutic Acid,2.0
CHEMBL290077,Chembl290077,
CHEMBL290352,Cep-1347,3.0
CHEMBL305660,Ebastine,4.0
CHEMBL3236637,Chembl3236637,
CHEMBL326523,Chembl326523,
CHEMBL326611,Chembl326611,
CHEMBL328560,Sulthiame,4.0
CHEMBL3286735,Chembl3286735,
CHEMBL3422010,Chembl3422010,
CHEMBL351706,Bms-214662,1.0
CHEMBL3545388,Seridopidine,2.0
CHEMBL368329,Chembl368329,
CHEMBL3819553,Chembl3819553,
CHEMBL398989,Chembl398989,
CHEMBL402262,Chembl402262,
CHEMBL4068611,Relacorilant,3.0
CHEMBL4082726,Chembl4082726,
CHEMBL4226151,Chembl4226151,
CHEMBL4297645,Cefilavancin,2.0
CHEMBL4438249,Amdizalisib,2.0
CHEMBL4558527,Azd-8154,2.0
CHEMBL4567838,Chembl4567838,
CHEMBL463763,Triptolide,3.0
CHEMBL473922,Chembl473922,
CHEMBL4802138,Bersiporocin,2.0
CHEMBL4861471,Eclitasertib,2.0
CHEMBL5095080,Quabodepistat,2.0
CHEMBL5178416,Chembl5178416,
CHEMBL5198592,Chembl5198592,
CHEMBL5314423,Zasocitinib,2.0
CHEMBL5314600,Tirabrutinib Hydrochloride,4.0
CHEMBL5314911,Bms-986310,1.0
CHEMBL538867,Patidegib,3.0
CHEMBL564085,Troleandomycin,4.0
CHEMBL568150,As-605240,
CHEMBL58711,Tivirapine,2.0
CHEMBL59898,Pd-102807,
CHEMBL9194,Atrasentan,3.0
CHEMBL932,Dipyridamole,4.0
CHEMBL1044,Phenylacetic Acid,
CHEMBL1078665,Pha-745052,
CHEMBL1091712,Chembl1091712,
CHEMBL109341,Sinapinate,
CHEMBL1096927,Levomenol,2.0
CHEMBL1200370,Benzoyl Peroxide,4.0
CHEMBL1200813,Acebutolol Hydrochloride,4.0
CHEMBL1200822,Flecainide Acetate,4.0
CHEMBL1200948,Trimipramine Maleate,4.0
CHEMBL1200973,Estradiol Cypionate,4.0
CHEMBL1201089,Diphenhydramine Citrate,4.0
CHEMBL1201189,Ammonia N 13,4.0
CHEMBL1201321,Difenoxin,4.0
CHEMBL1201322,Thonzonium,4.0
CHEMBL1201406,Ethynodiol,-1.0
CHEMBL134,Clonidine,4.0
CHEMBL1463,Flucytosine,4.0
CHEMBL151062,1-Phenyl-Ethanol,
CHEMBL155265,Dnqx,
CHEMBL1874002,Chembl1874002,
CHEMBL189938,Chembl189938,
CHEMBL1944698,Zotiraciclib,2.0
CHEMBL195515,Gw7604,
CHEMBL2105676,Tecarfarin Sodium,2.0
CHEMBL2107572,Tecalcet Hydrochloride,2.0
CHEMBL2107829,Emixustat Hydrochloride,2.0
CHEMBL2110829,Detomidine,2.0
CHEMBL212218,Chembl212218,
CHEMBL220320,Chembl220320,
CHEMBL231068,Flibanserin,4.0
CHEMBL247767,Chymostatin,
CHEMBL253608,Chembl253608,
CHEMBL295971,Chembl295971,
CHEMBL3121539,Radalbuvir,2.0
CHEMBL3137315,Deleobuvir Sodium,2.0
CHEMBL325372,Methylparaben,-1.0
CHEMBL3302769,Chembl3302769,
CHEMBL3544949,Ctce-9908,2.0
CHEMBL360376,Chembl360376,
CHEMBL3609092,Chembl3609092,
CHEMBL3622999,Chembl3622999,
CHEMBL3668014,Linzagolix,4.0
CHEMBL3989480,Magnesium Citrate,4.0
CHEMBL4086149,Chembl4086149,
CHEMBL4161600,Chembl4161600,
CHEMBL4209416,Chembl4209416,
CHEMBL4215703,Chembl4215703,
CHEMBL4280675,Chembl4280675,
CHEMBL429577,Chembl429577,
CHEMBL4297467,Padnarsertib,2.0
CHEMBL43184,Aminacrine,2.0
CHEMBL436968,Chembl436968,
CHEMBL4745523,Dt-2216,1.0
CHEMBL475814,Chembl475814,
CHEMBL492514,Chembl492514,
CHEMBL492661,Chembl492661,
CHEMBL493,Bromocriptine,4.0
CHEMBL518826,Chembl518826,
CHEMBL520187,Chembl520187,
CHEMBL521734,Chembl521734,
CHEMBL5314430,Tinengotinib,2.0
CHEMBL5314575,Fipravirimat Mesylate,1.0
CHEMBL549344,Cpg-52852,2.0
CHEMBL549385,Chembl549385,
CHEMBL58343,Agmatine,
CHEMBL594793,Chembl594793,
CHEMBL608,Probucol,4.0
CHEMBL75133,Irx-4204,2.0
CHEMBL91829,Ruboxistaurin,3.0
CHEMBL99,Trichostatin,1.0
CHEMBL1097615,Netivudine,3.0
CHEMBL1200555,Iotrolan,4.0
CHEMBL1200625,Strontium Chloride Sr 89,4.0
CHEMBL1200794,Oxymorphone Hydrochloride,4.0
CHEMBL1200933,Hexafluorenium Bromide,4.0
CHEMBL1200974,Carbinoxamine Maleate,4.0
CHEMBL1201047,Anileridine Hydrochloride,4.0
CHEMBL1201785,Hexaminolevulinate Hydrochloride,4.0
CHEMBL120563,Thiram,2.0
CHEMBL1235122,Chembl1235122,
CHEMBL14,Carbachol,4.0
CHEMBL1421,Dasatinib,4.0
CHEMBL1503,Omeprazole,4.0
CHEMBL1515611,Bromisovalum,2.0
CHEMBL15571,"1,2,4-Triazole",
CHEMBL1592,Quinapril,4.0
CHEMBL1625750,Tosylchloramide,2.0
CHEMBL1699,Memantine Hydrochloride,4.0
CHEMBL1834660,Chembl1834660,
CHEMBL184360,Chembl184360,
CHEMBL190441,Chembl190441,
CHEMBL19215,Metergoline,4.0
CHEMBL1949685,Chembl1949685,
CHEMBL2018217,Chembl2018217,
CHEMBL2021422,Fospropofol Disodium,4.0
CHEMBL2104482,Tucaresol,2.0
CHEMBL2104992,Vestipitant Mesylate,2.0
CHEMBL2105199,Ocinaplon,2.0
CHEMBL2106274,Desomorphine,2.0
CHEMBL2110962,Mefenorex,2.0
CHEMBL2147475,Bms-830216,1.0
CHEMBL22077,Hycanthone,2.0
CHEMBL223256,Nymphaeol A,
CHEMBL224060,Vorozole,2.0
CHEMBL225072,Pemetrexed,4.0
CHEMBL228224,Chembl228224,
CHEMBL2316958,Chembl2316958,
CHEMBL2336017,Chembl2336017,
CHEMBL2408045,Sapitinib,2.0
CHEMBL246206,Chembl246206,
CHEMBL279865,Chembl279865,
CHEMBL313833,Tranylcypromine,
CHEMBL3184986,Zinc Acetate,4.0
CHEMBL3260358,Chembl3260358,
CHEMBL360716,Chembl360716,
CHEMBL3707214,Morpholine Salicylate,-1.0
CHEMBL3707224,Sofpironium,3.0
CHEMBL3707347,Verinurad,2.0
CHEMBL3780740,Lobeglitazone Sulfate,3.0
CHEMBL3786896,Azd-8165,1.0
CHEMBL387377,Chembl387377,
CHEMBL3989451,Acetorphine,2.0
CHEMBL404150,Chembl404150,
CHEMBL4078477,Chembl4078477,
CHEMBL4088896,Ly2623091,2.0
CHEMBL4171490,Chembl4171490,
CHEMBL42055,E-Flupentixol,2.0
CHEMBL4283439,Chembl4283439,
CHEMBL454801,Ubidecarenone,3.0
CHEMBL458547,Chembl458547,
CHEMBL470718,Chembl470718,
CHEMBL4796560,Kio-301,1.0
CHEMBL48046,Chembl48046,
CHEMBL483166,Chembl483166,
CHEMBL4850857,Chembl4850857,
CHEMBL487465,Deferitazole,2.0
CHEMBL493636,Sulfanitran,2.0
CHEMBL494708,Bph-798,
CHEMBL505961,Chembl505961,
CHEMBL5072532,Chembl5072532,
CHEMBL5077961,Milrebrutinib,2.0
CHEMBL5092273,Chembl5092273,
CHEMBL5095223,Azd-9574,1.0
CHEMBL5314581,Bocodepsin,2.0
CHEMBL603498,Chembl603498,
CHEMBL606258,Oleandomycin,2.0
CHEMBL74,Cromolyn Sodium,4.0
CHEMBL843,Rosiglitazone Maleate,4.0
CHEMBL8597,Ascomycin,
CHEMBL99668,Toyocamycin,
CHEMBL1094041,Chembl1094041,
CHEMBL112834,Chembl112834,
CHEMBL114464,Chembl114464,
CHEMBL1185,Zolmitriptan,4.0
CHEMBL1200384,Betamethasone Dipropionate,4.0
CHEMBL1200667,Enclomiphene Citrate,3.0
CHEMBL1201196,Sertaconazole,4.0
CHEMBL1201273,Protokylol,4.0
CHEMBL1201274,Levobetaxolol,4.0
CHEMBL1201303,Pyrvinium,4.0
CHEMBL1201731,Nebivolol Hydrochloride,4.0
CHEMBL1209676,Chembl1209676,
CHEMBL1231847,Chembl1231847,
CHEMBL1234570,Chembl1234570,
CHEMBL1236184,Chembl1236184,
CHEMBL1524273,Phthalylsulfathiazole,4.0
CHEMBL1537,Azlocillin,4.0
CHEMBL1697825,Butalamine,2.0
CHEMBL1732,Dihydroergotamine,4.0
CHEMBL175970,Chembl175970,
CHEMBL1771,Clopidogrel,4.0
CHEMBL177820,Tetrabromobenzotriazole,
CHEMBL1793892,Chembl1793892,
CHEMBL189959,Oleoyl,2.0
CHEMBL190467,Chembl190467,
CHEMBL1950553,Sonedenoson,2.0
CHEMBL206834,Bafetinib,2.0
CHEMBL210084,Chembl210084,
CHEMBL2104585,Ecabet,3.0
CHEMBL2104985,Talotrexin Ammonium,1.0
CHEMBL214796,Ngd-8243,2.0
CHEMBL21932,P-Anisic Acid,
CHEMBL220087,"2,4,6-Tribromophenol",
CHEMBL2325741,Capivasertib,4.0
CHEMBL2364835,Chembl2364835,
CHEMBL253825,Chembl253825,
CHEMBL300461,Chembl300461,
CHEMBL3134375,Chembl3134375,
CHEMBL317094,Imidapril,4.0
CHEMBL3185781,Chembl3185781,
CHEMBL3289038,Chembl3289038,
CHEMBL3309995,Chembl3309995,
CHEMBL3329674,Chembl3329674,
CHEMBL338076,Chembl338076,
CHEMBL360861,Nifekalant,3.0
CHEMBL361812,Ramatroban,4.0
CHEMBL3697701,A-079,
CHEMBL3707243,Glycopyrronium Tosylate,4.0
CHEMBL374936,Chembl374936,
CHEMBL3752911,Chembl3752911,
CHEMBL3833368,Rucaparib Camsylate,4.0
CHEMBL397022,Chembl397022,
CHEMBL4067483,Chembl4067483,
CHEMBL4078261,Chembl4078261,
CHEMBL4098878,Chembl4098878,
CHEMBL417007,Lbq-657,-1.0
CHEMBL4297598,Linrodostat,3.0
CHEMBL43280,Methylamine,
CHEMBL439009,Chembl439009,
CHEMBL440554,Chembl440554,
CHEMBL442437,Chembl442437,
CHEMBL4564126,Tp-008,
CHEMBL4594270,Venglustat Malate,2.0
CHEMBL4594431,Mti-31,1.0
CHEMBL461194,Chembl461194,
CHEMBL469448,D-Mannose,2.0
CHEMBL479079,Gw612286X,
CHEMBL4802155,Vafidemstat,2.0
CHEMBL4851806,Chembl4851806,
CHEMBL486422,Daidzin,
CHEMBL498486,"3,7-Bis(2-Hydroxyethyl)Icaritin",
CHEMBL49943,Fenpiprane,2.0
CHEMBL5078078,Chembl5078078,
CHEMBL5095417,Ebaresdax,2.0
CHEMBL511942,Chembl511942,
CHEMBL517140,Gsk189254,2.0
CHEMBL5314569,Sabizabulin Hydrochloride,1.0
CHEMBL5314570,Catequentinib Hydrochloride,1.0
CHEMBL54922,Proline,2.0
CHEMBL551442,Chembl551442,
CHEMBL582912,Cefcapene,2.0
CHEMBL595118,Chembl595118,
CHEMBL63861,Chembl63861,
CHEMBL63893,Glutamine Hydroxamate,
CHEMBL656,Oxycodone,4.0
CHEMBL65717,Mepindolol,2.0
CHEMBL704,Mesalamine,4.0
CHEMBL1007,Gonadorelin,4.0
CHEMBL101719,Chembl101719,
CHEMBL1082738,Chembl1082738,
CHEMBL1091513,Mrk-560,
CHEMBL1115,Pyridostigmine,4.0
CHEMBL1200534,Moexipril Hydrochloride,4.0
CHEMBL1200668,Calcium Chloride,4.0
CHEMBL1201210,Propiomazine,4.0
CHEMBL1210766,Chembl1210766,
CHEMBL1237080,Granisetron Hydrochloride,4.0
CHEMBL1328505,Chembl1328505,
CHEMBL1355821,Temefos,2.0
CHEMBL147506,Chembl147506,
CHEMBL1495,Oxyphencyclimine,4.0
CHEMBL152067,Talinolol,2.0
CHEMBL1543,Glutathione,3.0
CHEMBL1614637,Phenethicillin,4.0
CHEMBL1740,Racepinephrine,2.0
CHEMBL180971,Peptide T,2.0
CHEMBL187718,Chembl187718,
CHEMBL198408,Chembl198408,
CHEMBL20210,Rupintrivir,2.0
CHEMBL2063446,Chembl2063446,
CHEMBL2103811,Folitixorin Calcium,3.0
CHEMBL2103829,Faxeladol,2.0
CHEMBL2104306,Ditazole,2.0
CHEMBL2105567,Cefalonium,2.0
CHEMBL2107802,Rimeporide,2.0
CHEMBL2178720,N-Hydroxycytidine,-1.0
CHEMBL2220384,Tilidine,2.0
CHEMBL2364638,Ubrogepant,4.0
CHEMBL2391568,Chembl2391568,
CHEMBL242237,Chembl242237,
CHEMBL259352,Chembl259352,
CHEMBL272427,Taurursodiol,4.0
CHEMBL280164,Apafant,2.0
CHEMBL28472,Chembl28472,
CHEMBL285063,Pd-168393,
CHEMBL3087502,Chembl3087502,
CHEMBL3137321,Benzhydrocodone,4.0
CHEMBL3264610,Seviteronel,2.0
CHEMBL3342494,Chembl3342494,
CHEMBL3357449,Chembl3357449,
CHEMBL3392104,"Ammonium Trichloro(Dioxoethylene-O,O'-)Tellurate",1.0
CHEMBL3545211,Sr16234,2.0
CHEMBL3590405,Chembl3590405,
CHEMBL3606021,Chembl3606021,
CHEMBL3707288,Lithium Succinate,-1.0
CHEMBL3787482,Chembl3787482,
CHEMBL380425,Chembl380425,
CHEMBL384467,Dexamethasone,4.0
CHEMBL3914857,Jnj-55308942,2.0
CHEMBL407215,Chembl407215,
CHEMBL4090647,Chembl4090647,
CHEMBL410807,Sanglifehrin A,
CHEMBL411630,Chembl411630,
CHEMBL4168197,Chembl4168197,
CHEMBL4297357,D-Fluoromethyltyrosine F-18,1.0
CHEMBL4297383,Gsk-1521498,2.0
CHEMBL433769,Chembl433769,
CHEMBL452355,Chembl452355,
CHEMBL45305,Befiradol,2.0
CHEMBL4594444,Pecavaptan,2.0
CHEMBL4651083,Anaprazole,3.0
CHEMBL486770,Chembl486770,
CHEMBL488025,Exisulind,3.0
CHEMBL49,Buspirone,4.0
CHEMBL498270,Chembl498270,
CHEMBL510539,Chembl510539,
CHEMBL5314923,Mizagliflozin,2.0
CHEMBL5314956,F-17464,2.0
CHEMBL536151,Imd-0354,1.0
CHEMBL55,Pentamidine,4.0
CHEMBL570635,Chembl570635,
CHEMBL570812,Chembl570812,
CHEMBL573077,Chembl573077,
CHEMBL1083659,Suvorexant,4.0
CHEMBL1088746,Chembl1088746,
CHEMBL1095299,Cinazepam,
CHEMBL111575,Chembl111575,
CHEMBL1200685,Xenon Xe 133,4.0
CHEMBL1201231,Prednisolone Phosphoric Acid,4.0
CHEMBL1201747,Alcaftadine,4.0
CHEMBL1218,Ramelteon,4.0
CHEMBL1233960,Chembl1233960,
CHEMBL1235237,Chembl1235237,
CHEMBL1258452,Chembl1258452,
CHEMBL127617,Chembl127617,
CHEMBL1333440,Chembl1333440,
CHEMBL1360,Atracurium,4.0
CHEMBL139393,Chembl139393,
CHEMBL1452696,Feprazone,4.0
CHEMBL157105,Chembl157105,
CHEMBL1614725,Tak-285,1.0
CHEMBL1754,Doxapram,4.0
CHEMBL17879,Maralixibat Chloride,4.0
CHEMBL184202,Chembl184202,
CHEMBL1957021,Chembl1957021,
CHEMBL1957463,Chembl1957463,
CHEMBL203631,Chembl203631,
CHEMBL2105424,Romifidine,2.0
CHEMBL2105750,Sovaprevir,2.0
CHEMBL2107455,Iguratimod,3.0
CHEMBL2135460,Terlipressin,4.0
CHEMBL214226,Chembl214226,
CHEMBL2178276,Chembl2178276,
CHEMBL2324690,Chembl2324690,
CHEMBL2387144,J147,1.0
CHEMBL2397142,Chembl2397142,
CHEMBL251935,Ocimarin,
CHEMBL272621,Hyodeoxycholic_Acid,1.0
CHEMBL3092485,Chembl3092485,
CHEMBL3104250,Chembl3104250,
CHEMBL330998,Chembl330998,
CHEMBL3545313,Bempedoic Acid,4.0
CHEMBL3647420,Pyrotinib,3.0
CHEMBL3681419,Basmisanil,2.0
CHEMBL374975,Fusidic Acid,4.0
CHEMBL3827056,Chembl3827056,
CHEMBL3828408,Chembl3828408,
CHEMBL383570,Chembl383570,
CHEMBL384759,Chembl384759,
CHEMBL386049,4-(2-Mercaptophenylcarboxamido)Benzenesulfonamide,
CHEMBL4089517,Chembl4089517,
CHEMBL412531,Thymosin,3.0
CHEMBL4175577,Chembl4175577,
CHEMBL4278436,Chembl4278436,
CHEMBL4297215,Baloxavir,2.0
CHEMBL437,Sulfathiazole,4.0
CHEMBL4594382,Deuruxolitinib Phosphate,1.0
CHEMBL4802147,Ch-1504 L-Isomer,2.0
CHEMBL512341,Chembl512341,
CHEMBL5314396,Ur-63325,2.0
CHEMBL5314518,Glecirasib,2.0
CHEMBL5314965,Navamepent,2.0
CHEMBL540445,Parthenolide,2.0
CHEMBL589142,Chembl589142,
CHEMBL7002,Ciglitazone,2.0
CHEMBL79512,4-Phenyl-Butylamine,
CHEMBL813,Eprosartan,4.0
CHEMBL865,Valdecoxib,4.0
CHEMBL904,Dexmethylphenidate Hydrochloride,4.0
CHEMBL90593,Prasterone,4.0
CHEMBL103667,Doramapimod,2.0
CHEMBL1089344,Chembl1089344,
CHEMBL1194345,Chembl1194345,
CHEMBL1200991,Carbenicillin Indanyl Sodium,4.0
CHEMBL1201011,Quinapril Hydrochloride,4.0
CHEMBL1201130,Betaine Hydrochloride,4.0
CHEMBL1230051,Chembl1230051,
CHEMBL1231418,Dibromothymoquinone,
CHEMBL1233182,Gw-695634,1.0
CHEMBL1234355,Malonyl-Coenzyme A,
CHEMBL1237082,Mecamylamine Hydrochloride,4.0
CHEMBL1237297,Chembl1237297,
CHEMBL143305,Chembl143305,
CHEMBL1765740,Gsk2334470,
CHEMBL1793893,Chembl1793893,
CHEMBL1808982,Chembl1808982,
CHEMBL1951914,Azd5672,2.0
CHEMBL2021342,Chembl2021342,
CHEMBL205807,Chembl205807,
CHEMBL2063333,Chembl2063333,
CHEMBL2104344,Edetate Sodium,-1.0
CHEMBL2104744,Norgestomet,2.0
CHEMBL2105181,Ocrylate,2.0
CHEMBL215652,Chembl215652,
CHEMBL2158051,Xevinapant,3.0
CHEMBL2177835,Chembl2177835,
CHEMBL223026,Chembl223026,
CHEMBL2359240,Chembl2359240,
CHEMBL2374961,Chembl2374961,
CHEMBL23996,Chembl23996,
CHEMBL243940,Chembl243940,
CHEMBL25164,Chembl25164,
CHEMBL257695,Azidothymidine Monophosphate,
CHEMBL286497,Chembl286497,
CHEMBL301267,Artemotil,4.0
CHEMBL3093077,Chembl3093077,
CHEMBL3188202,Chembl3188202,
CHEMBL3334624,Bi-44370,2.0
CHEMBL3335284,Chembl3335284,
CHEMBL337450,Tas-109,2.0
CHEMBL338667,Diperodon,2.0
CHEMBL340122,Chembl340122,
CHEMBL3545403,Bms-833923,2.0
CHEMBL354676,Diphenylurea,
CHEMBL370100,Rebeccamycin,
CHEMBL37161,Fenbendazole,2.0
CHEMBL377559,Retaspimycin Hydrochloride,3.0
CHEMBL3945401,Chembl3945401,
CHEMBL3989686,Iferanserin,3.0
CHEMBL4067929,Chembl4067929,
CHEMBL410071,Chembl410071,
CHEMBL4159742,Chembl4159742,
CHEMBL4238696,Chembl4238696,
CHEMBL4297473,Np-G2-044,1.0
CHEMBL4297588,Odevixibat,4.0
CHEMBL4299960,Tetrachlorodecaoxide,2.0
CHEMBL430497,Tebanicline,2.0
CHEMBL432219,Chembl432219,
CHEMBL436462,Chembl436462,
CHEMBL4449512,Chembl4449512,
CHEMBL474637,Chembl474637,
CHEMBL485980,Bucladesine,
CHEMBL487182,Tetrahydropalmatine,2.0
CHEMBL493982,Vorapaxar,4.0
CHEMBL502630,Nerinetide,3.0
CHEMBL5095257,Bexotegrast,2.0
CHEMBL516,Cyproheptadine,4.0
CHEMBL5192659,Mrtx-0902,1.0
CHEMBL5314384,R-348,2.0
CHEMBL564876,St-2741,
CHEMBL573306,Chembl573306,
CHEMBL575448,Bms-754807,2.0
CHEMBL589092,Fentiazac,2.0
CHEMBL596802,Pridopidine,3.0
CHEMBL621,Trazodone,4.0
CHEMBL77996,Chembl77996,
CHEMBL923,Risedronic Acid,4.0
CHEMBL101740,Cidoxepin,-1.0
CHEMBL1076864,Chembl1076864,
CHEMBL1121,Sincalide,4.0
CHEMBL1200862,Metyrosine,4.0
CHEMBL1205948,Chembl1205948,
CHEMBL1230541,Chembl1230541,
CHEMBL1232343,Chembl1232343,
CHEMBL1235228,Phosphoenolpyruvate,
CHEMBL1235900,O-Benzyl-L-Serine,
CHEMBL1354199,Methscopolamine Bromide,4.0
CHEMBL1396,Varenicline,
CHEMBL153984,Befunolol,2.0
CHEMBL1739,Metocurine Iodide,4.0
CHEMBL175691,Rilpivirine,4.0
CHEMBL1773683,Ezutromid,2.0
CHEMBL1788400,Clefamide,2.0
CHEMBL180948,Chembl180948,
CHEMBL1908376,Seocalcitol,3.0
CHEMBL19299,Loxoprofen,4.0
CHEMBL2018096,Ipragliflozin,4.0
CHEMBL2105338,Pentifylline,2.0
CHEMBL212907,Chembl212907,
CHEMBL2133525,Chembl2133525,
CHEMBL2178570,Azd4818,2.0
CHEMBL2218896,Nabilone,4.0
CHEMBL2364632,Sarecycline,4.0
CHEMBL2369994,Tigapotide Triflutate,1.0
CHEMBL2381188,Chembl2381188,
CHEMBL241485,Chembl241485,
CHEMBL2440185,Chembl2440185,
CHEMBL253363,Pregnenolone,1.0
CHEMBL257543,Chembl257543,
CHEMBL267179,N-Formylmethionyl-Leucylphenylalanine,
CHEMBL282199,Sb-269970,
CHEMBL284121,Ilx23-7553,1.0
CHEMBL3236635,Chembl3236635,
CHEMBL3264932,Chembl3264932,
CHEMBL328875,Aminomethylbenzoic Acid,-1.0
CHEMBL3422100,Chembl3422100,
CHEMBL349605,E968,
CHEMBL3580926,Chembl3580926,
CHEMBL3589662,Chembl3589662,
CHEMBL368427,Chembl368427,
CHEMBL3707260,Sodium Folinate,3.0
CHEMBL383990,Chembl383990,
CHEMBL3936761,Zanubrutinib,4.0
CHEMBL3989402,Peramivir,4.0
CHEMBL3989945,Rezafungin,4.0
CHEMBL409,Bicalutamide,4.0
CHEMBL4165365,Chembl4165365,
CHEMBL4211395,Chembl4211395,
CHEMBL445420,Chembl445420,
CHEMBL452329,Trestolone Acetate,2.0
CHEMBL4571518,Ibezapolstat,2.0
CHEMBL4636881,Gsk046,
CHEMBL473271,Chembl473271,
CHEMBL473427,Chembl473427,
CHEMBL476833,Am-281,
CHEMBL477487,Deoxyguanosine 5'-Monophosphate,
CHEMBL479842,Chembl479842,
CHEMBL480,Lansoprazole,4.0
CHEMBL490867,Chembl490867,
CHEMBL492572,Chembl492572,
CHEMBL494685,Chembl494685,
CHEMBL5095077,Pirmitegravir,2.0
CHEMBL521643,Chembl521643,
CHEMBL595011,Chembl595011,
CHEMBL639,Azelastine,4.0
CHEMBL67776,Paquinimod,2.0
CHEMBL717,Medroxyprogesterone Acetate,4.0
CHEMBL73962,Benzolamide,
CHEMBL983,Succinylcholine Chloride,4.0
CHEMBL1093351,Chembl1093351,
CHEMBL1162495,Glutarate,
CHEMBL1197,Hexylcaine,4.0
CHEMBL1200375,Edetate Calcium Disodium Anhydrous,4.0
CHEMBL1200530,Cefoxitin Sodium,4.0
CHEMBL1200614,Ioversol,4.0
CHEMBL1200641,Cisatracurium Besylate,4.0
CHEMBL1201334,Triptorelin,4.0
CHEMBL1224151,Chembl1224151,
CHEMBL1234696,Chembl1234696,
CHEMBL1235106,Chembl1235106,
CHEMBL1235702,Chembl1235702,
CHEMBL1237054,Plicamycin,4.0
CHEMBL1272289,Chembl1272289,
CHEMBL130,Chloramphenicol,4.0
CHEMBL134713,Gts-21,2.0
CHEMBL1388,Monobenzone,4.0
CHEMBL1512580,Xaliproden,3.0
CHEMBL1570266,Butonate,2.0
CHEMBL15722,3-Methylpyridine,
CHEMBL1614658,Carumonam,2.0
CHEMBL1617398,Flunixin,2.0
CHEMBL196526,Chembl196526,
CHEMBL2088092,Chembl2088092,
CHEMBL2110703,Tiletamine,-1.0
CHEMBL2141712,Palomid-529,1.0
CHEMBL2178804,Chembl2178804,
CHEMBL2360464,Pemetrexed Disodium,4.0
CHEMBL2397145,Chembl2397145,
CHEMBL2407744,Chembl2407744,
CHEMBL2425958,Chembl2425958,
CHEMBL289422,Chembl289422,
CHEMBL299613,2-Methoxyestradiol,2.0
CHEMBL303296,Chembl303296,
CHEMBL3093934,Chembl3093934,
CHEMBL3287574,Chembl3287574,
CHEMBL334470,Chembl334470,
CHEMBL3353357,Chembl3353357,
CHEMBL3544975,Relenopride,2.0
CHEMBL3545027,Xl-281,2.0
CHEMBL3545274,Mk-6913,2.0
CHEMBL3545360,Asp-3026,1.0
CHEMBL357488,Chembl357488,
CHEMBL3613709,Chembl3613709,
CHEMBL3707289,Dihydroergocryptine Mesylate,-1.0
CHEMBL3707302,Magnesium Levulinate,-1.0
CHEMBL3707392,Eleclazine,3.0
CHEMBL371688,Chembl371688,
CHEMBL375270,Gw9662,
CHEMBL375951,Uridine Diphosphate Glucose,
CHEMBL3827296,Chembl3827296,
CHEMBL387079,Chembl387079,
CHEMBL3989843,Tranylcypromine,4.0
CHEMBL3989870,Berzosertib,2.0
CHEMBL3989885,Trimeprazine Tartrate,4.0
CHEMBL405040,Chembl405040,
CHEMBL407874,6-O-Benzylguanine,3.0
CHEMBL4079697,Chembl4079697,
CHEMBL424278,O-Chloroacetylcarbamoylfumagillol,2.0
CHEMBL4297315,Pci-27483,2.0
CHEMBL4297418,Abacavir Hydroxyacetate,2.0
CHEMBL4297442,Olitigaltin,2.0
CHEMBL4297447,Trv-120027,2.0
CHEMBL4297499,Tmc-649128,1.0
CHEMBL4297522,Pemigatinib,4.0
CHEMBL4298167,Filgotinib Maleate,4.0
CHEMBL4446357,Ebvaciclib,2.0
CHEMBL449325,Chembl449325,
CHEMBL4594379,Foslevodopa,3.0
CHEMBL459877,Chembl459877,
CHEMBL4650231,Simufilam Hydrochloride,1.0
CHEMBL485253,Methysergide,4.0
CHEMBL501613,Meparfynol,4.0
CHEMBL502097,Mipomersen Sodium,4.0
CHEMBL509336,Ractopamine,-1.0
CHEMBL514315,Nifuratel,2.0
CHEMBL5314567,Zetomipzomib Maleate,1.0
CHEMBL55960,Chembl55960,
CHEMBL565609,Chembl565609,
CHEMBL577711,Ly-2334737,1.0
CHEMBL602682,Chembl602682,
CHEMBL62807,Chembl62807,
CHEMBL6448,Chembl6448,
CHEMBL69998,Firocoxib,2.0
CHEMBL790,Chlorhexidine,4.0
CHEMBL93645,Aceclofenac,4.0
CHEMBL938,Saralasin,4.0
CHEMBL1134,Decamethonium Bromide,4.0
CHEMBL115,Indinavir,4.0
CHEMBL1200722,Pipecuronium Bromide,4.0
CHEMBL1201338,Cyclopentolate,4.0
CHEMBL1206,Ethopropazine,4.0
CHEMBL1221660,Chembl1221660,
CHEMBL1230023,Chembl1230023,
CHEMBL1236782,Chembl1236782,
CHEMBL124482,Chembl124482,
CHEMBL12713,Sertindole,4.0
CHEMBL1301,Hydroxystilbamidine,4.0
CHEMBL133463,Phosphomethylphosphonic Acid Adenylate Ester,
CHEMBL1449379,Chembl1449379,
CHEMBL1453317,Diethyltoluamide,4.0
CHEMBL146,Butylated Hydroxytoluene,2.0
CHEMBL1524542,Chembl1524542,
CHEMBL1630575,Caspofungin,4.0
CHEMBL1680,Octreotide,4.0
CHEMBL1697742,Dextran,3.0
CHEMBL177367,Silver Nitrate,4.0
CHEMBL1819273,Chembl1819273,
CHEMBL1997373,Cositecan,2.0
CHEMBL2062577,Chembl2062577,
CHEMBL2107817,Avibactam Sodium,4.0
CHEMBL2110557,Rubidium Chloride,4.0
CHEMBL2220313,Chembl2220313,
CHEMBL2336050,Xanomeline Tartrate,1.0
CHEMBL2337877,Chembl2337877,
CHEMBL2364605,Cebranopadol,3.0
CHEMBL250450,Isoquercetin,2.0
CHEMBL255244,Chembl255244,
CHEMBL26,Sulpiride,4.0
CHEMBL280487,Okadaic Acid,
CHEMBL283639,Disoxaril,2.0
CHEMBL284483,Coformycin,2.0
CHEMBL325424,Aleplasinin,2.0
CHEMBL3309310,Chembl3309310,
CHEMBL3392138,Chembl3392138,
CHEMBL3408248,Azd-8186,1.0
CHEMBL3410450,Presatovir,2.0
CHEMBL3545017,Gtx-758,2.0
CHEMBL3638051,Sulcardine,2.0
CHEMBL364748,Chembl364748,
CHEMBL3707311,Vamorolone,4.0
CHEMBL3989514,Irinotecan Hydrochloride,4.0
CHEMBL4104658,Chembl4104658,
CHEMBL4292264,Milademetan,
CHEMBL4297204,Ornithine Phenylacetate,2.0
CHEMBL4297621,Evocalcet,3.0
CHEMBL4297644,Simurosertib,2.0
CHEMBL439849,Vilazodone,4.0
CHEMBL443114,Solamargine,
CHEMBL4650283,Ff-10101,1.0
CHEMBL490,Paroxetine,4.0
CHEMBL497563,Chembl497563,
CHEMBL508461,Chembl508461,
CHEMBL5095060,Eciruciclib,2.0
CHEMBL5095075,Onradivir,2.0
CHEMBL513061,Chembl513061,
CHEMBL532,Erythromycin,4.0
CHEMBL539640,Chembl539640,
CHEMBL539906,Chembl539906,
CHEMBL540989,Chembl540989,
CHEMBL594173,Chembl594173,
CHEMBL595288,Chembl595288,
CHEMBL607710,Chlorphenesin Carbamate,4.0
CHEMBL786,Tamoxifen Citrate,4.0
CHEMBL80,Naloxone,4.0
CHEMBL85799,Etiocholanolone,
CHEMBL1198500,Chembl1198500,
CHEMBL1200495,Hydrocortisone Sodium Succinate,4.0
CHEMBL1200906,Oxyphenonium Bromide,4.0
CHEMBL1200929,Zinc Sulfate,4.0
CHEMBL1201219,Vecuronium,4.0
CHEMBL1201313,Chlophedianol,4.0
CHEMBL1201342,Methixene,4.0
CHEMBL1232147,Chembl1232147,
CHEMBL1234032,Chembl1234032,
CHEMBL1237317,Chembl1237317,
CHEMBL1255871,Astaxanthin,3.0
CHEMBL13045,Chelerythrine,
CHEMBL1408862,Bronopol,2.0
CHEMBL141889,Chembl141889,
CHEMBL1430,Penicillamine,4.0
CHEMBL1491,Amlodipine,4.0
CHEMBL1609,Mandelic Acid,4.0
CHEMBL16192,Cp-96345,
CHEMBL1624767,"2,3-Dimercapto-1-Propanesulfonic Acid",1.0
CHEMBL166444,Metribolone,2.0
CHEMBL1742408,Osemozotan,3.0
CHEMBL181,Diazoxide,4.0
CHEMBL184023,Desmethyl Myxopyronin B,
CHEMBL1928262,Gisadenafil,2.0
CHEMBL1951444,Chembl1951444,
CHEMBL1980297,Ilorasertib,2.0
CHEMBL200290,Chembl200290,
CHEMBL2041378,Chembl2041378,
CHEMBL2095212,Mirabegron,4.0
CHEMBL2104251,Enbucrilate,4.0
CHEMBL2104991,Vabicaserin Hydrochloride,2.0
CHEMBL2105656,Telcagepant Potassium,3.0
CHEMBL2105977,Cimetropium Bromide,3.0
CHEMBL2106357,Florantyrone,2.0
CHEMBL2145077,Ivabradine Hydrochloride,4.0
CHEMBL2146086,Crenolanib Besylate,2.0
CHEMBL2177161,Chembl2177161,
CHEMBL2177631,Chembl2177631,
CHEMBL2218894,Fluvastatin Sodium,4.0
CHEMBL2272031,Pentamycin,-1.0
CHEMBL2387408,Linerixibat,3.0
CHEMBL253629,Chembl253629,
CHEMBL257341,Chembl257341,
CHEMBL271310,Chembl271310,
CHEMBL29404,Enecadin,2.0
CHEMBL3181870,Pyridoxal Phosphate,3.0
CHEMBL3181947,Bromfenac Sodium,4.0
CHEMBL3183703,Chembl3183703,
CHEMBL320049,Chembl320049,
CHEMBL3422077,Chembl3422077,
CHEMBL3823620,Chembl3823620,
CHEMBL3833340,Aztreonam Lysine,4.0
CHEMBL384081,Chembl384081,
CHEMBL3884914,Chembl3884914,
CHEMBL3989943,Dapansutrile,2.0
CHEMBL3989962,Pemetrexed Tromethamine,4.0
CHEMBL4060134,Chembl4060134,
CHEMBL408,Troglitazone,4.0
CHEMBL4170056,Chembl4170056,
CHEMBL4172205,Chembl4172205,
CHEMBL4204482,Chembl4204482,
CHEMBL4206129,Ancremonam,1.0
CHEMBL4296718,Chembl4296718,
CHEMBL4297437,St-101,2.0
CHEMBL440294,Pipamperone,3.0
CHEMBL441687,Glycyrrhizin,2.0
CHEMBL4549667,Tp-030-2,
CHEMBL4594266,Deruxtecan,1.0
CHEMBL4650228,Inupadenant Hydrochloride,1.0
CHEMBL467773,Chembl467773,
CHEMBL470226,Chembl470226,
CHEMBL471988,Chembl471988,
CHEMBL49429,Lixivaptan,3.0
CHEMBL5095261,Dazdotuftide,3.0
CHEMBL5314454,Boditrectinib,2.0
CHEMBL5315124,Levofloxacin,4.0
CHEMBL5316170,Cep-2563,1.0
CHEMBL554230,Zolunicant Hydrochloride,1.0
CHEMBL601864,Chembl601864,
CHEMBL779,Tadalafil,4.0
CHEMBL78455,Chembl78455,
CHEMBL105060,Dnk333,2.0
CHEMBL1069,Valsartan,4.0
CHEMBL1078274,Chembl1078274,
CHEMBL108778,Isobutyric Acid,
CHEMBL1088,Mesoridazine,4.0
CHEMBL1092814,Chembl1092814,
CHEMBL109367,Chembl109367,
CHEMBL1159662,Ribose (Pyranose),2.0
CHEMBL1200610,Loracarbef,4.0
CHEMBL1200628,Vancomycin Hydrochloride,4.0
CHEMBL1200955,Mycophenolate Mofetil Hydrochloride,4.0
CHEMBL1201390,Fluocinolone,1.0
CHEMBL120708,Chembl120708,
CHEMBL1229677,Chembl1229677,
CHEMBL1231545,Chembl1231545,
CHEMBL1365675,Amitraz,2.0
CHEMBL1402684,Oxyphenisatin Acetate,4.0
CHEMBL144673,Hexetidine,4.0
CHEMBL1650131,Chembl1650131,
CHEMBL1672635,Rad-140,2.0
CHEMBL1689063,Avibactam,4.0
CHEMBL1697849,Pyrrobutamine,-1.0
CHEMBL188185,Bunazosin,3.0
CHEMBL1908370,Finafloxacin,4.0
CHEMBL196761,Chembl196761,
CHEMBL2095208,Cobicistat,4.0
CHEMBL2105665,Elacytarabine,3.0
CHEMBL213451,Chembl213451,
CHEMBL2138625,Av-412,
CHEMBL2365483,Chembl2365483,
CHEMBL2437461,Chembl2437461,
CHEMBL246207,Chembl246207,
CHEMBL254165,Chembl254165,
CHEMBL272252,Chembl272252,
CHEMBL28319,Questiomycin B,
CHEMBL312448,Xylometazoline,4.0
CHEMBL319497,Chembl319497,
CHEMBL324455,Chembl324455,
CHEMBL3251296,Tk-112690,2.0
CHEMBL3301615,Centanafadine Hydrochloride,3.0
CHEMBL3301674,Ifetroban Sodium,2.0
CHEMBL3408390,Chembl3408390,
CHEMBL3544978,Zoliflodacin,3.0
CHEMBL3586360,Chembl3586360,
CHEMBL368347,(+)-Secoisolariciresinol,2.0
CHEMBL3707215,Etanautine,-1.0
CHEMBL3774655,Chembl3774655,
CHEMBL398435,Ticagrelor,4.0
CHEMBL3990276,Talc,4.0
CHEMBL4063104,Chembl4063104,
CHEMBL4074833,Chembl4074833,
CHEMBL4093031,Bms-929075,1.0
CHEMBL410414,Dirlotapide,2.0
CHEMBL4162400,Chembl4162400,
CHEMBL4165059,Chembl4165059,
CHEMBL4209157,Lifirafenib,2.0
CHEMBL4297489,Zabadinostat,2.0
CHEMBL434063,Gw1929,
CHEMBL4545488,Chembl4545488,
CHEMBL4553210,Chembl4553210,
CHEMBL456237,Lxr-623,1.0
CHEMBL460831,Gamma-Glutamyl-Cysteine,
CHEMBL4748352,Lxe-408,2.0
CHEMBL476189,N6-(2-Isopentenyl)Adenine,
CHEMBL4780673,Chembl4780673,
CHEMBL491960,Cambinol,
CHEMBL495072,Chembl495072,
CHEMBL5087558,Chembl5087558,
CHEMBL5090828,Chembl5090828,
CHEMBL5283463,Kw-2450,2.0
CHEMBL5314530,Mosnodenvir,2.0
CHEMBL70352,Benactyzine,2.0
CHEMBL73151,Terguride,2.0
CHEMBL911,Zolpidem,4.0
CHEMBL928,Dantrolene Sodium,4.0
CHEMBL1091456,Chembl1091456,
CHEMBL1160523,Chembl1160523,
CHEMBL1175,Duloxetine,4.0
CHEMBL1200680,Selenium Sulfide,4.0
CHEMBL1200819,Articaine Hydrochloride,4.0
CHEMBL1200875,Flavoxate Hydrochloride,4.0
CHEMBL1201073,Succimer,4.0
CHEMBL1201099,Codeine Phosphate,4.0
CHEMBL1201132,Nalbuphine Hydrochloride,4.0
CHEMBL121954,Chembl121954,
CHEMBL1230144,Chembl1230144,
CHEMBL1233322,Chembl1233322,
CHEMBL1233940,L 756423,2.0
CHEMBL1350,Tiludronic Acid,4.0
CHEMBL1437,Norepinephrine,4.0
CHEMBL1521361,Chembl1521361,
CHEMBL1582,Dromostanolone,-1.0
CHEMBL160,Cyclosporine,4.0
CHEMBL165084,Chembl165084,
CHEMBL1675,Vitamin A Palmitate,4.0
CHEMBL175633,Pramiconazole,2.0
CHEMBL1765508,Spergualin,2.0
CHEMBL180022,Neratinib,4.0
CHEMBL1829174,Fasiglifam,3.0
CHEMBL1835919,Pf-04620110,1.0
CHEMBL2104840,Pentalyte,2.0
CHEMBL2105373,Pregnenolone Succinate,3.0
CHEMBL2106123,Calcium Citrate,4.0
CHEMBL2106633,Magnesium Stearate,1.0
CHEMBL2106972,Neltenexine,2.0
CHEMBL212481,Chembl212481,
CHEMBL215344,Chembl215344,
CHEMBL2219417,Ioforminol,2.0
CHEMBL224720,Sew-2871,
CHEMBL2325014,Pf-05089771,2.0
CHEMBL234952,Chembl234952,
CHEMBL236593,Telcagepant,3.0
CHEMBL236718,Chembl236718,
CHEMBL241256,Chembl241256,
CHEMBL291678,Chembl291678,
CHEMBL3185220,Chembl3185220,
CHEMBL3544985,Dasabuvir Sodium Monohydrate,4.0
CHEMBL3545396,Bms-690514,2.0
CHEMBL360998,Chembl360998,
CHEMBL365845,Chembl365845,
CHEMBL3661754,Denifanstat,2.0
CHEMBL3707409,Itacitinib Adipate,2.0
CHEMBL3707448,Calcium Hexamine Thiocyanate,-1.0
CHEMBL382277,Ex-527,2.0
CHEMBL3823543,Chembl3823543,
CHEMBL3827794,Chembl3827794,
CHEMBL3908979,Fgf401,2.0
CHEMBL406819,Imidacloprid,
CHEMBL4088216,Tp-030-1,
CHEMBL412272,Taurodeoxycholic Acid,2.0
CHEMBL4174540,Chembl4174540,
CHEMBL4175981,Olorinab,2.0
CHEMBL4282148,Chembl4282148,
CHEMBL428647,Paclitaxel,4.0
CHEMBL4297407,Altropane I-123,3.0
CHEMBL4297439,T-2000,2.0
CHEMBL4299850,Phencynonate,2.0
CHEMBL4300618,Chembl4300618,
CHEMBL4466284,Chembl4466284,
CHEMBL4525964,Vaniprevir,3.0
CHEMBL4594394,Magnesium Oxybate,4.0
CHEMBL4594437,Centhaquine,3.0
CHEMBL4802038,A-446,
CHEMBL488287,Chembl488287,
CHEMBL494753,Estrone Sulfuric Acid,4.0
CHEMBL495290,Chembl495290,
CHEMBL5087025,Taragarestrant,2.0
CHEMBL527881,Chembl527881,
CHEMBL5314500,Mindeudesivir,2.0
CHEMBL54893,Uc 781,1.0
CHEMBL560158,Chembl560158,
CHEMBL610,Phenethylamine,
CHEMBL634,Alfentanil,4.0
CHEMBL71723,Chembl71723,
CHEMBL80830,Bucillamine,3.0
CHEMBL927,Cefdinir,4.0
CHEMBL1096339,4-(2-Aminoethyl)Benzenesulfonyl Fluoride,
CHEMBL117348,Folitixorin,3.0
CHEMBL1200399,Buspirone Hydrochloride,4.0
CHEMBL1200515,Deserpidine,4.0
CHEMBL1200993,Gallamine Triethiodide,4.0
CHEMBL1201023,Orphenadrine Hydrochloride,4.0
CHEMBL1221699,Chembl1221699,
CHEMBL1234087,Chembl1234087,
CHEMBL1240,Propantheline Bromide,4.0
CHEMBL1289779,Etizolam,2.0
CHEMBL14376,Iloperidone,4.0
CHEMBL1460,Didanosine,4.0
CHEMBL1502738,Chembl1502738,
CHEMBL156127,Umbelliprenin,
CHEMBL159167,Chembl159167,
CHEMBL1645462,Ac-480,1.0
CHEMBL1697835,Fazadinium Bromide,2.0
CHEMBL174984,Chembl174984,
CHEMBL189464,"(S,R)-Fidarestat",
CHEMBL1957266,Chembl1957266,
CHEMBL1964250,Chembl1964250,
CHEMBL2048788,Chembl2048788,
CHEMBL2063336,Chembl2063336,
CHEMBL2103827,Droxidopa,4.0
CHEMBL2103838,Dilmapimod,2.0
CHEMBL2106316,Dotarizine,2.0
CHEMBL2107489,Sulfathiourea,2.0
CHEMBL2110767,Bencyclane,2.0
CHEMBL211614,Chembl211614,
CHEMBL2151439,Facinicline,2.0
CHEMBL216884,Chembl216884,
CHEMBL2311157,[11C]-Carfentanil,1.0
CHEMBL231779,Apixaban,4.0
CHEMBL236036,Phytosphingosine,
CHEMBL2402904,Felcisetrag,2.0
CHEMBL2419525,Chembl2419525,
CHEMBL251073,(R)-Warfarin,
CHEMBL252164,Luminespib,2.0
CHEMBL272898,Chembl272898,
CHEMBL273575,Nomifensine,4.0
CHEMBL288943,Leukotriene D4,-1.0
CHEMBL302715,Chembl302715,
CHEMBL305279,Chembl305279,
CHEMBL3188551,Gsk-2636771,2.0
CHEMBL32350,Pirlindole,2.0
CHEMBL3301650,Dalbavancin Hydrochloride,4.0
CHEMBL334226,Chembl334226,
CHEMBL3348923,Tovorafenib,3.0
CHEMBL3360534,Chembl3360534,
CHEMBL3544908,Azatadine Maleate,4.0
CHEMBL375485,Chembl375485,
CHEMBL380648,Ku-0058948,
CHEMBL3961701,Chembl3961701,
CHEMBL3989803,Dipyrone,4.0
CHEMBL402626,Chembl402626,
CHEMBL404508,Chembl404508,
CHEMBL404519,Bevirimat,2.0
CHEMBL406117,Gusperimus,3.0
CHEMBL4210682,Chembl4210682,
CHEMBL4297221,Hydromethylthionine Mesylate,3.0
CHEMBL4297300,Lb-100,2.0
CHEMBL4297516,Lurbinectedin,4.0
CHEMBL4483587,Chembl4483587,
CHEMBL4558324,Lazertinib,3.0
CHEMBL457547,Micafungin,4.0
CHEMBL4594405,Valemetostat Tosylate,2.0
CHEMBL459505,Talarozole,2.0
CHEMBL4648616,Mezigdomide,3.0
CHEMBL4650313,Zandatrigine,2.0
CHEMBL4650328,Avotaciclib,1.0
CHEMBL492513,Chembl492513,
CHEMBL500468,Ghrelin,3.0
CHEMBL509002,Chembl509002,
CHEMBL5095039,Gallium Ga 68 Gozetotide,4.0
CHEMBL5095102,Inixaciclib,2.0
CHEMBL5095168,Benapenem,2.0
CHEMBL525191,Gdc-0879,
CHEMBL5314649,Ritlecitinib Tosylate,4.0
CHEMBL5315059,Osaterone Acetate,-1.0
CHEMBL563646,Evatanepag,2.0
CHEMBL574738,Ast-487,1.0
CHEMBL585126,Chembl585126,
CHEMBL600368,Chembl600368,
CHEMBL803,Cytarabine,4.0
CHEMBL82767,Chembl82767,
CHEMBL978,Methacholine,4.0
CHEMBL99965,Chembl99965,
CHEMBL1091855,Chembl1091855,
CHEMBL111077,Myristic Acid,-1.0
CHEMBL1160559,Quinaldic Acid,
CHEMBL1183691,Neotetrazolium,1.0
CHEMBL1200891,Oxyphencyclimine Hydrochloride,4.0
CHEMBL1201174,Sitagliptin Phosphate,4.0
CHEMBL1201207,Betamethasone Phosphoric Acid,4.0
CHEMBL1201770,Methylnaltrexone Bromide,4.0
CHEMBL1230308,Chembl1230308,
CHEMBL1230671,9-Deazahypoxanthine,
CHEMBL1231012,Chembl1231012,
CHEMBL1233506,Sc-74020,
CHEMBL1234905,Chembl1234905,
CHEMBL1236215,Chembl1236215,
CHEMBL1271644,Chembl1271644,
CHEMBL13254,Org-24447,
CHEMBL1383,Dda-Triphosphate,-1.0
CHEMBL1447,Lincomycin,4.0
CHEMBL149502,Chembl149502,
CHEMBL155886,Ceramide,2.0
CHEMBL167691,Laromustine,3.0
CHEMBL18136,Chembl18136,
CHEMBL1957038,Idronoxil,2.0
CHEMBL2062264,Phenylephrine Bitartrate,4.0
CHEMBL2087461,Chembl2087461,
CHEMBL2103872,Ceftolozane,4.0
CHEMBL22242,Remoxipride,4.0
CHEMBL226495,Chembl226495,
CHEMBL233248,Allyl Isothiocyanate,1.0
CHEMBL2364621,Palbociclib Isethionate,2.0
CHEMBL2391572,Chembl2391572,
CHEMBL2419669,Chembl2419669,
CHEMBL2425962,Chembl2425962,
CHEMBL267473,Dazoxiben,-1.0
CHEMBL283754,Cinalukast,2.0
CHEMBL3093933,Chembl3093933,
CHEMBL3094404,Chembl3094404,
CHEMBL3114690,Chembl3114690,
CHEMBL3186774,Chembl3186774,
CHEMBL319139,Chembl319139,
CHEMBL339996,4-(Methylsulfonamido)Benzoic Acid,
CHEMBL3545065,Verosudil,2.0
CHEMBL3884813,Chembl3884813,
CHEMBL3989904,Cethromycin,3.0
CHEMBL3989971,Uproleselan,3.0
CHEMBL418995,Amineptine,4.0
CHEMBL4298143,Duocarmazine,1.0
CHEMBL4475199,Vamifeport Hydrochloride,1.0
CHEMBL451887,Carfilzomib,4.0
CHEMBL4537673,Bay-985,
CHEMBL4594446,Dotinurad,3.0
CHEMBL4650226,Acoramidis Hydrochloride,1.0
CHEMBL471400,Chembl471400,
CHEMBL482708,Chembl482708,
CHEMBL492797,Chembl492797,
CHEMBL5095025,Panulisib,2.0
CHEMBL51085,Ebselen,3.0
CHEMBL515271,R-112,2.0
CHEMBL515774,Chembl515774,
CHEMBL5314924,Mk-8189,2.0
CHEMBL56,8-Oh-Dpat,
CHEMBL574431,Sulfobromophthalein,-1.0
CHEMBL92277,Chembl92277,
CHEMBL1016,Candesartan,3.0
CHEMBL1084173,Vilanterol .Alpha.-Phenyl Cinnamate,2.0
CHEMBL1091700,Chembl1091700,
CHEMBL1200799,Travoprost,4.0
CHEMBL1201198,Pemirolast,4.0
CHEMBL1201729,Dronedarone Hydrochloride,4.0
CHEMBL122237,Chembl122237,
CHEMBL1229211,Dolutegravir,4.0
CHEMBL1230997,Allosamidin,
CHEMBL1234,Deferoxamine Mesylate,4.0
CHEMBL1235017,Orotic Acid,2.0
CHEMBL1237046,Rolitetracycline,2.0
CHEMBL1290003,Chembl1290003,
CHEMBL1293,Beta Carotene,4.0
CHEMBL1356,Sodium Benzoate,4.0
CHEMBL1550,Phytonadione,4.0
CHEMBL1576,Ethinamate,4.0
CHEMBL16225,Pyrrole,3.0
CHEMBL1628688,Zibotentan,3.0
CHEMBL1672627,Las101057,1.0
CHEMBL1690,Hydroxychloroquine Sulfate,4.0
CHEMBL185383,Chembl185383,
CHEMBL188762,Pd-174265,
CHEMBL1887891,Dexfenfluramine Hydrochloride,4.0
CHEMBL1907001,Benzododecinium,2.0
CHEMBL2057301,Sepranolone,2.0
CHEMBL2062163,Phendimetrazine Tartrate,4.0
CHEMBL2103876,Mapracorat,3.0
CHEMBL2103878,Odelepran,2.0
CHEMBL2104969,Giripladib,2.0
CHEMBL2105019,Lifibrol,3.0
CHEMBL2106217,Fenfluramine Hydrochloride,4.0
CHEMBL211456,Ephedrine,4.0
CHEMBL218227,S-1360,2.0
CHEMBL226630,Uk-383367,
CHEMBL227072,Chembl227072,
CHEMBL228792,Kinetin,
CHEMBL228814,Ispinesib,2.0
CHEMBL2364637,Tenofovir Alafenamide Fumarate,4.0
CHEMBL2403845,Chembl2403845,
CHEMBL252518,Artenimol,4.0
CHEMBL3084525,Chembl3084525,
CHEMBL327207,Chembl327207,
CHEMBL3357452,Chembl3357452,
CHEMBL348475,Tariquidar,3.0
CHEMBL3545196,Pd-0166285,1.0
CHEMBL360410,Chembl360410,
CHEMBL3609310,Chembl3609310,
CHEMBL3622373,Chembl3622373,
CHEMBL3707245,Omidenepag,2.0
CHEMBL3707384,Tidiacic Arginine,-1.0
CHEMBL3969876,Imarikiren Hydrochloride,2.0
CHEMBL4101890,Chembl4101890,
CHEMBL4170114,Chembl4170114,
CHEMBL4248225,Chembl4248225,
CHEMBL4282369,Chembl4282369,
CHEMBL4282642,Chembl4282642,
CHEMBL438945,Human Neuropeptide Y,1.0
CHEMBL439338,Abt-925,2.0
CHEMBL4802045,Bay-091,
CHEMBL51,Ketanserin,4.0
CHEMBL522387,Chembl522387,
CHEMBL64579,Chembl64579,
CHEMBL1070,Nabumetone,4.0
CHEMBL1098301,Chembl1098301,
CHEMBL1162144,Pyruvate,2.0
CHEMBL1200865,Loteprednol Etabonate,4.0
CHEMBL1200952,Methamphetamine Hydrochloride,4.0
CHEMBL1201116,Hetacillin,4.0
CHEMBL12279,Chembl12279,
CHEMBL1230122,R-1487,1.0
CHEMBL1233976,Chembl1233976,
CHEMBL1358,Fulvestrant,4.0
CHEMBL1624075,Cetalkonium,2.0
CHEMBL172296,Chembl172296,
CHEMBL1742455,Tarazepide,2.0
CHEMBL1770916,Nirogacestat,3.0
CHEMBL180966,Alx-5407,
CHEMBL1819260,Chembl1819260,
CHEMBL1879463,Dactolisib,3.0
CHEMBL1889436,Ouabain Octahydrate,4.0
CHEMBL1973733,Oftasceine,2.0
CHEMBL2062276,Levallorphan Tartrate,4.0
CHEMBL2105732,Levomilnacipran Hydrochloride,4.0
CHEMBL2115116,Beclomethasone 17-Monopropionate,-1.0
CHEMBL2146125,Magnesium,3.0
CHEMBL219695,4-(3-Cyclohexylureido)Butanoic Acid,
CHEMBL223448,Broxyquinoline,2.0
CHEMBL238465,Sofinicline,2.0
CHEMBL2392111,Chembl2392111,
CHEMBL2442758,Chembl2442758,
CHEMBL245019,Mizoribine,3.0
CHEMBL258132,Chembl258132,
CHEMBL281812,Sn-23862,
CHEMBL295124,Berberine,3.0
CHEMBL3039519,Samatasvir,2.0
CHEMBL3093945,Chembl3093945,
CHEMBL3109941,Chembl3109941,
CHEMBL3127163,Chembl3127163,
CHEMBL3127525,Chembl3127525,
CHEMBL316561,Proglumide,4.0
CHEMBL3182071,Chembl3182071,
CHEMBL3237712,Chembl3237712,
CHEMBL3301621,Centanafadine,3.0
CHEMBL331282,Chembl331282,
CHEMBL3416861,Chembl3416861,
CHEMBL346331,Normethadone,2.0
CHEMBL3647536,Darigabat,2.0
CHEMBL36591,Alaproclate,2.0
CHEMBL378160,Chembl378160,
CHEMBL3946483,Murepavadin,3.0
CHEMBL398478,Chembl398478,
CHEMBL3989944,Diroximel Fumarate,4.0
CHEMBL4069003,Chembl4069003,
CHEMBL4162576,Chembl4162576,
CHEMBL420311,Chembl420311,
CHEMBL4206119,Upamostat,2.0
CHEMBL4284604,Avibactam Tomilopil,2.0
CHEMBL4297261,Apto-253,1.0
CHEMBL4297417,Buntanetap,3.0
CHEMBL4297601,Rocacetrapib,2.0
CHEMBL429876,Cilengitide,3.0
CHEMBL454950,Tetracycline Hydrochloride,4.0
CHEMBL461622,Chembl461622,
CHEMBL4650284,Ko-947,1.0
CHEMBL469662,L-Homocysteine,
CHEMBL473659,Ginsenoside Rd,3.0
CHEMBL4802157,Elinzanetant,3.0
CHEMBL4858811,Trc-253,1.0
CHEMBL5095082,Ruzotolimod,2.0
CHEMBL555205,Chembl555205,
CHEMBL570366,Chembl570366,
CHEMBL71263,Vadimezan,3.0
CHEMBL77517,Indisulam,2.0
CHEMBL781,Mazindol,4.0
CHEMBL822,Terbinafine,4.0
CHEMBL86754,Iodoquinol,2.0
CHEMBL1098,Bupivacaine,4.0
CHEMBL1200393,Grepafloxacin Hydrochloride,4.0
CHEMBL1200544,Cephalexin,4.0
CHEMBL1200714,Chlormezanone,4.0
CHEMBL1200771,Tridihexethyl Chloride,4.0
CHEMBL1201182,Temsirolimus,4.0
CHEMBL1213250,Ceftolozane Sulfate,4.0
CHEMBL1231891,Coproporphyrinogen-Iii,
CHEMBL1241590,Florfenicol,2.0
CHEMBL1256472,Cytarabine Hydrochloride,3.0
CHEMBL1256819,Antazoline Hydrochloride,4.0
CHEMBL1357018,Chembl1357018,
CHEMBL1437847,Sulfaquinoxaline,2.0
CHEMBL1467,Allopurinol,4.0
CHEMBL1569487,Lornoxicam,4.0
CHEMBL1623,Meclizine,4.0
CHEMBL1670,Mitotane,4.0
CHEMBL1814633,Chembl1814633,
CHEMBL190729,Chembl190729,
CHEMBL1908364,Dexetimide,2.0
CHEMBL2103867,Plecanatide,4.0
CHEMBL2104461,Haloxazolam,2.0
CHEMBL2105634,Coleneuramide,2.0
CHEMBL2107027,Salcaprozate Sodium,1.0
CHEMBL2110651,Tiemonium,2.0
CHEMBL2111081,Alagebrium,2.0
CHEMBL213423,Chembl213423,
CHEMBL215322,Chembl215322,
CHEMBL2170582,R-343,2.0
CHEMBL238502,Heptanamide,
CHEMBL23977,Dideazafolate,
CHEMBL242469,Chembl242469,
CHEMBL250328,Chembl250328,
CHEMBL253896,Xanthohumol,2.0
CHEMBL255698,Chembl255698,
CHEMBL264669,Chembl264669,
CHEMBL266157,Chembl266157,
CHEMBL288010,Chembl288010,
CHEMBL298734,Lonafarnib,4.0
CHEMBL3182733,Pramipexole Dihydrochloride,4.0
CHEMBL324765,Chembl324765,
CHEMBL3304244,Ly-2940094,2.0
CHEMBL3394734,Chembl3394734,
CHEMBL3545376,Erdafitinib,4.0
CHEMBL3589166,Chembl3589166,
CHEMBL359164,Troxacitabine,2.0
CHEMBL3621988,Tucidinostat,3.0
CHEMBL3640116,Bi-1942,
CHEMBL3707331,Rolapitant,4.0
CHEMBL37853,Cloprostenol,
CHEMBL379652,"1,3-Propanediol",
CHEMBL3975308,Tp-3654,1.0
CHEMBL3989521,Isoproterenol Sulfate,4.0
CHEMBL413654,Gastrin,2.0
CHEMBL419,Mafenide,4.0
CHEMBL4297480,Sx-682,2.0
CHEMBL4298172,Soticlestat,3.0
CHEMBL4520134,Chembl4520134,
CHEMBL471901,Chembl471901,
CHEMBL4800252,Risovalisib,2.0
CHEMBL490665,Nalfurafine Hydrochloride,4.0
CHEMBL504535,Imrecoxib,1.0
CHEMBL5095178,Epeleuton,2.0
CHEMBL5095497,Zeteletinib,1.0
CHEMBL5314407,Arq-736,1.0
CHEMBL5314940,Alovudine F-18,2.0
CHEMBL563,Flurbiprofen,4.0
CHEMBL585206,Chembl585206,
CHEMBL674,Oseltamivir Carboxylate,-1.0
CHEMBL691,Ethinyl Estradiol,4.0
CHEMBL81,Raloxifene,4.0
CHEMBL827,Dexmethylphenidate,4.0
CHEMBL877,Tranexamic Acid,4.0
CHEMBL1183605,Cetrimonium,2.0
CHEMBL1200937,Dalfopristin,4.0
CHEMBL1201728,Desvenlafaxine Succinate,4.0
CHEMBL1229801,Chembl1229801,
CHEMBL1234669,Chembl1234669,
CHEMBL1234674,Ethyl Dimethyl Ammonio Propane Sulfonate,
CHEMBL1254190,Chembl1254190,
CHEMBL128136,Chembl128136,
CHEMBL1296,Cefotiam,4.0
CHEMBL1321154,Roxarsone,
CHEMBL143324,Chembl143324,
CHEMBL1517,Oxytetracycline,4.0
CHEMBL152,Cidofovir Anhydrous,4.0
CHEMBL15770,Sulindac,4.0
CHEMBL1688243,Incb-9471,2.0
CHEMBL1801380,Chembl1801380,
CHEMBL181361,Gw693481X,
CHEMBL1817709,Selepressin,2.0
CHEMBL184431,Chembl184431,
CHEMBL184679,Chembl184679,
CHEMBL1922178,Ganoderic Acid H,
CHEMBL197,Dexverapamil,2.0
CHEMBL199110,Chembl199110,
CHEMBL2063456,Chembl2063456,
CHEMBL208375,Iopofosine,2.0
CHEMBL2096650,Sodium Thiosulfate,4.0
CHEMBL2103751,Prednimustine,2.0
CHEMBL2105555,Benidipine,
CHEMBL2105631,Budiodarone,2.0
CHEMBL2107771,Ralfinamide,3.0
CHEMBL2177913,Azd-3839,1.0
CHEMBL2178953,Chembl2178953,
CHEMBL2323507,Chembl2323507,
CHEMBL237500,Linagliptin,4.0
CHEMBL2393130,Apabetalone,3.0
CHEMBL2403830,Chembl2403830,
CHEMBL2418349,Chembl2418349,
CHEMBL252967,Chembl252967,
CHEMBL274323,Aspartic Acid,3.0
CHEMBL288812,Chembl288812,
CHEMBL290194,Alizapride,3.0
CHEMBL29898,Quinalizarin,
CHEMBL3182532,Hx-1171,1.0
CHEMBL3233140,Chembl3233140,
CHEMBL326564,Chembl326564,
CHEMBL3301600,Spebrutinib Besylate,2.0
CHEMBL3335304,Chembl3335304,
CHEMBL334491,Budipine,2.0
CHEMBL33986,Butorphanol,4.0
CHEMBL3408942,Chembl3408942,
CHEMBL3414574,Chembl3414574,
CHEMBL3417325,Chembl3417325,
CHEMBL3639788,Telaglenastat,2.0
CHEMBL3815054,Chembl3815054,
CHEMBL383923,6-Hydroxy-Ump,
CHEMBL3901151,Chembl3901151,
CHEMBL395280,Chembl395280,
CHEMBL3989826,Oxycodone Terephthalate,4.0
CHEMBL3989856,Sodium Sulfate,4.0
CHEMBL403812,Chembl403812,
CHEMBL403813,Chembl403813,
CHEMBL4064897,Chembl4064897,
CHEMBL4070364,Chembl4070364,
CHEMBL418971,Bisphenol A,
CHEMBL4205882,Chembl4205882,
CHEMBL4238063,Chembl4238063,
CHEMBL4298149,Arimoclomol Citrate,1.0
CHEMBL4446338,Chembl4446338,
CHEMBL459008,Butylparaben,-1.0
CHEMBL4650316,Giredestrant,3.0
CHEMBL485286,Chembl485286,
CHEMBL485841,Chembl485841,
CHEMBL50267,"5,7-Dichlorokynurenic Acid",
CHEMBL550936,Balapiravir,2.0
CHEMBL58150,Chembl58150,
CHEMBL603636,Chembl603636,
CHEMBL64925,Mg-132,
CHEMBL75677,Chembl75677,
CHEMBL886,5-Fluorodeoxyuridylate,
CHEMBL925,Tyrosine,4.0
CHEMBL971,Pentobarbital Sodium,4.0
CHEMBL1023,Bexarotene,4.0
CHEMBL1095282,Camazepam,2.0
CHEMBL110094,Melitracen,3.0
CHEMBL113142,Zm-241385,
CHEMBL1160945,Chembl1160945,
CHEMBL1200386,Prednicarbate,4.0
CHEMBL1200805,Diltiazem Malate,4.0
CHEMBL1201127,Darunavir Ethanolate,4.0
CHEMBL1201193,Levobupivacaine,4.0
CHEMBL120147,Chembl120147,
CHEMBL1234965,Chembl1234965,
CHEMBL1236802,Xenon,4.0
CHEMBL1237070,Micafungin Sodium,4.0
CHEMBL1332971,Clonixin,2.0
CHEMBL1370,Budesonide,4.0
CHEMBL1413176,Nifenazone,2.0
CHEMBL1534,Riboflavin,4.0
CHEMBL1572050,Octyldodecanol,-1.0
CHEMBL1604,Cephradine,4.0
CHEMBL1673415,Palmostatin B,
CHEMBL1725880,Trepibutone,2.0
CHEMBL1734,Solifenacin,4.0
CHEMBL180239,Curcumin Pyrazole,
CHEMBL1908335,Depreotide,2.0
CHEMBL197640,Chembl197640,
CHEMBL2029605,Livoletide,2.0
CHEMBL2029993,Chembl2029993,
CHEMBL2103996,Adrenalone,2.0
CHEMBL2104574,Ecraprost,3.0
CHEMBL2106277,Diflucortolone Pivalate,-1.0
CHEMBL2106978,Potassium Gluconate,4.0
CHEMBL2107359,Pafuramidine Maleate,3.0
CHEMBL2141296,Ixazomib,4.0
CHEMBL21536,Xanomeline,3.0
CHEMBL2158614,Flutafuranol F 18,3.0
CHEMBL2179105,Edelinontrine,2.0
CHEMBL2204445,(R)-Vu0463597,
CHEMBL2204538,Thpp-1,
CHEMBL2315925,Chembl2315925,
CHEMBL24171,Bergapten,4.0
CHEMBL245416,L-Mimosine,
CHEMBL263881,Lysergide,2.0
CHEMBL27577,Salicylamide,2.0
CHEMBL3039511,Bevenopran,3.0
CHEMBL3087498,Chembl3087498,
CHEMBL3187723,Binimetinib,4.0
CHEMBL3301598,Fostemsavir Tromethamine,4.0
CHEMBL3301667,Calcium Carbimide,2.0
CHEMBL341273,Chembl341273,
CHEMBL3545283,Riviciclib,2.0
CHEMBL3545349,Evt-101,2.0
CHEMBL3577124,Ly-3009120,1.0
CHEMBL36342,Octenidine Hydrochloride,2.0
CHEMBL3700098,Chembl3700098,
CHEMBL3707330,Rolapitant Hydrochloride,4.0
CHEMBL37630,L-709049,
CHEMBL3989867,Bictegravir Sodium,4.0
CHEMBL4092761,Chembl4092761,
CHEMBL4094115,Chembl4094115,
CHEMBL4213025,Chembl4213025,
CHEMBL427683,Organon,2.0
CHEMBL4289017,Pf-03814735,1.0
CHEMBL4292755,Chembl4292755,
CHEMBL4297317,Pf-06305591,1.0
CHEMBL4297428,Ser-100,2.0
CHEMBL437004,Chembl437004,
CHEMBL4650277,Tas0612,1.0
CHEMBL479,Thioridazine,4.0
CHEMBL4802247,Zalunfiban Acetate,1.0
CHEMBL486208,Dexborneol,3.0
CHEMBL48802,Sulforaphane,3.0
CHEMBL493287,Glucosamine,4.0
CHEMBL501867,Vincristine Sulfate,4.0
CHEMBL523,Nordazepam,2.0
CHEMBL594840,Chembl594840,
CHEMBL69308,Pelubiprofen,3.0
CHEMBL839,Carteolol,4.0
CHEMBL9387,L-365260,
CHEMBL1095283,Carbenicillin Phenyl,4.0
CHEMBL1098108,Chembl1098108,
CHEMBL1102,Glutethimide,4.0
CHEMBL112322,4-Dimethylamino-Benzoic Acid,
CHEMBL1172814,Chembl1172814,
CHEMBL1201317,Triclofos,4.0
CHEMBL1201326,Rubidium,3.0
CHEMBL1230016,Chembl1230016,
CHEMBL1231913,Chembl1231913,
CHEMBL1232243,Chembl1232243,
CHEMBL1234578,Chembl1234578,
CHEMBL1235136,Chembl1235136,
CHEMBL1396177,Penicillin V Benzathine,-1.0
CHEMBL1615025,Tak-733,1.0
CHEMBL1624037,Chembl1624037,
CHEMBL1735,Indinavir Sulfate,4.0
CHEMBL1797128,Methylmethionine Sulfonium Chloride,-1.0
CHEMBL2028850,Icatibant,4.0
CHEMBL2068841,Fluoromisonidazole,2.0
CHEMBL2105694,Telapristone Acetate,3.0
CHEMBL2105704,Lenvatinib Mesylate,4.0
CHEMBL213244,Chembl213244,
CHEMBL213930,Chembl213930,
CHEMBL2220294,Chembl2220294,
CHEMBL2419506,Chembl2419506,
CHEMBL2431192,Chembl2431192,
CHEMBL243978,Chembl243978,
CHEMBL271138,Chembl271138,
CHEMBL304552,Chembl304552,
CHEMBL311795,Chembl311795,
CHEMBL33,Levofloxacin Anhydrous,4.0
CHEMBL3549142,Epetraborole,2.0
CHEMBL383593,Chembl383593,
CHEMBL385178,Chembl385178,
CHEMBL387453,Chembl387453,
CHEMBL3899477,Conteltinib ,1.0
CHEMBL3977543,Belvarafenib,2.0
CHEMBL398707,Hydromorphone,4.0
CHEMBL4081642,Chembl4081642,
CHEMBL4210033,Chembl4210033,
CHEMBL4216467,Ripretinib,4.0
CHEMBL4297586,Troriluzole,3.0
CHEMBL443732,Canavanine,
CHEMBL4591825,Chembl4591825,
CHEMBL462385,Chembl462385,
CHEMBL465,Dronabinol,4.0
CHEMBL473478,Chembl473478,
CHEMBL478629,Dorsomorphin,
CHEMBL5095070,Lafadofensine,2.0
CHEMBL5095408,Abequolixron Zinc,1.0
CHEMBL5095409,Sunobinop Tosylate,1.0
CHEMBL5314919,Jbi-802,1.0
CHEMBL569713,Scopolamine,4.0
CHEMBL602841,Chembl602841,
CHEMBL603197,Chembl603197,
CHEMBL692,Glycerin,4.0
CHEMBL73822,Apaziquone,3.0
CHEMBL107316,Chembl107316,
CHEMBL1090709,Chembl1090709,
CHEMBL1091353,Chembl1091353,
CHEMBL1179047,Chloroprocaine,4.0
CHEMBL1180,O-Demethylated Adapalene,
CHEMBL1182997,Gantacurium,2.0
CHEMBL1200803,Solifenacin Succinate,4.0
CHEMBL1201150,Sumatriptan Succinate,4.0
CHEMBL1221659,Chembl1221659,
CHEMBL1222250,Dextrose,4.0
CHEMBL125200,Pd-128763,
CHEMBL1412,Piperazine,4.0
CHEMBL1568276,Nafcillin Sodium,4.0
CHEMBL1738889,Enobosarm,3.0
CHEMBL184,Acyclovir,4.0
CHEMBL1910936,Mk3207,2.0
CHEMBL201482,Chembl201482,
CHEMBL2063335,Chembl2063335,
CHEMBL2103874,Oclacitinib,2.0
CHEMBL2104116,Chlorhexadol,2.0
CHEMBL2104987,Teduglutide,4.0
CHEMBL2105456,Bumadizone,2.0
CHEMBL2105497,Zipeprol,2.0
CHEMBL2110372,Ranitidine Hydrochloride,4.0
CHEMBL211538,An-2718,1.0
CHEMBL2171170,Chembl2171170,
CHEMBL2218922,Lortalamine,2.0
CHEMBL233349,Chembl233349,
CHEMBL257940,Chembl257940,
CHEMBL284642,Bizelesin,2.0
CHEMBL284906,Nicorandil,4.0
CHEMBL286615,Luzindole,
CHEMBL3092995,Jnj-26489112,2.0
CHEMBL318191,Tonabersat,2.0
CHEMBL3309969,Chembl3309969,
CHEMBL354145,Chembl354145,
CHEMBL376569,Chembl376569,
CHEMBL3827317,Chembl3827317,
CHEMBL3979920,Mivavotinib,2.0
CHEMBL3989573,Cotinine Fumarate,2.0
CHEMBL3989893,Mepartricin,2.0
CHEMBL4213353,Chembl4213353,
CHEMBL4245489,Chembl4245489,
CHEMBL425290,Chembl425290,
CHEMBL4291792,Chembl4291792,
CHEMBL4297482,Azd-5991,1.0
CHEMBL4469414,Luvixasertib,2.0
CHEMBL47405,Etanidazole,2.0
CHEMBL4859268,Agg-523,1.0
CHEMBL526648,Chembl526648,
CHEMBL5314540,Sontigidomide,2.0
CHEMBL5314959,Htl-9936,1.0
CHEMBL5315125,Duvelisib Monohydrate,4.0
CHEMBL53929,Octopamine,2.0
CHEMBL574003,Hql-79,
CHEMBL629,Amitriptyline,4.0
CHEMBL864,Carbinoxamine,4.0
CHEMBL894,Bupropion,4.0
CHEMBL1078277,Chembl1078277,
CHEMBL1089301,Chembl1089301,
CHEMBL109,Valproic Acid,4.0
CHEMBL113690,Chembl113690,
CHEMBL1186610,Anisotropine,4.0
CHEMBL1200388,Cloxacillin Sodium,4.0
CHEMBL1200532,Methdilazine Hydrochloride,4.0
CHEMBL1200718,Magnesium Hydroxide,4.0
CHEMBL1200825,Methadone Hydrochloride,4.0
CHEMBL1200861,Tartaric Acid,4.0
CHEMBL1201041,Azlocillin Sodium,4.0
CHEMBL1209788,Chembl1209788,
CHEMBL1229214,Prifinium,2.0
CHEMBL1232461,Molibresib,2.0
CHEMBL1243,Sulfabenzamide,4.0
CHEMBL1259059,Sofosbuvir,4.0
CHEMBL1326265,Chembl1326265,
CHEMBL1512677,Amylmetacresol,4.0
CHEMBL1589793,Chembl1589793,
CHEMBL1677,Tacrine Hydrochloride,4.0
CHEMBL1808338,Chembl1808338,
CHEMBL1834661,Chembl1834661,
CHEMBL1902981,Eperisone,3.0
CHEMBL1908904,Fba-A20Fmdv2,1.0
CHEMBL204394,"Naphthalene-1,6-Diol",
CHEMBL2047684,Chembl2047684,
CHEMBL2105659,Varespladib Methyl,3.0
CHEMBL2105834,Octreotide Pamoate,3.0
CHEMBL2111108,Taribavirin,3.0
CHEMBL211768,Chembl211768,
CHEMBL2159122,Eluxadoline,4.0
CHEMBL2347704,Acoziborole,2.0
CHEMBL235363,Substance P,1.0
CHEMBL2364619,Methylsamidorphan,2.0
CHEMBL243731,Chembl243731,
CHEMBL24983,"3,4-Dichloroisocoumarin",
CHEMBL268254,Delorazepam,2.0
CHEMBL275528,Phencyclidine,-1.0
CHEMBL276518,Morpholine,
CHEMBL32113,Chembl32113,
CHEMBL322251,Chembl322251,
CHEMBL3342849,Chembl3342849,
CHEMBL3353348,Chembl3353348,
CHEMBL3589370,Chembl3589370,
CHEMBL3707222,Volixibat,2.0
CHEMBL372357,Chembl372357,
CHEMBL378544,Vinblastine Sulfate,4.0
CHEMBL3809489,Bemcentinib,2.0
CHEMBL3833302,Prethcamide,-1.0
CHEMBL3989916,Tigilanol Tiglate,2.0
CHEMBL4067549,Ulecaciclib,2.0
CHEMBL4076748,Chembl4076748,
CHEMBL41036,Chembl41036,
CHEMBL411274,Bph-629,
CHEMBL4173078,Chembl4173078,
CHEMBL4297377,Elsulfavirine Sodium,1.0
CHEMBL4297394,Isopentyl 2-Cyanoacrylate,2.0
CHEMBL4297455,Caficrestat,3.0
CHEMBL432359,Chembl432359,
CHEMBL441738,Afamelanotide,4.0
CHEMBL4461070,Sar-125844,2.0
CHEMBL446821,Chembl446821,
CHEMBL451721,(S)-Coriolic Acid,
CHEMBL4596392,Cravacitinib,4.0
CHEMBL463981,Begacestat,2.0
CHEMBL4650335,Nendratareotide Uzatansine,1.0
CHEMBL470156,Chembl470156,
CHEMBL478858,Pactimibe,2.0
CHEMBL485652,Stavudine Triphosphate,-1.0
CHEMBL5314922,Mg-S-2525,1.0
CHEMBL54440,Mevastatin,2.0
CHEMBL55771,2-Benzoylamino-Propionic Acid,
CHEMBL584852,Buquinolate,2.0
CHEMBL590540,Cystine,4.0
CHEMBL590754,Filaminast,2.0
CHEMBL606131,Chembl606131,
CHEMBL66115,Doxecitine,2.0
CHEMBL683,Clofibric Acid,2.0
CHEMBL746,Nedocromil,4.0
CHEMBL77961,Chembl77961,
CHEMBL918,Phenacemide,4.0
CHEMBL92608,Ro-31-4724,
CHEMBL101801,Chembl101801,
CHEMBL1088752,Losmapimod,3.0
CHEMBL1090381,Chembl1090381,
CHEMBL1091024,Miocamycin,-1.0
CHEMBL1093423,Chembl1093423,
CHEMBL1094040,Chembl1094040,
CHEMBL1178725,Nolpitantium,2.0
CHEMBL118446,Chembl118446,
CHEMBL1200542,Desoxycorticosterone Acetate,4.0
CHEMBL1201057,Cilastatin Sodium,4.0
CHEMBL1230674,9-Methylguanine,
CHEMBL1231240,Chembl1231240,
CHEMBL1234599,Chembl1234599,
CHEMBL1236539,7-Hydroxystaurosporine,
CHEMBL1270424,Chembl1270424,
CHEMBL1374738,Chembl1374738,
CHEMBL141,Lamivudine,4.0
CHEMBL1499653,Chembl1499653,
CHEMBL174004,Chembl174004,
CHEMBL1908892,O-(2-Fluoroethyl)-L-Tyrosine,2.0
CHEMBL1940181,Chembl1940181,
CHEMBL199441,Chembl199441,
CHEMBL200495,Chembl200495,
CHEMBL204656,Elvitegravir,4.0
CHEMBL2103862,Bavisant,2.0
CHEMBL2110609,Benzoxonium,2.0
CHEMBL2110786,Strontium,3.0
CHEMBL2111083,Bedoradrine,2.0
CHEMBL2111164,Trolnitrate,2.0
CHEMBL213100,Chembl213100,
CHEMBL2151741,Chembl2151741,
CHEMBL21731,Maprotiline,4.0
CHEMBL220529,Chembl220529,
CHEMBL2251727,Ethyl Isothiocyanate,2.0
CHEMBL225210,Chembl225210,
CHEMBL253869,Chembl253869,
CHEMBL256961,Chembl256961,
CHEMBL259571,Tapinarof,4.0
CHEMBL269277,Betulinic Acid,1.0
CHEMBL273124,Penclomedine,1.0
CHEMBL301829,Cp-195543,2.0
CHEMBL3087323,Dtp-348,1.0
CHEMBL3093827,Chembl3093827,
CHEMBL3099551,Cmx-2043,2.0
CHEMBL3234544,Chembl3234544,
CHEMBL330546,L-Lactic Acid,
CHEMBL331743,Dixanthogen,2.0
CHEMBL3334824,Bms-817399,2.0
CHEMBL3357458,Chembl3357458,
CHEMBL3545413,Flumatinib,3.0
CHEMBL355497,Chembl355497,
CHEMBL3689071,Narmafotinib,2.0
CHEMBL37537,Protocatechuic Acid,
CHEMBL3823931,Chembl3823931,
CHEMBL396380,Chembl396380,
CHEMBL3989909,Leniolisib Phosphate,4.0
CHEMBL3989910,Cavosonstat,2.0
CHEMBL412262,Ibipinabant,2.0
CHEMBL4209174,Chembl4209174,
CHEMBL425277,Chembl425277,
CHEMBL4303782,Zotatifin,2.0
CHEMBL436546,Tnk-651,
CHEMBL436817,Chembl436817,
CHEMBL437501,L-873724,
CHEMBL4444976,Ccx354,2.0
CHEMBL45029,Mephobarbital,4.0
CHEMBL4650485,Pirtobrutinib,4.0
CHEMBL495084,Chembl495084,
CHEMBL505851,Reposal,-1.0
CHEMBL517944,Chembl517944,
CHEMBL525076,Enfuvirtide,4.0
CHEMBL539934,Tt-232,2.0
CHEMBL565587,Chembl565587,
CHEMBL567,Perphenazine,4.0
CHEMBL567068,Chembl567068,
CHEMBL570,Triflupromazine,4.0
CHEMBL59030,Gw3965,
CHEMBL592943,Tinoridine,3.0
CHEMBL593503,Uracil-4-Acetic Acid,
CHEMBL93047,Ethadione,-1.0
CHEMBL10372,Zopolrestat,2.0
CHEMBL1076930,Inarigivir Soproxil,2.0
CHEMBL117822,Ethylene,3.0
CHEMBL1200341,Indecainide Hydrochloride,4.0
CHEMBL1200473,Cyclopentolate Hydrochloride,4.0
CHEMBL1201758,Bepotastine,4.0
CHEMBL1229967,Chembl1229967,
CHEMBL1232164,Sebacic Acid,
CHEMBL1232236,Methylphosphonic Acid Diisopropyl Ester,
CHEMBL1232770,Flaviolin,
CHEMBL125119,Chembl125119,
CHEMBL1404,Ranolazine,4.0
CHEMBL141699,Chembl141699,
CHEMBL1486,Tenofovir Disoproxil Fumarate,4.0
CHEMBL1568,Fludarabine,
CHEMBL1628385,Procaine Benzylpenicillin,4.0
CHEMBL1714272,Chembl1714272,
CHEMBL1808981,Chembl1808981,
CHEMBL186141,Andrographolide,3.0
CHEMBL186179,Muraglitazar,3.0
CHEMBL1909285,Nitrefazole,4.0
CHEMBL191,Losartan,4.0
CHEMBL1910856,Pf-03635659,2.0
CHEMBL191632,Chembl191632,
CHEMBL1933279,Chembl1933279,
CHEMBL1964263,Chembl1964263,
CHEMBL197865,Chembl197865,
CHEMBL2029990,Chembl2029990,
CHEMBL2048484,Canagliflozin Anhydrous,4.0
CHEMBL2059073,Sulisobenzone,2.0
CHEMBL2103991,Balaglitazone,3.0
CHEMBL2105611,Tacalcitol,4.0
CHEMBL2105760,Brexpiprazole,4.0
CHEMBL2106873,Magnesium Phosphate,-1.0
CHEMBL2107324,Corticorelin Acetate,3.0
CHEMBL2325410,Chembl2325410,
CHEMBL2354444,Pirarubicin,3.0
CHEMBL2364608,Doravirine,4.0
CHEMBL2364614,Liafensine,2.0
CHEMBL2364628,Ricolinostat,2.0
CHEMBL2403848,Chembl2403848,
CHEMBL241484,Chembl241484,
CHEMBL27193,Dilevalol,4.0
CHEMBL303041,Chembl303041,
CHEMBL3311228,Oteseconazole,4.0
CHEMBL3329660,Chembl3329660,
CHEMBL3356008,Chembl3356008,
CHEMBL339231,Chembl339231,
CHEMBL3545308,Rociletinib,3.0
CHEMBL361196,Chembl361196,
CHEMBL3707351,Adomeglivant,2.0
CHEMBL370753,Opipramol,3.0
CHEMBL373357,Chembl373357,
CHEMBL374385,Ncx-4016,2.0
CHEMBL376140,Tigecycline,4.0
CHEMBL3833316,Rivipansel Sodium,2.0
CHEMBL391805,Chembl391805,
CHEMBL3989859,Tocopherol Acetate,4.0
CHEMBL403664,Bleomycin,4.0
CHEMBL405282,Chembl405282,
CHEMBL42039,Chembl42039,
CHEMBL4294191,Chembl4294191,
CHEMBL4297316,Pd-0299685,2.0
CHEMBL429844,Ore-1001,1.0
CHEMBL43719,Heptylformamide,
CHEMBL447629,Mitobronitol,4.0
CHEMBL451770,[18F]Dpa-714,2.0
CHEMBL460287,Etoglucid,4.0
CHEMBL4650521,Batoprotafib,2.0
CHEMBL471144,5'-O-(Sulfamoyl)Adenosine,
CHEMBL50,Quercetin,3.0
CHEMBL5095249,Lut-014,2.0
CHEMBL538943,Vinorelbine Tartrate,4.0
CHEMBL565795,Chembl565795,
CHEMBL567331,Chembl567331,
CHEMBL591429,Pac-1,1.0
CHEMBL605003,Su-6656,
CHEMBL61733,Pmedap,
CHEMBL668,Protriptyline,4.0
CHEMBL680,Cefaclor Anhydrous,4.0
CHEMBL811,Brompheniramine,4.0
CHEMBL859,Oxypurinol,4.0
CHEMBL86304,Moclobemide,4.0
CHEMBL937,Diethylcarbamazine Citrate,4.0
CHEMBL100622,Hexamethonium,2.0
CHEMBL1008,Bepridil,4.0
CHEMBL113381,Chembl113381,
CHEMBL119625,Zonampanel,2.0
CHEMBL1200494,Guanfacine Hydrochloride,4.0
CHEMBL1200538,Betamethasone Acetate,4.0
CHEMBL1201059,Proguanil Hydrochloride,4.0
CHEMBL1201119,Liothyronine Sodium,4.0
CHEMBL1232088,Chembl1232088,
CHEMBL1235112,Chembl1235112,
CHEMBL1235818,Chembl1235818,
CHEMBL1479,Danazol,4.0
CHEMBL1501,Fluocinonide,4.0
CHEMBL170721,Methylglyoxal,
CHEMBL1743,Cefditoren,2.0
CHEMBL1761,Procyclidine Hydrochloride,4.0
CHEMBL1762621,Bardoxolone Methyl,3.0
CHEMBL2013174,Vedroprevir,2.0
CHEMBL2062257,Brimonidine Tartrate,4.0
CHEMBL2063435,Chembl2063435,
CHEMBL209293,Chembl209293,
CHEMBL2095211,Lorcaserin Hydrochloride,4.0
CHEMBL2107085,Tocladesine,2.0
CHEMBL2107549,Bindarit,2.0
CHEMBL2110789,Cyprenorphine,-1.0
CHEMBL2134724,Ipratropium Bromide,4.0
CHEMBL2153707,Chembl2153707,
CHEMBL2364633,Sarecycline Hydrochloride,4.0
CHEMBL2393176,Chembl2393176,
CHEMBL242580,Ciclopirox Olamine,4.0
CHEMBL251634,Fluocortolone,4.0
CHEMBL27006,L-733060,
CHEMBL277577,Chembl277577,
CHEMBL306226,Benzimidazole,-1.0
CHEMBL3109738,Jnj-26483327,1.0
CHEMBL3234681,Tedalinab,2.0
CHEMBL3236365,Chembl3236365,
CHEMBL3237718,Chembl3237718,
CHEMBL3408387,Chembl3408387,
CHEMBL3409958,Chembl3409958,
CHEMBL3422102,Chembl3422102,
CHEMBL363847,Chembl363847,
CHEMBL3673452,Gz-389988,2.0
CHEMBL371315,Gly-Pro-Glu,
CHEMBL376180,Aminopterin,2.0
CHEMBL3775875,Chembl3775875,
CHEMBL4075278,Chembl4075278,
CHEMBL4080228,Pf-06821497,1.0
CHEMBL4297351,Atx-914,1.0
CHEMBL4299940,Mitapivat,4.0
CHEMBL454648,Chembl454648,
CHEMBL4594452,2-Hydroxyoleic Acid,2.0
CHEMBL4650276,Shr3680,3.0
CHEMBL4650989,Taletrectinib,2.0
CHEMBL47386,Epigallocatechin,
CHEMBL520400,Bamipine,2.0
CHEMBL522157,Chembl522157,
CHEMBL5314562,Mavodelpar,2.0
CHEMBL5314584,Frunexian Hydrochloride,1.0
CHEMBL55264,Chembl55264,
CHEMBL561132,Mk-7246,1.0
CHEMBL590356,Chembl590356,
CHEMBL87045,Cifenline,2.0
CHEMBL105570,Chembl105570,
CHEMBL1095932,Chembl1095932,
CHEMBL1200586,Prilocaine Hydrochloride,4.0
CHEMBL1231700,Citicoline,3.0
CHEMBL1235110,Chembl1235110,
CHEMBL1236095,Chembl1236095,
CHEMBL1286,Levetiracetam,4.0
CHEMBL140,Chembl140,
CHEMBL1433,Doxycycline Anhydrous,4.0
CHEMBL1456,Mycophenolate Mofetil,4.0
CHEMBL1534525,Mibefradil Dihydrochloride,4.0
CHEMBL1615439,Phendimetrazine,4.0
CHEMBL1697760,Muzolimine,4.0
CHEMBL1807479,Chembl1807479,
CHEMBL1807787,Chembl1807787,
CHEMBL186083,Chembl186083,
CHEMBL1908307,Flosequinan,4.0
CHEMBL1952329,Sgi-1776,1.0
CHEMBL2069499,Chembl2069499,
CHEMBL2103863,Abexinostat,3.0
CHEMBL2104616,Clonitazene,2.0
CHEMBL2106571,Clostebol,2.0
CHEMBL2107143,Glufosfamide,3.0
CHEMBL2107725,Anatibant,2.0
CHEMBL2111029,Oglufanide,3.0
CHEMBL2206278,Chembl2206278,
CHEMBL235157,Chembl235157,
CHEMBL255245,Chembl255245,
CHEMBL283807,Chembl283807,
CHEMBL284838,K-134,2.0
CHEMBL291278,N-Methyl-D-Aspartic Acid (Nmda),2.0
CHEMBL3103001,Chembl3103001,
CHEMBL3344210,Chembl3344210,
CHEMBL3360526,Chembl3360526,
CHEMBL336219,Chembl336219,
CHEMBL338802,Sulfaguanidine,4.0
CHEMBL3422083,Chembl3422083,
CHEMBL34412,Lometrexol,2.0
CHEMBL3545064,Talabostat Mesylate,2.0
CHEMBL3545235,Simotinib,3.0
CHEMBL360802,Chembl360802,
CHEMBL36255,Combretastatin A-1,1.0
CHEMBL3707303,Magnesium Pidolate,2.0
CHEMBL3746388,Tern-101,2.0
CHEMBL382038,Chembl382038,
CHEMBL3989716,Propoxyphene Napsylate,4.0
CHEMBL404108,Lumiracoxib,4.0
CHEMBL4073474,Chembl4073474,
CHEMBL4080906,Chembl4080906,
CHEMBL411662,Chembl411662,
CHEMBL4170411,Chembl4170411,
CHEMBL426560,Chembl426560,
CHEMBL4301033,Chembl4301033,
CHEMBL4303228,Peretinoin,3.0
CHEMBL434394,Nebivolol,4.0
CHEMBL445353,Chembl445353,
CHEMBL4476514,Chembl4476514,
CHEMBL449317,Hesperidin,3.0
CHEMBL4573938,Chembl4573938,
CHEMBL4637208,Gsk973,
CHEMBL4650326,Terevalefim,3.0
CHEMBL4650339,Dalosirvat,2.0
CHEMBL472252,Chembl472252,
CHEMBL473479,Chembl473479,
CHEMBL483590,Chembl483590,
CHEMBL4862901,Chembl4862901,
CHEMBL492331,Chembl492331,
CHEMBL513250,Chembl513250,
CHEMBL5314934,Vanzacaftor,1.0
CHEMBL539770,Terodiline Hydrochloride,4.0
CHEMBL557,Detrothyronine,2.0
CHEMBL561421,Chembl561421,
CHEMBL57242,Azilsartan,3.0
CHEMBL589586,Monomethyl Fumarate,4.0
CHEMBL603830,Daxalipram,2.0
CHEMBL7413,Methohexital,4.0
CHEMBL750,Zonisamide,4.0
CHEMBL8809,Raclopride,2.0
CHEMBL917,Floxuridine,4.0
CHEMBL1090771,Avagacestat,2.0
CHEMBL119549,Andolast,2.0
CHEMBL1200845,Halcinonide,4.0
CHEMBL1200914,Tamsulosin Hydrochloride,4.0
CHEMBL1208155,Elagolix,4.0
CHEMBL121663,Dequalinium Chloride,4.0
CHEMBL1232261,Chembl1232261,
CHEMBL1232804,(Benzyloxycarbonylamino)Methylphosphonic Acid,
CHEMBL1234579,Nitrous Oxide,4.0
CHEMBL1235931,Levulinic Acid,3.0
CHEMBL13968,Butylamine,
CHEMBL1401670,Chembl1401670,
CHEMBL1631694,Fexinidazole,4.0
CHEMBL1756,Estramustine Phosphate,4.0
CHEMBL1908305,Sulopenem,3.0
CHEMBL2017179,Evacetrapib,3.0
CHEMBL2018216,Chembl2018216,
CHEMBL207225,Indolylpropionic Acid,
CHEMBL2079587,Stanozolol,4.0
CHEMBL2104745,Pagoclone,2.0
CHEMBL2106798,Neramexane Mesylate,3.0
CHEMBL2107106,Phthalofyne,2.0
CHEMBL2107772,Rimacalib,2.0
CHEMBL214198,Chembl214198,
CHEMBL2203843,Cct244747,
CHEMBL222476,Chembl222476,
CHEMBL2393164,Chembl2393164,
CHEMBL2403828,Chembl2403828,
CHEMBL2442081,Chembl2442081,
CHEMBL256892,Rwj-56423,
CHEMBL283800,Creatine,3.0
CHEMBL29188,Lomerizine,2.0
CHEMBL301612,Chembl301612,
CHEMBL324846,Octanoic Acid,2.0
CHEMBL3348932,Desfesoterodine,-1.0
CHEMBL3544919,Ciraparantag,2.0
CHEMBL363449,Nadifloxacin,3.0
CHEMBL3707223,Sofpironium Bromide,3.0
CHEMBL3707370,Piperidione,-1.0
CHEMBL3989682,Becampanel,2.0
CHEMBL4163892,Chembl4163892,
CHEMBL4226570,Chembl4226570,
CHEMBL4297101,Ceftobiprole Medocaril,3.0
CHEMBL4297333,Vb-201,2.0
CHEMBL447868,Sodium Salicylate,4.0
CHEMBL4594279,Tirbanibulin Mesylate,1.0
CHEMBL4594289,Rovafovir Etalafenamide Citrate,1.0
CHEMBL4802253,Sisunatovir Hydrochloride,1.0
CHEMBL494469,Chembl494469,
CHEMBL504727,Chembl504727,
CHEMBL5085509,Chembl5085509,
CHEMBL5095066,Garsorasib,2.0
CHEMBL513909,Bi-2536,2.0
CHEMBL5314961,Ocedurenone,3.0
CHEMBL571546,Tirbanibulin,4.0
CHEMBL571987,Lersivirine,2.0
CHEMBL575741,Chembl575741,
CHEMBL576982,Quizartinib,4.0
CHEMBL593429,Allantoin,2.0
CHEMBL606621,Chembl606621,
CHEMBL72232,Chembl72232,
CHEMBL76739,Chembl76739,
CHEMBL76768,Guvacine,
CHEMBL783,Nateglinide,4.0
CHEMBL85860,Chembl85860,
CHEMBL89506,Chembl89506,
CHEMBL9509,Silibinin,3.0
CHEMBL1200426,Methixene Hydrochloride,4.0
CHEMBL1200759,Anagrelide Hydrochloride,4.0
CHEMBL1200895,Phenelzine Sulfate,4.0
CHEMBL1200984,Amlodipine Maleate,4.0
CHEMBL1201197,Alatrofloxacin,4.0
CHEMBL1201235,Methylhomatropine,4.0
CHEMBL1206245,Briciclib,2.0
CHEMBL12208,Hymecromone,2.0
CHEMBL1235252,Prostaglandin D2,
CHEMBL1236251,Triethyl Phosphate,
CHEMBL1236684,Virginiamycin Factor S,-1.0
CHEMBL1256772,Tiapride Hydrochloride,3.0
CHEMBL1316,Carprofen,4.0
CHEMBL1424,Xanthine,
CHEMBL1450770,Chembl1450770,
CHEMBL1513,Irbesartan,4.0
CHEMBL151604,Duroquinone,
CHEMBL1536,Ergocalciferol,4.0
CHEMBL1569545,Cridanimod,2.0
CHEMBL1572,Netilmicin,4.0
CHEMBL1601,Cefonicid,4.0
CHEMBL1612697,Chembl1612697,
CHEMBL1614854,Beta-D-Glucose,
CHEMBL1615487,Iodoxamic Acid,4.0
CHEMBL1631723,Progerinin,2.0
CHEMBL1773943,4-Imidazolecarboxylic Acid,2.0
CHEMBL1808635,Chembl1808635,
CHEMBL181295,Chembl181295,
CHEMBL1957019,Chembl1957019,
CHEMBL1983350,Stiripentol,4.0
CHEMBL2036730,Azd-3988,
CHEMBL205526,Chembl205526,
CHEMBL2063442,Chembl2063442,
CHEMBL2103758,Pramlintide,4.0
CHEMBL2104608,Cyfluthrin,-1.0
CHEMBL2104964,Tebanicline Tosylate,2.0
CHEMBL2106049,"Charcoal, Activated",3.0
CHEMBL2106372,Ioglycamic Acid,2.0
CHEMBL2106801,Normethandrone,-1.0
CHEMBL2106989,Racementhol,
CHEMBL2107779,Semapimod,2.0
CHEMBL2107831,Lusutrombopag,4.0
CHEMBL215303,Garenoxacin,2.0
CHEMBL2177638,Chembl2177638,
CHEMBL2178279,Chembl2178279,
CHEMBL2181927,Finerenone,4.0
CHEMBL225304,Pimagedine,2.0
CHEMBL22870,L-732138,
CHEMBL2360841,Ro-24-7429,2.0
CHEMBL242937,Chembl242937,
CHEMBL250127,Chembl250127,
CHEMBL262101,Ciaftalan,1.0
CHEMBL267719,Allobarbital,2.0
CHEMBL275544,Chembl275544,
CHEMBL3091630,Chembl3091630,
CHEMBL311350,Piromidic Acid,2.0
CHEMBL313842,Zardaverine,2.0
CHEMBL313971,Zucapsaicin,3.0
CHEMBL3545414,Rivoceranib Mesylate,3.0
CHEMBL3582201,Chembl3582201,
CHEMBL3603923,Chembl3603923,
CHEMBL375611,Ly404039,1.0
CHEMBL3781845,Chembl3781845,
CHEMBL38434,Brequinar,2.0
CHEMBL38827,Lumefantrine,4.0
CHEMBL3900554,Bms-986142,2.0
CHEMBL392695,S-Trityl-L-Cysteine,
CHEMBL3989715,Mupirocin Calcium,4.0
CHEMBL4251185,Chembl4251185,
CHEMBL4290191,Chembl4290191,
CHEMBL4296682,Chembl4296682,
CHEMBL4297360,Nu-3,1.0
CHEMBL4297365,Cesium Cs-131,1.0
CHEMBL457665,Chembl457665,
CHEMBL4594442,Imaradenant,2.0
CHEMBL485204,Chembl485204,
CHEMBL507282,Denufosol,3.0
CHEMBL5095022,Pesampator,2.0
CHEMBL5095407,Uzoptirine,1.0
CHEMBL514201,Talmapimod,2.0
CHEMBL5314620,Zagociguat,2.0
CHEMBL560403,Deoxycytidine Triphosphate,
CHEMBL63130,Benzylcysteine,
CHEMBL771,Cycloserine,4.0
CHEMBL818,Iobenguane,4.0
CHEMBL832,Sulfinpyrazone,4.0
CHEMBL94277,Chembl94277,
CHEMBL957,Bosentan,4.0
CHEMBL107430,Nrx195183,2.0
CHEMBL1087014,Chembl1087014,
CHEMBL1087650,Chembl1087650,
CHEMBL108877,2-Chlorophenol,
CHEMBL1097561,Chembl1097561,
CHEMBL1148,Torsemide,4.0
CHEMBL1163,Atazanavir,4.0
CHEMBL1200554,Triptorelin Pamoate,4.0
CHEMBL1201082,Fluoxetine Hydrochloride,4.0
CHEMBL1207374,Chembl1207374,
CHEMBL1232510,Solithromycin,3.0
CHEMBL1232960,Chembl1232960,
CHEMBL1233598,2-Iminobiotin,2.0
CHEMBL1332546,Butamirate,2.0
CHEMBL1337,Nitisinone,4.0
CHEMBL1380,Abacavir,4.0
CHEMBL1417019,Mitoxantrone Hydrochloride,4.0
CHEMBL1418176,Methandrostenolone,4.0
CHEMBL1596,Carbenicillin Indanyl,4.0
CHEMBL1604375,Fenthion,-1.0
CHEMBL1654,Risedronate Sodium,4.0
CHEMBL1671,Propranolol Hydrochloride,4.0
CHEMBL1672973,Encaleret,3.0
CHEMBL1708,Paroxetine Hydrochloride,4.0
CHEMBL1788386,Tetramethrin,4.0
CHEMBL1808644,Chembl1808644,
CHEMBL1957870,Chembl1957870,
CHEMBL1964264,Chembl1964264,
CHEMBL199445,Chembl199445,
CHEMBL2052016,Chembl2052016,
CHEMBL21,Sulfanilamide,4.0
CHEMBL2103739,Emedastine Difumarate,4.0
CHEMBL2105002,Isoaminile,4.0
CHEMBL2106198,Buserelin Acetate,3.0
CHEMBL2106261,Ethyl Biscoumacetate,2.0
CHEMBL2106997,Proxazole,2.0
CHEMBL2110581,Bevasiranib,3.0
CHEMBL2140523,Chembl2140523,
CHEMBL225111,Lanosterol,
CHEMBL23552,"Ionositol 1,3,4,5-Tetraphosphate",
CHEMBL2365680,Chembl2365680,
CHEMBL2408246,Chembl2408246,
CHEMBL2418350,Chembl2418350,
CHEMBL267014,L-745870,
CHEMBL293776,Hispidulin,
CHEMBL3040848,Chembl3040848,
CHEMBL304858,Chembl304858,
CHEMBL310555,Oxyquinoline,-1.0
CHEMBL3127494,Chembl3127494,
CHEMBL315838,Encainide,4.0
CHEMBL3236077,Chembl3236077,
CHEMBL328139,Chembl328139,
CHEMBL3290626,Chembl3290626,
CHEMBL3329656,Chembl3329656,
CHEMBL3349607,Pasireotide,4.0
CHEMBL3426621,Ripasudil,3.0
CHEMBL3545351,Av-101,3.0
CHEMBL366460,Isoflavone,3.0
CHEMBL3707313,Trifarotene,4.0
CHEMBL402001,Mannose-6-Phosphate,2.0
CHEMBL404520,Chlortetracycline,4.0
CHEMBL4097139,Icanbelimod,2.0
CHEMBL4162911,Chembl4162911,
CHEMBL4242191,Chembl4242191,
CHEMBL4297336,Acetic Acid C-11,2.0
CHEMBL4297369,Cp1-1189,2.0
CHEMBL4297540,4-Isothioureidobutyronitrile,2.0
CHEMBL4297595,Lisavanbulin,2.0
CHEMBL4297606,Recoflavone,3.0
CHEMBL4303508,Chembl4303508,
CHEMBL445332,Salvinorin A,1.0
CHEMBL451523,Chembl451523,
CHEMBL4594267,Tasipimidine,2.0
CHEMBL4761468,Aumolertinib,3.0
CHEMBL4802039,Jnj-65355394,
CHEMBL507795,Terpineol,
CHEMBL5095260,Camonsertib,2.0
CHEMBL5095412,Buntanetap Tartrate,1.0
CHEMBL516784,Chembl516784,
CHEMBL552212,Lexibulin,2.0
CHEMBL557915,Chembl557915,
CHEMBL567694,Chembl567694,
CHEMBL594063,Chembl594063,
CHEMBL609880,Alpha-D-Fucopyranose,
CHEMBL65375,Tipiracil Hydrochloride,4.0
CHEMBL675,Alendronate Sodium,4.0
CHEMBL696,Ethosuximide,4.0
CHEMBL754,Foscarnet Sodium,4.0
CHEMBL91,Miconazole,4.0
CHEMBL1171086,Chembl1171086,
CHEMBL1172837,Chembl1172837,
CHEMBL1198147,Chembl1198147,
CHEMBL1200623,Ethylestrenol,4.0
CHEMBL1200809,Azelastine Hydrochloride,4.0
CHEMBL1200820,Piperacillin Sodium,4.0
CHEMBL1200873,Phentolamine Mesylate,4.0
CHEMBL1200874,"Tolbutamide Sodium, Sterile",4.0
CHEMBL1200896,Dinoprost Tromethamine,4.0
CHEMBL1219,Rabeprazole,4.0
CHEMBL1235806,Chembl1235806,
CHEMBL1258516,Chembl1258516,
CHEMBL139928,3-(4-Boronophenyl)Acrylic Acid,
CHEMBL1405,Estrone,4.0
CHEMBL1422,Sitagliptin,4.0
CHEMBL1445,Fluoxymesterone,4.0
CHEMBL1528134,Benzydamine Hydrochloride,4.0
CHEMBL1720,Palonosetron Hydrochloride,4.0
CHEMBL17423,Vesnarinone,2.0
CHEMBL1774331,Chembl1774331,
CHEMBL18764,Chembl18764,
CHEMBL1939499,Mk-6186,1.0
CHEMBL201880,Chembl201880,
CHEMBL203665,Relacatib,2.0
CHEMBL2047540,Chembl2047540,
CHEMBL2074689,Zosuquidar Trihydrochloride,3.0
CHEMBL2096646,Aminosalicylate Sodium,4.0
CHEMBL2103813,Iscotrizinol,-1.0
CHEMBL2103868,Cabozantinib S-Malate,4.0
CHEMBL2104089,Ambuphylline,-1.0
CHEMBL2104751,Thebacon,2.0
CHEMBL2105032,Lefradafiban,2.0
CHEMBL2107419,Formebolone,2.0
CHEMBL214530,Chembl214530,
CHEMBL2326261,Chembl2326261,
CHEMBL2364977,Chembl2364977,
CHEMBL2381848,Pf-06291874,2.0
CHEMBL2386081,Setipiprant,3.0
CHEMBL2391147,Chembl2391147,
CHEMBL263441,Ovemotide,2.0
CHEMBL29292,Ubenimex,2.0
CHEMBL306764,Jwh-015,
CHEMBL3086075,Chembl3086075,
CHEMBL3093940,Chembl3093940,
CHEMBL3301616,Lanopepden Mesylate,1.0
CHEMBL341812,Ibufenac,4.0
CHEMBL3628113,Chembl3628113,
CHEMBL3707290,Somapacitan,4.0
CHEMBL396290,Ncx 1000,2.0
CHEMBL4098370,Chembl4098370,
CHEMBL4162752,Ddo-3055,1.0
CHEMBL4206492,Osoresnontrine,2.0
CHEMBL4297087,Bornaprine,2.0
CHEMBL4301645,Chembl4301645,
CHEMBL4303523,Chembl4303523,
CHEMBL4594258,Selgantolimod,2.0
CHEMBL4594445,Abeprazan,3.0
CHEMBL47181,Phosphoglycolic Acid,
CHEMBL475799,Chembl475799,
CHEMBL488910,Ko-143,
CHEMBL493940,Chembl493940,
CHEMBL5095027,Oms405,2.0
CHEMBL5199076,Lunresertib,2.0
CHEMBL524004,Mepenzolate,4.0
CHEMBL546,Oxprenolol,4.0
CHEMBL590985,Talotrexin,2.0
CHEMBL93687,Chembl93687,
CHEMBL963,Oxymorphone,4.0
CHEMBL100116,Pentazocine,4.0
CHEMBL101309,Avasimibe,2.0
CHEMBL103294,Chembl103294,
CHEMBL109227,"4,4'-Biphenyldiboronic Acid",
CHEMBL1162483,(R)-2-Methylbutanoate,
CHEMBL1200321,Sulfisoxazole Diolamine,4.0
CHEMBL1200348,Sulconazole Nitrate,4.0
CHEMBL1200485,Sorafenib Tosylate,4.0
CHEMBL1200660,Isosorbide,4.0
CHEMBL1201035,Biperiden Hydrochloride,4.0
CHEMBL1201171,Pramoxine Hydrochloride,4.0
CHEMBL1201177,Levobunolol Hydrochloride,4.0
CHEMBL1201347,Anileridine,4.0
CHEMBL1201786,Lapyrium,4.0
CHEMBL1233860,Chembl1233860,
CHEMBL1330588,Methylthiouracil,2.0
CHEMBL1355596,Bunamidine,-1.0
CHEMBL1401186,Chembl1401186,
CHEMBL1432,"2,3-Dihydroxybenzoic Acid",
CHEMBL1509,Drospirenone,4.0
CHEMBL156791,Cloranolol,2.0
CHEMBL1608183,Isoflupredone Acetate,2.0
CHEMBL1650,Cortisone Acetate,4.0
CHEMBL1766417,Chembl1766417,
CHEMBL1774330,Chembl1774330,
CHEMBL1800285,Msd-M1Pam,
CHEMBL185,Fluorouracil,4.0
CHEMBL1933582,Chembl1933582,
CHEMBL194859,"4,4'-Dihydroxybenzophenone",
CHEMBL1967878,Cenisertib,2.0
CHEMBL2104688,Tiropramide,3.0
CHEMBL2105505,Sequifenadine,2.0
CHEMBL2105983,Aminosalicylate Calcium,-1.0
CHEMBL2107525,Sodium Phosphate P 32,4.0
CHEMBL2152288,Chembl2152288,
CHEMBL228077,Chembl228077,
CHEMBL2287680,Flufenoxuron,
CHEMBL2397137,Chembl2397137,
CHEMBL25,Aspirin,4.0
CHEMBL252387,Chembl252387,
CHEMBL264374,Bezafibrate,4.0
CHEMBL3402567,Itx-5061,2.0
CHEMBL3421968,Chembl3421968,
CHEMBL3422088,Chembl3422088,
CHEMBL3545157,Tideglusib,2.0
CHEMBL3545311,Brigatinib,4.0
CHEMBL360020,Chembl360020,
CHEMBL3786673,Edasalonexent,3.0
CHEMBL3827004,Chembl3827004,
CHEMBL3833402,Aluminum Sulfate,4.0
CHEMBL395336,Cyclic Gmp,
CHEMBL3989950,Reltecimod,3.0
CHEMBL402548,Danusertib,2.0
CHEMBL405,Amphetamine,4.0
CHEMBL4088718,Chembl4088718,
CHEMBL4097299,Chembl4097299,
CHEMBL4099640,Chembl4099640,
CHEMBL4177336,Chembl4177336,
CHEMBL4297524,Radotinib,3.0
CHEMBL4298043,Roluperidone Hydrochloride,1.0
CHEMBL453137,Chembl453137,
CHEMBL475534,Nitrendipine,4.0
CHEMBL483158,Alisertib,3.0
CHEMBL494,Iloprost,4.0
CHEMBL609980,Aminoethyl Nitrate,2.0
CHEMBL65067,Dofequidar,2.0
CHEMBL83088,Phenanthren-9-Ylamine,
CHEMBL867,Iopanoic Acid,4.0
CHEMBL1014,Candesartan Cilexetil,4.0
CHEMBL103043,Chembl103043,
CHEMBL104166,Chembl104166,
CHEMBL108541,Trinitrophenol,-1.0
CHEMBL1092120,Chembl1092120,
CHEMBL1098306,Chembl1098306,
CHEMBL1123,Dicyclomine,4.0
CHEMBL1139,Epoprostenol,4.0
CHEMBL1163419,Tnp-Atp,
CHEMBL1187833,Umeclidinium,4.0
CHEMBL1189150,Linsidomine,2.0
CHEMBL1200402,Amlodipine Besylate,4.0
CHEMBL1200789,Triclofos Sodium,4.0
CHEMBL1201014,Prednisolone Sodium Phosphate,4.0
CHEMBL1201063,Propafenone Hydrochloride,4.0
CHEMBL1230604,Chembl1230604,
CHEMBL1233001,Chembl1233001,
CHEMBL1276310,Temocillin,3.0
CHEMBL1398126,Amiloride Hydrochloride,4.0
CHEMBL1575,Estramustine,3.0
CHEMBL1594,Pantothenic Acid,4.0
CHEMBL1672547,Chembl1672547,
CHEMBL1684950,Suvecaltamide,2.0
CHEMBL1697766,Perazine,3.0
CHEMBL1755,Conivaptan,4.0
CHEMBL1774023,Chembl1774023,
CHEMBL1807478,Chembl1807478,
CHEMBL1818442,Amitifadine Hydrochloride,2.0
CHEMBL1823241,Dinalbuphine Sebacate,2.0
CHEMBL2013119,Rigosertib Sodium,3.0
CHEMBL204240,Imepitoin,-1.0
CHEMBL2105039,Histapyrrodine,2.0
CHEMBL2107376,Tasidotin Hydrochloride,2.0
CHEMBL211852,Chembl211852,
CHEMBL220428,Chembl220428,
CHEMBL221886,Sisomicin,3.0
CHEMBL2443044,Chembl2443044,
CHEMBL249736,Chembl249736,
CHEMBL258921,Phenolsulfonphthalein,-1.0
CHEMBL305666,Lurtotecan,2.0
CHEMBL3093929,Chembl3093929,
CHEMBL3127506,Chembl3127506,
CHEMBL3139186,Ly2828360,2.0
CHEMBL3185229,Magnesium Chloride,4.0
CHEMBL3234237,Jnj-37822681,2.0
CHEMBL34124,Olodanrigan,2.0
CHEMBL3586404,Onatasertib,2.0
CHEMBL3589752,Ipp/Cnrs-A017,
CHEMBL379845,Methyl Nicotinate,4.0
CHEMBL3827379,Bms-955176,2.0
CHEMBL3916929,Balcinrenone,2.0
CHEMBL3987016,Mivebresib,2.0
CHEMBL3989567,Oxacillin Sodium,4.0
CHEMBL4066936,Vericiguat,4.0
CHEMBL419792,Sumanirole,3.0
CHEMBL4244419,Chembl4244419,
CHEMBL4288614,Chembl4288614,
CHEMBL4297587,Vorolanib,2.0
CHEMBL4297620,Solriamfetol,4.0
CHEMBL4297865,Abivertinib,3.0
CHEMBL4298147,Linrodostat Mesylate,1.0
CHEMBL435883,Beraprost Sodium,3.0
CHEMBL45024,Methiosulfonium,-1.0
CHEMBL452231,Teniposide,4.0
CHEMBL4591082,Sr-302,
CHEMBL459149,Chembl459149,
CHEMBL4650225,Murizatoclax,1.0
CHEMBL474431,Tcmdc-138726,
CHEMBL491,Hydroxyflutamide,2.0
CHEMBL500724,Chembl500724,
CHEMBL510038,Chembl510038,
CHEMBL5314429,Tamnorzatinib,2.0
CHEMBL5314470,Mifanertinib,2.0
CHEMBL5314572,Emavusertib Mesylate,1.0
CHEMBL5316163,F-17464 Free Base,2.0
CHEMBL5316169,Cr-3465 Free Acid,1.0
CHEMBL550795,Chembl550795,
CHEMBL600825,Chembl600825,
CHEMBL66907,Chembl66907,
CHEMBL715,Olanzapine,4.0
CHEMBL729,Lopinavir,4.0
CHEMBL81421,(+)-Alpha-Tocopheryl Succinate,
CHEMBL90,Histamine,4.0
CHEMBL1004,Doxylamine,4.0
CHEMBL1091701,Chembl1091701,
CHEMBL111339,Chembl111339,
CHEMBL1118,Desvenlafaxine,4.0
CHEMBL1183040,Albitiazolium,2.0
CHEMBL12,Diazepam,4.0
CHEMBL1200707,Benzquinamide Hydrochloride,4.0
CHEMBL1200790,Methyprylon,4.0
CHEMBL1200908,Halobetasol Propionate,4.0
CHEMBL1201001,Mechlorethamine Hydrochloride,4.0
CHEMBL1201237,Levobunolol,4.0
CHEMBL1233772,Chembl1233772,
CHEMBL1315867,Terbutaline Sulfate,4.0
CHEMBL132376,Chembl132376,
CHEMBL175,Dexibuprofen,4.0
CHEMBL1761938,Chembl1761938,
CHEMBL1779710,Evogliptin,4.0
CHEMBL1800955,Omecamtiv Mecarbil,3.0
CHEMBL182260,Chembl182260,
CHEMBL190201,Chembl190201,
CHEMBL1908361,Levoleucovorin Calcium,4.0
CHEMBL2063463,Chembl2063463,
CHEMBL206646,Trans-N-Caffeoyltyramine,
CHEMBL20896,Chembl20896,
CHEMBL2104457,Citiolone,2.0
CHEMBL2105902,Batabulin Sodium,2.0
CHEMBL2105910,Benproperine,2.0
CHEMBL2107354,Mifamurtide,4.0
CHEMBL216647,Chembl216647,
CHEMBL219321,E2Mate,
CHEMBL236755,Chembl236755,
CHEMBL267345,Amphotericin B,4.0
CHEMBL276711,Semaxanib,3.0
CHEMBL289288,Chembl289288,
CHEMBL293492,Cinnamaldehyde,-1.0
CHEMBL308724,Chembl308724,
CHEMBL3236381,Chembl3236381,
CHEMBL334635,Sch-56580,
CHEMBL35033,Emivirine,2.0
CHEMBL3707309,Fexapotide Triflutate,3.0
CHEMBL3716365,Glpg-1205,2.0
CHEMBL375112,Chembl375112,
CHEMBL3819625,Chembl3819625,
CHEMBL38681,Ly-134046,
CHEMBL4067898,Chembl4067898,
CHEMBL4091801,Apg115,2.0
CHEMBL409493,Chembl409493,
CHEMBL416526,Bufotenine,
CHEMBL4212531,Pf-06273340,1.0
CHEMBL4297282,Gdc-0917,1.0
CHEMBL4297284,Bezisterim,2.0
CHEMBL4297466,Go-203-2C,1.0
CHEMBL4297538,Mk-0812,2.0
CHEMBL4445670,Bay-885,
CHEMBL4587433,Chembl4587433,
CHEMBL459428,Chembl459428,
CHEMBL4594402,Orp-101,2.0
CHEMBL472443,Chembl472443,
CHEMBL474024,Chembl474024,
CHEMBL475045,Chembl475045,
CHEMBL481806,Chembl481806,
CHEMBL4863829,Obeldesivir,3.0
CHEMBL494088,Chembl494088,
CHEMBL5093566,Ledaborbactam,1.0
CHEMBL5095233,E-7766,1.0
CHEMBL518800,Chembl518800,
CHEMBL529888,Glibornuride,4.0
CHEMBL5314397,Acumapimod,2.0
CHEMBL549748,Tetrac,-1.0
CHEMBL560556,Chembl560556,
CHEMBL561371,Cxa-10,2.0
CHEMBL566757,Daporinad,2.0
CHEMBL583034,Chembl583034,
CHEMBL589,Ropinirole,4.0
CHEMBL607,Meperidine,4.0
CHEMBL82304,Chembl82304,
CHEMBL887,Rasagiline,4.0
