drug_name,drug_id,ind_name,ind_id,sem_type,status
Lepirudin,DB00001,Heparin-induced thrombocytopenia with thrombosis,C0272275,Disease or Syndrome,Approved
Cetuximab,DB00002,Squamous cell carcinoma of mouth,C0585362,Neoplastic Process,Approved
Cetuximab,DB00002,Squamous cell carcinoma of nose,C3163899,Neoplastic Process,Approved
Cetuximab,DB00002,Squamous cell carcinoma of pharynx,C1319317,Neoplastic Process,Approved
Cetuximab,DB00002,Laryngeal Squamous Cell Carcinoma,C0280324,Neoplastic Process,Approved
Cetuximab,DB00002,Malignant tumor of colon,C0007102,Neoplastic Process,Approved
Dornase alfa,DB00003,Cystic Fibrosis,C0010674,Disease or Syndrome,Approved
Denileukin diftitox,DB00004,"Lymphoma, T-Cell, Cutaneous",C0079773,Neoplastic Process,Approved
Etanercept,DB00005,Rheumatoid Arthritis,C0003873,Disease or Syndrome,Approved
Etanercept,DB00005,Juvenile arthritis,C3495559,Disease or Syndrome,Approved
Etanercept,DB00005,"Arthritis, Psoriatic",C0003872,Disease or Syndrome,Approved
Etanercept,DB00005,Ankylosing spondylitis,C0038013,Disease or Syndrome,Approved
Etanercept,DB00005,Chronic small plaque psoriasis,C0406317,Disease or Syndrome,Approved
Leuprolide,DB00007,Precocious Puberty,C0034013,Disease or Syndrome,Approved
Leuprolide,DB00007,Endometriosis,C0014175,Disease or Syndrome,Approved
Peginterferon alfa-2a,DB00008,"Hepatitis C, Chronic",C0524910,Disease or Syndrome,Approved
Peginterferon alfa-2a,DB00008,"Hepatitis B, Chronic",C0524909,Disease or Syndrome,Approved
Alteplase,DB00009,Ischemic stroke,C0948008,Disease or Syndrome,Approved
Alteplase,DB00009,Acute myocardial infarction,C0155626,Disease or Syndrome,Approved
Alteplase,DB00009,Pulmonary Embolism,C0034065,Disease or Syndrome,Approved
Sermorelin,DB00010,Pituitary dwarfism,C0013338,Disease or Syndrome,Approved
Urokinase,DB00013,Pulmonary Embolism,C0034065,Disease or Syndrome,Approved
Goserelin,DB00014,Hormone receptor positive malignant neoplasm of breast,C1562029,Neoplastic Process,Approved
Goserelin,DB00014,Endometriosis,C0014175,Disease or Syndrome,Approved
Reteplase,DB00015,Acute myocardial infarction,C0155626,Disease or Syndrome,Approved
Erythropoietin,DB00016,Anemia in chronic kidney disease,C1561828,Disease or Syndrome,Approved
Erythropoietin,DB00016,Anemia due to chemotherapy,C1998329,Injury or Poisoning,Approved
Salmon Calcitonin,DB00017,"Osteoporosis, Postmenopausal",C0029458,Disease or Syndrome,Approved
Salmon Calcitonin,DB00017,Osteitis Deformans,C0029401,Disease or Syndrome,Approved
Pegfilgrastim,DB00019,Chemotherapy-induced neutropenia,C1827687,Pathologic Function,Approved
Sargramostim,DB00020,Chemotherapy-induced neutropenia,C1827687,Pathologic Function,Approved
Peginterferon alfa-2b,DB00022,"Hepatitis C, Chronic",C0524910,Disease or Syndrome,Approved
Asparaginase,DB00023,Acute lymphocytic leukemia,C0023449,Neoplastic Process,Approved
Anakinra,DB00026,Rheumatoid Arthritis,C0003873,Disease or Syndrome,Approved
Anakinra,DB00026,Cryopyrin-Associated Periodic Syndromes,C2316212,Disease or Syndrome,Approved
Anakinra,DB00026,"Chronic Infantile Neurological, Cutaneous, and Articular Syndrome",C0409818,Disease or Syndrome,Approved
Gramicidin D,DB00027,Bacterial conjunctivitis,C0009768,Disease or Syndrome,Approved
Gramicidin D,DB00027,Infective blepharitis,C0729587,Disease or Syndrome,Approved
Gramicidin D,DB00027,Blepharoconjunctivitis,C0005743,Disease or Syndrome,Approved
Gramicidin D,DB00027,Bacterial keratitis,C0854211,Disease or Syndrome,Approved
Insulin Human,DB00030,"Diabetes Mellitus, Insulin-Dependent",C0011854,Disease or Syndrome,Approved
Insulin Human,DB00030,"Diabetes Mellitus, Non-Insulin-Dependent",C0011860,Disease or Syndrome,Approved
Insulin Human,DB00030,Diabetes Mellitus,C0011849,Disease or Syndrome,Approved
Tenecteplase,DB00031,Acute myocardial infarction,C0155626,Disease or Syndrome,Approved
Desmopressin,DB00035,Hemophilia A,C0019069,Disease or Syndrome,Approved
Desmopressin,DB00035,von Willebrand Disease,C0042974,Disease or Syndrome,Approved
Desmopressin,DB00035,Bedwetting,C0270327,Mental or Behavioral Dysfunction,Approved
Coagulation factor VIIa Recombinant Human,DB00036,Hemophilia A,C0019069,Disease or Syndrome,Approved
Coagulation factor VIIa Recombinant Human,DB00036,Hemophilia B,C0008533,Disease or Syndrome,Approved
Coagulation factor VIIa Recombinant Human,DB00036,Thrombasthenia,C0040015,Disease or Syndrome,Approved
Coagulation factor VIIa Recombinant Human,DB00036,Factor VII Deficiency,C0015503,Congenital Abnormality,Approved
Oprelvekin,DB00038,Thrombocytopenia,C0040034,Disease or Syndrome,Approved
Palifermin,DB00039,Mucositis following radiation therapy,C0392190,Pathologic Function,Approved
Palifermin,DB00039,Drug-induced mucositis,C1274988,Disease or Syndrome,Approved
Glucagon recombinant,DB00040,Hypoglycemia,C0020615,Disease or Syndrome,Approved
Aldesleukin,DB00041,"Leukemia, Myelocytic, Acute",C0023467,Neoplastic Process,Approved
Aldesleukin,DB00041,Metastatic Renal Cell Cancer,C0278678,Neoplastic Process,Approved
Aldesleukin,DB00041,"Malignant melanoma, metastatic",C0860594,Neoplastic Process,Approved
Omalizumab,DB00043,Asthma,C0004096,Disease or Syndrome,Approved
Omalizumab,DB00043,Chronic idiopathic urticaria,C0578870,Disease or Syndrome,Approved
Insulin Lispro,DB00046,"Diabetes Mellitus, Insulin-Dependent",C0011854,Disease or Syndrome,Approved
Insulin Lispro,DB00046,"Diabetes Mellitus, Non-Insulin-Dependent",C0011860,Disease or Syndrome,Approved
Insulin Glargine,DB00047,"Diabetes Mellitus, Insulin-Dependent",C0011854,Disease or Syndrome,Approved
Insulin Glargine,DB00047,"Diabetes Mellitus, Non-Insulin-Dependent",C0011860,Disease or Syndrome,Approved
Collagenase clostridium histolyticum,DB00048,"Dupuytren's disease of finger, with contracture",C0410065,Disease or Syndrome,Approved
Collagenase clostridium histolyticum,DB00048,Peyronie Disease,C0030848,Disease or Syndrome,Approved
Rasburicase,DB00049,Hyperuricemia,C0740394,Disease or Syndrome,Approved
Adalimumab,DB00051,Rheumatoid Arthritis,C0003873,Disease or Syndrome,Approved
Adalimumab,DB00051,Juvenile arthritis,C3495559,Disease or Syndrome,Approved
Adalimumab,DB00051,"Arthritis, Psoriatic",C0003872,Disease or Syndrome,Approved
Adalimumab,DB00051,Ankylosing spondylitis,C0038013,Disease or Syndrome,Approved
Adalimumab,DB00051,Crohn Disease,C0010346,Disease or Syndrome,Approved
Adalimumab,DB00051,Ulcerative Colitis,C0009324,Disease or Syndrome,Approved
Adalimumab,DB00051,Chronic small plaque psoriasis,C0406317,Disease or Syndrome,Approved
Adalimumab,DB00051,Hidradenitis Suppurativa,C0162836,Disease or Syndrome,Approved
Somatropin recombinant,DB00052,Growth retardation,C0151686,Pathologic Function,Approved
Somatropin recombinant,DB00052,Prader-Willi Syndrome,C0032897,Congenital Abnormality,Approved
Somatropin recombinant,DB00052,Pituitary dwarfism,C0013338,Disease or Syndrome,Approved
Somatropin recombinant,DB00052,Turner Syndrome,C0041408,Disease or Syndrome,Approved
Imiglucerase,DB00053,Gaucher Disease,C0017205,Disease or Syndrome,Approved
Gemtuzumab ozogamicin,DB00056,"Leukemia, Myelocytic, Acute",C0023467,Neoplastic Process,Approved
Pegaspargase,DB00059,Acute lymphocytic leukemia,C0023449,Neoplastic Process,Approved
Interferon beta-1a,DB00060,"Multiple Sclerosis, Relapsing-Remitting",C0751967,Disease or Syndrome,Approved
Eptifibatide,DB00063,Acute Coronary Syndrome,C0948089,Disease or Syndrome,Approved
Infliximab,DB00065,Crohn Disease,C0010346,Disease or Syndrome,Approved
Infliximab,DB00065,Ulcerative Colitis,C0009324,Disease or Syndrome,Approved
Infliximab,DB00065,Rheumatoid Arthritis,C0003873,Disease or Syndrome,Approved
Infliximab,DB00065,Ankylosing spondylitis,C0038013,Disease or Syndrome,Approved
Infliximab,DB00065,"Arthritis, Psoriatic",C0003872,Disease or Syndrome,Approved
Infliximab,DB00065,Chronic small plaque psoriasis,C0406317,Disease or Syndrome,Approved
Vasopressin,DB00067,Bedwetting,C0270327,Mental or Behavioral Dysfunction,Approved
Vasopressin,DB00067,von Willebrand Disease,C0042974,Disease or Syndrome,Approved
Vasopressin,DB00067,Hemophilia A,C0019069,Disease or Syndrome,Approved
Interferon beta-1b,DB00068,"Multiple Sclerosis, Relapsing-Remitting",C0751967,Disease or Syndrome,Approved
Trastuzumab,DB00072,HER2-positive carcinoma of breast,C1960398,Neoplastic Process,Approved
Trastuzumab,DB00072,Secondary malignant neoplasm of female breast,C0346993,Neoplastic Process,Approved
Trastuzumab,DB00072,Secondary malignant neoplasm of stomach,C0686068,Neoplastic Process,Approved
Rituximab,DB00073,"Lymphoma, Non-Hodgkin",C0024305,Neoplastic Process,Approved
Rituximab,DB00073,Chronic Lymphocytic Leukemia,C0023434,Neoplastic Process,Approved
Rituximab,DB00073,Rheumatoid Arthritis,C0003873,Disease or Syndrome,Approved
Basiliximab,DB00074,Renal transplant rejection,C0238217,Pathologic Function,Approved
Ibritumomab tiuxetan,DB00078,"Lymphoma, Follicular",C0024301,Neoplastic Process,Approved
Daptomycin,DB00080,Right-sided Staphylococcus aureus endocarditis,C1960924,Disease or Syndrome,Approved
Daptomycin,DB00080,Sepsis due to Staphylococcus aureus,C2887088,Disease or Syndrome,Approved
Pegvisomant,DB00082,Acromegaly,C0001206,Disease or Syndrome,Approved
Pancrelipase,DB00085,Exocrine pancreatic insufficiency,C0267963,Disease or Syndrome,Approved
Alemtuzumab,DB00087,"Multiple Sclerosis, Relapsing-Remitting",C0751967,Disease or Syndrome,Approved
Alglucerase,DB00088,"Gaucher Disease, Type 1",C1961835,Disease or Syndrome,Approved
Laronidase,DB00090,Mucopolysaccharidosis I,C0023786,Disease or Syndrome,Approved
Cyclosporine,DB00091,Rheumatoid Arthritis,C0003873,Disease or Syndrome,Approved
Cyclosporine,DB00091,Dry Eye Syndromes,C0013238,Disease or Syndrome,Approved
Cyclosporine,DB00091,Keratoconjunctivitis Sicca,C0022575,Disease or Syndrome,Approved
Alefacept,DB00092,Chronic small plaque psoriasis,C0406317,Disease or Syndrome,Approved
Efalizumab,DB00095,Chronic small plaque psoriasis,C0406317,Disease or Syndrome,Approved
Filgrastim,DB00099,Chemotherapy-induced neutropenia,C1827687,Pathologic Function,Approved
Filgrastim,DB00099,Congenital neutropenia,C0340970,Congenital Abnormality,Approved
Filgrastim,DB00099,Cyclic neutropenia,C0221023,Disease or Syndrome,Approved
Filgrastim,DB00099,Chronic idiopathic neutropenia,C2267231,Disease or Syndrome,Approved
Coagulation Factor IX,DB00100,Hemophilia B,C0008533,Disease or Syndrome,Approved
Becaplermin,DB00102,Neuropathic diabetic ulcer - foot,C0406526,Disease or Syndrome,Approved
Agalsidase beta,DB00103,Fabry Disease,C0002986,Disease or Syndrome,Approved
Octreotide,DB00104,Acromegaly,C0001206,Disease or Syndrome,Approved
Octreotide,DB00104,Malignant Carcinoid Syndrome,C0024586,Disease or Syndrome,Approved
Abarelix,DB00106,Ischemic priapism,C2711256,Disease or Syndrome,Approved
Oxytocin,DB00107,Unspecified Abortion,C0156543,Finding,Approved
Oxytocin,DB00107,Postpartum Hemorrhage,C0032797,Pathologic Function,Approved
Oxytocin,DB00107,Incomplete spontaneous abortion,C0000810,Pathologic Function,Approved
Natalizumab,DB00108,Multiple Sclerosis,C0026769,Disease or Syndrome,Approved
Natalizumab,DB00108,Crohn Disease,C0010346,Disease or Syndrome,Approved
Enfuvirtide,DB00109,HIV Infections,C0019693,Disease or Syndrome,Approved
Palivizumab,DB00110,Respiratory Syncytial Virus Infections,C0035235,Disease or Syndrome,Approved
Daclizumab,DB00111,Renal transplant rejection,C0238217,Pathologic Function,Approved
Daclizumab,DB00111,"Multiple Sclerosis, Relapsing-Remitting",C0751967,Disease or Syndrome,Approved
Bevacizumab,DB00112,Secondary malignant neoplasm of colon,C0346974,Neoplastic Process,Approved
Bevacizumab,DB00112,Nonsquamous nonsmall cell neoplasm of lung,C2585890,Neoplastic Process,Approved
Bevacizumab,DB00112,Glioblastoma Multiforme,C1621958,Neoplastic Process,Approved
Bevacizumab,DB00112,Metastatic Renal Cell Cancer,C0278678,Neoplastic Process,Approved
Bevacizumab,DB00112,Cervix carcinoma,C0302592,Neoplastic Process,Approved
Bevacizumab,DB00112,Malignant tumor of peritoneum,C0153467,Neoplastic Process,Approved
Bevacizumab,DB00112,Malignant epithelial tumor of ovary,C0346161,Neoplastic Process,Approved
Bevacizumab,DB00112,Malignant neoplasm of fallopian tube,C0153579,Neoplastic Process,Approved
Cyanocobalamin,DB00115,Megaloblastic anemia due to folate deficiency,C0151482,Disease or Syndrome,Approved
Cyanocobalamin,DB00115,"Anemia, Pernicious",C0002892,Disease or Syndrome,Approved
Cyanocobalamin,DB00115,Iron deficiency anemia,C0162316,Disease or Syndrome,Approved
Cyanocobalamin,DB00115,Vitamin Deficiency,C1510471,Disease or Syndrome,Approved
Cyanocobalamin,DB00115,Vitamin B 12 Deficiency,C0042847,Disease or Syndrome,Approved
Biotin,DB00121,Biotin deficiency disease,C2937225,Disease or Syndrome,Approved
Choline,DB00122,Sleeplessness,C0917801,Sign or Symptom,Approved
Vitamin C,DB00126,Breastfeeding (mother),C1623040,Finding,Approved
Vitamin C,DB00126,Vitamin Deficiency,C1510471,Disease or Syndrome,Approved
L-Aspartic Acid,DB00128,Hypokalemia,C0020621,Finding,Approved
L-Glutamine,DB00130,Short Bowel Syndrome,C0036992,Disease or Syndrome,Approved
Adenosine monophosphate,DB00131,Pulmonary Cystic Fibrosis,C0392164,Disease or Syndrome,Approved
L-Serine,DB00133,"Glaucoma, Open-Angle",C0017612,Disease or Syndrome,Approved
L-Serine,DB00133,Bacterial urinary infection,C0729524,Disease or Syndrome,Approved
L-Serine,DB00133,"Tuberculosis, Pulmonary",C0041327,Disease or Syndrome,Approved
L-Serine,DB00133,Acute tuberculosis,C0275959,Disease or Syndrome,Approved
L-Serine,DB00133,Escherichia coli urinary tract infection,C0577708,Disease or Syndrome,Approved
Calcitriol,DB00136,Chronic small plaque psoriasis,C0406317,Disease or Syndrome,Approved
Calcitriol,DB00136,Hypocalcemia,C0020598,Disease or Syndrome,Approved
Calcitriol,DB00136,Hypophosphatemia,C0085682,Disease or Syndrome,Approved
Calcitriol,DB00136,Renal Osteodystrophy,C0035086,Disease or Syndrome,Approved
Calcitriol,DB00136,Hypoparathyroidism,C0020626,Disease or Syndrome,Approved
Xanthophyll,DB00137,Age related macular degeneration,C0242383,Disease or Syndrome,Approved
Xanthophyll,DB00137,Dry Eye Syndromes,C0013238,Disease or Syndrome,Approved
Xanthophyll,DB00137,Meibomian gland dysfunction,C1275684,Disease or Syndrome,Approved
Succinic acid,DB00139,Iron deficiency anemia,C0162316,Disease or Syndrome,Approved
Riboflavin,DB00140,Mineral deficiency,C0687148,Disease or Syndrome,Approved
Riboflavin,DB00140,Vitamin Deficiency,C1510471,Disease or Syndrome,Approved
Glycine,DB00145,Rhinorrhea,C1260880,Sign or Symptom,Approved
Glycine,DB00145,Coughing,C0010200,Sign or Symptom,Approved
Glycine,DB00145,Nasal congestion (finding),C0027424,Sign or Symptom,Approved
Glycine,DB00145,Allergic rhinitis (disorder),C2607914,Disease or Syndrome,Approved
Glycine,DB00145,Rhinitis,C0035455,Disease or Syndrome,Approved
Glycine,DB00145,Common Cold,C0009443,Disease or Syndrome,Approved
Calcidiol,DB00146,Hypocalcemia,C0020598,Disease or Syndrome,Approved
Calcidiol,DB00146,Renal Osteodystrophy,C0035086,Disease or Syndrome,Approved
Calcidiol,DB00146,Rickets,C0035579,Disease or Syndrome,Approved
Calcidiol,DB00146,Hypophosphatemia,C0085682,Disease or Syndrome,Approved
L-Cysteine,DB00151,Bronchitis,C0006277,Disease or Syndrome,Approved
L-Cysteine,DB00151,Poisoning by acetaminophen,C0237963,Injury or Poisoning,Approved
L-Cysteine,DB00151,Amyloidosis,C0002726,Disease or Syndrome,Approved
L-Cysteine,DB00151,Pulmonary Cystic Fibrosis,C0392164,Disease or Syndrome,Approved
L-Cysteine,DB00151,Bronchiectasis,C0006267,Disease or Syndrome,Approved
Thiamine,DB00152,Vitamin B 12 Deficiency,C0042847,Disease or Syndrome,Approved
Thiamine,DB00152,Wernicke-Korsakoff Syndrome,C0349464,Mental or Behavioral Dysfunction,Approved
Thiamine,DB00152,Vitamin Deficiency,C1510471,Disease or Syndrome,Approved
Thiamine,DB00152,"Anemia, Pernicious",C0002892,Disease or Syndrome,Approved
Thiamine,DB00152,Thiamine Deficiency,C0039841,Disease or Syndrome,Approved
Thiamine,DB00152,Mineral deficiency,C0687148,Disease or Syndrome,Approved
Ergocalciferol,DB00153,Vitamin D Deficiency,C0042870,Disease or Syndrome,Approved
Ergocalciferol,DB00153,Osteomalacia,C0029442,Disease or Syndrome,Approved
Ergocalciferol,DB00153,Rickets,C0035579,Disease or Syndrome,Approved
Ergocalciferol,DB00153,Vitamin D-dependent rickets,C0221468,Disease or Syndrome,Approved
Ergocalciferol,DB00153,Vitamin Deficiency,C1510471,Disease or Syndrome,Approved
Ergocalciferol,DB00153,Osteoporosis,C0029456,Disease or Syndrome,Approved
Ergocalciferol,DB00153,Hypocalcemia,C0020598,Disease or Syndrome,Approved
Ergocalciferol,DB00153,"Osteoporosis, Postmenopausal",C0029458,Disease or Syndrome,Approved
Ergocalciferol,DB00153,"Vitamin D-Resistant Rickets, X-Linked",C3536984,Disease or Syndrome,Approved
Ergocalciferol,DB00153,Hypoparathyroidism,C0020626,Disease or Syndrome,Approved
Folic Acid,DB00158,Megaloblastic anemia due to folate deficiency,C0151482,Disease or Syndrome,Approved
Folic Acid,DB00158,Mineral deficiency,C0687148,Disease or Syndrome,Approved
Folic Acid,DB00158,Breastfeeding (mother),C1623040,Finding,Approved
Folic Acid,DB00158,Iron deficiency anemia,C0162316,Disease or Syndrome,Approved
Folic Acid,DB00158,Folic Acid Deficiency,C0016412,Disease or Syndrome,Approved
Folic Acid,DB00158,Vitamin Deficiency,C1510471,Disease or Syndrome,Approved
Icosapent,DB00159,Breastfeeding (mother),C1623040,Finding,Approved
Icosapent,DB00159,Hypertriglyceridemia,C0020557,Disease or Syndrome,Approved
Vitamin A,DB00162,Mineral deficiency,C0687148,Disease or Syndrome,Approved
Vitamin A,DB00162,Vitamin Deficiency,C1510471,Disease or Syndrome,Approved
Vitamin A,DB00162,Vitamin A Deficiency,C0042842,Disease or Syndrome,Approved
Vitamin E,DB00163,Vitamin E Deficiency,C0042875,Disease or Syndrome,Approved
Pyridoxine,DB00165,Breastfeeding (mother),C1623040,Finding,Approved
Pyridoxine,DB00165,"EPILEPSY, PYRIDOXINE-DEPENDENT",C1849508,Disease or Syndrome,Approved
Pyridoxine,DB00165,Vitamin B 6 Deficiency,C0936215,Disease or Syndrome,Approved
Lipoic Acid,DB00166,Diabetic peripheral neuropathy,C0740447,Disease or Syndrome,Approved
Cholecalciferol,DB00169,"Osteoporosis, Postmenopausal",C0029458,Disease or Syndrome,Approved
Cholecalciferol,DB00169,Hypoparathyroidism,C0020626,Disease or Syndrome,Approved
Cholecalciferol,DB00169,Rickets,C0035579,Disease or Syndrome,Approved
Cholecalciferol,DB00169,Hypocalcemia,C0020598,Disease or Syndrome,Approved
Cholecalciferol,DB00169,Vitamin Deficiency,C1510471,Disease or Syndrome,Approved
Cholecalciferol,DB00169,Osteomalacia,C0029442,Disease or Syndrome,Approved
Cholecalciferol,DB00169,Vitamin D-dependent rickets,C0221468,Disease or Syndrome,Approved
Cholecalciferol,DB00169,Osteoporosis,C0029456,Disease or Syndrome,Approved
Pravastatin,DB00175,Cerebrovascular accident,C0038454,Disease or Syndrome,Approved
Pravastatin,DB00175,Hyperlipoproteinemia Type III,C0020479,Disease or Syndrome,Approved
Pravastatin,DB00175,Familial hypercholesterolemia - heterozygous,C0342882,Disease or Syndrome,Approved
Pravastatin,DB00175,Hypercholesterolemia,C0020443,Disease or Syndrome,Approved
Pravastatin,DB00175,Hypertriglyceridemia,C0020557,Disease or Syndrome,Approved
Pravastatin,DB00175,"Hyperlipidemia, Familial Combined",C0020474,Disease or Syndrome,Approved
Pravastatin,DB00175,Arteriosclerosis,C0003850,Disease or Syndrome,Approved
Fluvoxamine,DB00176,Obsessive-Compulsive Disorder,C0028768,Mental or Behavioral Dysfunction,Approved
Fluvoxamine,DB00176,"Phobia, Social",C0031572,Mental or Behavioral Dysfunction,Approved
Valsartan,DB00177,Chronic heart failure,C0264716,Disease or Syndrome,Approved
Valsartan,DB00177,Hypertensive disease,C0020538,Disease or Syndrome,Approved
Ramipril,DB00178,Cerebrovascular accident,C0038454,Disease or Syndrome,Approved
Ramipril,DB00178,Chronic heart failure,C0264716,Disease or Syndrome,Approved
Ramipril,DB00178,Hypertensive disease,C0020538,Disease or Syndrome,Approved
Masoprocol,DB00179,Actinic keratosis,C0022602,Neoplastic Process,Approved
Flunisolide,DB00180,Allergic rhinitis (disorder),C2607914,Disease or Syndrome,Approved
Flunisolide,DB00180,Asthma,C0004096,Disease or Syndrome,Approved
Baclofen,DB00181,Muscle spasticity of spinal origin,C1562430,Finding,Approved
Amphetamine,DB00182,Obesity,C0028754,Disease or Syndrome,Approved
Amphetamine,DB00182,Attention deficit hyperactivity disorder,C1263846,Mental or Behavioral Dysfunction,Approved
Amphetamine,DB00182,Narcolepsy,C0027404,Disease or Syndrome,Approved
Nicotine,DB00184,Pellagra,C0030783,Disease or Syndrome,Approved
Nicotine,DB00184,Nicotine Dependence,C0028043,Mental or Behavioral Dysfunction,Approved
Lorazepam,DB00186,Lennox-Gastaut syndrome,C0238111,Disease or Syndrome,Approved
Lorazepam,DB00186,Absence Epilepsy,C0014553,Disease or Syndrome,Approved
Lorazepam,DB00186,"Epilepsies, Myoclonic",C0014550,Disease or Syndrome,Approved
Lorazepam,DB00186,Epileptic drop attack,C0270846,Disease or Syndrome,Approved
Lorazepam,DB00186,Anxiety,C0003467,Mental or Behavioral Dysfunction,Approved
Lorazepam,DB00186,Status Epilepticus,C0038220,Disease or Syndrome,Approved
Lorazepam,DB00186,Panic Disorder,C0030319,Mental or Behavioral Dysfunction,Approved
Esmolol,DB00187,Atrial Fibrillation,C0004238,Disease or Syndrome,Approved
Esmolol,DB00187,Supraventricular tachycardia,C0039240,Disease or Syndrome,Approved
Esmolol,DB00187,Perioperative hypertension,C3661921,Disease or Syndrome,Approved
Bortezomib,DB00188,Multiple Myeloma,C0026764,Neoplastic Process,Approved
Bortezomib,DB00188,"Malignant lymphoma, lymphocytic, intermediate differentiation, diffuse",C0334634,Neoplastic Process,Approved
Ethchlorvynol,DB00189,Sleeplessness,C0917801,Sign or Symptom,Approved
Carbidopa,DB00190,Parkinson Disease,C0030567,Disease or Syndrome,Approved
Carbidopa,DB00190,Parkinsonian Disorders,C0242422,Disease or Syndrome,Approved
Carbidopa,DB00190,"Parkinson Disease, Postencephalitic",C0030568,Disease or Syndrome,Approved
Phentermine,DB00191,Hypotension,C0020649,Finding,Approved
Phentermine,DB00191,Obesity,C0028754,Disease or Syndrome,Approved
Tramadol,DB00193,Chronic pain,C0150055,Sign or Symptom,Approved
Tramadol,DB00193,Degenerative polyarthritis,C0029408,Disease or Syndrome,Approved
Tramadol,DB00193,Pain,C0030193,Sign or Symptom,Approved
Vidarabine,DB00194,"Keratitis, Dendritic",C0022570,Disease or Syndrome,Approved
Vidarabine,DB00194,"Keratitis, Herpetic",C0019357,Disease or Syndrome,Approved
Betaxolol,DB00195,Hypertensive disease,C0020538,Disease or Syndrome,Approved
Betaxolol,DB00195,Ocular Hypertension,C0028840,Disease or Syndrome,Approved
Betaxolol,DB00195,"Glaucoma, Open-Angle",C0017612,Disease or Syndrome,Approved
Fluconazole,DB00196,Oropharyngeal candidiasis,C0919659,Disease or Syndrome,Approved
Fluconazole,DB00196,Septicemia candida,C0349009,Disease or Syndrome,Approved
Fluconazole,DB00196,"Candidiasis, Vulvovaginal",C0700345,Disease or Syndrome,Approved
Fluconazole,DB00196,Oral candidiasis,C0006849,Disease or Syndrome,Approved
Fluconazole,DB00196,Mucocutaneous candidiasis,C0006848,Disease or Syndrome,Approved
Fluconazole,DB00196,Candidiasis of the esophagus,C0239295,Disease or Syndrome,Approved
Fluconazole,DB00196,"Meningitis, Cryptococcal",C0085436,Disease or Syndrome,Approved
Fluconazole,DB00196,Candidemia,C0877445,Disease or Syndrome,Approved
Fluconazole,DB00196,Systemic candidiasis,C0153252,Disease or Syndrome,Approved
Oseltamivir,DB00198,Influenza,C0021400,Disease or Syndrome,Approved
Erythromycin,DB00199,Diphtheria,C0012546,Disease or Syndrome,Approved
Erythromycin,DB00199,Ophthalmia Neonatorum,C0029076,Disease or Syndrome,Approved
Erythromycin,DB00199,Infective otitis media,C0729586,Disease or Syndrome,Approved
Erythromycin,DB00199,Acute bacterial sinusitis,C0275556,Disease or Syndrome,Approved
Erythromycin,DB00199,Acute gonococcal endometritis,C0153196,Disease or Syndrome,Approved
Erythromycin,DB00199,Neonatal pneumonia,C0339968,Disease or Syndrome,Approved
Erythromycin,DB00199,"Pneumonia, Bacterial",C0004626,Disease or Syndrome,Approved
Erythromycin,DB00199,Chlamydial urethritis,C1278807,Disease or Syndrome,Approved
Erythromycin,DB00199,Gonorrhea of rectum,C0275665,Disease or Syndrome,Approved
Erythromycin,DB00199,Pneumococcal pharyngitis,C0275761,Disease or Syndrome,Approved
Erythromycin,DB00199,Acute gonococcal urethritis,C0275652,Disease or Syndrome,Approved
Erythromycin,DB00199,Staphylococcus aureus infection,C1318973,Disease or Syndrome,Approved
Erythromycin,DB00199,Legionnaires' Disease,C0023241,Disease or Syndrome,Approved
Erythromycin,DB00199,non-gonococcal urethritis (NGU),C1112709,Disease or Syndrome,Approved
Erythromycin,DB00199,Streptococcus pyogenes infection,C0554628,Disease or Syndrome,Approved
Erythromycin,DB00199,Listeriosis,C0023860,Disease or Syndrome,Approved
Erythromycin,DB00199,Inclusion conjunctivitis,C0009770,Disease or Syndrome,Approved
Erythromycin,DB00199,Chlamydial cervicitis,C0341834,Disease or Syndrome,Approved
Erythromycin,DB00199,Pertussis,C0043167,Disease or Syndrome,Approved
Erythromycin,DB00199,Erythrasma,C0014752,Disease or Syndrome,Approved
Erythromycin,DB00199,Infection of skin AND/OR subcutaneous tissue,C0178299,Disease or Syndrome,Approved
Erythromycin,DB00199,Streptococcal pneumonia,C0155862,Disease or Syndrome,Approved
Erythromycin,DB00199,Syphilis,C0039128,Disease or Syndrome,Approved
Erythromycin,DB00199,Chlamydial pneumonia,C0339959,Disease or Syndrome,Approved
Erythromycin,DB00199,Acute gonococcal cervicitis,C0153195,Disease or Syndrome,Approved
Erythromycin,DB00199,Acne Vulgaris,C0001144,Disease or Syndrome,Approved
Erythromycin,DB00199,Acute otitis media,C0271429,Disease or Syndrome,Approved
Erythromycin,DB00199,Mycoplasma pneumonia,C0032302,Disease or Syndrome,Approved
Erythromycin,DB00199,Gonorrhea,C0018081,Disease or Syndrome,Approved
Erythromycin,DB00199,Intraabdominal Infections,C1112209,Disease or Syndrome,Approved
Erythromycin,DB00199,Meningitis,C0025289,Disease or Syndrome,Approved
Erythromycin,DB00199,Cholangitis,C0008311,Disease or Syndrome,Approved
Erythromycin,DB00199,Bacterial sepsis,C0684256,Disease or Syndrome,Approved
Erythromycin,DB00199,Hepatic Coma,C0019147,Disease or Syndrome,Approved
Erythromycin,DB00199,Infection of bone,C2242472,Disease or Syndrome,Approved
Erythromycin,DB00199,Urinary tract infection,C0042029,Disease or Syndrome,Approved
Erythromycin,DB00199,Arthropathy associated with infection,C0157749,Disease or Syndrome,Approved
Hydroxocobalamin,DB00200,Vitamin B 12 Deficiency,C0042847,Disease or Syndrome,Approved
Hydroxocobalamin,DB00200,Toxic effect of cyanide,C0238080,Injury or Poisoning,Approved
Hydroxocobalamin,DB00200,"Anemia, Pernicious",C0002892,Disease or Syndrome,Approved
Caffeine,DB00201,Headache Disorders,C0393735,Disease or Syndrome,Approved
Caffeine,DB00201,Allergic rhinitis (disorder),C2607914,Disease or Syndrome,Approved
Caffeine,DB00201,Pain,C0030193,Sign or Symptom,Approved
Caffeine,DB00201,Vascular Headaches,C0042376,Disease or Syndrome,Approved
Caffeine,DB00201,Back Pain,C0004604,Sign or Symptom,Approved
Caffeine,DB00201,Cluster Headache,C0009088,Disease or Syndrome,Approved
Caffeine,DB00201,Arthralgia,C0003862,Sign or Symptom,Approved
Caffeine,DB00201,Influenza-like symptoms,C0392171,Sign or Symptom,Approved
Caffeine,DB00201,Common Cold,C0009443,Disease or Syndrome,Approved
Caffeine,DB00201,Muscle Spasticity,C0026838,Sign or Symptom,Approved
Caffeine,DB00201,Rhinorrhea,C1260880,Sign or Symptom,Approved
Caffeine,DB00201,Nasal congestion (finding),C0027424,Sign or Symptom,Approved
Caffeine,DB00201,Sinus headache,C0037195,Finding,Approved
Caffeine,DB00201,Dysmenorrhea,C0013390,Pathologic Function,Approved
Caffeine,DB00201,Tension Headache,C0033893,Disease or Syndrome,Approved
Caffeine,DB00201,Migraine Disorders,C0149931,Disease or Syndrome,Approved
Caffeine,DB00201,Apnea in the newborn,C0232058,Disease or Syndrome,Approved
Sildenafil,DB00203,Pulmonary arterial hypertension,C2973725,Disease or Syndrome,Approved
Sildenafil,DB00203,Erectile dysfunction,C0242350,Disease or Syndrome,Approved
Pyrimethamine,DB00205,Malaria,C0024530,Disease or Syndrome,Approved
Pyrimethamine,DB00205,Toxoplasmosis associated with AIDS,C1720498,Disease or Syndrome,Approved
Pyrimethamine,DB00205,Toxoplasmosis,C0040558,Disease or Syndrome,Approved
Reserpine,DB00206,Psychotic Disorders,C0033975,Mental or Behavioral Dysfunction,Approved
Reserpine,DB00206,Hypertensive disease,C0020538,Disease or Syndrome,Approved
Azithromycin,DB00207,Pulmonary Mycobacterium avium complex infection,C2733595,Disease or Syndrome,Approved
Azithromycin,DB00207,Streptococcal tonsillitis,C0275804,Disease or Syndrome,Approved
Azithromycin,DB00207,Pneumonia due to Staphylococcus aureus,C2349530,Disease or Syndrome,Approved
Azithromycin,DB00207,Acute bacterial bronchitis,C0339933,Disease or Syndrome,Approved
Azithromycin,DB00207,Infective otitis media,C0729586,Disease or Syndrome,Approved
Azithromycin,DB00207,Chlamydial pneumonia,C0339959,Disease or Syndrome,Approved
Azithromycin,DB00207,Chlamydial urethritis,C1278807,Disease or Syndrome,Approved
Azithromycin,DB00207,Streptococcus pyogenes infection,C0554628,Disease or Syndrome,Approved
Azithromycin,DB00207,Acute gonococcal cervicitis,C0153195,Disease or Syndrome,Approved
Azithromycin,DB00207,Legionella pneumophila pneumonia,C0857846,Disease or Syndrome,Approved
Azithromycin,DB00207,Acute gonococcal urethritis,C0275652,Disease or Syndrome,Approved
Azithromycin,DB00207,Chancroids,C0007947,Disease or Syndrome,Approved
Azithromycin,DB00207,Bacterial conjunctivitis,C0009768,Disease or Syndrome,Approved
Azithromycin,DB00207,"Pneumonia, Bacterial",C0004626,Disease or Syndrome,Approved
Azithromycin,DB00207,Chlamydial pelvic inflammatory disease,C0520777,Disease or Syndrome,Approved
Azithromycin,DB00207,Chlamydial cervicitis,C0341834,Disease or Syndrome,Approved
Azithromycin,DB00207,Streptococcal pneumonia,C0155862,Disease or Syndrome,Approved
Azithromycin,DB00207,Mycoplasma pneumonia,C0032302,Disease or Syndrome,Approved
Azithromycin,DB00207,Staphylococcus aureus infection,C1318973,Disease or Syndrome,Approved
Azithromycin,DB00207,Moraxella catarrhalis pneumonia,C0857831,Disease or Syndrome,Approved
Azithromycin,DB00207,Acute bacterial sinusitis,C0275556,Disease or Syndrome,Approved
Azithromycin,DB00207,Pelvic inflammatory disease due to Mycoplasma hominis,C1261256,Disease or Syndrome,Approved
Azithromycin,DB00207,Haemophilus influenzae pneumonia,C0276026,Disease or Syndrome,Approved
Azithromycin,DB00207,Acute exacerbation of chronic bronchitis,C0856695,Disease or Syndrome,Approved
Ticlopidine,DB00208,Cerebrovascular Occlusion,C0596298,Disease or Syndrome,Approved
Trospium,DB00209,Urge Incontinence,C0150045,Finding,Approved
Trospium,DB00209,Bladder muscle dysfunction - overactive,C0403643,Disease or Syndrome,Approved
Trospium,DB00209,Increased frequency of micturition,C0042023,Finding,Approved
Trospium,DB00209,Urgency of micturition,C0085606,Disease or Syndrome,Approved
Adapalene,DB00210,Acne Vulgaris,C0001144,Disease or Syndrome,Approved
Midodrine,DB00211,"Hypotension, Orthostatic",C0020651,Finding,Approved
Pantoprazole,DB00213,Erosive esophagitis,C0267055,Disease or Syndrome,Approved
Pantoprazole,DB00213,Zollinger-Ellison syndrome,C0043515,Disease or Syndrome,Approved
Pantoprazole,DB00213,Gastroesophageal reflux disease,C0017168,Disease or Syndrome,Approved
Pantoprazole,DB00213,Multiple Endocrine Neoplasia,C0027662,Neoplastic Process,Approved
Pantoprazole,DB00213,Peptic Ulcer,C0030920,Disease or Syndrome,Approved
Torasemide,DB00214,Hypertensive disease,C0020538,Disease or Syndrome,Approved
Torasemide,DB00214,Edema,C0013604,Finding,Approved
Torasemide,DB00214,Decompensated cardiac failure,C0581377,Disease or Syndrome,Approved
Torasemide,DB00214,Renal disease with edema NOS,C0866125,Disease or Syndrome,Approved
Citalopram,DB00215,Generalized Anxiety Disorder,C0270549,Mental or Behavioral Dysfunction,Approved
Citalopram,DB00215,Major Depressive Disorder,C1269683,Mental or Behavioral Dysfunction,Approved
Citalopram,DB00215,Depressive disorder,C0011581,Mental or Behavioral Dysfunction,Approved
Eletriptan,DB00216,Migraine Disorders,C0149931,Disease or Syndrome,Approved
Moxifloxacin,DB00218,Chlamydial pneumonia,C0339959,Disease or Syndrome,Approved
Moxifloxacin,DB00218,Acute bacterial sinusitis,C0275556,Disease or Syndrome,Approved
Moxifloxacin,DB00218,Acute exacerbation of chronic bronchitis,C0856695,Disease or Syndrome,Approved
Moxifloxacin,DB00218,Moraxella catarrhalis pneumonia,C0857831,Disease or Syndrome,Approved
Moxifloxacin,DB00218,Bacterial infection due to Klebsiella pneumoniae,C0343402,Disease or Syndrome,Approved
Moxifloxacin,DB00218,Mycoplasma pneumonia,C0032302,Disease or Syndrome,Approved
Moxifloxacin,DB00218,Haemophilus influenzae pneumonia,C0276026,Disease or Syndrome,Approved
Moxifloxacin,DB00218,Enterobacteriaceae Infections,C0014347,Disease or Syndrome,Approved
Moxifloxacin,DB00218,Abdominal Abscess,C0243001,Disease or Syndrome,Approved
Moxifloxacin,DB00218,Staphylococcus aureus infection,C1318973,Disease or Syndrome,Approved
Moxifloxacin,DB00218,Streptococcus pyogenes infection,C0554628,Disease or Syndrome,Approved
Moxifloxacin,DB00218,Infection of skin AND/OR subcutaneous tissue,C0178299,Disease or Syndrome,Approved
Moxifloxacin,DB00218,Staphylococcal Pneumonia,C0032308,Disease or Syndrome,Approved
Moxifloxacin,DB00218,Peritonitis,C0031154,Disease or Syndrome,Approved
Moxifloxacin,DB00218,Pneumonia due to Klebsiella pneumoniae,C0519030,Disease or Syndrome,Approved
Moxifloxacin,DB00218,"Pneumonia, Bacterial",C0004626,Disease or Syndrome,Approved
Moxifloxacin,DB00218,Streptococcal pneumonia,C0155862,Disease or Syndrome,Approved
Moxifloxacin,DB00218,Intraabdominal Infections,C1112209,Disease or Syndrome,Approved
Moxifloxacin,DB00218,Bacterial conjunctivitis,C0009768,Disease or Syndrome,Approved
Moxifloxacin,DB00218,Rhinoscleroma,C0035468,Disease or Syndrome,Approved
Moxifloxacin,DB00218,Pneumonic Plague,C0524688,Disease or Syndrome,Approved
Moxifloxacin,DB00218,"Plague, Septicemic",C0152936,Disease or Syndrome,Approved
Nelfinavir,DB00220,HIV Infections,C0019693,Disease or Syndrome,Approved
Glimepiride,DB00222,"Diabetes Mellitus, Non-Insulin-Dependent",C0011860,Disease or Syndrome,Approved
Diflorasone,DB00223,Pruritus Ani,C0033775,Sign or Symptom,Approved
Diflorasone,DB00223,Granuloma Annulare,C0085074,Disease or Syndrome,Approved
Diflorasone,DB00223,Chronic small plaque psoriasis,C0406317,Disease or Syndrome,Approved
Diflorasone,DB00223,Exanthema,C0015230,Sign or Symptom,Approved
Diflorasone,DB00223,Pruritus of genital organs,C0033777,Sign or Symptom,Approved
Diflorasone,DB00223,"Lymphoma, T-Cell, Cutaneous",C0079773,Neoplastic Process,Approved
Diflorasone,DB00223,"Lupus Erythematosus, Discoid",C0024138,Disease or Syndrome,Approved
Diflorasone,DB00223,Lichen Simplex Chronicus,C0149922,Disease or Syndrome,Approved
Diflorasone,DB00223,Contact Dermatitis,C0011616,Disease or Syndrome,Approved
Diflorasone,DB00223,Scalp psoriasis,C0406326,Disease or Syndrome,Approved
Diflorasone,DB00223,Seborrheic dermatitis,C0036508,Disease or Syndrome,Approved
Diflorasone,DB00223,"Dermatitis, Atopic",C0011615,Disease or Syndrome,Approved
Indinavir,DB00224,HIV Infections,C0019693,Disease or Syndrome,Approved
Guanadrel,DB00226,Hypertensive disease,C0020538,Disease or Syndrome,Approved
Lovastatin,DB00227,Familial hypercholesterolemia - heterozygous,C0342882,Disease or Syndrome,Approved
Lovastatin,DB00227,Hyperlipidemia,C0020473,Disease or Syndrome,Approved
Lovastatin,DB00227,Hypercholesterolemia,C0020443,Disease or Syndrome,Approved
Lovastatin,DB00227,Hypoalphalipoproteinemias,C0473527,Disease or Syndrome,Approved
Lovastatin,DB00227,"Hyperlipidemia, Familial Combined",C0020474,Disease or Syndrome,Approved
Lovastatin,DB00227,Hypertriglyceridemia,C0020557,Disease or Syndrome,Approved
Lovastatin,DB00227,Arteriosclerosis,C0003850,Disease or Syndrome,Approved
Pregabalin,DB00230,Diabetic peripheral neuropathy,C0740447,Disease or Syndrome,Approved
Pregabalin,DB00230,Fibromyalgia,C0016053,Disease or Syndrome,Approved
Pregabalin,DB00230,Postherpetic neuralgia,C0032768,Disease or Syndrome,Approved
Pregabalin,DB00230,Generalized Anxiety Disorder,C0270549,Mental or Behavioral Dysfunction,Approved
Temazepam,DB00231,Sleeplessness,C0917801,Sign or Symptom,Approved
Methyclothiazide,DB00232,Hypertensive disease,C0020538,Disease or Syndrome,Approved
Methyclothiazide,DB00232,Renal disease with edema NOS,C0866125,Disease or Syndrome,Approved
Methyclothiazide,DB00232,Edema,C0013604,Finding,Approved
Aminosalicylic Acid,DB00233,Acute tuberculosis,C0275959,Disease or Syndrome,Approved
Aminosalicylic Acid,DB00233,"Tuberculosis, Pulmonary",C0041327,Disease or Syndrome,Approved
Reboxetine,DB00234,Major Depressive Disorder,C1269683,Mental or Behavioral Dysfunction,Approved
Milrinone,DB00235,Decompensated cardiac failure,C0581377,Disease or Syndrome,Approved
Butabarbital,DB00237,Severe anxiety (panic),C0231403,Finding,Approved
Butabarbital,DB00237,Dysuria,C0013428,Sign or Symptom,Approved
Butabarbital,DB00237,Sleeplessness,C0917801,Sign or Symptom,Approved
Nevirapine,DB00238,HIV Infections,C0019693,Disease or Syndrome,Approved
Oxiconazole,DB00239,Tinea corporis (disorder),C0040252,Disease or Syndrome,Approved
Oxiconazole,DB00239,Tinea Versicolor,C0040262,Disease or Syndrome,Approved
Oxiconazole,DB00239,Tinea cruris,C1384589,Disease or Syndrome,Approved
Oxiconazole,DB00239,Tinea Pedis,C0040259,Disease or Syndrome,Approved
Alclometasone,DB00240,Contact Dermatitis,C0011616,Disease or Syndrome,Approved
Alclometasone,DB00240,Exanthema,C0015230,Sign or Symptom,Approved
Alclometasone,DB00240,"Lymphoma, T-Cell, Cutaneous",C0079773,Neoplastic Process,Approved
Alclometasone,DB00240,Chronic small plaque psoriasis,C0406317,Disease or Syndrome,Approved
Alclometasone,DB00240,Pruritus Ani,C0033775,Sign or Symptom,Approved
Alclometasone,DB00240,Lichen Simplex Chronicus,C0149922,Disease or Syndrome,Approved
Alclometasone,DB00240,"Dermatitis, Atopic",C0011615,Disease or Syndrome,Approved
Alclometasone,DB00240,Granuloma Annulare,C0085074,Disease or Syndrome,Approved
Alclometasone,DB00240,Seborrheic dermatitis,C0036508,Disease or Syndrome,Approved
Alclometasone,DB00240,Scalp psoriasis,C0406326,Disease or Syndrome,Approved
Alclometasone,DB00240,"Lupus Erythematosus, Discoid",C0024138,Disease or Syndrome,Approved
Alclometasone,DB00240,Pruritus of genital organs,C0033777,Sign or Symptom,Approved
Butalbital,DB00241,Tension Headache,C0033893,Disease or Syndrome,Approved
Cladribine,DB00242,Hairy Cell Leukemia,C0023443,Neoplastic Process,Approved
Ranolazine,DB00243,Angina Pectoris,C0002962,Finding,Approved
Mesalazine,DB00244,Chronic ulcerative proctitis,C2937222,Disease or Syndrome,Approved
Mesalazine,DB00244,Ulcerative Colitis,C0009324,Disease or Syndrome,Approved
Mesalazine,DB00244,Ulcerative colitis in remission,C3697010,Disease or Syndrome,Approved
Mesalazine,DB00244,Chronic ulcerative rectosigmoiditis,C0267390,Disease or Syndrome,Approved
Benzatropine,DB00245,Extrapyramidal Disorders,C0015371,Disease or Syndrome,Approved
Benzatropine,DB00245,"Parkinson Disease, Postencephalitic",C0030568,Disease or Syndrome,Approved
Benzatropine,DB00245,Parkinson Disease,C0030567,Disease or Syndrome,Approved
Benzatropine,DB00245,Parkinsonian Disorders,C0242422,Disease or Syndrome,Approved
Ziprasidone,DB00246,Bipolar disorder in remission,C0270425,Mental or Behavioral Dysfunction,Approved
Ziprasidone,DB00246,Schizophrenia,C0036341,Mental or Behavioral Dysfunction,Approved
Ziprasidone,DB00246,Mixed bipolar I disorder,C0236780,Mental or Behavioral Dysfunction,Approved
Ziprasidone,DB00246,"Bipolar affective disorder, current episode manic",C0338873,Mental or Behavioral Dysfunction,Approved
Cabergoline,DB00248,Hyperprolactinemia,C0020514,Disease or Syndrome,Approved
Idoxuridine,DB00249,"Keratitis, Herpetic",C0019357,Disease or Syndrome,Approved
Dapsone,DB00250,Acne Vulgaris,C0001144,Disease or Syndrome,Approved
Dapsone,DB00250,Leprosy,C0023343,Disease or Syndrome,Approved
Dapsone,DB00250,Dermatitis Herpetiformis,C0011608,Disease or Syndrome,Approved
Terconazole,DB00251,"Candidiasis, Vulvovaginal",C0700345,Disease or Syndrome,Approved
Phenytoin,DB00252,Status Epilepticus,C0038220,Disease or Syndrome,Approved
Phenytoin,DB00252,Epilepsy characterized by intractable complex partial seizures,C2711653,Disease or Syndrome,Approved
Phenytoin,DB00252,Epilepsy,C0014544,Disease or Syndrome,Approved
Phenytoin,DB00252,Motor cortex epilepsy,C0234978,Disease or Syndrome,Approved
Phenytoin,DB00252,"Epilepsies, Partial",C0014547,Disease or Syndrome,Approved
Phenytoin,DB00252,Tonic - clonic seizures,C0494475,Disease or Syndrome,Approved
Phenytoin,DB00252,Lennox-Gastaut syndrome,C0238111,Disease or Syndrome,Approved
Phenytoin,DB00252,Tonic-Clonic Epilepsy,C0014549,Disease or Syndrome,Approved
Phenytoin,DB00252,Bipolar disorder in remission,C0270425,Mental or Behavioral Dysfunction,Approved
Phenytoin,DB00252,Simple Partial Seizures,C0234974,Disease or Syndrome,Approved
Medrysone,DB00253,Rosacea,C0035854,Disease or Syndrome,Approved
Medrysone,DB00253,Iritis,C0022081,Disease or Syndrome,Approved
Medrysone,DB00253,Punctate keratopathy,C0423234,Finding,Approved
Medrysone,DB00253,Iridocyclitis,C0022073,Disease or Syndrome,Approved
Medrysone,DB00253,Corneal abrasion,C0010032,Injury or Poisoning,Approved
Medrysone,DB00253,Uveitis,C0042164,Disease or Syndrome,Approved
Medrysone,DB00253,Herpes zoster keratitis,C1275687,Disease or Syndrome,Approved
Medrysone,DB00253,Corneal Ulcer,C0010043,Disease or Syndrome,Approved
Medrysone,DB00253,Cyclitis,C0010543,Disease or Syndrome,Approved
Medrysone,DB00253,Allergic Conjunctivitis,C0009766,Disease or Syndrome,Approved
Doxycycline,DB00254,Acne Vulgaris,C0001144,Disease or Syndrome,Approved
Doxycycline,DB00254,Infection of skin AND/OR subcutaneous tissue,C0178299,Disease or Syndrome,Approved
Doxycycline,DB00254,Brucellosis,C0006309,Disease or Syndrome,Approved
Doxycycline,DB00254,Scrub Typhus,C0036472,Disease or Syndrome,Approved
Doxycycline,DB00254,Lymphogranuloma Venereum,C0024286,Disease or Syndrome,Approved
Doxycycline,DB00254,Rocky Mountain Spotted Fever,C0035793,Disease or Syndrome,Approved
Doxycycline,DB00254,Acute gonococcal cervicitis,C0153195,Disease or Syndrome,Approved
Doxycycline,DB00254,Chlamydia trachomatis infection of genital structure,C1997322,Disease or Syndrome,Approved
Doxycycline,DB00254,Cutaneous anthrax,C0003177,Disease or Syndrome,Approved
Doxycycline,DB00254,Q Fever,C0034362,Disease or Syndrome,Approved
Doxycycline,DB00254,Acute gonococcal urethritis,C0275652,Disease or Syndrome,Approved
Doxycycline,DB00254,Actinomycosis,C0001261,Disease or Syndrome,Approved
Doxycycline,DB00254,Endemic Flea-Borne Typhus,C0041472,Disease or Syndrome,Approved
Doxycycline,DB00254,TYPHUS,C0041471,Disease or Syndrome,Approved
Doxycycline,DB00254,Anthrax disease,C0003175,Disease or Syndrome,Approved
Doxycycline,DB00254,Cholera,C0008354,Disease or Syndrome,Approved
Doxycycline,DB00254,Tularemia,C0041351,Disease or Syndrome,Approved
Doxycycline,DB00254,Chancroids,C0007947,Disease or Syndrome,Approved
Doxycycline,DB00254,GONOCOCCAL INFECTION DISSEMINATED,C0744451,Disease or Syndrome,Approved
Doxycycline,DB00254,non-gonococcal urethritis (NGU),C1112709,Disease or Syndrome,Approved
Doxycycline,DB00254,Pharyngitis,C0031350,Disease or Syndrome,Approved
Doxycycline,DB00254,Sinusitis,C0037199,Disease or Syndrome,Approved
Doxycycline,DB00254,Trachoma,C0040592,Disease or Syndrome,Approved
Doxycycline,DB00254,Boutonneuse Fever,C0006060,Disease or Syndrome,Approved
Doxycycline,DB00254,Gonorrhea of rectum,C0275665,Disease or Syndrome,Approved
Doxycycline,DB00254,Yaws,C0043388,Disease or Syndrome,Approved
Doxycycline,DB00254,Q fever endocarditis,C0340354,Disease or Syndrome,Approved
Doxycycline,DB00254,Gonorrhea,C0018081,Disease or Syndrome,Approved
Doxycycline,DB00254,Brill-Zinsser Disease,C0006181,Disease or Syndrome,Approved
Doxycycline,DB00254,Listeriosis,C0023860,Disease or Syndrome,Approved
Doxycycline,DB00254,Rickettsia Infections,C0035585,Disease or Syndrome,Approved
Doxycycline,DB00254,Gonorrhea of pharynx,C0149966,Disease or Syndrome,Approved
Doxycycline,DB00254,"Typhus, Epidemic Louse-Borne",C0041473,Disease or Syndrome,Approved
Doxycycline,DB00254,Rickettsialpox,C0035597,Disease or Syndrome,Approved
Doxycycline,DB00254,Acute gonococcal endometritis,C0153196,Disease or Syndrome,Approved
Doxycycline,DB00254,Acute gonococcal epididymo-orchitis,C0153193,Disease or Syndrome,Approved
Doxycycline,DB00254,Inhalational anthrax,C0155866,Disease or Syndrome,Approved
Doxycycline,DB00254,Gastrointestinal anthrax,C0152945,Disease or Syndrome,Approved
Doxycycline,DB00254,Syphilis,C0039128,Disease or Syndrome,Approved
Doxycycline,DB00254,Granuloma Inguinale,C0018190,Disease or Syndrome,Approved
Doxycycline,DB00254,Mycoplasma pneumonia,C0032302,Disease or Syndrome,Approved
Doxycycline,DB00254,Bronchitis,C0006277,Disease or Syndrome,Approved
Doxycycline,DB00254,Bartonella Infections,C0004771,Disease or Syndrome,Approved
Doxycycline,DB00254,Psittacosis,C0029291,Disease or Syndrome,Approved
Doxycycline,DB00254,Relapsing Fever,C0035021,Disease or Syndrome,Approved
Doxycycline,DB00254,"Pneumonia, Bacterial",C0004626,Disease or Syndrome,Approved
Doxycycline,DB00254,Chlamydia Infections,C0008149,Disease or Syndrome,Approved
Clotrimazole,DB00257,"Candidiasis, Vulvovaginal",C0700345,Disease or Syndrome,Approved
Clotrimazole,DB00257,Diaper Rash,C0011974,Disease or Syndrome,Approved
Clotrimazole,DB00257,Oropharyngeal candidiasis,C0919659,Disease or Syndrome,Approved
Clotrimazole,DB00257,Tinea corporis (disorder),C0040252,Disease or Syndrome,Approved
Clotrimazole,DB00257,Cutaneous Candidiasis,C0006846,Disease or Syndrome,Approved
Clotrimazole,DB00257,Oral candidiasis,C0006849,Disease or Syndrome,Approved
Clotrimazole,DB00257,Tinea cruris,C1384589,Disease or Syndrome,Approved
Clotrimazole,DB00257,Tinea Pedis,C0040259,Disease or Syndrome,Approved
Clotrimazole,DB00257,Tinea Versicolor,C0040262,Disease or Syndrome,Approved
Calcium Acetate,DB00258,Disorder of electrolytes,C1704431,Pathologic Function,Approved
Calcium Acetate,DB00258,Hypermagnesemia,C0151714,Disease or Syndrome,Approved
Calcium Acetate,DB00258,Cardiac Arrest,C0018790,Disease or Syndrome,Approved
Calcium Acetate,DB00258,Hypocalcemia,C0020598,Disease or Syndrome,Approved
Calcium Acetate,DB00258,Hyperkalemia,C0020461,Finding,Approved
Calcium Acetate,DB00258,Hypocalcemic tetany,C0151940,Disease or Syndrome,Approved
Sulfanilamide,DB00259,Vulvovaginitis,C0042998,Disease or Syndrome,Approved
Sulfanilamide,DB00259,"Candidiasis, Vulvovaginal",C0700345,Disease or Syndrome,Approved
Cycloserine,DB00260,Escherichia coli urinary tract infection,C0577708,Disease or Syndrome,Approved
Cycloserine,DB00260,"Tuberculosis, Pulmonary",C0041327,Disease or Syndrome,Approved
Cycloserine,DB00260,Acute tuberculosis,C0275959,Disease or Syndrome,Approved
Cycloserine,DB00260,Bacterial urinary infection,C0729524,Disease or Syndrome,Approved
Anagrelide,DB00261,"Thrombocythemia, Essential",C0040028,Disease or Syndrome,Approved
Carmustine,DB00262,Malignant neoplasm of brain,C0153633,Neoplastic Process,Approved
Carmustine,DB00262,Multiple Myeloma,C0026764,Neoplastic Process,Approved
Carmustine,DB00262,Hodgkin Disease,C0019829,Neoplastic Process,Approved
Carmustine,DB00262,Diffuse Large B-Cell Lymphoma,C0079744,Neoplastic Process,Approved
Carmustine,DB00262,"Lymphoma, Non-Hodgkin",C0024305,Neoplastic Process,Approved
Carmustine,DB00262,Malignant Glioma,C0555198,Neoplastic Process,Approved
Carmustine,DB00262,Glioblastoma multiforme of brain,C0349543,Neoplastic Process,Approved
Sulfisoxazole,DB00263,Chlamydial cervicitis,C0341834,Disease or Syndrome,Approved
Sulfisoxazole,DB00263,Infective otitis media,C0729586,Disease or Syndrome,Approved
Sulfisoxazole,DB00263,Chancroids,C0007947,Disease or Syndrome,Approved
Sulfisoxazole,DB00263,Meningococcal meningitis,C0025294,Disease or Syndrome,Approved
Sulfisoxazole,DB00263,Acute otitis media,C0271429,Disease or Syndrome,Approved
Sulfisoxazole,DB00263,Nocardia Infections,C0028242,Disease or Syndrome,Approved
Sulfisoxazole,DB00263,"Malaria, Falciparum",C0024535,Disease or Syndrome,Approved
Sulfisoxazole,DB00263,Trachoma,C0040592,Disease or Syndrome,Approved
Sulfisoxazole,DB00263,Inclusion conjunctivitis,C0009770,Disease or Syndrome,Approved
Sulfisoxazole,DB00263,Chlamydial urethritis,C1278807,Disease or Syndrome,Approved
Sulfisoxazole,DB00263,Urinary tract infection,C0042029,Disease or Syndrome,Approved
Metoprolol,DB00264,Hypertensive disease,C0020538,Disease or Syndrome,Approved
Metoprolol,DB00264,Myocardial Infarction,C0027051,Disease or Syndrome,Approved
Metoprolol,DB00264,Acute Coronary Syndrome,C0948089,Disease or Syndrome,Approved
Metoprolol,DB00264,Angina Pectoris,C0002962,Finding,Approved
Metoprolol,DB00264,Chronic heart failure,C0264716,Disease or Syndrome,Approved
Crotamiton,DB00265,Scabies <infestation>,C0036262,Disease or Syndrome,Approved
Crotamiton,DB00265,Pruritus,C0033774,Sign or Symptom,Approved
Dicoumarol,DB00266,Myocardial Infarction,C0027051,Disease or Syndrome,Approved
Dicoumarol,DB00266,Thromboembolism,C0040038,Pathologic Function,Approved
Dicoumarol,DB00266,Thrombosis,C0040053,Pathologic Function,Approved
Dicoumarol,DB00266,Cerebral Embolism,C0007780,Disease or Syndrome,Approved
Ropinirole,DB00268,Parkinson Disease,C0030567,Disease or Syndrome,Approved
Ropinirole,DB00268,Restless Legs Syndrome,C0035258,Disease or Syndrome,Approved
Isradipine,DB00270,Hypertensive disease,C0020538,Disease or Syndrome,Approved
Topiramate,DB00273,Tonic-Clonic Epilepsy,C0014549,Disease or Syndrome,Approved
Topiramate,DB00273,Epilepsy characterized by intractable complex partial seizures,C2711653,Disease or Syndrome,Approved
Topiramate,DB00273,Lennox-Gastaut syndrome,C0238111,Disease or Syndrome,Approved
Topiramate,DB00273,Simple Partial Seizures,C0234974,Disease or Syndrome,Approved
Cefmetazole,DB00274,Pneumonia,C0032285,Disease or Syndrome,Approved
Cefmetazole,DB00274,Staphylococcal Pneumonia,C0032308,Disease or Syndrome,Approved
Cefmetazole,DB00274,Infection of skin AND/OR subcutaneous tissue,C0178299,Disease or Syndrome,Approved
Cefmetazole,DB00274,Pneumonia due to Escherichia coli,C0276089,Disease or Syndrome,Approved
Cefmetazole,DB00274,Urinary tract infection,C0042029,Disease or Syndrome,Approved
Cefmetazole,DB00274,Intraabdominal Infections,C1112209,Disease or Syndrome,Approved
Cefmetazole,DB00274,Haemophilus influenzae pneumonia,C0276026,Disease or Syndrome,Approved
Cefmetazole,DB00274,Lower respiratory tract infection,C0149725,Disease or Syndrome,Approved
Olmesartan,DB00275,Hypertensive disease,C0020538,Disease or Syndrome,Approved
Theophylline,DB00277,Lung diseases,C0024115,Disease or Syndrome,Approved
Theophylline,DB00277,Status Asthmaticus,C0038218,Disease or Syndrome,Approved
Theophylline,DB00277,Asthma night-time symptoms,C1273489,Finding,Approved
Theophylline,DB00277,Asthma,C0004096,Disease or Syndrome,Approved
Theophylline,DB00277,Bronchitis,C0006277,Disease or Syndrome,Approved
Theophylline,DB00277,Pulmonary Emphysema,C0034067,Disease or Syndrome,Approved
Theophylline,DB00277,Asthma-chronic obstructive pulmonary disease overlap syndrome,C4038730,Disease or Syndrome,Approved
Theophylline,DB00277,Bronchial Spasm,C0006266,Disease or Syndrome,Approved
Theophylline,DB00277,Asthma attack,C0347950,Disease or Syndrome,Approved
Argatroban,DB00278,Heparin-induced thrombocytopenia with thrombosis,C0272275,Disease or Syndrome,Approved
Liothyronine,DB00279,Malignant neoplasm of thyroid,C0007115,Neoplastic Process,Approved
Liothyronine,DB00279,Endemic goiter,C0018022,Disease or Syndrome,Approved
Liothyronine,DB00279,Myxedema,C0027145,Disease or Syndrome,Approved
Liothyronine,DB00279,Congenital Hypothyroidism,C0010308,Congenital Abnormality,Approved
Liothyronine,DB00279,Goiter,C0018021,Pathologic Function,Approved
Liothyronine,DB00279,Hypothyroidism,C0020676,Disease or Syndrome,Approved
Liothyronine,DB00279,Myxedema coma,C0238298,Disease or Syndrome,Approved
Disopyramide,DB00280,Ventricular arrhythmia,C0085612,Disease or Syndrome,Approved
Lidocaine,DB00281,Ventricular arrhythmia,C0085612,Disease or Syndrome,Approved
Lidocaine,DB00281,Scabies <infestation>,C0036262,Disease or Syndrome,Approved
Lidocaine,DB00281,Infestation by Phthirus pubis,C0030759,Disease or Syndrome,Approved
Lidocaine,DB00281,Pruritus Ani,C0033775,Sign or Symptom,Approved
Lidocaine,DB00281,Pruritus,C0033774,Sign or Symptom,Approved
Lidocaine,DB00281,Postherpetic neuralgia,C0032768,Disease or Syndrome,Approved
Lidocaine,DB00281,Skin irritation,C0152030,Finding,Approved
Lidocaine,DB00281,Hemorrhoids,C0019112,Disease or Syndrome,Approved
Lidocaine,DB00281,Urethritis,C0041976,Disease or Syndrome,Approved
Lidocaine,DB00281,Pediculus capitis infestation,C0030757,Disease or Syndrome,Approved
Lidocaine,DB00281,Neuralgia,C0027796,Sign or Symptom,Approved
Lidocaine,DB00281,Mouth irritation,C0235339,Finding,Approved
Lidocaine,DB00281,Premature Ejaculation,C0033038,Pathologic Function,Approved
Pamidronate,DB00282,Humoral hypercalcemia of malignancy (disorder),C0149911,Disease or Syndrome,Approved
Pamidronate,DB00282,Osteolytic Lesions of Multiple Myeloma,C3898069,Finding,Approved
Pamidronate,DB00282,Osteitis Deformans,C0029401,Disease or Syndrome,Approved
Clemastine,DB00283,Nasal congestion (finding),C0027424,Sign or Symptom,Approved
Clemastine,DB00283,Symptomatic dermographism,C0343065,Disease or Syndrome,Approved
Clemastine,DB00283,Sneezing,C0037383,Finding,Approved
Clemastine,DB00283,Urticaria,C0042109,Disease or Syndrome,Approved
Clemastine,DB00283,Allergic rhinitis (disorder),C2607914,Disease or Syndrome,Approved
Clemastine,DB00283,Pruritus,C0033774,Sign or Symptom,Approved
Clemastine,DB00283,Allergic Conjunctivitis,C0009766,Disease or Syndrome,Approved
Clemastine,DB00283,Rhinorrhea,C1260880,Sign or Symptom,Approved
Clemastine,DB00283,"Rhinitis, Vasomotor",C0035460,Disease or Syndrome,Approved
Acarbose,DB00284,"Diabetes Mellitus, Non-Insulin-Dependent",C0011860,Disease or Syndrome,Approved
Venlafaxine,DB00285,"Phobia, Social",C0031572,Mental or Behavioral Dysfunction,Approved
Venlafaxine,DB00285,Major Depressive Disorder,C1269683,Mental or Behavioral Dysfunction,Approved
Venlafaxine,DB00285,Generalized Anxiety Disorder,C0270549,Mental or Behavioral Dysfunction,Approved
Venlafaxine,DB00285,Panic Disorder,C0030319,Mental or Behavioral Dysfunction,Approved
Conjugated Estrogens,DB00286,Hot flushes,C0600142,Sign or Symptom,Approved
Conjugated Estrogens,DB00286,Dyspareunia,C1384606,Finding,Approved
Travoprost,DB00287,Ocular Hypertension,C0028840,Disease or Syndrome,Approved
Travoprost,DB00287,"Glaucoma, Open-Angle",C0017612,Disease or Syndrome,Approved
Amcinonide,DB00288,Granuloma Annulare,C0085074,Disease or Syndrome,Approved
Amcinonide,DB00288,Contact Dermatitis,C0011616,Disease or Syndrome,Approved
Amcinonide,DB00288,Pruritus Ani,C0033775,Sign or Symptom,Approved
Amcinonide,DB00288,"Lymphoma, T-Cell, Cutaneous",C0079773,Neoplastic Process,Approved
Amcinonide,DB00288,Scalp psoriasis,C0406326,Disease or Syndrome,Approved
Amcinonide,DB00288,Lichen Simplex Chronicus,C0149922,Disease or Syndrome,Approved
Amcinonide,DB00288,Chronic small plaque psoriasis,C0406317,Disease or Syndrome,Approved
Amcinonide,DB00288,Pruritus of genital organs,C0033777,Sign or Symptom,Approved
Amcinonide,DB00288,"Dermatitis, Atopic",C0011615,Disease or Syndrome,Approved
Amcinonide,DB00288,Exanthema,C0015230,Sign or Symptom,Approved
Amcinonide,DB00288,"Lupus Erythematosus, Discoid",C0024138,Disease or Syndrome,Approved
Amcinonide,DB00288,Seborrheic dermatitis,C0036508,Disease or Syndrome,Approved
Atomoxetine,DB00289,Attention deficit hyperactivity disorder,C1263846,Mental or Behavioral Dysfunction,Approved
Bleomycin,DB00290,Squamous cell carcinoma,C0007137,Neoplastic Process,Approved
Bleomycin,DB00290,"Lymphoma, Non-Hodgkin",C0024305,Neoplastic Process,Approved
Bleomycin,DB00290,Malignant tumor of cervix,C0007847,Neoplastic Process,Approved
Bleomycin,DB00290,Diffuse Large B-Cell Lymphoma,C0079744,Neoplastic Process,Approved
Bleomycin,DB00290,"Lymphoma, Follicular",C0024301,Neoplastic Process,Approved
Bleomycin,DB00290,"Pleural Effusion, Malignant",C0080032,Disease or Syndrome,Approved
Bleomycin,DB00290,Cancer of Head and Neck,C0278996,Neoplastic Process,Approved
Bleomycin,DB00290,Testicular Germ Cell Tumor,C1336708,Neoplastic Process,Approved
Bleomycin,DB00290,Malignant neoplasm of penis,C0153601,Neoplastic Process,Approved
Bleomycin,DB00290,FIGO stage finding for vulvar carcinoma,C1272826,Finding,Approved
Bleomycin,DB00290,Hodgkin Disease,C0019829,Neoplastic Process,Approved
Chlorambucil,DB00291,"Lymphoma, Follicular",C0024301,Neoplastic Process,Approved
Chlorambucil,DB00291,Hodgkin Disease,C0019829,Neoplastic Process,Approved
Chlorambucil,DB00291,Chronic Lymphocytic Leukemia,C0023434,Neoplastic Process,Approved
Morphine,DB00295,Chronic pain,C0150055,Sign or Symptom,Approved
Morphine,DB00295,Acute postoperative pain,C2215257,Sign or Symptom,Approved
Morphine,DB00295,Pain,C0030193,Sign or Symptom,Approved
Morphine,DB00295,Severe pain,C0278140,Finding,Approved
Morphine,DB00295,Diarrhea,C0011991,Sign or Symptom,Approved
Bupivacaine,DB00297,Skin irritation,C0152030,Finding,Approved
Bupivacaine,DB00297,Pruritus,C0033774,Sign or Symptom,Approved
Penciclovir,DB00299,Herpes zoster disease,C0019360,Disease or Syndrome,Approved
Penciclovir,DB00299,Recurrent genital herpes simplex,C1274323,Disease or Syndrome,Approved
Penciclovir,DB00299,Recurrent herpes simplex labialis,C1274321,Disease or Syndrome,Approved
Penciclovir,DB00299,Herpes Labialis,C0019345,Disease or Syndrome,Approved
Tenofovir,DB00300,"Hepatitis B, Chronic",C0524909,Disease or Syndrome,Approved
Tenofovir,DB00300,HIV Infections,C0019693,Disease or Syndrome,Approved
Tranexamic Acid,DB00302,Female hypogonadism syndrome,C0271578,Disease or Syndrome,Approved
Tranexamic Acid,DB00302,Menorrhagia,C0025323,Pathologic Function,Approved
Tranexamic Acid,DB00302,Endometriosis,C0014175,Disease or Syndrome,Approved
Ertapenem,DB00303,Miscarriage with sepsis,C0269398,Pathologic Function,Approved
Ertapenem,DB00303,Acute bacterial peritonitis,C0275550,Disease or Syndrome,Approved
Ertapenem,DB00303,Diabetic foot infection,C0744130,Disease or Syndrome,Approved
Ertapenem,DB00303,Haemophilus influenzae pneumonia,C0276026,Disease or Syndrome,Approved
Ertapenem,DB00303,Peptostreptococcus infection,C1096562,Disease or Syndrome,Approved
Ertapenem,DB00303,Abdominal Abscess,C0243001,Disease or Syndrome,Approved
Ertapenem,DB00303,PYELONEPHRITIS E COLI,C0748196,Finding,Approved
Ertapenem,DB00303,Streptococcal pneumonia,C0155862,Disease or Syndrome,Approved
Ertapenem,DB00303,Intraabdominal Infections,C1112209,Disease or Syndrome,Approved
Ertapenem,DB00303,Female genital tract infection,C1263758,Disease or Syndrome,Approved
Ertapenem,DB00303,Moraxella catarrhalis pneumonia,C0857831,Disease or Syndrome,Approved
Ertapenem,DB00303,"Pneumonia, Bacterial",C0004626,Disease or Syndrome,Approved
Mitomycin,DB00305,Adenocarcinoma of pancreas,C0281361,Neoplastic Process,Approved
Mitomycin,DB00305,Malignant neoplasm of stomach stage IV,C0278498,Neoplastic Process,Approved
Talbutal,DB00306,Sleeplessness,C0917801,Sign or Symptom,Approved
Bexarotene,DB00307,"Lymphoma, T-Cell, Cutaneous",C0079773,Neoplastic Process,Approved
Vindesine,DB00309,Malignant neoplasm of lung,C0242379,Neoplastic Process,Approved
Vindesine,DB00309,"Myeloid Leukemia, Chronic",C0023473,Neoplastic Process,Approved
Vindesine,DB00309,melanoma,C0025202,Neoplastic Process,Approved
Vindesine,DB00309,Acute lymphocytic leukemia,C0023449,Neoplastic Process,Approved
Chlorthalidone,DB00310,Edema,C0013604,Finding,Approved
Chlorthalidone,DB00310,Hypertensive disease,C0020538,Disease or Syndrome,Approved
Pentobarbital,DB00312,Epilepsy,C0014544,Disease or Syndrome,Approved
Pentobarbital,DB00312,Status Epilepticus,C0038220,Disease or Syndrome,Approved
Pentobarbital,DB00312,Cerebral Ischemia,C0917798,Disease or Syndrome,Approved
Pentobarbital,DB00312,Sleeplessness,C0917801,Sign or Symptom,Approved
Pentobarbital,DB00312,Severe anxiety (panic),C0231403,Finding,Approved
Valproic Acid,DB00313,"Bipolar affective disorder, current episode manic",C0338873,Mental or Behavioral Dysfunction,Approved
Valproic Acid,DB00313,Epilepsy characterized by intractable complex partial seizures,C2711653,Disease or Syndrome,Approved
Valproic Acid,DB00313,Epilepsy,C0014544,Disease or Syndrome,Approved
Valproic Acid,DB00313,Absence Epilepsy,C0014553,Disease or Syndrome,Approved
Capreomycin,DB00314,Acute tuberculosis,C0275959,Disease or Syndrome,Approved
Capreomycin,DB00314,"Tuberculosis, Pulmonary",C0041327,Disease or Syndrome,Approved
Zolmitriptan,DB00315,Migraine Disorders,C0149931,Disease or Syndrome,Approved
Acetaminophen,DB00316,Pain,C0030193,Sign or Symptom,Approved
Acetaminophen,DB00316,Tension Headache,C0033893,Disease or Syndrome,Approved
Acetaminophen,DB00316,Back Pain,C0004604,Sign or Symptom,Approved
Acetaminophen,DB00316,Migraine Disorders,C0149931,Disease or Syndrome,Approved
Acetaminophen,DB00316,Headache Disorders,C0393735,Disease or Syndrome,Approved
Acetaminophen,DB00316,Arthritic pains,C0857177,Sign or Symptom,Approved
Acetaminophen,DB00316,Arthralgia,C0003862,Sign or Symptom,Approved
Acetaminophen,DB00316,Fever,C0015967,Finding,Approved
Acetaminophen,DB00316,Allergic rhinitis (disorder),C2607914,Disease or Syndrome,Approved
Acetaminophen,DB00316,Sinus headache,C0037195,Finding,Approved
Acetaminophen,DB00316,Influenza-like symptoms,C0392171,Sign or Symptom,Approved
Acetaminophen,DB00316,Toothache,C0040460,Sign or Symptom,Approved
Acetaminophen,DB00316,Common Cold,C0009443,Disease or Syndrome,Approved
Gefitinib,DB00317,Non-Small Cell Lung Carcinoma,C0007131,Neoplastic Process,Approved
Gefitinib,DB00317,Epidermal growth factor receptor positive non-small cell lung cancer,C1960925,Neoplastic Process,Approved
Codeine,DB00318,Sneezing,C0037383,Finding,Approved
Codeine,DB00318,Coughing,C0010200,Sign or Symptom,Approved
Codeine,DB00318,Common Cold,C0009443,Disease or Syndrome,Approved
Codeine,DB00318,Fever,C0015967,Finding,Approved
Codeine,DB00318,Nasal congestion (finding),C0027424,Sign or Symptom,Approved
Codeine,DB00318,Sore Throat,C0242429,Sign or Symptom,Approved
Codeine,DB00318,Rhinitis,C0035455,Disease or Syndrome,Approved
Codeine,DB00318,Headache Disorders,C0393735,Disease or Syndrome,Approved
Codeine,DB00318,Rhinorrhea,C1260880,Sign or Symptom,Approved
Codeine,DB00318,Pain,C0030193,Sign or Symptom,Approved
Codeine,DB00318,Influenza-like symptoms,C0392171,Sign or Symptom,Approved
Codeine,DB00318,Tension Headache,C0033893,Disease or Syndrome,Approved
Codeine,DB00318,Allergic rhinitis (disorder),C2607914,Disease or Syndrome,Approved
Piperacillin,DB00319,Enterobacter pneumonia,C1096258,Disease or Syndrome,Approved
Piperacillin,DB00319,Infection due to Pseudomonas aeruginosa,C0276075,Disease or Syndrome,Approved
Piperacillin,DB00319,Proteus septicemia,C0577690,Disease or Syndrome,Approved
Piperacillin,DB00319,Acute gonococcal endometritis,C0153196,Disease or Syndrome,Approved
Piperacillin,DB00319,Staphylococcus aureus infection,C1318973,Disease or Syndrome,Approved
Piperacillin,DB00319,Bacterial sepsis,C0684256,Disease or Syndrome,Approved
Piperacillin,DB00319,Proteus urinary tract infection,C0577709,Disease or Syndrome,Approved
Piperacillin,DB00319,Acute gonococcal cervicitis,C0153195,Disease or Syndrome,Approved
Piperacillin,DB00319,Abdominal Abscess,C0243001,Disease or Syndrome,Approved
Piperacillin,DB00319,URINARY TRACT INFECTION ENTEROCOCCUS,C0749958,Disease or Syndrome,Approved
Piperacillin,DB00319,Escherichia coli septicemia,C0276088,Disease or Syndrome,Approved
Piperacillin,DB00319,Nosocomial pneumonia,C0949083,Disease or Syndrome,Approved
Piperacillin,DB00319,Lower respiratory tract infection,C0149725,Disease or Syndrome,Approved
Piperacillin,DB00319,Pneumonia due to Escherichia coli,C0276089,Disease or Syndrome,Approved
Piperacillin,DB00319,Infection of bone,C2242472,Disease or Syndrome,Approved
Piperacillin,DB00319,Arthropathy associated with infection,C0157749,Disease or Syndrome,Approved
Piperacillin,DB00319,Escherichia coli Infections,C0014836,Disease or Syndrome,Approved
Piperacillin,DB00319,Streptococcal sepsis,C0152964,Disease or Syndrome,Approved
Piperacillin,DB00319,Pelvic Inflammatory Disease,C0242172,Disease or Syndrome,Approved
Piperacillin,DB00319,Septicemia due to enterococcus,C0588233,Disease or Syndrome,Approved
Piperacillin,DB00319,Appendicitis,C0003615,Disease or Syndrome,Approved
Piperacillin,DB00319,Infection of skin AND/OR subcutaneous tissue,C0178299,Disease or Syndrome,Approved
Piperacillin,DB00319,Enterobacteriaceae Infections,C0014347,Disease or Syndrome,Approved
Piperacillin,DB00319,Sepsis due to Pseudomonas,C2887096,Disease or Syndrome,Approved
Piperacillin,DB00319,Postoperative infection,C0392618,Pathologic Function,Approved
Piperacillin,DB00319,Acute gonococcal urethritis,C0275652,Disease or Syndrome,Approved
Piperacillin,DB00319,Peritonitis,C0031154,Disease or Syndrome,Approved
Piperacillin,DB00319,Intraabdominal Infections,C1112209,Disease or Syndrome,Approved
Piperacillin,DB00319,Sepsis due to Gram negative bacteria,C3163829,Disease or Syndrome,Approved
Piperacillin,DB00319,Pneumonia due to Pseudomonas,C0155860,Disease or Syndrome,Approved
Piperacillin,DB00319,Rhinoscleroma,C0035468,Disease or Syndrome,Approved
Piperacillin,DB00319,Diabetic foot infection,C0744130,Disease or Syndrome,Approved
Piperacillin,DB00319,Bacterial infection due to Klebsiella pneumoniae,C0343402,Disease or Syndrome,Approved
Piperacillin,DB00319,Gonorrhea,C0018081,Disease or Syndrome,Approved
Piperacillin,DB00319,Serratia Infections,C0085394,Disease or Syndrome,Approved
Piperacillin,DB00319,Septicemia due to Bacteroides,C0276064,Disease or Syndrome,Approved
Piperacillin,DB00319,Serratia sepsis,C0152973,Disease or Syndrome,Approved
Piperacillin,DB00319,Urinary tract infection,C0042029,Disease or Syndrome,Approved
Piperacillin,DB00319,Escherichia coli urinary tract infection,C0577708,Disease or Syndrome,Approved
Piperacillin,DB00319,Haemophilus influenzae pneumonia,C0276026,Disease or Syndrome,Approved
Piperacillin,DB00319,"Pneumonia, Bacterial",C0004626,Disease or Syndrome,Approved
Piperacillin,DB00319,Klebsiella cystitis,C0520775,Disease or Syndrome,Approved
Piperacillin,DB00319,Female genital tract infection,C1263758,Disease or Syndrome,Approved
Dihydroergotamine,DB00320,Cluster Headache,C0009088,Disease or Syndrome,Approved
Dihydroergotamine,DB00320,Vascular Headaches,C0042376,Disease or Syndrome,Approved
Dihydroergotamine,DB00320,Migraine Disorders,C0149931,Disease or Syndrome,Approved
Amitriptyline,DB00321,Mixed anxiety and depressive disorder,C0338908,Mental or Behavioral Dysfunction,Approved
Amitriptyline,DB00321,Depressive disorder,C0011581,Mental or Behavioral Dysfunction,Approved
Floxuridine,DB00322,Malignant neoplasm of liver,C0345904,Neoplastic Process,Approved
Floxuridine,DB00322,Primary malignant neoplasm of gastrointestinal tract,C1306632,Neoplastic Process,Approved
Tolcapone,DB00323,Parkinson Disease,C0030567,Disease or Syndrome,Approved
Fluorometholone,DB00324,Uveitis,C0042164,Disease or Syndrome,Approved
Fluorometholone,DB00324,Herpes zoster keratitis,C1275687,Disease or Syndrome,Approved
Fluorometholone,DB00324,Cyclitis,C0010543,Disease or Syndrome,Approved
Fluorometholone,DB00324,Iridocyclitis,C0022073,Disease or Syndrome,Approved
Fluorometholone,DB00324,Punctate keratopathy,C0423234,Finding,Approved
Fluorometholone,DB00324,Corneal Ulcer,C0010043,Disease or Syndrome,Approved
Fluorometholone,DB00324,Corneal abrasion,C0010032,Injury or Poisoning,Approved
Fluorometholone,DB00324,Rosacea,C0035854,Disease or Syndrome,Approved
Fluorometholone,DB00324,Allergic Conjunctivitis,C0009766,Disease or Syndrome,Approved
Fluorometholone,DB00324,Iritis,C0022081,Disease or Syndrome,Approved
Nitroprusside,DB00325,Hypertensive urgency,C0745138,Disease or Syndrome,Approved
Nitroprusside,DB00325,Decompensated cardiac failure,C0581377,Disease or Syndrome,Approved
Nitroprusside,DB00325,Hypertensive disease,C0020538,Disease or Syndrome,Approved
Nitroprusside,DB00325,Malignant essential hypertension,C0024588,Disease or Syndrome,Approved
Calcium Gluceptate,DB00326,Hypermagnesemia,C0151714,Disease or Syndrome,Approved
Calcium Gluceptate,DB00326,Hyperkalemia,C0020461,Finding,Approved
Calcium Gluceptate,DB00326,Hypocalcemia,C0020598,Disease or Syndrome,Approved
Calcium Gluceptate,DB00326,Disorder of electrolytes,C1704431,Pathologic Function,Approved
Calcium Gluceptate,DB00326,Hypocalcemic tetany,C0151940,Disease or Syndrome,Approved
Calcium Gluceptate,DB00326,Cardiac Arrest,C0018790,Disease or Syndrome,Approved
Hydromorphone,DB00327,Common Cold,C0009443,Disease or Syndrome,Approved
Hydromorphone,DB00327,Coughing,C0010200,Sign or Symptom,Approved
Hydromorphone,DB00327,Acute postoperative pain,C2215257,Sign or Symptom,Approved
Hydromorphone,DB00327,Pain,C0030193,Sign or Symptom,Approved
Hydromorphone,DB00327,Severe pain,C0278140,Finding,Approved
Indomethacin,DB00328,Tenosynovitis,C0039520,Disease or Syndrome,Approved
Indomethacin,DB00328,Bursitis,C0006444,Disease or Syndrome,Approved
Indomethacin,DB00328,shoulder bursitis,C0262399,Disease or Syndrome,Approved
Indomethacin,DB00328,Rheumatoid Arthritis,C0003873,Disease or Syndrome,Approved
Indomethacin,DB00328,Ankylosing spondylitis,C0038013,Disease or Syndrome,Approved
Indomethacin,DB00328,Patent ductus arteriosus,C0013274,Congenital Abnormality,Approved
Indomethacin,DB00328,Shoulder tendinitis,C0262633,Disease or Syndrome,Approved
Indomethacin,DB00328,Synovitis,C0039103,Disease or Syndrome,Approved
Indomethacin,DB00328,Degenerative polyarthritis,C0029408,Disease or Syndrome,Approved
Indomethacin,DB00328,Tendinitis,C0039503,Disease or Syndrome,Approved
Indomethacin,DB00328,Gout,C0018099,Disease or Syndrome,Approved
Indomethacin,DB00328,Rheumatism,C0035435,Disease or Syndrome,Approved
Ethambutol,DB00330,Acute tuberculosis,C0275959,Disease or Syndrome,Approved
Ethambutol,DB00330,"Tuberculosis, Pulmonary",C0041327,Disease or Syndrome,Approved
Metformin,DB00331,"Diabetes Mellitus, Non-Insulin-Dependent",C0011860,Disease or Syndrome,Approved
Ipratropium bromide,DB00332,Bronchial Spasm,C0006266,Disease or Syndrome,Approved
Ipratropium bromide,DB00332,Rhinorrhea,C1260880,Sign or Symptom,Approved
Ipratropium bromide,DB00332,Allergic rhinitis (disorder),C2607914,Disease or Syndrome,Approved
Ipratropium bromide,DB00332,Chronic Obstructive Airway Disease,C0024117,Disease or Syndrome,Approved
Ipratropium bromide,DB00332,Pulmonary Emphysema,C0034067,Disease or Syndrome,Approved
Ipratropium bromide,DB00332,Bronchitis,C0006277,Disease or Syndrome,Approved
Methadone,DB00333,Opioid withdrawal,C0029104,Mental or Behavioral Dysfunction,Approved
Methadone,DB00333,Severe pain,C0278140,Finding,Approved
Olanzapine,DB00334,"Depression, Bipolar",C0005587,Mental or Behavioral Dysfunction,Approved
Olanzapine,DB00334,Bipolar disorder in remission,C0270425,Mental or Behavioral Dysfunction,Approved
Olanzapine,DB00334,Major Depressive Disorder,C1269683,Mental or Behavioral Dysfunction,Approved
Olanzapine,DB00334,Mixed bipolar I disorder,C0236780,Mental or Behavioral Dysfunction,Approved
Olanzapine,DB00334,"Bipolar affective disorder, current episode manic",C0338873,Mental or Behavioral Dysfunction,Approved
Olanzapine,DB00334,Schizophrenia,C0036341,Mental or Behavioral Dysfunction,Approved
Atenolol,DB00335,Myocardial Infarction,C0027051,Disease or Syndrome,Approved
Atenolol,DB00335,Angina Pectoris,C0002962,Finding,Approved
Atenolol,DB00335,Hypertensive disease,C0020538,Disease or Syndrome,Approved
Nitrofural,DB00336,Escherichia coli urinary tract infection,C0577708,Disease or Syndrome,Approved
Nitrofural,DB00336,Klebsiella cystitis,C0520775,Disease or Syndrome,Approved
Nitrofural,DB00336,URINARY TRACT INFECTION ENTEROCOCCUS,C0749958,Disease or Syndrome,Approved
Omeprazole,DB00338,Erosive esophagitis,C0267055,Disease or Syndrome,Approved
Omeprazole,DB00338,Zollinger-Ellison syndrome,C0043515,Disease or Syndrome,Approved
Omeprazole,DB00338,Peptic Esophagitis,C0014869,Disease or Syndrome,Approved
Omeprazole,DB00338,Gastroesophageal reflux disease,C0017168,Disease or Syndrome,Approved
Omeprazole,DB00338,Peptic Ulcer,C0030920,Disease or Syndrome,Approved
Omeprazole,DB00338,Gastric ulcer,C0038358,Disease or Syndrome,Approved
Omeprazole,DB00338,Duodenal Ulcer,C0013295,Disease or Syndrome,Approved
Pyrazinamide,DB00339,Acute tuberculosis,C0275959,Disease or Syndrome,Approved
Pyrazinamide,DB00339,"Tuberculosis, Pulmonary",C0041327,Disease or Syndrome,Approved
Pyrazinamide,DB00339,"Tuberculosis, Meningeal",C0041318,Disease or Syndrome,Approved
Metixene,DB00340,Parkinsonian Disorders,C0242422,Disease or Syndrome,Approved
Cetirizine,DB00341,Allergic Conjunctivitis,C0009766,Disease or Syndrome,Approved
Cetirizine,DB00341,Hay fever,C0018621,Disease or Syndrome,Approved
Cetirizine,DB00341,Rhinorrhea,C1260880,Sign or Symptom,Approved
Cetirizine,DB00341,Common Cold,C0009443,Disease or Syndrome,Approved
Cetirizine,DB00341,Chronic idiopathic urticaria,C0578870,Disease or Syndrome,Approved
Cetirizine,DB00341,Allergic rhinitis (disorder),C2607914,Disease or Syndrome,Approved
Cetirizine,DB00341,Nasal congestion (finding),C0027424,Sign or Symptom,Approved
Cetirizine,DB00341,"Rhinitis, Vasomotor",C0035460,Disease or Syndrome,Approved
Cetirizine,DB00341,Sneezing,C0037383,Finding,Approved
Diltiazem,DB00343,"Angina Pectoris, Variant",C0002963,Disease or Syndrome,Approved
Diltiazem,DB00343,Hypertensive disease,C0020538,Disease or Syndrome,Approved
Diltiazem,DB00343,Paroxysmal supraventricular tachycardia,C0030590,Disease or Syndrome,Approved
Diltiazem,DB00343,Angina Pectoris,C0002962,Finding,Approved
Diltiazem,DB00343,Atrial Fibrillation,C0004238,Disease or Syndrome,Approved
Protriptyline,DB00344,Depressive disorder,C0011581,Mental or Behavioral Dysfunction,Approved
Alfuzosin,DB00346,Prostatic Hypertrophy,C1739363,Disease or Syndrome,Approved
Trimethadione,DB00347,Epilepsy,C0014544,Disease or Syndrome,Approved
Trimethadione,DB00347,Absence Epilepsy,C0014553,Disease or Syndrome,Approved
Nitisinone,DB00348,"Tyrosinemia, Type I",C0268490,Disease or Syndrome,Approved
Clobazam,DB00349,Lennox-Gastaut syndrome,C0238111,Disease or Syndrome,Approved
Minoxidil,DB00350,Hypertensive disease,C0020538,Disease or Syndrome,Approved
Minoxidil,DB00350,Alopecia,C0002170,Disease or Syndrome,Approved
Megestrol acetate,DB00351,Nutritional deficiency associated with AIDS,C0276587,Disease or Syndrome,Approved
Megestrol acetate,DB00351,Endometrial Carcinoma,C0476089,Neoplastic Process,Approved
Megestrol acetate,DB00351,Hormone receptor positive malignant neoplasm of breast,C1562029,Neoplastic Process,Approved
Tioguanine,DB00352,"Leukemia, Myelocytic, Acute",C0023467,Neoplastic Process,Approved
Methylergometrine,DB00353,Postpartum Hemorrhage,C0032797,Pathologic Function,Approved
Buclizine,DB00354,Motion Sickness,C0026603,Disease or Syndrome,Approved
Aztreonam,DB00355,Intraabdominal Infections,C1112209,Disease or Syndrome,Approved
Aztreonam,DB00355,Serratia Infections,C0085394,Disease or Syndrome,Approved
Aztreonam,DB00355,Enterobacter pneumonia,C1096258,Disease or Syndrome,Approved
Aztreonam,DB00355,URINARY TRACT INFECTION CITROBACTER,C0749955,Disease or Syndrome,Approved
Aztreonam,DB00355,Bacterial urinary infection,C0729524,Disease or Syndrome,Approved
Aztreonam,DB00355,Klebsiella cystitis,C0520775,Disease or Syndrome,Approved
Aztreonam,DB00355,Sepsis due to Pseudomonas,C2887096,Disease or Syndrome,Approved
Aztreonam,DB00355,Pelvic Inflammatory Disease,C0242172,Disease or Syndrome,Approved
Aztreonam,DB00355,Rhinoscleroma,C0035468,Disease or Syndrome,Approved
Aztreonam,DB00355,Infection due to Pseudomonas aeruginosa,C0276075,Disease or Syndrome,Approved
Aztreonam,DB00355,Haemophilus influenzae pneumonia,C0276026,Disease or Syndrome,Approved
Aztreonam,DB00355,Proteus urinary tract infection,C0577709,Disease or Syndrome,Approved
Aztreonam,DB00355,Enterobacteriaceae Infections,C0014347,Disease or Syndrome,Approved
Aztreonam,DB00355,Bacterial peritonitis,C0341503,Disease or Syndrome,Approved
Aztreonam,DB00355,Pneumonia due to Escherichia coli,C0276089,Disease or Syndrome,Approved
Aztreonam,DB00355,Escherichia coli Infections,C0014836,Disease or Syndrome,Approved
Aztreonam,DB00355,Peritonitis,C0031154,Disease or Syndrome,Approved
Aztreonam,DB00355,Endometritis,C0014179,Disease or Syndrome,Approved
Aztreonam,DB00355,Escherichia coli urinary tract infection,C0577708,Disease or Syndrome,Approved
Aztreonam,DB00355,Escherichia coli septicemia,C0276088,Disease or Syndrome,Approved
Aztreonam,DB00355,Female genital tract infection,C1263758,Disease or Syndrome,Approved
Aztreonam,DB00355,Infection of skin AND/OR subcutaneous tissue,C0178299,Disease or Syndrome,Approved
Aztreonam,DB00355,Serratia sepsis,C0152973,Disease or Syndrome,Approved
Aztreonam,DB00355,Pneumonia due to Pseudomonas,C0155860,Disease or Syndrome,Approved
Aztreonam,DB00355,Bacterial infection due to Klebsiella pneumoniae,C0343402,Disease or Syndrome,Approved
Aztreonam,DB00355,Proteus septicemia,C0577690,Disease or Syndrome,Approved
Aztreonam,DB00355,Lower respiratory tract infection,C0149725,Disease or Syndrome,Approved
Aztreonam,DB00355,Sepsis due to Gram negative bacteria,C3163829,Disease or Syndrome,Approved
Aztreonam,DB00355,Urinary tract infection,C0042029,Disease or Syndrome,Approved
Aztreonam,DB00355,Proteus pneumonia,C1260917,Disease or Syndrome,Approved
Chlorzoxazone,DB00356,Muscle Spasticity,C0026838,Sign or Symptom,Approved
Aminoglutethimide,DB00357,Secondary malignant neoplasm of female breast,C0346993,Neoplastic Process,Approved
Mefloquine,DB00358,"Malaria, Vivax",C0024537,Disease or Syndrome,Approved
Sulfadiazine,DB00359,Toxoplasmosis,C0040558,Disease or Syndrome,Approved
Sulfadiazine,DB00359,Chorioretinitis,C0008513,Disease or Syndrome,Approved
Sulfadiazine,DB00359,Ulcerative Colitis,C0009324,Disease or Syndrome,Approved
Sulfadiazine,DB00359,Toxoplasmosis associated with AIDS,C1720498,Disease or Syndrome,Approved
Sulfadiazine,DB00359,Skin Ulcer,C0037299,Disease or Syndrome,Approved
Sulfadiazine,DB00359,"Toxoplasmosis, Congenital",C0040560,Disease or Syndrome,Approved
Sapropterin,DB00360,Classical phenylketonuria,C0751434,Disease or Syndrome,Approved
Vinorelbine,DB00361,Non-Small Cell Lung Carcinoma,C0007131,Neoplastic Process,Approved
Anidulafungin,DB00362,Candidiasis of the esophagus,C0239295,Disease or Syndrome,Approved
Anidulafungin,DB00362,candidal peritonitis,C2062982,Disease or Syndrome,Approved
Anidulafungin,DB00362,Candidemia,C0877445,Disease or Syndrome,Approved
Clozapine,DB00363,Treatment-resistant schizophrenia,C3544321,Mental or Behavioral Dysfunction,Approved
Sucralfate,DB00364,Duodenal Ulcer,C0013295,Disease or Syndrome,Approved
Doxylamine,DB00366,Pruritus,C0033774,Sign or Symptom,Approved
Doxylamine,DB00366,Influenza-like symptoms,C0392171,Sign or Symptom,Approved
Doxylamine,DB00366,Allergic Conjunctivitis,C0009766,Disease or Syndrome,Approved
Doxylamine,DB00366,"Rhinitis, Vasomotor",C0035460,Disease or Syndrome,Approved
Doxylamine,DB00366,Common Cold,C0009443,Disease or Syndrome,Approved
Doxylamine,DB00366,Hay fever,C0018621,Disease or Syndrome,Approved
Doxylamine,DB00366,Sneezing,C0037383,Finding,Approved
Doxylamine,DB00366,Nasal congestion (finding),C0027424,Sign or Symptom,Approved
Doxylamine,DB00366,Urticaria,C0042109,Disease or Syndrome,Approved
Doxylamine,DB00366,Allergic rhinitis (disorder),C2607914,Disease or Syndrome,Approved
Doxylamine,DB00366,Rhinorrhea,C1260880,Sign or Symptom,Approved
Doxylamine,DB00366,Symptomatic dermographism,C0343065,Disease or Syndrome,Approved
Levonorgestrel,DB00367,Menorrhagia,C0025323,Pathologic Function,Approved
Levonorgestrel,DB00367,Hot flushes,C0600142,Sign or Symptom,Approved
Norepinephrine,DB00368,Asthma attack,C0347950,Disease or Syndrome,Approved
Norepinephrine,DB00368,Bronchitis,C0006277,Disease or Syndrome,Approved
Norepinephrine,DB00368,Asthma,C0004096,Disease or Syndrome,Approved
Norepinephrine,DB00368,Hypotension,C0020649,Finding,Approved
Norepinephrine,DB00368,Bronchiectasis,C0006267,Disease or Syndrome,Approved
Norepinephrine,DB00368,Pulmonary Emphysema,C0034067,Disease or Syndrome,Approved
Norepinephrine,DB00368,Parkinson Disease,C0030567,Disease or Syndrome,Approved
Mirtazapine,DB00370,Major Depressive Disorder,C1269683,Mental or Behavioral Dysfunction,Approved
Meprobamate,DB00371,Anxiety,C0003467,Mental or Behavioral Dysfunction,Approved
Timolol,DB00373,Ocular Hypertension,C0028840,Disease or Syndrome,Approved
Timolol,DB00373,"Glaucoma, Open-Angle",C0017612,Disease or Syndrome,Approved
Timolol,DB00373,Hypertensive disease,C0020538,Disease or Syndrome,Approved
Treprostinil,DB00374,Pulmonary arterial hypertension,C2973725,Disease or Syndrome,Approved
Colestipol,DB00375,Hypercholesterolemia,C0020443,Disease or Syndrome,Approved
Colestipol,DB00375,Hyperlipidemia,C0020473,Disease or Syndrome,Approved
Trihexyphenidyl,DB00376,Extrapyramidal Disorders,C0015371,Disease or Syndrome,Approved
Trihexyphenidyl,DB00376,Parkinsonian Disorders,C0242422,Disease or Syndrome,Approved
Trihexyphenidyl,DB00376,Parkinson Disease,C0030567,Disease or Syndrome,Approved
Trihexyphenidyl,DB00376,"Parkinson Disease, Postencephalitic",C0030568,Disease or Syndrome,Approved
Palonosetron,DB00377,Chemotherapy-induced nausea and vomiting,C0401160,Pathologic Function,Approved
Mexiletine,DB00379,Ventricular arrhythmia,C0085612,Disease or Syndrome,Approved
Amlodipine,DB00381,"Angina Pectoris, Variant",C0002963,Disease or Syndrome,Approved
Amlodipine,DB00381,Cerebrovascular accident,C0038454,Disease or Syndrome,Approved
Amlodipine,DB00381,Hypertensive disease,C0020538,Disease or Syndrome,Approved
Amlodipine,DB00381,Angina Pectoris,C0002962,Finding,Approved
Oxyphencyclimine,DB00383,Peptic Ulcer,C0030920,Disease or Syndrome,Approved
Triamterene,DB00384,Hypertensive disease,C0020538,Disease or Syndrome,Approved
Triamterene,DB00384,Edema,C0013604,Finding,Approved
Valrubicin,DB00385,Malignant neoplasm of urinary bladder,C0005684,Neoplastic Process,Approved
Procyclidine,DB00387,Parkinson Disease,C0030567,Disease or Syndrome,Approved
Procyclidine,DB00387,Parkinsonian Disorders,C0242422,Disease or Syndrome,Approved
Procyclidine,DB00387,Extrapyramidal Disorders,C0015371,Disease or Syndrome,Approved
Procyclidine,DB00387,"Parkinson Disease, Postencephalitic",C0030568,Disease or Syndrome,Approved
Phenylephrine,DB00388,Coughing,C0010200,Sign or Symptom,Approved
Phenylephrine,DB00388,Sneezing,C0037383,Finding,Approved
Phenylephrine,DB00388,Rhinorrhea,C1260880,Sign or Symptom,Approved
Phenylephrine,DB00388,Fever,C0015967,Finding,Approved
Phenylephrine,DB00388,Redness of eye,C0235267,Sign or Symptom,Approved
Phenylephrine,DB00388,Rectal pain,C0034886,Sign or Symptom,Approved
Phenylephrine,DB00388,Allergic Conjunctivitis,C0009766,Disease or Syndrome,Approved
Phenylephrine,DB00388,Headache Disorders,C0393735,Disease or Syndrome,Approved
Phenylephrine,DB00388,Rhinitis,C0035455,Disease or Syndrome,Approved
Phenylephrine,DB00388,Sinus headache,C0037195,Finding,Approved
Phenylephrine,DB00388,Proctitis,C0033246,Disease or Syndrome,Approved
Phenylephrine,DB00388,Nasal congestion (finding),C0027424,Sign or Symptom,Approved
Phenylephrine,DB00388,Allergic rhinitis (disorder),C2607914,Disease or Syndrome,Approved
Phenylephrine,DB00388,Hemorrhoids,C0019112,Disease or Syndrome,Approved
Phenylephrine,DB00388,Hay fever,C0018621,Disease or Syndrome,Approved
Phenylephrine,DB00388,"Rhinitis, Vasomotor",C0035460,Disease or Syndrome,Approved
Phenylephrine,DB00388,Influenza-like symptoms,C0392171,Sign or Symptom,Approved
Phenylephrine,DB00388,Mydriasis,C0026961,Sign or Symptom,Approved
Phenylephrine,DB00388,Common Cold,C0009443,Disease or Syndrome,Approved
Phenylephrine,DB00388,Pruritus Ani,C0033775,Sign or Symptom,Approved
Carbimazole,DB00389,Hyperthyroidism,C0020550,Disease or Syndrome,Approved
Carbimazole,DB00389,Graves Disease,C0018213,Disease or Syndrome,Approved
Digoxin,DB00390,Atrial Fibrillation,C0004238,Disease or Syndrome,Approved
Digoxin,DB00390,Poisoning by digitalis glycoside,C0274726,Injury or Poisoning,Approved
Digoxin,DB00390,Chronic heart failure,C0264716,Disease or Syndrome,Approved
Sulpiride,DB00391,Schizophrenia,C0036341,Mental or Behavioral Dysfunction,Approved
Nimodipine,DB00393,Subarachnoid Hemorrhage,C0038525,Disease or Syndrome,Approved
Beclomethasone dipropionate,DB00394,Rhinitis,C0035455,Disease or Syndrome,Approved
Beclomethasone dipropionate,DB00394,Nasal Polyps,C0027430,Disease or Syndrome,Approved
Beclomethasone dipropionate,DB00394,Asthma,C0004096,Disease or Syndrome,Approved
Beclomethasone dipropionate,DB00394,Allergic rhinitis (disorder),C2607914,Disease or Syndrome,Approved
Beclomethasone dipropionate,DB00394,"Rhinitis, Vasomotor",C0035460,Disease or Syndrome,Approved
Carisoprodol,DB00395,Back Pain,C0004604,Sign or Symptom,Approved
Carisoprodol,DB00395,Muscle Spasticity,C0026838,Sign or Symptom,Approved
Progesterone,DB00396,Hot flushes,C0600142,Sign or Symptom,Approved
Progesterone,DB00396,Endometrial Carcinoma,C0476089,Neoplastic Process,Approved
Progesterone,DB00396,Secondary malignant neoplasm of kidney,C0153685,Neoplastic Process,Approved
Progesterone,DB00396,Endometriosis,C0014175,Disease or Syndrome,Approved
Progesterone,DB00396,Metrorrhagia,C0025874,Pathologic Function,Approved
Progesterone,DB00396,Atrophic Vaginitis,C0221392,Disease or Syndrome,Approved
Progesterone,DB00396,Secondary physiologic amenorrhea,C0232940,Disease or Syndrome,Approved
Phenylpropanolamine,DB00397,Influenza-like symptoms,C0392171,Sign or Symptom,Approved
Phenylpropanolamine,DB00397,Allergic rhinitis (disorder),C2607914,Disease or Syndrome,Approved
Phenylpropanolamine,DB00397,"Rhinitis, Vasomotor",C0035460,Disease or Syndrome,Approved
Phenylpropanolamine,DB00397,Nasal congestion (finding),C0027424,Sign or Symptom,Approved
Phenylpropanolamine,DB00397,Coughing,C0010200,Sign or Symptom,Approved
Phenylpropanolamine,DB00397,Hay fever,C0018621,Disease or Syndrome,Approved
Phenylpropanolamine,DB00397,Rhinorrhea,C1260880,Sign or Symptom,Approved
Phenylpropanolamine,DB00397,Common Cold,C0009443,Disease or Syndrome,Approved
Phenylpropanolamine,DB00397,Sneezing,C0037383,Finding,Approved
Phenylpropanolamine,DB00397,Allergic Conjunctivitis,C0009766,Disease or Syndrome,Approved
Phenylpropanolamine,DB00397,Sinus headache,C0037195,Finding,Approved
Phenylpropanolamine,DB00397,Rhinitis,C0035455,Disease or Syndrome,Approved
Sorafenib,DB00398,Renal Cell Carcinoma,C0007134,Neoplastic Process,Approved
Sorafenib,DB00398,Liver carcinoma,C2239176,Neoplastic Process,Approved
Sorafenib,DB00398,Malignant epithelial neoplasm of thyroid,C3163939,Neoplastic Process,Approved
Zoledronic acid,DB00399,Osteoporosis,C0029456,Disease or Syndrome,Approved
Zoledronic acid,DB00399,Humoral hypercalcemia of malignancy (disorder),C0149911,Disease or Syndrome,Approved
Zoledronic acid,DB00399,Osteitis Deformans,C0029401,Disease or Syndrome,Approved
Zoledronic acid,DB00399,Osteolytic Lesions of Multiple Myeloma,C3898069,Finding,Approved
Zoledronic acid,DB00399,"Osteoporosis, Postmenopausal",C0029458,Disease or Syndrome,Approved
Griseofulvin,DB00400,Tinea corporis (disorder),C0040252,Disease or Syndrome,Approved
Griseofulvin,DB00400,Tinea cruris,C1384589,Disease or Syndrome,Approved
Griseofulvin,DB00400,Tinea Capitis,C0040250,Disease or Syndrome,Approved
Griseofulvin,DB00400,Onychomycosis,C0040261,Disease or Syndrome,Approved
Griseofulvin,DB00400,Tinea barbae,C2349994,Disease or Syndrome,Approved
Griseofulvin,DB00400,Tinea Pedis,C0040259,Disease or Syndrome,Approved
Nisoldipine,DB00401,Hypertensive disease,C0020538,Disease or Syndrome,Approved
Eszopiclone,DB00402,Sleeplessness,C0917801,Sign or Symptom,Approved
Alprazolam,DB00404,Anxiety,C0003467,Mental or Behavioral Dysfunction,Approved
Alprazolam,DB00404,Mixed anxiety and depressive disorder,C0338908,Mental or Behavioral Dysfunction,Approved
Alprazolam,DB00404,Generalized Anxiety Disorder,C0270549,Mental or Behavioral Dysfunction,Approved
Alprazolam,DB00404,Panic Disorder,C0030319,Mental or Behavioral Dysfunction,Approved
Dexbrompheniramine,DB00405,Symptomatic dermographism,C0343065,Disease or Syndrome,Approved
Dexbrompheniramine,DB00405,"Rhinitis, Vasomotor",C0035460,Disease or Syndrome,Approved
Dexbrompheniramine,DB00405,Influenza-like symptoms,C0392171,Sign or Symptom,Approved
Dexbrompheniramine,DB00405,Hay fever,C0018621,Disease or Syndrome,Approved
Dexbrompheniramine,DB00405,Allergic Conjunctivitis,C0009766,Disease or Syndrome,Approved
Dexbrompheniramine,DB00405,Pruritus,C0033774,Sign or Symptom,Approved
Dexbrompheniramine,DB00405,Urticaria,C0042109,Disease or Syndrome,Approved
Dexbrompheniramine,DB00405,Allergic rhinitis (disorder),C2607914,Disease or Syndrome,Approved
Gentian Violet,DB00406,"Candidiasis, Vulvovaginal",C0700345,Disease or Syndrome,Approved
Loxapine,DB00408,Schizophrenia,C0036341,Mental or Behavioral Dysfunction,Approved
Loxapine,DB00408,Bipolar Disorder,C0005586,Mental or Behavioral Dysfunction,Approved
Mupirocin,DB00410,Impetigo,C0021099,Disease or Syndrome,Approved
Carbachol,DB00411,"Glaucoma, Open-Angle",C0017612,Disease or Syndrome,Approved
Pramipexole,DB00413,Restless Legs Syndrome,C0035258,Disease or Syndrome,Approved
Pramipexole,DB00413,Parkinson Disease,C0030567,Disease or Syndrome,Approved
Ampicillin,DB00415,Acute otitis media,C0271429,Disease or Syndrome,Approved
Ampicillin,DB00415,Acute bacterial epiglottitis,C0275555,Disease or Syndrome,Approved
Ampicillin,DB00415,Escherichia coli septicemia,C0276088,Disease or Syndrome,Approved
Ampicillin,DB00415,Cholangitis,C0008311,Disease or Syndrome,Approved
Ampicillin,DB00415,"Pneumonia, Bacterial",C0004626,Disease or Syndrome,Approved
Ampicillin,DB00415,"Meningitis, Escherichia coli",C0338395,Disease or Syndrome,Approved
Ampicillin,DB00415,Acute exacerbation of chronic bronchitis,C0856695,Disease or Syndrome,Approved
Ampicillin,DB00415,Acute epiglottitis,C0155814,Disease or Syndrome,Approved
Ampicillin,DB00415,pharyngitis due to Haemophilus influenzae,C2062475,Disease or Syndrome,Approved
Ampicillin,DB00415,Septicemia due to enterococcus,C0588233,Disease or Syndrome,Approved
Ampicillin,DB00415,Streptococcal pneumonia,C0155862,Disease or Syndrome,Approved
Ampicillin,DB00415,Acute gonococcal cervicitis,C0153195,Disease or Syndrome,Approved
Ampicillin,DB00415,Gonorrhea of rectum,C0275665,Disease or Syndrome,Approved
Ampicillin,DB00415,Bacterial peritonitis,C0341503,Disease or Syndrome,Approved
Ampicillin,DB00415,Female genital tract infection,C1263758,Disease or Syndrome,Approved
Ampicillin,DB00415,Bacterial Endocarditis,C0014121,Disease or Syndrome,Approved
Ampicillin,DB00415,Staphylococcus aureus infection,C1318973,Disease or Syndrome,Approved
Ampicillin,DB00415,Infective otitis media,C0729586,Disease or Syndrome,Approved
Ampicillin,DB00415,Sepsis due to Staphylococcus aureus,C2887088,Disease or Syndrome,Approved
Ampicillin,DB00415,Salmonella sepsis,C0152486,Disease or Syndrome,Approved
Ampicillin,DB00415,Staphylococcal endocarditis,C0520767,Disease or Syndrome,Approved
Ampicillin,DB00415,Streptococcal endocarditis,C3665800,Disease or Syndrome,Approved
Ampicillin,DB00415,Bacterial sepsis,C0684256,Disease or Syndrome,Approved
Ampicillin,DB00415,Streptococcal sepsis,C0152964,Disease or Syndrome,Approved
Ampicillin,DB00415,Sinusitis,C0037199,Disease or Syndrome,Approved
Ampicillin,DB00415,Staphylococcal Pneumonia,C0032308,Disease or Syndrome,Approved
Ampicillin,DB00415,Infection of skin AND/OR subcutaneous tissue,C0178299,Disease or Syndrome,Approved
Ampicillin,DB00415,Acute gonococcal urethritis,C0275652,Disease or Syndrome,Approved
Ampicillin,DB00415,"Meningitis, Bacterial",C0085437,Disease or Syndrome,Approved
Ampicillin,DB00415,Dysentery,C0013369,Disease or Syndrome,Approved
Ampicillin,DB00415,Gonorrhea,C0018081,Disease or Syndrome,Approved
Ampicillin,DB00415,Acute gonococcal endometritis,C0153196,Disease or Syndrome,Approved
Ampicillin,DB00415,"Meningitis, Pneumococcal",C0025295,Disease or Syndrome,Approved
Ampicillin,DB00415,Shigella Infections,C0013371,Disease or Syndrome,Approved
Ampicillin,DB00415,Meningococcal meningitis,C0025294,Disease or Syndrome,Approved
Ampicillin,DB00415,Acute bacterial sinusitis,C0275556,Disease or Syndrome,Approved
Ampicillin,DB00415,URINARY TRACT INFECTION ENTEROCOCCUS,C0749958,Disease or Syndrome,Approved
Ampicillin,DB00415,Pharyngitis,C0031350,Disease or Syndrome,Approved
Ampicillin,DB00415,Urinary tract infection,C0042029,Disease or Syndrome,Approved
Ampicillin,DB00415,Proteus septicemia,C0577690,Disease or Syndrome,Approved
Ampicillin,DB00415,Pneumococcal pharyngitis,C0275761,Disease or Syndrome,Approved
Ampicillin,DB00415,Escherichia coli Infections,C0014836,Disease or Syndrome,Approved
Ampicillin,DB00415,Proteus urinary tract infection,C0577709,Disease or Syndrome,Approved
Ampicillin,DB00415,Streptococcal tonsillitis,C0275804,Disease or Syndrome,Approved
Ampicillin,DB00415,Genitourinary tract infection,C1279247,Disease or Syndrome,Approved
Ampicillin,DB00415,Intraabdominal Infections,C1112209,Disease or Syndrome,Approved
Ampicillin,DB00415,Pelvic Inflammatory Disease,C0242172,Disease or Syndrome,Approved
Ampicillin,DB00415,Enterobacteriaceae Infections,C0014347,Disease or Syndrome,Approved
Ampicillin,DB00415,Paratyphoid Fever,C0030528,Disease or Syndrome,Approved
Ampicillin,DB00415,Rhinoscleroma,C0035468,Disease or Syndrome,Approved
Ampicillin,DB00415,Haemophilus influenzae pneumonia,C0276026,Disease or Syndrome,Approved
Phenoxymethylpenicillin,DB00417,Pharyngitis,C0031350,Disease or Syndrome,Approved
Phenoxymethylpenicillin,DB00417,Staphylococcus aureus infection,C1318973,Disease or Syndrome,Approved
Phenoxymethylpenicillin,DB00417,Fusospirochetal pharyngitis,C1318559,Disease or Syndrome,Approved
Phenoxymethylpenicillin,DB00417,Acute otitis media,C0271429,Disease or Syndrome,Approved
Phenoxymethylpenicillin,DB00417,Erysipelas,C0014733,Disease or Syndrome,Approved
Phenoxymethylpenicillin,DB00417,Infective otitis media,C0729586,Disease or Syndrome,Approved
Phenoxymethylpenicillin,DB00417,Upper Respiratory Infections,C0041912,Disease or Syndrome,Approved
Phenoxymethylpenicillin,DB00417,Gingivostomatitis,C0149704,Disease or Syndrome,Approved
Phenoxymethylpenicillin,DB00417,Streptococcal tonsillitis,C0275804,Disease or Syndrome,Approved
Phenoxymethylpenicillin,DB00417,Scarlet Fever,C0036285,Disease or Syndrome,Approved
Phenoxymethylpenicillin,DB00417,Infection of skin AND/OR subcutaneous tissue,C0178299,Disease or Syndrome,Approved
Secobarbital,DB00418,Epilepsy,C0014544,Disease or Syndrome,Approved
Secobarbital,DB00418,Status Epilepticus,C0038220,Disease or Syndrome,Approved
Secobarbital,DB00418,Severe anxiety (panic),C0231403,Finding,Approved
Secobarbital,DB00418,Sleeplessness,C0917801,Sign or Symptom,Approved
Miglustat,DB00419,Gaucher Disease,C0017205,Disease or Syndrome,Approved
Miglustat,DB00419,"Niemann-Pick Disease, Type C",C0220756,Disease or Syndrome,Approved
Promazine,DB00420,"Bipolar affective disorder, current episode manic",C0338873,Mental or Behavioral Dysfunction,Approved
Promazine,DB00420,Angioedema,C0002994,Pathologic Function,Approved
Promazine,DB00420,Vomiting,C0042963,Sign or Symptom,Approved
Promazine,DB00420,Symptomatic dermographism,C0343065,Disease or Syndrome,Approved
Promazine,DB00420,Allergic rhinitis (disorder),C2607914,Disease or Syndrome,Approved
Promazine,DB00420,Pruritus,C0033774,Sign or Symptom,Approved
Promazine,DB00420,Urticaria,C0042109,Disease or Syndrome,Approved
Promazine,DB00420,Nausea and vomiting,C0027498,Sign or Symptom,Approved
Promazine,DB00420,Intractable hiccups,C0744896,Finding,Approved
Promazine,DB00420,Acute intermittent porphyria,C0162565,Disease or Syndrome,Approved
Promazine,DB00420,Sneezing,C0037383,Finding,Approved
Promazine,DB00420,Disruptive Behavior Disorder,C0012734,Mental or Behavioral Dysfunction,Approved
Promazine,DB00420,Psychotic Disorders,C0033975,Mental or Behavioral Dysfunction,Approved
Promazine,DB00420,Rhinorrhea,C1260880,Sign or Symptom,Approved
Promazine,DB00420,Nasal congestion (finding),C0027424,Sign or Symptom,Approved
Promazine,DB00420,Allergic Conjunctivitis,C0009766,Disease or Syndrome,Approved
Promazine,DB00420,Nausea,C0027497,Sign or Symptom,Approved
Promazine,DB00420,Schizophrenia,C0036341,Mental or Behavioral Dysfunction,Approved
Spironolactone,DB00421,Hypertensive disease,C0020538,Disease or Syndrome,Approved
Spironolactone,DB00421,Ascites,C0003962,Finding,Approved
Spironolactone,DB00421,Edema,C0013604,Finding,Approved
Spironolactone,DB00421,Chronic heart failure,C0264716,Disease or Syndrome,Approved
Spironolactone,DB00421,Hyperaldosteronism,C0020428,Disease or Syndrome,Approved
Methylphenidate,DB00422,Attention deficit hyperactivity disorder,C1263846,Mental or Behavioral Dysfunction,Approved
Methylphenidate,DB00422,Narcolepsy,C0027404,Disease or Syndrome,Approved
Methocarbamol,DB00423,Muscle Spasticity,C0026838,Sign or Symptom,Approved
Hyoscyamine,DB00424,Sinus bradycardia,C0085610,Pathologic Function,Approved
Hyoscyamine,DB00424,Sialorrhea,C0037036,Disease or Syndrome,Approved
Hyoscyamine,DB00424,Dysuria,C0013428,Sign or Symptom,Approved
Hyoscyamine,DB00424,Peptic Ulcer,C0030920,Disease or Syndrome,Approved
Zolpidem,DB00425,Sleeplessness,C0917801,Sign or Symptom,Approved
Zolpidem,DB00425,Initial insomnia,C0393760,Mental or Behavioral Dysfunction,Approved
Famciclovir,DB00426,Herpes zoster disease,C0019360,Disease or Syndrome,Approved
Famciclovir,DB00426,Recurrent genital herpes simplex,C1274323,Disease or Syndrome,Approved
Famciclovir,DB00426,Recurrent herpes simplex labialis,C1274321,Disease or Syndrome,Approved
Triprolidine,DB00427,Hay fever,C0018621,Disease or Syndrome,Approved
Triprolidine,DB00427,Rhinorrhea,C1260880,Sign or Symptom,Approved
Triprolidine,DB00427,"Rhinitis, Vasomotor",C0035460,Disease or Syndrome,Approved
Triprolidine,DB00427,Common Cold,C0009443,Disease or Syndrome,Approved
Triprolidine,DB00427,Urticaria,C0042109,Disease or Syndrome,Approved
Triprolidine,DB00427,Pruritus,C0033774,Sign or Symptom,Approved
Triprolidine,DB00427,Allergic Conjunctivitis,C0009766,Disease or Syndrome,Approved
Triprolidine,DB00427,Symptomatic dermographism,C0343065,Disease or Syndrome,Approved
Triprolidine,DB00427,Allergic rhinitis (disorder),C2607914,Disease or Syndrome,Approved
Carboprost Tromethamine,DB00429,Postpartum Hemorrhage,C0032797,Pathologic Function,Approved
Carboprost Tromethamine,DB00429,Unspecified Abortion,C0156543,Finding,Approved
Lindane,DB00431,Scabies <infestation>,C0036262,Disease or Syndrome,Approved
Lindane,DB00431,Pediculus capitis infestation,C0030757,Disease or Syndrome,Approved
Lindane,DB00431,Infestation by Phthirus pubis,C0030759,Disease or Syndrome,Approved
Trifluridine,DB00432,Herpes simplex keratoconjunctivitis,C0276228,Disease or Syndrome,Approved
Trifluridine,DB00432,"Keratitis, Herpetic",C0019357,Disease or Syndrome,Approved
Trifluridine,DB00432,Malignant tumor of colon,C0007102,Neoplastic Process,Approved
Prochlorperazine,DB00433,Schizophrenia,C0036341,Mental or Behavioral Dysfunction,Approved
Prochlorperazine,DB00433,Nausea and vomiting,C0027498,Sign or Symptom,Approved
Cyproheptadine,DB00434,Rhinorrhea,C1260880,Sign or Symptom,Approved
Cyproheptadine,DB00434,Allergic Conjunctivitis,C0009766,Disease or Syndrome,Approved
Cyproheptadine,DB00434,Nasal congestion (finding),C0027424,Sign or Symptom,Approved
Cyproheptadine,DB00434,Urticaria,C0042109,Disease or Syndrome,Approved
Cyproheptadine,DB00434,Sneezing,C0037383,Finding,Approved
Cyproheptadine,DB00434,Symptomatic dermographism,C0343065,Disease or Syndrome,Approved
Cyproheptadine,DB00434,Allergic rhinitis (disorder),C2607914,Disease or Syndrome,Approved
Cyproheptadine,DB00434,Pruritus,C0033774,Sign or Symptom,Approved
Nitric Oxide,DB00435,Persistent Fetal Circulation Syndrome,C0031190,Disease or Syndrome,Approved
Nitric Oxide,DB00435,Pulmonary Hypertension,C0020542,Pathologic Function,Approved
Bendroflumethiazide,DB00436,Hypertensive disease,C0020538,Disease or Syndrome,Approved
Allopurinol,DB00437,Calcium renal calculus,C1959799,Disease or Syndrome,Approved
Allopurinol,DB00437,Gout,C0018099,Disease or Syndrome,Approved
Allopurinol,DB00437,"Arthritis, Gouty",C0003868,Disease or Syndrome,Approved
Allopurinol,DB00437,Hyperuricemia,C0740394,Disease or Syndrome,Approved
Allopurinol,DB00437,Uric acid renal calculus,C0558595,Disease or Syndrome,Approved
Ceftazidime,DB00438,Sepsis due to Pseudomonas,C2887096,Disease or Syndrome,Approved
Ceftazidime,DB00438,Infection of bone,C2242472,Disease or Syndrome,Approved
Ceftazidime,DB00438,Meningococcal meningitis,C0025294,Disease or Syndrome,Approved
Ceftazidime,DB00438,Pneumonia due to Pseudomonas,C0155860,Disease or Syndrome,Approved
Ceftazidime,DB00438,Proteus urinary tract infection,C0577709,Disease or Syndrome,Approved
Ceftazidime,DB00438,Bacterial infection due to Klebsiella pneumoniae,C0343402,Disease or Syndrome,Approved
Ceftazidime,DB00438,Escherichia coli Infections,C0014836,Disease or Syndrome,Approved
Ceftazidime,DB00438,Escherichia coli septicemia,C0276088,Disease or Syndrome,Approved
Ceftazidime,DB00438,Infection of skin AND/OR subcutaneous tissue,C0178299,Disease or Syndrome,Approved
Ceftazidime,DB00438,Peritonitis,C0031154,Disease or Syndrome,Approved
Ceftazidime,DB00438,Arthropathy associated with infection,C0157749,Disease or Syndrome,Approved
Ceftazidime,DB00438,Proteus pneumonia,C1260917,Disease or Syndrome,Approved
Ceftazidime,DB00438,Ecthyma gangrenosum,C0276085,Disease or Syndrome,Approved
Ceftazidime,DB00438,Staphylococcus aureus infection,C1318973,Disease or Syndrome,Approved
Ceftazidime,DB00438,Enterobacter pneumonia,C1096258,Disease or Syndrome,Approved
Ceftazidime,DB00438,Staphylococcal Pneumonia,C0032308,Disease or Syndrome,Approved
Ceftazidime,DB00438,Bacterial urinary infection,C0729524,Disease or Syndrome,Approved
Ceftazidime,DB00438,Sepsis due to Staphylococcus aureus,C2887088,Disease or Syndrome,Approved
Ceftazidime,DB00438,Osteomyelitis due to Staphylococcus aureus,C1997728,Disease or Syndrome,Approved
Ceftazidime,DB00438,"Pneumonia, Bacterial",C0004626,Disease or Syndrome,Approved
Ceftazidime,DB00438,Neonatal meningitis,C0456107,Disease or Syndrome,Approved
Ceftazidime,DB00438,"Meningitis, Bacterial",C0085437,Disease or Syndrome,Approved
Ceftazidime,DB00438,Haemophilus influenzae pneumonia,C0276026,Disease or Syndrome,Approved
Ceftazidime,DB00438,Escherichia coli urinary tract infection,C0577708,Disease or Syndrome,Approved
Ceftazidime,DB00438,Bacterial sepsis,C0684256,Disease or Syndrome,Approved
Ceftazidime,DB00438,Lower respiratory tract infection,C0149725,Disease or Syndrome,Approved
Ceftazidime,DB00438,Endometritis,C0014179,Disease or Syndrome,Approved
Ceftazidime,DB00438,Intraabdominal Infections,C1112209,Disease or Syndrome,Approved
Ceftazidime,DB00438,Serratia sepsis,C0152973,Disease or Syndrome,Approved
Ceftazidime,DB00438,Rhinoscleroma,C0035468,Disease or Syndrome,Approved
Ceftazidime,DB00438,Streptococcus pyogenes infection,C0554628,Disease or Syndrome,Approved
Ceftazidime,DB00438,Pneumonia due to Escherichia coli,C0276089,Disease or Syndrome,Approved
Ceftazidime,DB00438,Enterobacteriaceae Infections,C0014347,Disease or Syndrome,Approved
Ceftazidime,DB00438,Klebsiella cystitis,C0520775,Disease or Syndrome,Approved
Ceftazidime,DB00438,Haemophilus sepsis,C0854324,Disease or Syndrome,Approved
Ceftazidime,DB00438,Gonococcal meningitis,C0153225,Disease or Syndrome,Approved
Ceftazidime,DB00438,Pelvic Inflammatory Disease,C0242172,Disease or Syndrome,Approved
Ceftazidime,DB00438,Streptococcal sepsis,C0152964,Disease or Syndrome,Approved
Trimethoprim,DB00440,Urinary tract infection,C0042029,Disease or Syndrome,Approved
Trimethoprim,DB00440,Bacterial conjunctivitis,C0009768,Disease or Syndrome,Approved
Trimethoprim,DB00440,Proteus urinary tract infection,C0577709,Disease or Syndrome,Approved
Trimethoprim,DB00440,Shigella Infections,C0013371,Disease or Syndrome,Approved
Trimethoprim,DB00440,Blepharoconjunctivitis,C0005743,Disease or Syndrome,Approved
Trimethoprim,DB00440,Escherichia coli urinary tract infection,C0577708,Disease or Syndrome,Approved
Trimethoprim,DB00440,Klebsiella cystitis,C0520775,Disease or Syndrome,Approved
Trimethoprim,DB00440,Bacterial urinary infection,C0729524,Disease or Syndrome,Approved
Trimethoprim,DB00440,Acute exacerbation of chronic bronchitis,C0856695,Disease or Syndrome,Approved
Trimethoprim,DB00440,Infective otitis media,C0729586,Disease or Syndrome,Approved
Trimethoprim,DB00440,Acute otitis media,C0271429,Disease or Syndrome,Approved
Gemcitabine,DB00441,Non-Small Cell Lung Carcinoma,C0007131,Neoplastic Process,Approved
Gemcitabine,DB00441,Adenocarcinoma of pancreas,C0281361,Neoplastic Process,Approved
Gemcitabine,DB00441,Malignant neoplasm of ovary,C1140680,Neoplastic Process,Approved
Gemcitabine,DB00441,Carcinoma breast stage IV,C0278488,Neoplastic Process,Approved
Entecavir,DB00442,"Hepatitis B, Chronic",C0524909,Disease or Syndrome,Approved
Betamethasone,DB00443,Transplanted organ rejection,C0345468,Pathologic Function,Approved
Betamethasone,DB00443,Chronic small plaque psoriasis,C0406317,Disease or Syndrome,Approved
Betamethasone,DB00443,Disorder of eye,C0015397,Disease or Syndrome,Approved
Betamethasone,DB00443,Nephrotic Syndrome,C0027726,Disease or Syndrome,Approved
Betamethasone,DB00443,"Lupus Erythematosus, Systemic",C0024141,Disease or Syndrome,Approved
Betamethasone,DB00443,Sarcoidosis,C0036202,Disease or Syndrome,Approved
Betamethasone,DB00443,Inflammatory Bowel Diseases,C0021390,Disease or Syndrome,Approved
Betamethasone,DB00443,Cerebral Edema,C0006114,Pathologic Function,Approved
Betamethasone,DB00443,Serum Sickness,C0036830,Disease or Syndrome,Approved
Betamethasone,DB00443,Seborrheic dermatitis,C0036508,Disease or Syndrome,Approved
Betamethasone,DB00443,Hodgkin Disease,C0019829,Neoplastic Process,Approved
Betamethasone,DB00443,Congenital adrenal hyperplasia,C0001627,Congenital Abnormality,Approved
Betamethasone,DB00443,Bursitis,C0006444,Disease or Syndrome,Approved
Betamethasone,DB00443,Asthma,C0004096,Disease or Syndrome,Approved
Betamethasone,DB00443,Erythema Multiforme,C0014742,Disease or Syndrome,Approved
Betamethasone,DB00443,Dermatologic disorders,C0037274,Disease or Syndrome,Approved
Betamethasone,DB00443,Angioedema,C0002994,Pathologic Function,Approved
Betamethasone,DB00443,Crohn Disease,C0010346,Disease or Syndrome,Approved
Betamethasone,DB00443,Rheumatoid Arthritis,C0003873,Disease or Syndrome,Approved
Betamethasone,DB00443,Status Asthmaticus,C0038218,Disease or Syndrome,Approved
Betamethasone,DB00443,Adrenal cortical hypofunction,C0405580,Disease or Syndrome,Approved
Betamethasone,DB00443,Acquired thrombocytopenia,C0154301,Disease or Syndrome,Approved
Betamethasone,DB00443,"Lymphoma, Follicular",C0024301,Neoplastic Process,Approved
Betamethasone,DB00443,Humoral hypercalcemia of malignancy (disorder),C0149911,Disease or Syndrome,Approved
Betamethasone,DB00443,Tendinitis,C0039503,Disease or Syndrome,Approved
Betamethasone,DB00443,Exfoliative dermatitis,C0011606,Disease or Syndrome,Approved
Betamethasone,DB00443,Synovitis,C0039103,Disease or Syndrome,Approved
Betamethasone,DB00443,Laryngeal Edema,C0023052,Pathologic Function,Approved
Betamethasone,DB00443,"Lymphoma, T-Cell, Cutaneous",C0079773,Neoplastic Process,Approved
Betamethasone,DB00443,Cooley's anemia,C0002875,Disease or Syndrome,Approved
Betamethasone,DB00443,Scalp psoriasis,C0406326,Disease or Syndrome,Approved
Betamethasone,DB00443,Allergic rhinitis (disorder),C2607914,Disease or Syndrome,Approved
Betamethasone,DB00443,Tinea Pedis,C0040259,Disease or Syndrome,Approved
Betamethasone,DB00443,Lichen Simplex Chronicus,C0149922,Disease or Syndrome,Approved
Betamethasone,DB00443,Pemphigus,C0030807,Disease or Syndrome,Approved
Betamethasone,DB00443,Contact Dermatitis,C0011616,Disease or Syndrome,Approved
Betamethasone,DB00443,Mycosis Fungoides,C0026948,Neoplastic Process,Approved
Betamethasone,DB00443,Autoimmune Diseases,C0004364,Disease or Syndrome,Approved
Betamethasone,DB00443,"Dermatitis, Atopic",C0011615,Disease or Syndrome,Approved
Betamethasone,DB00443,Multiple Sclerosis,C0026769,Disease or Syndrome,Approved
Betamethasone,DB00443,Simple Pulmonary Eosinophilia,C0242459,Disease or Syndrome,Approved
Betamethasone,DB00443,"Lupus Erythematosus, Discoid",C0024138,Disease or Syndrome,Approved
Betamethasone,DB00443,Epicondylitis,C0014488,Disease or Syndrome,Approved
Betamethasone,DB00443,Trichinellosis,C0040896,Disease or Syndrome,Approved
Betamethasone,DB00443,Autoimmune hemolytic anemia,C0002880,Disease or Syndrome,Approved
Betamethasone,DB00443,Acute lymphocytic leukemia,C0023449,Neoplastic Process,Approved
Betamethasone,DB00443,Addisonian crisis,C0151467,Disease or Syndrome,Approved
Betamethasone,DB00443,Pruritus Ani,C0033775,Sign or Symptom,Approved
Betamethasone,DB00443,"Tuberculosis, Miliary",C0041321,Disease or Syndrome,Approved
Betamethasone,DB00443,Scalp Dermatoses,C0036271,Disease or Syndrome,Approved
Betamethasone,DB00443,Addison Disease,C0001403,Disease or Syndrome,Approved
Betamethasone,DB00443,"Arthritis, Psoriatic",C0003872,Disease or Syndrome,Approved
Betamethasone,DB00443,Tinea cruris,C1384589,Disease or Syndrome,Approved
Betamethasone,DB00443,Rheumatic Heart Disease,C0035439,Disease or Syndrome,Approved
Betamethasone,DB00443,"Anemia, Diamond-Blackfan",C1260899,Congenital Abnormality,Approved
Betamethasone,DB00443,Aspiration pneumonitis,C1761609,Disease or Syndrome,Approved
Betamethasone,DB00443,Psoriasis,C0033860,Disease or Syndrome,Approved
Betamethasone,DB00443,Dermatitis Herpetiformis,C0011608,Disease or Syndrome,Approved
Betamethasone,DB00443,Post traumatic osteoarthritis,C2894027,Pathologic Function,Approved
Betamethasone,DB00443,"Arthritis, Gouty",C0003868,Disease or Syndrome,Approved
Betamethasone,DB00443,Tinea corporis (disorder),C0040252,Disease or Syndrome,Approved
Betamethasone,DB00443,Granuloma Annulare,C0085074,Disease or Syndrome,Approved
Betamethasone,DB00443,Berylliosis,C0005138,Injury or Poisoning,Approved
Betamethasone,DB00443,Ankylosing spondylitis,C0038013,Disease or Syndrome,Approved
Betamethasone,DB00443,Adrenogenital disorder,C0701163,Disease or Syndrome,Approved
Betamethasone,DB00443,Musculoskeletal Diseases,C0026857,Disease or Syndrome,Approved
Betamethasone,DB00443,Thyroiditis,C0040147,Disease or Syndrome,Approved
Betamethasone,DB00443,"Lymphoma, Non-Hodgkin",C0024305,Neoplastic Process,Approved
Betamethasone,DB00443,Exanthema,C0015230,Sign or Symptom,Approved
Betamethasone,DB00443,Tenosynovitis,C0039520,Disease or Syndrome,Approved
Betamethasone,DB00443,Pruritus of genital organs,C0033777,Sign or Symptom,Approved
Teniposide,DB00444,Acute lymphocytic leukemia,C0023449,Neoplastic Process,Approved
Epirubicin,DB00445,Breast Carcinoma,C0678222,Neoplastic Process,Approved
Chloramphenicol,DB00446,Meningococcal meningitis,C0025294,Disease or Syndrome,Approved
Chloramphenicol,DB00446,Streptococcal meningitis,C0154639,Disease or Syndrome,Approved
Chloramphenicol,DB00446,Rickettsia Infections,C0035585,Disease or Syndrome,Approved
Chloramphenicol,DB00446,Boutonneuse Fever,C0006060,Disease or Syndrome,Approved
Chloramphenicol,DB00446,Typhoid Fever,C0041466,Disease or Syndrome,Approved
Chloramphenicol,DB00446,Otitis Externa,C0029878,Disease or Syndrome,Approved
Chloramphenicol,DB00446,Paratyphoid Fever,C0030528,Disease or Syndrome,Approved
Chloramphenicol,DB00446,Salmonella infections,C0036117,Disease or Syndrome,Approved
Lansoprazole,DB00448,Duodenal Ulcer,C0013295,Disease or Syndrome,Approved
Lansoprazole,DB00448,Gastric ulcer,C0038358,Disease or Syndrome,Approved
Lansoprazole,DB00448,Zollinger-Ellison syndrome,C0043515,Disease or Syndrome,Approved
Lansoprazole,DB00448,Erosive esophagitis,C0267055,Disease or Syndrome,Approved
Lansoprazole,DB00448,Gastroesophageal reflux disease,C0017168,Disease or Syndrome,Approved
Lansoprazole,DB00448,Peptic Ulcer,C0030920,Disease or Syndrome,Approved
Dipivefrin,DB00449,"Glaucoma, Open-Angle",C0017612,Disease or Syndrome,Approved
Levothyroxine,DB00451,Myxedema,C0027145,Disease or Syndrome,Approved
Levothyroxine,DB00451,Malignant neoplasm of thyroid,C0007115,Neoplastic Process,Approved
Levothyroxine,DB00451,Hyperlipidemia,C0020473,Disease or Syndrome,Approved
Levothyroxine,DB00451,Congenital Hypothyroidism,C0010308,Congenital Abnormality,Approved
Levothyroxine,DB00451,Hypothyroidism,C0020676,Disease or Syndrome,Approved
Levothyroxine,DB00451,Hashimoto Disease,C0677607,Disease or Syndrome,Approved
Levothyroxine,DB00451,Goiter,C0018021,Pathologic Function,Approved
Pethidine,DB00454,Severe pain,C0278140,Finding,Approved
Pethidine,DB00454,Pain,C0030193,Sign or Symptom,Approved
Pethidine,DB00454,Labor Pain,C0474368,Sign or Symptom,Approved
Loratadine,DB00455,Sneezing,C0037383,Finding,Approved
Loratadine,DB00455,Rhinorrhea,C1260880,Sign or Symptom,Approved
Loratadine,DB00455,"Rhinitis, Vasomotor",C0035460,Disease or Syndrome,Approved
Loratadine,DB00455,Hay fever,C0018621,Disease or Syndrome,Approved
Loratadine,DB00455,Nasal congestion (finding),C0027424,Sign or Symptom,Approved
Loratadine,DB00455,Common Cold,C0009443,Disease or Syndrome,Approved
Loratadine,DB00455,Allergic Conjunctivitis,C0009766,Disease or Syndrome,Approved
Loratadine,DB00455,Allergic rhinitis (disorder),C2607914,Disease or Syndrome,Approved
Loratadine,DB00455,Chronic idiopathic urticaria,C0578870,Disease or Syndrome,Approved
Cefalotin,DB00456,Haemophilus influenzae pneumonia,C0276026,Disease or Syndrome,Approved
Cefalotin,DB00456,Bacterial infection due to Klebsiella pneumoniae,C0343402,Disease or Syndrome,Approved
Cefalotin,DB00456,Infection of bone,C2242472,Disease or Syndrome,Approved
Cefalotin,DB00456,Arthropathy associated with infection,C0157749,Disease or Syndrome,Approved
Cefalotin,DB00456,Female genital tract infection,C1263758,Disease or Syndrome,Approved
Cefalotin,DB00456,Infection of skin AND/OR subcutaneous tissue,C0178299,Disease or Syndrome,Approved
Cefalotin,DB00456,Genitourinary tract infection,C1279247,Disease or Syndrome,Approved
Cefalotin,DB00456,Pneumonia,C0032285,Disease or Syndrome,Approved
Cefalotin,DB00456,Urinary tract infection,C0042029,Disease or Syndrome,Approved
Cefalotin,DB00456,Lower respiratory tract infection,C0149725,Disease or Syndrome,Approved
Cefalotin,DB00456,Bacterial sepsis,C0684256,Disease or Syndrome,Approved
Prazosin,DB00457,Hypertensive disease,C0020538,Disease or Syndrome,Approved
Imipramine,DB00458,Depressive disorder,C0011581,Mental or Behavioral Dysfunction,Approved
Imipramine,DB00458,Bedwetting,C0270327,Mental or Behavioral Dysfunction,Approved
Acitretin,DB00459,Psoriasis,C0033860,Disease or Syndrome,Approved
Verteporfin,DB00460,Choroidal retinal neovascularization,C0271066,Disease or Syndrome,Approved
Verteporfin,DB00460,Choroidal Neovascularization,C0600518,Pathologic Function,Approved
Verteporfin,DB00460,Ocular histoplasmosis syndrome,C1562543,Disease or Syndrome,Approved
Verteporfin,DB00460,Exudative age-related macular degeneration,C0271084,Disease or Syndrome,Approved
Nabumetone,DB00461,Degenerative polyarthritis,C0029408,Disease or Syndrome,Approved
Nabumetone,DB00461,Rheumatoid Arthritis,C0003873,Disease or Syndrome,Approved
Methylscopolamine bromide,DB00462,Coughing,C0010200,Sign or Symptom,Approved
Methylscopolamine bromide,DB00462,Peptic Ulcer,C0030920,Disease or Syndrome,Approved
Methylscopolamine bromide,DB00462,Nasal congestion (finding),C0027424,Sign or Symptom,Approved
Methylscopolamine bromide,DB00462,Common Cold,C0009443,Disease or Syndrome,Approved
Methylscopolamine bromide,DB00462,Rhinorrhea,C1260880,Sign or Symptom,Approved
Methylscopolamine bromide,DB00462,Irritable Bowel Syndrome,C0022104,Disease or Syndrome,Approved
Methylscopolamine bromide,DB00462,Allergic rhinitis (disorder),C2607914,Disease or Syndrome,Approved
Methylscopolamine bromide,DB00462,"Rhinitis, Vasomotor",C0035460,Disease or Syndrome,Approved
Sodium Tetradecyl Sulfate,DB00464,Varicosity,C0042345,Disease or Syndrome,Approved
Ketorolac,DB00465,Acute postoperative pain,C2215257,Sign or Symptom,Approved
Ketorolac,DB00465,Allergic Conjunctivitis,C0009766,Disease or Syndrome,Approved
Ketorolac,DB00465,Severe pain,C0278140,Finding,Approved
Enoxacin,DB00467,Acute gonococcal cervicitis,C0153195,Disease or Syndrome,Approved
Enoxacin,DB00467,Gonorrhea,C0018081,Disease or Syndrome,Approved
Enoxacin,DB00467,Acute gonococcal urethritis,C0275652,Disease or Syndrome,Approved
Enoxacin,DB00467,Gonorrhea of rectum,C0275665,Disease or Syndrome,Approved
Enoxacin,DB00467,Gonorrhea of pharynx,C0149966,Disease or Syndrome,Approved
Enoxacin,DB00467,Urinary tract infection,C0042029,Disease or Syndrome,Approved
Quinine,DB00468,"Malaria, Falciparum",C0024535,Disease or Syndrome,Approved
Tenoxicam,DB00469,Arthritis,C0003864,Disease or Syndrome,Approved
Montelukast,DB00471,Allergic rhinitis (disorder),C2607914,Disease or Syndrome,Approved
Montelukast,DB00471,Allergic asthma,C0155877,Disease or Syndrome,Approved
Montelukast,DB00471,Intrinsic asthma,C0155880,Disease or Syndrome,Approved
Fluoxetine,DB00472,Depressive disorder,C0011581,Mental or Behavioral Dysfunction,Approved
Fluoxetine,DB00472,Bulimia Nervosa,C2267227,Mental or Behavioral Dysfunction,Approved
Fluoxetine,DB00472,Obsessive-Compulsive Disorder,C0028768,Mental or Behavioral Dysfunction,Approved
Fluoxetine,DB00472,Major Depressive Disorder,C1269683,Mental or Behavioral Dysfunction,Approved
Fluoxetine,DB00472,Premenstrual Dysphoric Disorder,C0520676,Mental or Behavioral Dysfunction,Approved
Fluoxetine,DB00472,Panic Disorder,C0030319,Mental or Behavioral Dysfunction,Approved
Fluoxetine,DB00472,"Depression, Bipolar",C0005587,Mental or Behavioral Dysfunction,Approved
Chlordiazepoxide,DB00475,Anxiety,C0003467,Mental or Behavioral Dysfunction,Approved
Chlordiazepoxide,DB00475,Severe anxiety (panic),C0231403,Finding,Approved
Chlordiazepoxide,DB00475,Alcohol Withdrawal Delirium,C0001957,Disease or Syndrome,Approved
Chlordiazepoxide,DB00475,Peptic Ulcer,C0030920,Disease or Syndrome,Approved
Chlordiazepoxide,DB00475,Irritable Bowel Syndrome,C0022104,Disease or Syndrome,Approved
Chlordiazepoxide,DB00475,Mixed anxiety and depressive disorder,C0338908,Mental or Behavioral Dysfunction,Approved
Chlordiazepoxide,DB00475,Alcohol withdrawal syndrome,C0236663,Disease or Syndrome,Approved
Duloxetine,DB00476,Generalized Anxiety Disorder,C0270549,Mental or Behavioral Dysfunction,Approved
Duloxetine,DB00476,Diabetic peripheral neuropathy,C0740447,Disease or Syndrome,Approved
Duloxetine,DB00476,MUSCULOSKELETAL PAIN CHRONIC,C0746683,Sign or Symptom,Approved
Duloxetine,DB00476,Fibromyalgia,C0016053,Disease or Syndrome,Approved
Duloxetine,DB00476,Major Depressive Disorder,C1269683,Mental or Behavioral Dysfunction,Approved
Duloxetine,DB00476,Female stress incontinence,C0038437,Disease or Syndrome,Approved
Chlorpromazine,DB00477,Schizophrenia,C0036341,Mental or Behavioral Dysfunction,Approved
Chlorpromazine,DB00477,"Bipolar affective disorder, current episode manic",C0338873,Mental or Behavioral Dysfunction,Approved
Chlorpromazine,DB00477,Nausea and vomiting,C0027498,Sign or Symptom,Approved
Chlorpromazine,DB00477,Acute intermittent porphyria,C0162565,Disease or Syndrome,Approved
Chlorpromazine,DB00477,Intractable hiccups,C0744896,Finding,Approved
Chlorpromazine,DB00477,Psychotic Disorders,C0033975,Mental or Behavioral Dysfunction,Approved
Chlorpromazine,DB00477,Disruptive Behavior Disorder,C0012734,Mental or Behavioral Dysfunction,Approved
Rimantadine,DB00478,Influenza due to Influenza A virus,C2711180,Disease or Syndrome,Approved
Amikacin,DB00479,Enterobacteriaceae Infections,C0014347,Disease or Syndrome,Approved
Amikacin,DB00479,Diverticulitis of gastrointestinal tract,C0349774,Disease or Syndrome,Approved
Amikacin,DB00479,Infection due to Pseudomonas aeruginosa,C0276075,Disease or Syndrome,Approved
Amikacin,DB00479,Proteus septicemia,C0577690,Disease or Syndrome,Approved
Amikacin,DB00479,Escherichia coli septicemia,C0276088,Disease or Syndrome,Approved
Amikacin,DB00479,Neonatal pneumonia,C0339968,Disease or Syndrome,Approved
Amikacin,DB00479,Klebsiella sepsis,C0745528,Disease or Syndrome,Approved
Amikacin,DB00479,Nosocomial pneumonia,C0949083,Disease or Syndrome,Approved
Amikacin,DB00479,Bacterial infection due to Klebsiella pneumoniae,C0343402,Disease or Syndrome,Approved
Amikacin,DB00479,"Meningitis, Bacterial",C0085437,Disease or Syndrome,Approved
Amikacin,DB00479,Infection of bone,C2242472,Disease or Syndrome,Approved
Amikacin,DB00479,Staphylococcal Pneumonia,C0032308,Disease or Syndrome,Approved
Amikacin,DB00479,Pseudomonas aeruginosa meningitis,C3665869,Disease or Syndrome,Approved
Amikacin,DB00479,Neonatal meningitis,C0456107,Disease or Syndrome,Approved
Amikacin,DB00479,Arthropathy associated with infection,C0157749,Disease or Syndrome,Approved
Amikacin,DB00479,"Pneumonia, Bacterial",C0004626,Disease or Syndrome,Approved
Amikacin,DB00479,Rhinoscleroma,C0035468,Disease or Syndrome,Approved
Amikacin,DB00479,Cholangitis,C0008311,Disease or Syndrome,Approved
Amikacin,DB00479,Staphylococcal bacteraemia,C0152965,Disease or Syndrome,Approved
Amikacin,DB00479,Osteomyelitis,C0029443,Disease or Syndrome,Approved
Amikacin,DB00479,Pneumonia due to Pseudomonas,C0155860,Disease or Syndrome,Approved
Amikacin,DB00479,Intraabdominal Infections,C1112209,Disease or Syndrome,Approved
Amikacin,DB00479,Sepsis due to Pseudomonas,C2887096,Disease or Syndrome,Approved
Amikacin,DB00479,Meningitis due to Klebsiella mobilis,C1719906,Disease or Syndrome,Approved
Amikacin,DB00479,Infection of skin AND/OR subcutaneous tissue,C0178299,Disease or Syndrome,Approved
Amikacin,DB00479,Pneumonia due to Escherichia coli,C0276089,Disease or Syndrome,Approved
Amikacin,DB00479,Staphylococcal meningitis,C0154640,Disease or Syndrome,Approved
Amikacin,DB00479,Serratia Infections,C0085394,Disease or Syndrome,Approved
Amikacin,DB00479,Escherichia coli Infections,C0014836,Disease or Syndrome,Approved
Amikacin,DB00479,Sepsis due to Gram negative bacteria,C3163829,Disease or Syndrome,Approved
Amikacin,DB00479,Proteus pneumonia,C1260917,Disease or Syndrome,Approved
Amikacin,DB00479,Proteus meningitis,C0338396,Disease or Syndrome,Approved
Amikacin,DB00479,"Meningitis, Escherichia coli",C0338395,Disease or Syndrome,Approved
Amikacin,DB00479,Serratia sepsis,C0152973,Disease or Syndrome,Approved
Amikacin,DB00479,Sepsis of the newborn,C0456103,Disease or Syndrome,Approved
Amikacin,DB00479,Bacterial meningitis due to Gram-negative bacteria,C0854215,Disease or Syndrome,Approved
Amikacin,DB00479,Pneumonia due to Gram negative bacteria,C0854248,Disease or Syndrome,Approved
Amikacin,DB00479,Enterobacter pneumonia,C1096258,Disease or Syndrome,Approved
Amikacin,DB00479,Bacterial sepsis,C0684256,Disease or Syndrome,Approved
Lenalidomide,DB00480,Multiple Myeloma,C0026764,Neoplastic Process,Approved
Lenalidomide,DB00480,"Malignant lymphoma, lymphocytic, intermediate differentiation, diffuse",C0334634,Neoplastic Process,Approved
Raloxifene,DB00481,"Osteoporosis, Postmenopausal",C0029458,Disease or Syndrome,Approved
Celecoxib,DB00482,Acute postoperative pain,C2215257,Sign or Symptom,Approved
Celecoxib,DB00482,Dysmenorrhea,C0013390,Pathologic Function,Approved
Celecoxib,DB00482,Rheumatoid Arthritis,C0003873,Disease or Syndrome,Approved
Celecoxib,DB00482,Ankylosing spondylitis,C0038013,Disease or Syndrome,Approved
Celecoxib,DB00482,Degenerative polyarthritis,C0029408,Disease or Syndrome,Approved
Brimonidine,DB00484,"Glaucoma, Open-Angle",C0017612,Disease or Syndrome,Approved
Brimonidine,DB00484,Ocular Hypertension,C0028840,Disease or Syndrome,Approved
Dicloxacillin,DB00485,Staphylococcal Pneumonia,C0032308,Disease or Syndrome,Approved
Dicloxacillin,DB00485,Infection of skin AND/OR subcutaneous tissue,C0178299,Disease or Syndrome,Approved
Dicloxacillin,DB00485,Staphylococcus aureus infection,C1318973,Disease or Syndrome,Approved
Altretamine,DB00488,Malignant neoplasm of ovary,C1140680,Neoplastic Process,Approved
Buspirone,DB00490,Generalized Anxiety Disorder,C0270549,Mental or Behavioral Dysfunction,Approved
Miglitol,DB00491,"Diabetes Mellitus, Non-Insulin-Dependent",C0011860,Disease or Syndrome,Approved
Fosinopril,DB00492,Chronic heart failure,C0264716,Disease or Syndrome,Approved
Fosinopril,DB00492,Hypertensive disease,C0020538,Disease or Syndrome,Approved
Cefotaxime,DB00493,Sepsis due to Staphylococcus aureus,C2887088,Disease or Syndrome,Approved
Cefotaxime,DB00493,Ophthalmia Neonatorum,C0029076,Disease or Syndrome,Approved
Cefotaxime,DB00493,Neonatal meningitis,C0456107,Disease or Syndrome,Approved
Cefotaxime,DB00493,Streptococcal meningitis,C0154639,Disease or Syndrome,Approved
Cefotaxime,DB00493,Infection of bone,C2242472,Disease or Syndrome,Approved
Cefotaxime,DB00493,Intraabdominal Infections,C1112209,Disease or Syndrome,Approved
Cefotaxime,DB00493,Haemophilus influenzae type b infection,C2028293,Disease or Syndrome,Approved
Cefotaxime,DB00493,Haemophilus influenzae pneumonia,C0276026,Disease or Syndrome,Approved
Cefotaxime,DB00493,Pneumonia due to Pseudomonas,C0155860,Disease or Syndrome,Approved
Cefotaxime,DB00493,Proteus urinary tract infection,C0577709,Disease or Syndrome,Approved
Cefotaxime,DB00493,Klebsiella cystitis,C0520775,Disease or Syndrome,Approved
Cefotaxime,DB00493,Infection of skin AND/OR subcutaneous tissue,C0178299,Disease or Syndrome,Approved
Cefotaxime,DB00493,Serratia sepsis,C0152973,Disease or Syndrome,Approved
Cefotaxime,DB00493,Sepsis of the newborn,C0456103,Disease or Syndrome,Approved
Cefotaxime,DB00493,"Meningitis, Bacterial",C0085437,Disease or Syndrome,Approved
Cefotaxime,DB00493,Serratia Infections,C0085394,Disease or Syndrome,Approved
Cefotaxime,DB00493,Bacterial urinary infection,C0729524,Disease or Syndrome,Approved
Cefotaxime,DB00493,Escherichia coli septicemia,C0276088,Disease or Syndrome,Approved
Cefotaxime,DB00493,Haemophilus parainfluenzae pneumonia,C0877633,Disease or Syndrome,Approved
Cefotaxime,DB00493,Female genital tract infection,C1263758,Disease or Syndrome,Approved
Cefotaxime,DB00493,Peritonitis,C0031154,Disease or Syndrome,Approved
Cefotaxime,DB00493,Staphylococcal Pneumonia,C0032308,Disease or Syndrome,Approved
Cefotaxime,DB00493,Bacterial sepsis,C0684256,Disease or Syndrome,Approved
Cefotaxime,DB00493,Proteus pneumonia,C1260917,Disease or Syndrome,Approved
Cefotaxime,DB00493,Meningitis due to Klebsiella mobilis,C1719906,Disease or Syndrome,Approved
Cefotaxime,DB00493,URINARY TRACT INFECTION ENTEROCOCCUS,C0749958,Disease or Syndrome,Approved
Cefotaxime,DB00493,Escherichia coli urinary tract infection,C0577708,Disease or Syndrome,Approved
Cefotaxime,DB00493,Enterobacter pneumonia,C1096258,Disease or Syndrome,Approved
Cefotaxime,DB00493,"Arthritis, Bacterial",C1692886,Disease or Syndrome,Approved
Cefotaxime,DB00493,Lower respiratory tract infection,C0149725,Disease or Syndrome,Approved
Cefotaxime,DB00493,Bacterial infection due to Klebsiella pneumoniae,C0343402,Disease or Syndrome,Approved
Cefotaxime,DB00493,URINARY TRACT INFECTION CITROBACTER,C0749955,Disease or Syndrome,Approved
Cefotaxime,DB00493,"Meningitis, Escherichia coli",C0338395,Disease or Syndrome,Approved
Cefotaxime,DB00493,"Pneumonia, Bacterial",C0004626,Disease or Syndrome,Approved
Cefotaxime,DB00493,Neonatal pneumonia,C0339968,Disease or Syndrome,Approved
Cefotaxime,DB00493,Streptococcal sepsis,C0152964,Disease or Syndrome,Approved
Cefotaxime,DB00493,Meningococcal meningitis,C0025294,Disease or Syndrome,Approved
Cefotaxime,DB00493,Pneumonia due to Escherichia coli,C0276089,Disease or Syndrome,Approved
Entacapone,DB00494,Parkinson Disease,C0030567,Disease or Syndrome,Approved
Zidovudine,DB00495,HIV Infections,C0019693,Disease or Syndrome,Approved
Darifenacin,DB00496,Bladder muscle dysfunction - overactive,C0403643,Disease or Syndrome,Approved
Darifenacin,DB00496,Urge Incontinence,C0150045,Finding,Approved
Darifenacin,DB00496,Urgency of micturition,C0085606,Disease or Syndrome,Approved
Darifenacin,DB00496,Increased frequency of micturition,C0042023,Finding,Approved
Oxycodone,DB00497,Acute postoperative pain,C2215257,Sign or Symptom,Approved
Oxycodone,DB00497,Severe pain,C0278140,Finding,Approved
Flutamide,DB00499,Prostatic Neoplasms,C0033578,Neoplastic Process,Approved
Tolmetin,DB00500,Degenerative polyarthritis,C0029408,Disease or Syndrome,Approved
Tolmetin,DB00500,Rheumatoid Arthritis,C0003873,Disease or Syndrome,Approved
Cimetidine,DB00501,Duodenal Ulcer,C0013295,Disease or Syndrome,Approved
Cimetidine,DB00501,Upper gastrointestinal hemorrhage,C0041909,Pathologic Function,Approved
Cimetidine,DB00501,Dyspepsia,C0013395,Sign or Symptom,Approved
Cimetidine,DB00501,Gastroesophageal reflux disease,C0017168,Disease or Syndrome,Approved
Cimetidine,DB00501,Zollinger-Ellison syndrome,C0043515,Disease or Syndrome,Approved
Cimetidine,DB00501,Heartburn,C0018834,Sign or Symptom,Approved
Cimetidine,DB00501,"Mastocytosis, Systemic",C0221013,Disease or Syndrome,Approved
Cimetidine,DB00501,Multiple Endocrine Neoplasia,C0027662,Neoplastic Process,Approved
Cimetidine,DB00501,Gastric ulcer,C0038358,Disease or Syndrome,Approved
Haloperidol,DB00502,Chronic schizophrenia,C0221765,Mental or Behavioral Dysfunction,Approved
Haloperidol,DB00502,Gilles de la Tourette syndrome,C0040517,Disease or Syndrome,Approved
Haloperidol,DB00502,Schizophrenia,C0036341,Mental or Behavioral Dysfunction,Approved
Haloperidol,DB00502,Psychotic Disorders,C0033975,Mental or Behavioral Dysfunction,Approved
Ritonavir,DB00503,HIV Infections,C0019693,Disease or Syndrome,Approved
Ritonavir,DB00503,"Hepatitis C, Chronic",C0524910,Disease or Syndrome,Approved
Nitazoxanide,DB00507,Giardiasis,C0017536,Disease or Syndrome,Approved
Nitazoxanide,DB00507,Cryptosporidiosis,C0010418,Disease or Syndrome,Approved
Triflupromazine,DB00508,Psychotic Disorders,C0033975,Mental or Behavioral Dysfunction,Approved
Triflupromazine,DB00508,Nausea,C0027497,Sign or Symptom,Approved
Triflupromazine,DB00508,Vomiting,C0042963,Sign or Symptom,Approved
Triflupromazine,DB00508,Nausea and vomiting,C0027498,Sign or Symptom,Approved
Dextrothyroxine,DB00509,Hyperlipidemia,C0020473,Disease or Syndrome,Approved
Vancomycin,DB00512,Bacterial Endocarditis,C0014121,Disease or Syndrome,Approved
Vancomycin,DB00512,Neonatal pneumonia,C0339968,Disease or Syndrome,Approved
Vancomycin,DB00512,Bacterial sepsis,C0684256,Disease or Syndrome,Approved
Vancomycin,DB00512,Staphylococcal Pneumonia,C0032308,Disease or Syndrome,Approved
Vancomycin,DB00512,Sepsis of the newborn,C0456103,Disease or Syndrome,Approved
Vancomycin,DB00512,Staphylococcus aureus infection,C1318973,Disease or Syndrome,Approved
Vancomycin,DB00512,Streptococcal endocarditis,C3665800,Disease or Syndrome,Approved
Vancomycin,DB00512,Staphylococcal bacteraemia,C0152965,Disease or Syndrome,Approved
Vancomycin,DB00512,Staphylococcal Infections,C0038160,Disease or Syndrome,Approved
Vancomycin,DB00512,"Enterocolitis, Pseudomembranous",C0014358,Disease or Syndrome,Approved
Vancomycin,DB00512,Staphylococcal enterocolitis,C0038157,Disease or Syndrome,Approved
Vancomycin,DB00512,Infection of bone,C2242472,Disease or Syndrome,Approved
Vancomycin,DB00512,Arthropathy associated with infection,C0157749,Disease or Syndrome,Approved
Vancomycin,DB00512,Staphylococcal endocarditis,C0520767,Disease or Syndrome,Approved
Vancomycin,DB00512,Osteomyelitis due to Staphylococcus aureus,C1997728,Disease or Syndrome,Approved
Dextromethorphan,DB00514,Sneezing,C0037383,Finding,Approved
Dextromethorphan,DB00514,Mouth irritation,C0235339,Finding,Approved
Dextromethorphan,DB00514,Headache Disorders,C0393735,Disease or Syndrome,Approved
Dextromethorphan,DB00514,Influenza-like symptoms,C0392171,Sign or Symptom,Approved
Dextromethorphan,DB00514,Pseudobulbar affect,C2316460,Finding,Approved
Dextromethorphan,DB00514,Allergic rhinitis (disorder),C2607914,Disease or Syndrome,Approved
Dextromethorphan,DB00514,"Rhinitis, Vasomotor",C0035460,Disease or Syndrome,Approved
Dextromethorphan,DB00514,Coughing,C0010200,Sign or Symptom,Approved
Dextromethorphan,DB00514,Common Cold,C0009443,Disease or Syndrome,Approved
Dextromethorphan,DB00514,Fever,C0015967,Finding,Approved
Dextromethorphan,DB00514,Sore Throat,C0242429,Sign or Symptom,Approved
Dextromethorphan,DB00514,Rhinorrhea,C1260880,Sign or Symptom,Approved
Dextromethorphan,DB00514,Nasal congestion (finding),C0027424,Sign or Symptom,Approved
Dextromethorphan,DB00514,Rhinitis,C0035455,Disease or Syndrome,Approved
Cisplatin,DB00515,Malignant neoplasm of ovary,C1140680,Neoplastic Process,Approved
Cisplatin,DB00515,Testicular Germ Cell Tumor,C1336708,Neoplastic Process,Approved
Anisotropine Methylbromide,DB00517,Gastric ulcer,C0038358,Disease or Syndrome,Approved
Anisotropine Methylbromide,DB00517,Peptic Ulcer,C0030920,Disease or Syndrome,Approved
Albendazole,DB00518,Echinococcus granulosus infection of liver,C0153289,Disease or Syndrome,Approved
Albendazole,DB00518,Echinococcus granulosus infection of lung,C0153290,Disease or Syndrome,Approved
Albendazole,DB00518,Neurocysticercosis,C0338437,Disease or Syndrome,Approved
Albendazole,DB00518,Echinococcus granulosus infection,C0152068,Disease or Syndrome,Approved
Trandolapril,DB00519,Chronic heart failure,C0264716,Disease or Syndrome,Approved
Trandolapril,DB00519,Hypertensive disease,C0020538,Disease or Syndrome,Approved
Caspofungin,DB00520,candidal peritonitis,C2062982,Disease or Syndrome,Approved
Caspofungin,DB00520,Candidiasis of the esophagus,C0239295,Disease or Syndrome,Approved
Caspofungin,DB00520,Candidemia,C0877445,Disease or Syndrome,Approved
Carteolol,DB00521,"Glaucoma, Open-Angle",C0017612,Disease or Syndrome,Approved
Carteolol,DB00521,Hypertensive disease,C0020538,Disease or Syndrome,Approved
Carteolol,DB00521,Ocular Hypertension,C0028840,Disease or Syndrome,Approved
Metolazone,DB00524,Hypertensive disease,C0020538,Disease or Syndrome,Approved
Metolazone,DB00524,Renal disease with edema NOS,C0866125,Disease or Syndrome,Approved
Tolnaftate,DB00525,Tinea cruris,C1384589,Disease or Syndrome,Approved
Tolnaftate,DB00525,Tinea manus,C0153246,Disease or Syndrome,Approved
Tolnaftate,DB00525,Tinea Versicolor,C0040262,Disease or Syndrome,Approved
Tolnaftate,DB00525,Tinea corporis (disorder),C0040252,Disease or Syndrome,Approved
Tolnaftate,DB00525,Tinea Capitis,C0040250,Disease or Syndrome,Approved
Tolnaftate,DB00525,Tinea Pedis,C0040259,Disease or Syndrome,Approved
Tolnaftate,DB00525,Tinea barbae,C2349994,Disease or Syndrome,Approved
Oxaliplatin,DB00526,Metastasis from malignant tumor of colon,C1282500,Neoplastic Process,Approved
Cinchocaine,DB00527,Skin irritation,C0152030,Finding,Approved
Cinchocaine,DB00527,Pruritus,C0033774,Sign or Symptom,Approved
Lercanidipine,DB00528,Hypertensive disease,C0020538,Disease or Syndrome,Approved
Erlotinib,DB00530,Non-Small Cell Lung Carcinoma,C0007131,Neoplastic Process,Approved
Erlotinib,DB00530,Adenocarcinoma of pancreas,C0281361,Neoplastic Process,Approved
Cyclophosphamide,DB00531,Lymphoma,C0024299,Neoplastic Process,Approved
Cyclophosphamide,DB00531,Multiple Myeloma,C0026764,Neoplastic Process,Approved
Cyclophosphamide,DB00531,Mycosis Fungoides,C0026948,Neoplastic Process,Approved
Cyclophosphamide,DB00531,Neuroblastoma,C0027819,Neoplastic Process,Approved
Cyclophosphamide,DB00531,Retinoblastoma,C0035335,Neoplastic Process,Approved
Cefdinir,DB00535,Moraxella catarrhalis pneumonia,C0857831,Disease or Syndrome,Approved
Cefdinir,DB00535,Streptococcus pyogenes infection,C0554628,Disease or Syndrome,Approved
Cefdinir,DB00535,Haemophilus influenzae pneumonia,C0276026,Disease or Syndrome,Approved
Cefdinir,DB00535,Acute Moraxella catarrhalis bronchitis,C0339932,Disease or Syndrome,Approved
Cefdinir,DB00535,Streptococcal tonsillitis,C0275804,Disease or Syndrome,Approved
Cefdinir,DB00535,Staphylococcus aureus infection,C1318973,Disease or Syndrome,Approved
Cefdinir,DB00535,Haemophilus parainfluenzae pneumonia,C0877633,Disease or Syndrome,Approved
Cefdinir,DB00535,Infective otitis media,C0729586,Disease or Syndrome,Approved
Guanidine,DB00536,Lambert-Eaton Myasthenic Syndrome,C0022972,Disease or Syndrome,Approved
Ciprofloxacin,DB00537,Acute gonococcal urethritis,C0275652,Disease or Syndrome,Approved
Ciprofloxacin,DB00537,Infective otitis externa,C0021355,Disease or Syndrome,Approved
Ciprofloxacin,DB00537,Enterobacteriaceae Infections,C0014347,Disease or Syndrome,Approved
Ciprofloxacin,DB00537,Acute Moraxella catarrhalis bronchitis,C0339932,Disease or Syndrome,Approved
Ciprofloxacin,DB00537,Escherichia coli septicemia,C0276088,Disease or Syndrome,Approved
Ciprofloxacin,DB00537,Typhoid Fever,C0041466,Disease or Syndrome,Approved
Ciprofloxacin,DB00537,Bacterial conjunctivitis,C0009768,Disease or Syndrome,Approved
Ciprofloxacin,DB00537,Streptococcus pyogenes infection,C0554628,Disease or Syndrome,Approved
Ciprofloxacin,DB00537,Pneumonia due to Pseudomonas,C0155860,Disease or Syndrome,Approved
Ciprofloxacin,DB00537,Staphylococcus aureus infection,C1318973,Disease or Syndrome,Approved
Ciprofloxacin,DB00537,Infection of bone,C2242472,Disease or Syndrome,Approved
Ciprofloxacin,DB00537,Anthrax disease,C0003175,Disease or Syndrome,Approved
Ciprofloxacin,DB00537,"Pneumonia, Bacterial",C0004626,Disease or Syndrome,Approved
Ciprofloxacin,DB00537,Infective cystitis,C0600041,Disease or Syndrome,Approved
Ciprofloxacin,DB00537,Haemophilus parainfluenzae pneumonia,C0877633,Disease or Syndrome,Approved
Ciprofloxacin,DB00537,Malignant otitis externa due to Pseudomonas aeruginosa,C0395818,Disease or Syndrome,Approved
Ciprofloxacin,DB00537,Enterobacter pneumonia,C1096258,Disease or Syndrome,Approved
Ciprofloxacin,DB00537,Rhinoscleroma,C0035468,Disease or Syndrome,Approved
Ciprofloxacin,DB00537,Nosocomial pneumonia,C0949083,Disease or Syndrome,Approved
Ciprofloxacin,DB00537,Arthropathy associated with infection,C0157749,Disease or Syndrome,Approved
Ciprofloxacin,DB00537,URINARY TRACT INFECTION CITROBACTER,C0749955,Disease or Syndrome,Approved
Ciprofloxacin,DB00537,Acute gonococcal cervicitis,C0153195,Disease or Syndrome,Approved
Ciprofloxacin,DB00537,Chancroids,C0007947,Disease or Syndrome,Approved
Ciprofloxacin,DB00537,Haemophilus influenzae pneumonia,C0276026,Disease or Syndrome,Approved
Ciprofloxacin,DB00537,Escherichia coli urinary tract infection,C0577708,Disease or Syndrome,Approved
Ciprofloxacin,DB00537,URINARY TRACT INFECTION ENTEROCOCCUS,C0749958,Disease or Syndrome,Approved
Ciprofloxacin,DB00537,Cystitis,C0010692,Disease or Syndrome,Approved
Ciprofloxacin,DB00537,Traveler's diarrhea,C0277528,Disease or Syndrome,Approved
Ciprofloxacin,DB00537,Acute osteomyelitis,C0158371,Disease or Syndrome,Approved
Ciprofloxacin,DB00537,prostatitis,C0033581,Disease or Syndrome,Approved
Ciprofloxacin,DB00537,Proteus urinary tract infection,C0577709,Disease or Syndrome,Approved
Ciprofloxacin,DB00537,Lower respiratory tract infection,C0149725,Disease or Syndrome,Approved
Ciprofloxacin,DB00537,Bacterial urinary infection,C0729524,Disease or Syndrome,Approved
Ciprofloxacin,DB00537,Cystitis escherichia,C0853852,Disease or Syndrome,Approved
Ciprofloxacin,DB00537,Klebsiella cystitis,C0520775,Disease or Syndrome,Approved
Ciprofloxacin,DB00537,Escherichia coli Infections,C0014836,Disease or Syndrome,Approved
Ciprofloxacin,DB00537,Intraabdominal Infections,C1112209,Disease or Syndrome,Approved
Ciprofloxacin,DB00537,Abdominal Abscess,C0243001,Disease or Syndrome,Approved
Ciprofloxacin,DB00537,Chronic Bacterial Prostatitis,C1720797,Disease or Syndrome,Approved
Ciprofloxacin,DB00537,Shigella Infections,C0013371,Disease or Syndrome,Approved
Ciprofloxacin,DB00537,Infection of skin AND/OR subcutaneous tissue,C0178299,Disease or Syndrome,Approved
Ciprofloxacin,DB00537,Acute maxillary sinusitis,C0155804,Disease or Syndrome,Approved
Ciprofloxacin,DB00537,Pneumonia due to Escherichia coli,C0276089,Disease or Syndrome,Approved
Ciprofloxacin,DB00537,Otitis Externa,C0029878,Disease or Syndrome,Approved
Ciprofloxacin,DB00537,PYELONEPHRITIS E COLI,C0748196,Finding,Approved
Ciprofloxacin,DB00537,Proteus pneumonia,C1260917,Disease or Syndrome,Approved
Ciprofloxacin,DB00537,Bacterial infection due to Klebsiella pneumoniae,C0343402,Disease or Syndrome,Approved
Ciprofloxacin,DB00537,Enteric campylobacteriosis,C0275982,Disease or Syndrome,Approved
Toremifene,DB00539,Carcinoma breast stage IV,C0278488,Neoplastic Process,Approved
Nortriptyline,DB00540,Depressive disorder,C0011581,Mental or Behavioral Dysfunction,Approved
Vincristine,DB00541,Rhabdomyosarcoma,C0035412,Neoplastic Process,Approved
Vincristine,DB00541,Nephroblastoma,C0027708,Neoplastic Process,Approved
Vincristine,DB00541,"Lymphoma, Follicular",C0024301,Neoplastic Process,Approved
Vincristine,DB00541,Acute lymphocytic leukemia,C0023449,Neoplastic Process,Approved
Vincristine,DB00541,Diffuse Large B-Cell Lymphoma,C0079744,Neoplastic Process,Approved
Vincristine,DB00541,Burkitt Lymphoma,C0006413,Neoplastic Process,Approved
Vincristine,DB00541,Hodgkin Disease,C0019829,Neoplastic Process,Approved
Vincristine,DB00541,Neuroblastoma,C0027819,Neoplastic Process,Approved
Vincristine,DB00541,"Lymphoma, Non-Hodgkin",C0024305,Neoplastic Process,Approved
Benazepril,DB00542,Hypertensive disease,C0020538,Disease or Syndrome,Approved
Amoxapine,DB00543,Depressive disorder,C0011581,Mental or Behavioral Dysfunction,Approved
Fluorouracil,DB00544,Adenocarcinoma of pancreas,C0281361,Neoplastic Process,Approved
Fluorouracil,DB00544,Malignant tumor of colon,C0007102,Neoplastic Process,Approved
Fluorouracil,DB00544,Superficial basal cell carcinoma,C0862889,Neoplastic Process,Approved
Fluorouracil,DB00544,Metastasis from malignant tumor of colon,C1282500,Neoplastic Process,Approved
Fluorouracil,DB00544,Actinic keratosis,C0022602,Neoplastic Process,Approved
Fluorouracil,DB00544,Carcinoma breast stage IV,C0278488,Neoplastic Process,Approved
Fluorouracil,DB00544,Malignant neoplasm of stomach,C0024623,Neoplastic Process,Approved
Pyridostigmine,DB00545,Myasthenia Gravis,C0026896,Disease or Syndrome,Approved
Desoximetasone,DB00547,Chronic small plaque psoriasis,C0406317,Disease or Syndrome,Approved
Desoximetasone,DB00547,Pruritus of genital organs,C0033777,Sign or Symptom,Approved
Desoximetasone,DB00547,Contact Dermatitis,C0011616,Disease or Syndrome,Approved
Desoximetasone,DB00547,Granuloma Annulare,C0085074,Disease or Syndrome,Approved
Desoximetasone,DB00547,Exanthema,C0015230,Sign or Symptom,Approved
Desoximetasone,DB00547,"Lymphoma, T-Cell, Cutaneous",C0079773,Neoplastic Process,Approved
Desoximetasone,DB00547,Seborrheic dermatitis,C0036508,Disease or Syndrome,Approved
Desoximetasone,DB00547,Pruritus Ani,C0033775,Sign or Symptom,Approved
Desoximetasone,DB00547,Scalp psoriasis,C0406326,Disease or Syndrome,Approved
Desoximetasone,DB00547,"Lupus Erythematosus, Discoid",C0024138,Disease or Syndrome,Approved
Desoximetasone,DB00547,"Dermatitis, Atopic",C0011615,Disease or Syndrome,Approved
Desoximetasone,DB00547,Lichen Simplex Chronicus,C0149922,Disease or Syndrome,Approved
Azelaic Acid,DB00548,Acne Vulgaris,C0001144,Disease or Syndrome,Approved
Zafirlukast,DB00549,Asthma,C0004096,Disease or Syndrome,Approved
Propylthiouracil,DB00550,Thyroid Crisis,C0040127,Disease or Syndrome,Approved
Propylthiouracil,DB00550,Hyperthyroidism,C0020550,Disease or Syndrome,Approved
Acetohydroxamic Acid,DB00551,Urinary tract infection,C0042029,Disease or Syndrome,Approved
Pentostatin,DB00552,Hairy Cell Leukemia,C0023443,Neoplastic Process,Approved
Methoxsalen,DB00553,"Lymphoma, T-Cell, Cutaneous",C0079773,Neoplastic Process,Approved
Methoxsalen,DB00553,Vitiligo,C0042900,Disease or Syndrome,Approved
Piroxicam,DB00554,Degenerative polyarthritis,C0029408,Disease or Syndrome,Approved
Piroxicam,DB00554,Rheumatoid Arthritis,C0003873,Disease or Syndrome,Approved
Lamotrigine,DB00555,Epilepsy,C0014544,Disease or Syndrome,Approved
Lamotrigine,DB00555,Lennox-Gastaut syndrome,C0238111,Disease or Syndrome,Approved
Lamotrigine,DB00555,Simple Partial Seizures,C0234974,Disease or Syndrome,Approved
Lamotrigine,DB00555,Epilepsy characterized by intractable complex partial seizures,C2711653,Disease or Syndrome,Approved
Lamotrigine,DB00555,Tonic - clonic seizures,C0494475,Disease or Syndrome,Approved
Lamotrigine,DB00555,Bipolar disorder in remission,C0270425,Mental or Behavioral Dysfunction,Approved
Hydroxyzine,DB00557,Allergic Conjunctivitis,C0009766,Disease or Syndrome,Approved
Hydroxyzine,DB00557,Rhinorrhea,C1260880,Sign or Symptom,Approved
Hydroxyzine,DB00557,Urticaria,C0042109,Disease or Syndrome,Approved
Hydroxyzine,DB00557,Symptomatic dermographism,C0343065,Disease or Syndrome,Approved
Hydroxyzine,DB00557,Pruritus,C0033774,Sign or Symptom,Approved
Hydroxyzine,DB00557,"Dermatitis, Atopic",C0011615,Disease or Syndrome,Approved
Hydroxyzine,DB00557,Allergic rhinitis (disorder),C2607914,Disease or Syndrome,Approved
Zanamivir,DB00558,Influenza,C0021400,Disease or Syndrome,Approved
Bosentan,DB00559,Pulmonary arterial hypertension,C2973725,Disease or Syndrome,Approved
Bosentan,DB00559,Pulmonary Hypertension,C0020542,Pathologic Function,Approved
Bosentan,DB00559,Scleroderma,C0011644,Disease or Syndrome,Approved
Tigecycline,DB00560,Complicated appendicitis,C1632842,Disease or Syndrome,Approved
Tigecycline,DB00560,Haemophilus influenzae pneumonia,C0276026,Disease or Syndrome,Approved
Tigecycline,DB00560,Abdominal Abscess,C0243001,Disease or Syndrome,Approved
Tigecycline,DB00560,Intraabdominal Infections,C1112209,Disease or Syndrome,Approved
Tigecycline,DB00560,Legionella pneumophila pneumonia,C0857846,Disease or Syndrome,Approved
Doxapram,DB00561,Respiratory Depression,C0235063,Pathologic Function,Approved
Methotrexate,DB00563,Psoriasis,C0033860,Disease or Syndrome,Approved
Methotrexate,DB00563,Malignant epithelial neoplasm of female breast,C3163805,Neoplastic Process,Approved
Methotrexate,DB00563,Cancer of Head and Neck,C0278996,Neoplastic Process,Approved
Methotrexate,DB00563,Gestational Trophoblastic Neoplasms,C1135868,Neoplastic Process,Approved
Methotrexate,DB00563,Mycosis Fungoides,C0026948,Neoplastic Process,Approved
Methotrexate,DB00563,"Lymphoma, Non-Hodgkin",C0024305,Neoplastic Process,Approved
Methotrexate,DB00563,Meningeal Leukemia,C0948840,Neoplastic Process,Approved
Methotrexate,DB00563,Acute lymphocytic leukemia,C0023449,Neoplastic Process,Approved
Methotrexate,DB00563,Malignant neoplasm of lung,C0242379,Neoplastic Process,Approved
Methotrexate,DB00563,Burkitt Lymphoma,C0006413,Neoplastic Process,Approved
Methotrexate,DB00563,Rheumatoid Arthritis,C0003873,Disease or Syndrome,Approved
Methotrexate,DB00563,Osteosarcoma of bone,C0585442,Neoplastic Process,Approved
Carbamazepine,DB00564,Epilepsy,C0014544,Disease or Syndrome,Approved
Carbamazepine,DB00564,Tonic - clonic seizures,C0494475,Disease or Syndrome,Approved
Carbamazepine,DB00564,Epilepsy characterized by intractable complex partial seizures,C2711653,Disease or Syndrome,Approved
Carbamazepine,DB00564,Simple Partial Seizures,C0234974,Disease or Syndrome,Approved
Carbamazepine,DB00564,Lennox-Gastaut syndrome,C0238111,Disease or Syndrome,Approved
Carbamazepine,DB00564,Glossopharyngeal Neuralgia,C0154731,Disease or Syndrome,Approved
Carbamazepine,DB00564,Mixed bipolar I disorder,C0236780,Mental or Behavioral Dysfunction,Approved
Carbamazepine,DB00564,Tonic-Clonic Epilepsy,C0014549,Disease or Syndrome,Approved
Carbamazepine,DB00564,"Bipolar affective disorder, current episode manic",C0338873,Mental or Behavioral Dysfunction,Approved
Carbamazepine,DB00564,Bipolar disorder in remission,C0270425,Mental or Behavioral Dysfunction,Approved
Carbamazepine,DB00564,"Epilepsies, Partial",C0014547,Disease or Syndrome,Approved
Carbamazepine,DB00564,mixed; epileptic,C1398376,Disease or Syndrome,Approved
Carbamazepine,DB00564,Trigeminal Neuralgia,C0040997,Disease or Syndrome,Approved
Succimer,DB00566,Accidental poisoning by lead and its compounds and fumes,C0261486,Injury or Poisoning,Approved
Cephalexin,DB00567,Infective otitis media,C0729586,Disease or Syndrome,Approved
Cephalexin,DB00567,prostatitis,C0033581,Disease or Syndrome,Approved
Cephalexin,DB00567,Klebsiella cystitis,C0520775,Disease or Syndrome,Approved
Cephalexin,DB00567,Infection of skin AND/OR subcutaneous tissue,C0178299,Disease or Syndrome,Approved
Cephalexin,DB00567,Arthropathy associated with infection,C0157749,Disease or Syndrome,Approved
Cephalexin,DB00567,Acute otitis media,C0271429,Disease or Syndrome,Approved
Cephalexin,DB00567,Streptococcus pyogenes infection,C0554628,Disease or Syndrome,Approved
Cephalexin,DB00567,Proteus urinary tract infection,C0577709,Disease or Syndrome,Approved
Cephalexin,DB00567,Osteomyelitis due to Staphylococcus aureus,C1997728,Disease or Syndrome,Approved
Cephalexin,DB00567,Streptococcal tonsillitis,C0275804,Disease or Syndrome,Approved
Cephalexin,DB00567,Infection of bone,C2242472,Disease or Syndrome,Approved
Cephalexin,DB00567,Escherichia coli urinary tract infection,C0577708,Disease or Syndrome,Approved
Cephalexin,DB00567,Staphylococcus aureus infection,C1318973,Disease or Syndrome,Approved
Cinnarizine,DB00568,Vertigo,C0042571,Sign or Symptom,Approved
Cinnarizine,DB00568,Nausea,C0027497,Sign or Symptom,Approved
Cinnarizine,DB00568,Motion Sickness,C0026603,Disease or Syndrome,Approved
Fondaparinux sodium,DB00569,Pulmonary Thromboembolisms,C0524702,Disease or Syndrome,Approved
Fondaparinux sodium,DB00569,Deep Vein Thrombosis,C0149871,Disease or Syndrome,Approved
Vinblastine,DB00570,Gestational Trophoblastic Neoplasms,C1135868,Neoplastic Process,Approved
Vinblastine,DB00570,Hodgkin Disease,C0019829,Neoplastic Process,Approved
Vinblastine,DB00570,Carcinoma breast stage IV,C0278488,Neoplastic Process,Approved
Vinblastine,DB00570,Letterer-Siwe Disease,C0023381,Disease or Syndrome,Approved
Vinblastine,DB00570,Malignant neoplasm of testis,C0153594,Neoplastic Process,Approved
Vinblastine,DB00570,"Lymphoma, Non-Hodgkin",C0024305,Neoplastic Process,Approved
Vinblastine,DB00570,Mycosis Fungoides,C0026948,Neoplastic Process,Approved
Vinblastine,DB00570,Kaposi Sarcoma,C0036220,Neoplastic Process,Approved
Vinblastine,DB00570,Malignant epithelial neoplasm of female breast,C3163805,Neoplastic Process,Approved
Propranolol,DB00571,Idiopathic hypertrophic subaortic stenosis,C0700053,Congenital Abnormality,Approved
Propranolol,DB00571,Atrial Fibrillation,C0004238,Disease or Syndrome,Approved
Propranolol,DB00571,Supraventricular tachycardia,C0039240,Disease or Syndrome,Approved
Propranolol,DB00571,Angina Pectoris,C0002962,Finding,Approved
Propranolol,DB00571,Hypertrophic Cardiomyopathy,C0007194,Disease or Syndrome,Approved
Propranolol,DB00571,Hypertensive disease,C0020538,Disease or Syndrome,Approved
Propranolol,DB00571,Hemangioma,C0018916,Neoplastic Process,Approved
Fenoprofen,DB00573,Rheumatoid Arthritis,C0003873,Disease or Syndrome,Approved
Fenoprofen,DB00573,Degenerative polyarthritis,C0029408,Disease or Syndrome,Approved
Fenoprofen,DB00573,Pain,C0030193,Sign or Symptom,Approved
Clonidine,DB00575,"Glaucoma, Open-Angle",C0017612,Disease or Syndrome,Approved
Clonidine,DB00575,Attention deficit hyperactivity disorder,C1263846,Mental or Behavioral Dysfunction,Approved
Clonidine,DB00575,Hypertensive disease,C0020538,Disease or Syndrome,Approved
Clonidine,DB00575,Severe pain,C0278140,Finding,Approved
Sulfamethizole,DB00576,Proteus urinary tract infection,C0577709,Disease or Syndrome,Approved
Sulfamethizole,DB00576,Klebsiella cystitis,C0520775,Disease or Syndrome,Approved
Sulfamethizole,DB00576,Escherichia coli urinary tract infection,C0577708,Disease or Syndrome,Approved
Sulfamethizole,DB00576,Bacterial urinary infection,C0729524,Disease or Syndrome,Approved
Sulfamethizole,DB00576,Infective otitis media,C0729586,Disease or Syndrome,Approved
Sulfamethizole,DB00576,Acute otitis media,C0271429,Disease or Syndrome,Approved
Sulfamethizole,DB00576,Shigella Infections,C0013371,Disease or Syndrome,Approved
Valaciclovir,DB00577,Herpes zoster disease,C0019360,Disease or Syndrome,Approved
Valaciclovir,DB00577,Recurrent genital herpes simplex,C1274323,Disease or Syndrome,Approved
Valaciclovir,DB00577,Herpes Labialis,C0019345,Disease or Syndrome,Approved
Valaciclovir,DB00577,Chickenpox,C0008049,Disease or Syndrome,Approved
Valaciclovir,DB00577,Genital Herpes,C0019342,Disease or Syndrome,Approved
Carbenicillin,DB00578,prostatitis,C0033581,Disease or Syndrome,Approved
Carbenicillin,DB00578,Escherichia coli urinary tract infection,C0577708,Disease or Syndrome,Approved
Carbenicillin,DB00578,Proteus urinary tract infection,C0577709,Disease or Syndrome,Approved
Carbenicillin,DB00578,Urinary tract infection,C0042029,Disease or Syndrome,Approved
Carbenicillin,DB00578,URINARY TRACT INFECTION ENTEROCOCCUS,C0749958,Disease or Syndrome,Approved
Carbenicillin,DB00578,Bacterial urinary infection,C0729524,Disease or Syndrome,Approved
Mazindol,DB00579,Obesity,C0028754,Disease or Syndrome,Approved
Lactulose,DB00581,Hepatic Encephalopathy,C0019151,Disease or Syndrome,Approved
Lactulose,DB00581,Hyperammonemia,C0220994,Disease or Syndrome,Approved
Lactulose,DB00581,Constipation,C0009806,Sign or Symptom,Approved
Voriconazole,DB00582,Fusariosis,C0276758,Disease or Syndrome,Approved
Voriconazole,DB00582,Systemic candidiasis,C0153252,Disease or Syndrome,Approved
Voriconazole,DB00582,Candidiasis of the esophagus,C0239295,Disease or Syndrome,Approved
Voriconazole,DB00582,Invasive Pulmonary Aspergillosis,C0276653,Disease or Syndrome,Approved
Voriconazole,DB00582,Candidemia,C0877445,Disease or Syndrome,Approved
L-Carnitine,DB00583,Carnitine deficiency,C1142132,Finding,Approved
Enalapril,DB00584,Asymptomatic left ventricular systolic dysfunction,C3698411,Pathologic Function,Approved
Enalapril,DB00584,Hypertensive disease,C0020538,Disease or Syndrome,Approved
Enalapril,DB00584,Congestive heart failure,C0018802,Disease or Syndrome,Approved
Nizatidine,DB00585,Erosive esophagitis,C0267055,Disease or Syndrome,Approved
Nizatidine,DB00585,Peptic Esophagitis,C0014869,Disease or Syndrome,Approved
Nizatidine,DB00585,Dyspepsia,C0013395,Sign or Symptom,Approved
Nizatidine,DB00585,Duodenal Ulcer,C0013295,Disease or Syndrome,Approved
Nizatidine,DB00585,Peptic Ulcer,C0030920,Disease or Syndrome,Approved
Nizatidine,DB00585,Heartburn,C0018834,Sign or Symptom,Approved
Nizatidine,DB00585,Gastroesophageal reflux disease,C0017168,Disease or Syndrome,Approved
Nizatidine,DB00585,Gastric ulcer,C0038358,Disease or Syndrome,Approved
Diclofenac,DB00586,Degenerative polyarthritis,C0029408,Disease or Syndrome,Approved
Diclofenac,DB00586,Actinic keratosis,C0022602,Neoplastic Process,Approved
Diclofenac,DB00586,"Osteoarthritis, Knee",C0409959,Disease or Syndrome,Approved
Diclofenac,DB00586,Rheumatoid Arthritis,C0003873,Disease or Syndrome,Approved
Diclofenac,DB00586,Dysmenorrhea,C0013390,Pathologic Function,Approved
Diclofenac,DB00586,Sprains and Strains,C0038048,Injury or Poisoning,Approved
Diclofenac,DB00586,Ankylosing spondylitis,C0038013,Disease or Syndrome,Approved
Diclofenac,DB00586,Pain,C0030193,Sign or Symptom,Approved
Fluticasone Propionate,DB00588,Seborrheic dermatitis,C0036508,Disease or Syndrome,Approved
Fluticasone Propionate,DB00588,Pruritus of genital organs,C0033777,Sign or Symptom,Approved
Fluticasone Propionate,DB00588,Exanthema,C0015230,Sign or Symptom,Approved
Fluticasone Propionate,DB00588,Allergic rhinitis (disorder),C2607914,Disease or Syndrome,Approved
Fluticasone Propionate,DB00588,Allergic asthma,C0155877,Disease or Syndrome,Approved
Fluticasone Propionate,DB00588,Granuloma Annulare,C0085074,Disease or Syndrome,Approved
Fluticasone Propionate,DB00588,Chronic small plaque psoriasis,C0406317,Disease or Syndrome,Approved
Fluticasone Propionate,DB00588,"Lymphoma, T-Cell, Cutaneous",C0079773,Neoplastic Process,Approved
Fluticasone Propionate,DB00588,Lichen Simplex Chronicus,C0149922,Disease or Syndrome,Approved
Fluticasone Propionate,DB00588,Intrinsic asthma,C0155880,Disease or Syndrome,Approved
Fluticasone Propionate,DB00588,Scalp psoriasis,C0406326,Disease or Syndrome,Approved
Fluticasone Propionate,DB00588,"Lupus Erythematosus, Discoid",C0024138,Disease or Syndrome,Approved
Fluticasone Propionate,DB00588,Pruritus Ani,C0033775,Sign or Symptom,Approved
Fluticasone Propionate,DB00588,Contact Dermatitis,C0011616,Disease or Syndrome,Approved
Fluticasone Propionate,DB00588,Pulmonary Emphysema,C0034067,Disease or Syndrome,Approved
Fluticasone Propionate,DB00588,"Dermatitis, Atopic",C0011615,Disease or Syndrome,Approved
Lisuride,DB00589,Migraine Disorders,C0149931,Disease or Syndrome,Approved
Lisuride,DB00589,Amenorrhea,C0002453,Disease or Syndrome,Approved
Lisuride,DB00589,Acromegaly,C0001206,Disease or Syndrome,Approved
Doxazosin,DB00590,Hypertensive disease,C0020538,Disease or Syndrome,Approved
Doxazosin,DB00590,Prostatic Hypertrophy,C1739363,Disease or Syndrome,Approved
Fluocinolone Acetonide,DB00591,"Lymphoma, T-Cell, Cutaneous",C0079773,Neoplastic Process,Approved
Fluocinolone Acetonide,DB00591,Exanthema,C0015230,Sign or Symptom,Approved
Fluocinolone Acetonide,DB00591,Pruritus Ani,C0033775,Sign or Symptom,Approved
Fluocinolone Acetonide,DB00591,"Lupus Erythematosus, Discoid",C0024138,Disease or Syndrome,Approved
Fluocinolone Acetonide,DB00591,Contact Dermatitis,C0011616,Disease or Syndrome,Approved
Fluocinolone Acetonide,DB00591,Lichen Simplex Chronicus,C0149922,Disease or Syndrome,Approved
Fluocinolone Acetonide,DB00591,Granuloma Annulare,C0085074,Disease or Syndrome,Approved
Fluocinolone Acetonide,DB00591,Chloasma,C0025218,Disease or Syndrome,Approved
Fluocinolone Acetonide,DB00591,"Dermatitis, Atopic",C0011615,Disease or Syndrome,Approved
Fluocinolone Acetonide,DB00591,Chronic small plaque psoriasis,C0406317,Disease or Syndrome,Approved
Fluocinolone Acetonide,DB00591,Scalp psoriasis,C0406326,Disease or Syndrome,Approved
Fluocinolone Acetonide,DB00591,Choroiditis,C0008526,Disease or Syndrome,Approved
Fluocinolone Acetonide,DB00591,Seborrheic dermatitis,C0036508,Disease or Syndrome,Approved
Fluocinolone Acetonide,DB00591,Pruritus of genital organs,C0033777,Sign or Symptom,Approved
Fluocinolone Acetonide,DB00591,Scurfiness of scalp,C0423775,Disease or Syndrome,Approved
Piperazine,DB00592,Enterobiasis,C0086227,Disease or Syndrome,Approved
Piperazine,DB00592,Ascariasis,C0003950,Disease or Syndrome,Approved
Ethosuximide,DB00593,Absence Epilepsy,C0014553,Disease or Syndrome,Approved
Amiloride,DB00594,Edema,C0013604,Finding,Approved
Amiloride,DB00594,Hypertensive disease,C0020538,Disease or Syndrome,Approved
Oxytetracycline,DB00595,Bacterial keratitis,C0854211,Disease or Syndrome,Approved
Oxytetracycline,DB00595,Rocky Mountain Spotted Fever,C0035793,Disease or Syndrome,Approved
Oxytetracycline,DB00595,Lymphogranuloma Venereum,C0024286,Disease or Syndrome,Approved
Oxytetracycline,DB00595,TYPHUS,C0041471,Disease or Syndrome,Approved
Oxytetracycline,DB00595,Acute gonococcal urethritis,C0275652,Disease or Syndrome,Approved
Oxytetracycline,DB00595,Bacterial conjunctivitis,C0009768,Disease or Syndrome,Approved
Oxytetracycline,DB00595,Brucellosis,C0006309,Disease or Syndrome,Approved
Oxytetracycline,DB00595,Relapsing Fever,C0035021,Disease or Syndrome,Approved
Oxytetracycline,DB00595,Actinomycosis,C0001261,Disease or Syndrome,Approved
Oxytetracycline,DB00595,Chlamydia trachomatis infection of genital structure,C1997322,Disease or Syndrome,Approved
Oxytetracycline,DB00595,Syphilis,C0039128,Disease or Syndrome,Approved
Oxytetracycline,DB00595,Acute gonococcal cervicitis,C0153195,Disease or Syndrome,Approved
Oxytetracycline,DB00595,Infective otitis media,C0729586,Disease or Syndrome,Approved
Oxytetracycline,DB00595,Pharyngitis,C0031350,Disease or Syndrome,Approved
Oxytetracycline,DB00595,Psittacosis,C0029291,Disease or Syndrome,Approved
Oxytetracycline,DB00595,Trachoma,C0040592,Disease or Syndrome,Approved
Oxytetracycline,DB00595,Gingivostomatitis,C0149704,Disease or Syndrome,Approved
Oxytetracycline,DB00595,Bronchitis,C0006277,Disease or Syndrome,Approved
Oxytetracycline,DB00595,Granuloma Inguinale,C0018190,Disease or Syndrome,Approved
Oxytetracycline,DB00595,Sinusitis,C0037199,Disease or Syndrome,Approved
Oxytetracycline,DB00595,Acute gonococcal epididymo-orchitis,C0153193,Disease or Syndrome,Approved
Oxytetracycline,DB00595,Gonorrhea of rectum,C0275665,Disease or Syndrome,Approved
Oxytetracycline,DB00595,Gonorrhea of pharynx,C0149966,Disease or Syndrome,Approved
Oxytetracycline,DB00595,Acute gonococcal endometritis,C0153196,Disease or Syndrome,Approved
Oxytetracycline,DB00595,Infection of skin AND/OR subcutaneous tissue,C0178299,Disease or Syndrome,Approved
Oxytetracycline,DB00595,Rickettsialpox,C0035597,Disease or Syndrome,Approved
Oxytetracycline,DB00595,Pneumonia,C0032285,Disease or Syndrome,Approved
Oxytetracycline,DB00595,Urinary tract infection,C0042029,Disease or Syndrome,Approved
Oxytetracycline,DB00595,Q Fever,C0034362,Disease or Syndrome,Approved
Oxytetracycline,DB00595,Yaws,C0043388,Disease or Syndrome,Approved
Ulobetasol,DB00596,Granuloma Annulare,C0085074,Disease or Syndrome,Approved
Ulobetasol,DB00596,Seborrheic dermatitis,C0036508,Disease or Syndrome,Approved
Ulobetasol,DB00596,Lichen Simplex Chronicus,C0149922,Disease or Syndrome,Approved
Ulobetasol,DB00596,Chronic small plaque psoriasis,C0406317,Disease or Syndrome,Approved
Ulobetasol,DB00596,Scalp psoriasis,C0406326,Disease or Syndrome,Approved
Ulobetasol,DB00596,"Lupus Erythematosus, Discoid",C0024138,Disease or Syndrome,Approved
Ulobetasol,DB00596,"Lymphoma, T-Cell, Cutaneous",C0079773,Neoplastic Process,Approved
Ulobetasol,DB00596,Pruritus of genital organs,C0033777,Sign or Symptom,Approved
Ulobetasol,DB00596,Contact Dermatitis,C0011616,Disease or Syndrome,Approved
Ulobetasol,DB00596,Exanthema,C0015230,Sign or Symptom,Approved
Ulobetasol,DB00596,Pruritus Ani,C0033775,Sign or Symptom,Approved
Labetalol,DB00598,Hypertensive disease,C0020538,Disease or Syndrome,Approved
Thiopental,DB00599,Epilepsy,C0014544,Disease or Syndrome,Approved
Thiopental,DB00599,Pseudotumor Cerebri,C0033845,Disease or Syndrome,Approved
Linezolid,DB00601,Streptococcus pyogenes infection,C0554628,Disease or Syndrome,Approved
Linezolid,DB00601,Staphylococcus aureus infection,C1318973,Disease or Syndrome,Approved
Linezolid,DB00601,Staphylococcal Pneumonia,C0032308,Disease or Syndrome,Approved
Ivermectin,DB00602,Onchocerciasis,C0029001,Disease or Syndrome,Approved
Ivermectin,DB00602,Strongyloidiasis,C0038463,Disease or Syndrome,Approved
Medroxyprogesterone acetate,DB00603,Secondary malignant neoplasm of kidney,C0153685,Neoplastic Process,Approved
Medroxyprogesterone acetate,DB00603,Metrorrhagia,C0025874,Pathologic Function,Approved
Medroxyprogesterone acetate,DB00603,Endometriosis,C0014175,Disease or Syndrome,Approved
Medroxyprogesterone acetate,DB00603,Endometrial Carcinoma,C0476089,Neoplastic Process,Approved
Medroxyprogesterone acetate,DB00603,Hot flushes,C0600142,Sign or Symptom,Approved
Medroxyprogesterone acetate,DB00603,Secondary physiologic amenorrhea,C0232940,Disease or Syndrome,Approved
Medroxyprogesterone acetate,DB00603,Atrophic Vaginitis,C0221392,Disease or Syndrome,Approved
Cisapride,DB00604,Gastroesophageal reflux disease,C0017168,Disease or Syndrome,Approved
Sulindac,DB00605,Ankylosing spondylitis,C0038013,Disease or Syndrome,Approved
Sulindac,DB00605,Rheumatoid Arthritis,C0003873,Disease or Syndrome,Approved
Sulindac,DB00605,Degenerative polyarthritis,C0029408,Disease or Syndrome,Approved
Sulindac,DB00605,"Arthritis, Gouty",C0003868,Disease or Syndrome,Approved
Sulindac,DB00605,Bursitis,C0006444,Disease or Syndrome,Approved
Sulindac,DB00605,Tendinitis,C0039503,Disease or Syndrome,Approved
Nafcillin,DB00607,Infection of skin AND/OR subcutaneous tissue,C0178299,Disease or Syndrome,Approved
Nafcillin,DB00607,Sepsis due to Staphylococcus aureus,C2887088,Disease or Syndrome,Approved
Nafcillin,DB00607,Osteomyelitis due to Staphylococcus aureus,C1997728,Disease or Syndrome,Approved
Nafcillin,DB00607,Staphylococcal meningitis,C0154640,Disease or Syndrome,Approved
Nafcillin,DB00607,Staphylococcus aureus infection,C1318973,Disease or Syndrome,Approved
Nafcillin,DB00607,Staphylococcal Pneumonia,C0032308,Disease or Syndrome,Approved
Nafcillin,DB00607,Staphylococcal Infections,C0038160,Disease or Syndrome,Approved
Nafcillin,DB00607,Infection of bone,C2242472,Disease or Syndrome,Approved
Nafcillin,DB00607,Staphylococcal endocarditis,C0520767,Disease or Syndrome,Approved
Chloroquine,DB00608,Quartan malaria,C0024536,Disease or Syndrome,Approved
Chloroquine,DB00608,Rheumatoid Arthritis,C0003873,Disease or Syndrome,Approved
Chloroquine,DB00608,"Malaria, Falciparum",C0024535,Disease or Syndrome,Approved
Chloroquine,DB00608,"Lupus Erythematosus, Systemic",C0024141,Disease or Syndrome,Approved
Chloroquine,DB00608,"Lupus Erythematosus, Discoid",C0024138,Disease or Syndrome,Approved
Chloroquine,DB00608,Ovale malaria,C0152072,Disease or Syndrome,Approved
Chloroquine,DB00608,"Malaria, Vivax",C0024537,Disease or Syndrome,Approved
Ethionamide,DB00609,Acute tuberculosis,C0275959,Disease or Syndrome,Approved
Ethionamide,DB00609,"Tuberculosis, Pulmonary",C0041327,Disease or Syndrome,Approved
Butorphanol,DB00611,Pain,C0030193,Sign or Symptom,Approved
Butorphanol,DB00611,Labor Pain,C0474368,Sign or Symptom,Approved
Bisoprolol,DB00612,Hypertensive disease,C0020538,Disease or Syndrome,Approved
Rifabutin,DB00615,Pulmonary Mycobacterium avium complex infection,C2733595,Disease or Syndrome,Approved
Paramethadione,DB00617,Epilepsy,C0014544,Disease or Syndrome,Approved
Paramethadione,DB00617,Absence Epilepsy,C0014553,Disease or Syndrome,Approved
Demeclocycline,DB00618,Trachoma,C0040592,Disease or Syndrome,Approved
Demeclocycline,DB00618,Gonorrhea,C0018081,Disease or Syndrome,Approved
Demeclocycline,DB00618,Infection of skin AND/OR subcutaneous tissue,C0178299,Disease or Syndrome,Approved
Demeclocycline,DB00618,Chancroids,C0007947,Disease or Syndrome,Approved
Demeclocycline,DB00618,Acute gonococcal urethritis,C0275652,Disease or Syndrome,Approved
Demeclocycline,DB00618,Sinusitis,C0037199,Disease or Syndrome,Approved
Demeclocycline,DB00618,Urinary tract infection,C0042029,Disease or Syndrome,Approved
Demeclocycline,DB00618,Infective otitis media,C0729586,Disease or Syndrome,Approved
Demeclocycline,DB00618,Acute gonococcal endometritis,C0153196,Disease or Syndrome,Approved
Demeclocycline,DB00618,Actinomycosis,C0001261,Disease or Syndrome,Approved
Demeclocycline,DB00618,Q Fever,C0034362,Disease or Syndrome,Approved
Demeclocycline,DB00618,Gonorrhea of pharynx,C0149966,Disease or Syndrome,Approved
Demeclocycline,DB00618,Yaws,C0043388,Disease or Syndrome,Approved
Demeclocycline,DB00618,Lymphogranuloma Venereum,C0024286,Disease or Syndrome,Approved
Demeclocycline,DB00618,Pharyngitis,C0031350,Disease or Syndrome,Approved
Demeclocycline,DB00618,Rocky Mountain Spotted Fever,C0035793,Disease or Syndrome,Approved
Demeclocycline,DB00618,Rickettsialpox,C0035597,Disease or Syndrome,Approved
Demeclocycline,DB00618,Brucellosis,C0006309,Disease or Syndrome,Approved
Demeclocycline,DB00618,Psittacosis,C0029291,Disease or Syndrome,Approved
Demeclocycline,DB00618,TYPHUS,C0041471,Disease or Syndrome,Approved
Demeclocycline,DB00618,Gingivostomatitis,C0149704,Disease or Syndrome,Approved
Demeclocycline,DB00618,Gonorrhea of rectum,C0275665,Disease or Syndrome,Approved
Demeclocycline,DB00618,Syphilis,C0039128,Disease or Syndrome,Approved
Demeclocycline,DB00618,Acute gonococcal cervicitis,C0153195,Disease or Syndrome,Approved
Demeclocycline,DB00618,Klebsiella cystitis,C0520775,Disease or Syndrome,Approved
Demeclocycline,DB00618,Pneumonia,C0032285,Disease or Syndrome,Approved
Demeclocycline,DB00618,Staphylococcus aureus infection,C1318973,Disease or Syndrome,Approved
Demeclocycline,DB00618,Bronchitis,C0006277,Disease or Syndrome,Approved
Demeclocycline,DB00618,pharyngitis due to Haemophilus influenzae,C2062475,Disease or Syndrome,Approved
Demeclocycline,DB00618,Relapsing Fever,C0035021,Disease or Syndrome,Approved
Demeclocycline,DB00618,Granuloma Inguinale,C0018190,Disease or Syndrome,Approved
Imatinib,DB00619,"Leukemia, Myeloid, Accelerated Phase",C0023472,Neoplastic Process,Approved
Imatinib,DB00619,"Mastocytosis, Systemic",C0221013,Disease or Syndrome,Approved
Imatinib,DB00619,"Leukemia, Myeloid, Chronic-Phase",C0023474,Neoplastic Process,Approved
Imatinib,DB00619,Blast Phase,C0005699,Neoplastic Process,Approved
Imatinib,DB00619,Philadelphia chromosome positive chronic myelogenous leukemia,C0279543,Neoplastic Process,Approved
Imatinib,DB00619,Chronic eosinophilic leukemia,C0346421,Neoplastic Process,Approved
Imatinib,DB00619,Philadelphia chromosome-positive acute lymphoblastic leukemia,C1960397,Neoplastic Process,Approved
Imatinib,DB00619,Dermatofibrosarcoma Protuberans,C0392784,Neoplastic Process,Approved
Imatinib,DB00619,Idiopathic Hypereosinophilic Syndrome,C0206141,Disease or Syndrome,Approved
Imatinib,DB00619,Gastrointestinal Stromal Tumors,C0238198,Neoplastic Process,Approved
Triamcinolone,DB00620,Scalp psoriasis,C0406326,Disease or Syndrome,Approved
Triamcinolone,DB00620,Tendinitis,C0039503,Disease or Syndrome,Approved
Triamcinolone,DB00620,"Lymphoma, Non-Hodgkin",C0024305,Neoplastic Process,Approved
Triamcinolone,DB00620,Inflammatory Bowel Diseases,C0021390,Disease or Syndrome,Approved
Triamcinolone,DB00620,Giant Cell Arteritis,C0039483,Disease or Syndrome,Approved
Triamcinolone,DB00620,Granuloma Annulare,C0085074,Disease or Syndrome,Approved
Triamcinolone,DB00620,Uveitis,C0042164,Disease or Syndrome,Approved
Triamcinolone,DB00620,Aphthous Stomatitis,C0038363,Disease or Syndrome,Approved
Triamcinolone,DB00620,Keloid,C0022548,Acquired Abnormality,Approved
Triamcinolone,DB00620,Cooley's anemia,C0002875,Disease or Syndrome,Approved
Triamcinolone,DB00620,Gingival Diseases,C0017563,Disease or Syndrome,Approved
Triamcinolone,DB00620,Status Asthmaticus,C0038218,Disease or Syndrome,Approved
Triamcinolone,DB00620,Simple Pulmonary Eosinophilia,C0242459,Disease or Syndrome,Approved
Triamcinolone,DB00620,Exanthema,C0015230,Sign or Symptom,Approved
Triamcinolone,DB00620,Erythema Multiforme,C0014742,Disease or Syndrome,Approved
Triamcinolone,DB00620,Contact Dermatitis,C0011616,Disease or Syndrome,Approved
Triamcinolone,DB00620,"Arthritis, Gouty",C0003868,Disease or Syndrome,Approved
Triamcinolone,DB00620,Autoimmune Diseases,C0004364,Disease or Syndrome,Approved
Triamcinolone,DB00620,Post traumatic osteoarthritis,C2894027,Pathologic Function,Approved
Triamcinolone,DB00620,Lichen Simplex Chronicus,C0149922,Disease or Syndrome,Approved
Triamcinolone,DB00620,Laryngeal Edema,C0023052,Pathologic Function,Approved
Triamcinolone,DB00620,Autoimmune hemolytic anemia,C0002880,Disease or Syndrome,Approved
Triamcinolone,DB00620,Bursitis,C0006444,Disease or Syndrome,Approved
Triamcinolone,DB00620,Exfoliative dermatitis,C0011606,Disease or Syndrome,Approved
Triamcinolone,DB00620,Chronic small plaque psoriasis,C0406317,Disease or Syndrome,Approved
Triamcinolone,DB00620,Crohn Disease,C0010346,Disease or Syndrome,Approved
Triamcinolone,DB00620,Asthma,C0004096,Disease or Syndrome,Approved
Triamcinolone,DB00620,Acute lymphocytic leukemia,C0023449,Neoplastic Process,Approved
Triamcinolone,DB00620,Adrenogenital disorder,C0701163,Disease or Syndrome,Approved
Triamcinolone,DB00620,Disorder of eye,C0015397,Disease or Syndrome,Approved
Triamcinolone,DB00620,Thyroiditis,C0040147,Disease or Syndrome,Approved
Triamcinolone,DB00620,Pemphigus,C0030807,Disease or Syndrome,Approved
Triamcinolone,DB00620,Aspiration pneumonitis,C1761609,Disease or Syndrome,Approved
Triamcinolone,DB00620,Sarcoidosis,C0036202,Disease or Syndrome,Approved
Triamcinolone,DB00620,Pruritus Ani,C0033775,Sign or Symptom,Approved
Triamcinolone,DB00620,Multiple Sclerosis,C0026769,Disease or Syndrome,Approved
Triamcinolone,DB00620,Alopecia Areata,C0002171,Disease or Syndrome,Approved
Triamcinolone,DB00620,"Arthritis, Psoriatic",C0003872,Disease or Syndrome,Approved
Triamcinolone,DB00620,Cutaneous Candidiasis,C0006846,Disease or Syndrome,Approved
Triamcinolone,DB00620,Epicondylitis,C0014488,Disease or Syndrome,Approved
Triamcinolone,DB00620,Trichinellosis,C0040896,Disease or Syndrome,Approved
Triamcinolone,DB00620,Addisonian crisis,C0151467,Disease or Syndrome,Approved
Triamcinolone,DB00620,Berylliosis,C0005138,Injury or Poisoning,Approved
Triamcinolone,DB00620,Lichen Planus,C0023646,Disease or Syndrome,Approved
Triamcinolone,DB00620,"Ophthalmia, Sympathetic",C0029077,Disease or Syndrome,Approved
Triamcinolone,DB00620,Acquired thrombocytopenia,C0154301,Disease or Syndrome,Approved
Triamcinolone,DB00620,Mycosis Fungoides,C0026948,Neoplastic Process,Approved
Triamcinolone,DB00620,Synovitis,C0039103,Disease or Syndrome,Approved
Triamcinolone,DB00620,Serum Sickness,C0036830,Disease or Syndrome,Approved
Triamcinolone,DB00620,"Dermatitis, Atopic",C0011615,Disease or Syndrome,Approved
Triamcinolone,DB00620,"Lupus Erythematosus, Systemic",C0024141,Disease or Syndrome,Approved
Triamcinolone,DB00620,Allergic rhinitis (disorder),C2607914,Disease or Syndrome,Approved
Triamcinolone,DB00620,Nephrotic Syndrome,C0027726,Disease or Syndrome,Approved
Triamcinolone,DB00620,Rheumatic Heart Disease,C0035439,Disease or Syndrome,Approved
Triamcinolone,DB00620,Pruritus of genital organs,C0033777,Sign or Symptom,Approved
Triamcinolone,DB00620,Seborrheic dermatitis,C0036508,Disease or Syndrome,Approved
Triamcinolone,DB00620,Tenosynovitis,C0039520,Disease or Syndrome,Approved
Triamcinolone,DB00620,"Lymphoma, T-Cell, Cutaneous",C0079773,Neoplastic Process,Approved
Triamcinolone,DB00620,Transplanted organ rejection,C0345468,Pathologic Function,Approved
Triamcinolone,DB00620,Rheumatoid Arthritis,C0003873,Disease or Syndrome,Approved
Triamcinolone,DB00620,Humoral hypercalcemia of malignancy (disorder),C0149911,Disease or Syndrome,Approved
Triamcinolone,DB00620,Hodgkin Disease,C0019829,Neoplastic Process,Approved
Triamcinolone,DB00620,Dermatitis Herpetiformis,C0011608,Disease or Syndrome,Approved
Triamcinolone,DB00620,Psoriasis,C0033860,Disease or Syndrome,Approved
Triamcinolone,DB00620,Angioedema,C0002994,Pathologic Function,Approved
Triamcinolone,DB00620,"Lupus Erythematosus, Discoid",C0024138,Disease or Syndrome,Approved
Triamcinolone,DB00620,Adrenal cortical hypofunction,C0405580,Disease or Syndrome,Approved
Triamcinolone,DB00620,Ankylosing spondylitis,C0038013,Disease or Syndrome,Approved
Triamcinolone,DB00620,Cerebral Edema,C0006114,Pathologic Function,Approved
Triamcinolone,DB00620,Subacute bursitis,C1290159,Disease or Syndrome,Approved
Triamcinolone,DB00620,Hay fever,C0018621,Disease or Syndrome,Approved
Triamcinolone,DB00620,"Tuberculosis, Miliary",C0041321,Disease or Syndrome,Approved
Triamcinolone,DB00620,Dermatologic disorders,C0037274,Disease or Syndrome,Approved
Triamcinolone,DB00620,"Anemia, Diamond-Blackfan",C1260899,Congenital Abnormality,Approved
Triamcinolone,DB00620,Addison Disease,C0001403,Disease or Syndrome,Approved
Triamcinolone,DB00620,Congenital adrenal hyperplasia,C0001627,Congenital Abnormality,Approved
Triamcinolone,DB00620,Musculoskeletal Diseases,C0026857,Disease or Syndrome,Approved
Triamcinolone,DB00620,"Lymphoma, Follicular",C0024301,Neoplastic Process,Approved
Triamcinolone,DB00620,Necrobiosis Lipoidica Diabeticorum,C0392445,Disease or Syndrome,Approved
Nicardipine,DB00622,Hypertensive disease,C0020538,Disease or Syndrome,Approved
Fluphenazine,DB00623,Schizophrenia,C0036341,Mental or Behavioral Dysfunction,Approved
Fluphenazine,DB00623,Psychotic Disorders,C0033975,Mental or Behavioral Dysfunction,Approved
Testosterone,DB00624,Primary hypogonadism,C0948896,Disease or Syndrome,Approved
Testosterone,DB00624,Hypogonadotropic hypogonadism,C0271623,Disease or Syndrome,Approved
Testosterone,DB00624,Cryptorchidism,C0010417,Congenital Abnormality,Approved
Testosterone,DB00624,Klinefelter Syndrome,C0022735,Disease or Syndrome,Approved
Testosterone,DB00624,Delayed Puberty,C0034012,Pathologic Function,Approved
Testosterone,DB00624,Testicular hypogonadism,C0151721,Disease or Syndrome,Approved
Testosterone,DB00624,Deficiency of testosterone biosynthesis,C0342527,Disease or Syndrome,Approved
Testosterone,DB00624,Hormone receptor positive malignant neoplasm of breast,C1562029,Neoplastic Process,Approved
Testosterone,DB00624,Hot flushes,C0600142,Sign or Symptom,Approved
Testosterone,DB00624,Hypopituitarism,C0020635,Disease or Syndrome,Approved
Efavirenz,DB00625,HIV Infections,C0019693,Disease or Syndrome,Approved
Bacitracin,DB00626,Corneal abrasion,C0010032,Injury or Poisoning,Approved
Bacitracin,DB00626,Bacterial keratitis,C0854211,Disease or Syndrome,Approved
Bacitracin,DB00626,Keratitis,C0022568,Disease or Syndrome,Approved
Bacitracin,DB00626,Blepharoconjunctivitis,C0005743,Disease or Syndrome,Approved
Bacitracin,DB00626,Infective blepharitis,C0729587,Disease or Syndrome,Approved
Niacin,DB00627,Hypercholesterolemia,C0020443,Disease or Syndrome,Approved
Niacin,DB00627,Hypertriglyceridemia,C0020557,Disease or Syndrome,Approved
Niacin,DB00627,Familial hypercholesterolemia - heterozygous,C0342882,Disease or Syndrome,Approved
Niacin,DB00627,"Hyperlipidemia, Familial Combined",C0020474,Disease or Syndrome,Approved
Niacin,DB00627,Vitamin Deficiency,C1510471,Disease or Syndrome,Approved
Niacin,DB00627,Hyperlipidemia,C0020473,Disease or Syndrome,Approved
Clorazepate,DB00628,Anxiety,C0003467,Mental or Behavioral Dysfunction,Approved
Clorazepate,DB00628,Alcohol withdrawal syndrome,C0236663,Disease or Syndrome,Approved
Guanabenz,DB00629,Hypertensive disease,C0020538,Disease or Syndrome,Approved
Alendronic acid,DB00630,"Osteoporosis, Postmenopausal",C0029458,Disease or Syndrome,Approved
Alendronic acid,DB00630,Osteitis Deformans,C0029401,Disease or Syndrome,Approved
Clofarabine,DB00631,Acute lymphocytic leukemia,C0023449,Neoplastic Process,Approved
Docosanol,DB00632,Herpes Labialis,C0019345,Disease or Syndrome,Approved
Sulfacetamide,DB00634,Trachoma,C0040592,Disease or Syndrome,Approved
Sulfacetamide,DB00634,Blepharoconjunctivitis,C0005743,Disease or Syndrome,Approved
Sulfacetamide,DB00634,Infective blepharitis,C0729587,Disease or Syndrome,Approved
Sulfacetamide,DB00634,Acne Vulgaris,C0001144,Disease or Syndrome,Approved
Sulfacetamide,DB00634,Inclusion conjunctivitis,C0009770,Disease or Syndrome,Approved
Sulfacetamide,DB00634,Bacterial conjunctivitis,C0009768,Disease or Syndrome,Approved
Sulfacetamide,DB00634,Amebiasis,C0002438,Disease or Syndrome,Approved
Sulfacetamide,DB00634,Iridocyclitis,C0022073,Disease or Syndrome,Approved
Sulfacetamide,DB00634,Vulvovaginitis,C0042998,Disease or Syndrome,Approved
Sulfacetamide,DB00634,Seborrheic dermatitis,C0036508,Disease or Syndrome,Approved
Sulfacetamide,DB00634,Scurfiness of scalp,C0423775,Disease or Syndrome,Approved
Prednisone,DB00635,Exfoliative dermatitis,C0011606,Disease or Syndrome,Approved
Prednisone,DB00635,Acute lymphocytic leukemia,C0023449,Neoplastic Process,Approved
Prednisone,DB00635,Crohn Disease,C0010346,Disease or Syndrome,Approved
Prednisone,DB00635,"Lymphoma, Non-Hodgkin",C0024305,Neoplastic Process,Approved
Prednisone,DB00635,Mycosis Fungoides,C0026948,Neoplastic Process,Approved
Prednisone,DB00635,Contact Dermatitis,C0011616,Disease or Syndrome,Approved
Prednisone,DB00635,Simple Pulmonary Eosinophilia,C0242459,Disease or Syndrome,Approved
Prednisone,DB00635,Pemphigus,C0030807,Disease or Syndrome,Approved
Prednisone,DB00635,Nephrotic Syndrome,C0027726,Disease or Syndrome,Approved
Prednisone,DB00635,Trichinellosis,C0040896,Disease or Syndrome,Approved
Prednisone,DB00635,Allergic rhinitis (disorder),C2607914,Disease or Syndrome,Approved
Prednisone,DB00635,Autoimmune hemolytic anemia,C0002880,Disease or Syndrome,Approved
Prednisone,DB00635,"Lymphoma, Follicular",C0024301,Neoplastic Process,Approved
Prednisone,DB00635,Asthma,C0004096,Disease or Syndrome,Approved
Prednisone,DB00635,Berylliosis,C0005138,Injury or Poisoning,Approved
Prednisone,DB00635,Laryngeal Edema,C0023052,Pathologic Function,Approved
Prednisone,DB00635,Chronic Lymphocytic Leukemia,C0023434,Neoplastic Process,Approved
Prednisone,DB00635,Thyroiditis,C0040147,Disease or Syndrome,Approved
Prednisone,DB00635,Hodgkin Disease,C0019829,Neoplastic Process,Approved
Prednisone,DB00635,"Lupus Erythematosus, Systemic",C0024141,Disease or Syndrome,Approved
Prednisone,DB00635,Erythema Multiforme,C0014742,Disease or Syndrome,Approved
Prednisone,DB00635,Adrenogenital disorder,C0701163,Disease or Syndrome,Approved
Prednisone,DB00635,Transplanted organ rejection,C0345468,Pathologic Function,Approved
Prednisone,DB00635,Humoral hypercalcemia of malignancy (disorder),C0149911,Disease or Syndrome,Approved
Prednisone,DB00635,Adrenal cortical hypofunction,C0405580,Disease or Syndrome,Approved
Prednisone,DB00635,Dermatologic disorders,C0037274,Disease or Syndrome,Approved
Prednisone,DB00635,Angioedema,C0002994,Pathologic Function,Approved
Prednisone,DB00635,Musculoskeletal Diseases,C0026857,Disease or Syndrome,Approved
Prednisone,DB00635,"Lymphoma, T-Cell, Cutaneous",C0079773,Neoplastic Process,Approved
Prednisone,DB00635,Dermatitis Herpetiformis,C0011608,Disease or Syndrome,Approved
Prednisone,DB00635,Rheumatic Heart Disease,C0035439,Disease or Syndrome,Approved
Prednisone,DB00635,Psoriasis,C0033860,Disease or Syndrome,Approved
Prednisone,DB00635,Multiple Sclerosis,C0026769,Disease or Syndrome,Approved
Prednisone,DB00635,"Anemia, Diamond-Blackfan",C1260899,Congenital Abnormality,Approved
Prednisone,DB00635,Cooley's anemia,C0002875,Disease or Syndrome,Approved
Prednisone,DB00635,Addison Disease,C0001403,Disease or Syndrome,Approved
Prednisone,DB00635,Exacerbation of asthma,C0349790,Finding,Approved
Prednisone,DB00635,Diffuse Large B-Cell Lymphoma,C0079744,Neoplastic Process,Approved
Prednisone,DB00635,"Arthritis, Psoriatic",C0003872,Disease or Syndrome,Approved
Prednisone,DB00635,Serum Sickness,C0036830,Disease or Syndrome,Approved
Prednisone,DB00635,Acquired thrombocytopenia,C0154301,Disease or Syndrome,Approved
Prednisone,DB00635,Sarcoidosis,C0036202,Disease or Syndrome,Approved
Prednisone,DB00635,Rheumatoid Arthritis,C0003873,Disease or Syndrome,Approved
Prednisone,DB00635,Ankylosing spondylitis,C0038013,Disease or Syndrome,Approved
Prednisone,DB00635,"Arthritis, Gouty",C0003868,Disease or Syndrome,Approved
Prednisone,DB00635,Epicondylitis,C0014488,Disease or Syndrome,Approved
Prednisone,DB00635,Autoimmune Diseases,C0004364,Disease or Syndrome,Approved
Prednisone,DB00635,Inflammatory Bowel Diseases,C0021390,Disease or Syndrome,Approved
Clofibrate,DB00636,Hyperlipidemia,C0020473,Disease or Syndrome,Approved
Astemizole,DB00637,Sneezing,C0037383,Finding,Approved
Astemizole,DB00637,Allergic Conjunctivitis,C0009766,Disease or Syndrome,Approved
Astemizole,DB00637,Chronic idiopathic urticaria,C0578870,Disease or Syndrome,Approved
Astemizole,DB00637,Allergic rhinitis (disorder),C2607914,Disease or Syndrome,Approved
Butoconazole,DB00639,"Candidiasis, Vulvovaginal",C0700345,Disease or Syndrome,Approved
Adenosine,DB00640,Pulmonary Cystic Fibrosis,C0392164,Disease or Syndrome,Approved
Adenosine,DB00640,Paroxysmal supraventricular tachycardia,C0030590,Disease or Syndrome,Approved
Simvastatin,DB00641,Hypoalphalipoproteinemias,C0473527,Disease or Syndrome,Approved
Simvastatin,DB00641,Hyperlipoproteinemia Type III,C0020479,Disease or Syndrome,Approved
Simvastatin,DB00641,Cerebrovascular accident,C0038454,Disease or Syndrome,Approved
Simvastatin,DB00641,Arteriosclerosis,C0003850,Disease or Syndrome,Approved
Simvastatin,DB00641,Familial hypercholesterolemia - heterozygous,C0342882,Disease or Syndrome,Approved
Simvastatin,DB00641,Hypercholesterolemia,C0020443,Disease or Syndrome,Approved
Simvastatin,DB00641,Familial hypercholesterolemia - homozygous,C0342881,Disease or Syndrome,Approved
Simvastatin,DB00641,Hypertriglyceridemia,C0020557,Disease or Syndrome,Approved
Simvastatin,DB00641,"Hyperlipidemia, Familial Combined",C0020474,Disease or Syndrome,Approved
Pemetrexed,DB00642,Malignant Pleural Mesothelioma,C0812413,Neoplastic Process,Approved
Pemetrexed,DB00642,Non-Small Cell Lung Carcinoma,C0007131,Neoplastic Process,Approved
Mebendazole,DB00643,Enterobiasis,C0086227,Disease or Syndrome,Approved
Mebendazole,DB00643,Ascariasis,C0003950,Disease or Syndrome,Approved
Mebendazole,DB00643,Infection by Trichuris trichiura,C0040954,Disease or Syndrome,Approved
Gonadorelin,DB00644,Amenorrhea,C0002453,Disease or Syndrome,Approved
Dyclonine,DB00645,Skin irritation,C0152030,Finding,Approved
Dyclonine,DB00645,Pruritus,C0033774,Sign or Symptom,Approved
Dyclonine,DB00645,Mouth irritation,C0235339,Finding,Approved
Nystatin,DB00646,"Candidiasis, Vulvovaginal",C0700345,Disease or Syndrome,Approved
Nystatin,DB00646,Mucocutaneous candidiasis,C0006848,Disease or Syndrome,Approved
Nystatin,DB00646,Gastrointestinal candidiasis,C0343886,Disease or Syndrome,Approved
Nystatin,DB00646,Oral candidiasis,C0006849,Disease or Syndrome,Approved
Nystatin,DB00646,Cutaneous Candidiasis,C0006846,Disease or Syndrome,Approved
Dextropropoxyphene,DB00647,Pain,C0030193,Sign or Symptom,Approved
Mitotane,DB00648,Carcinoma in situ of adrenal cortex,C0686510,Neoplastic Process,Approved
Stavudine,DB00649,HIV Infections,C0019693,Disease or Syndrome,Approved
Leucovorin,DB00650,Poisoning by pyrimethamine,C0274478,Injury or Poisoning,Approved
Leucovorin,DB00650,Methotrexate poisoning,C0568062,Injury or Poisoning,Approved
Leucovorin,DB00650,"Anemia, Megaloblastic",C0002888,Disease or Syndrome,Approved
Leucovorin,DB00650,Folic Acid Deficiency,C0016412,Disease or Syndrome,Approved
Leucovorin,DB00650,Poisoning by sulfadiazine,C0274462,Injury or Poisoning,Approved
Dyphylline,DB00651,Pulmonary Emphysema,C0034067,Disease or Syndrome,Approved
Dyphylline,DB00651,Asthma,C0004096,Disease or Syndrome,Approved
Dyphylline,DB00651,Bronchial Spasm,C0006266,Disease or Syndrome,Approved
Dyphylline,DB00651,Asthma night-time symptoms,C1273489,Finding,Approved
Dyphylline,DB00651,"Bronchitis, Chronic",C0008677,Disease or Syndrome,Approved
Dyphylline,DB00651,Asthma-chronic obstructive pulmonary disease overlap syndrome,C4038730,Disease or Syndrome,Approved
Pentazocine,DB00652,Labor Pain,C0474368,Sign or Symptom,Approved
Pentazocine,DB00652,Pain,C0030193,Sign or Symptom,Approved
Magnesium Sulfate,DB00653,Eclampsia in pregnancy,C0156677,Pathologic Function,Approved
Magnesium Sulfate,DB00653,Hypomagnesemia,C0151723,Finding,Approved
Magnesium Sulfate,DB00653,Mild pre-eclampsia,C0269658,Pathologic Function,Approved
Magnesium Sulfate,DB00653,Severe pre-eclampsia,C0341950,Pathologic Function,Approved
Magnesium Sulfate,DB00653,Incomplete passage of stool,C0426639,Sign or Symptom,Approved
Magnesium Sulfate,DB00653,Constipation,C0009806,Sign or Symptom,Approved
Latanoprost,DB00654,Ocular Hypertension,C0028840,Disease or Syndrome,Approved
Latanoprost,DB00654,"Glaucoma, Open-Angle",C0017612,Disease or Syndrome,Approved
Estrone,DB00655,Acne Vulgaris,C0001144,Disease or Syndrome,Approved
Estrone,DB00655,Chemotherapy-induced nausea and vomiting,C0401160,Pathologic Function,Approved
Estrone,DB00655,Atrophic Vaginitis,C0221392,Disease or Syndrome,Approved
Trazodone,DB00656,Major Depressive Disorder,C1269683,Mental or Behavioral Dysfunction,Approved
Mecamylamine,DB00657,Hypertensive disease,C0020538,Disease or Syndrome,Approved
Acamprosate,DB00659,"Alcoholic Intoxication, Chronic",C0001973,Mental or Behavioral Dysfunction,Approved
Metaxalone,DB00660,Muscle Spasticity,C0026838,Sign or Symptom,Approved
Verapamil,DB00661,Atrial Fibrillation,C0004238,Disease or Syndrome,Approved
Verapamil,DB00661,Hypertensive disease,C0020538,Disease or Syndrome,Approved
Verapamil,DB00661,"Angina Pectoris, Variant",C0002963,Disease or Syndrome,Approved
Verapamil,DB00661,Paroxysmal supraventricular tachycardia,C0030590,Disease or Syndrome,Approved
Verapamil,DB00661,Angina Pectoris,C0002962,Finding,Approved
Trimethobenzamide,DB00662,Vomiting,C0042963,Sign or Symptom,Approved
Trimethobenzamide,DB00662,Nausea,C0027497,Sign or Symptom,Approved
Trimethobenzamide,DB00662,Nausea and vomiting,C0027498,Sign or Symptom,Approved
Flumethasone,DB00663,Seborrheic dermatitis,C0036508,Disease or Syndrome,Approved
Flumethasone,DB00663,Chronic small plaque psoriasis,C0406317,Disease or Syndrome,Approved
Flumethasone,DB00663,"Lupus Erythematosus, Discoid",C0024138,Disease or Syndrome,Approved
Flumethasone,DB00663,Pruritus of genital organs,C0033777,Sign or Symptom,Approved
Flumethasone,DB00663,Exanthema,C0015230,Sign or Symptom,Approved
Flumethasone,DB00663,"Lymphoma, T-Cell, Cutaneous",C0079773,Neoplastic Process,Approved
Flumethasone,DB00663,Granuloma Annulare,C0085074,Disease or Syndrome,Approved
Flumethasone,DB00663,Scalp psoriasis,C0406326,Disease or Syndrome,Approved
Flumethasone,DB00663,Contact Dermatitis,C0011616,Disease or Syndrome,Approved
Flumethasone,DB00663,Lichen Simplex Chronicus,C0149922,Disease or Syndrome,Approved
Flumethasone,DB00663,Pruritus Ani,C0033775,Sign or Symptom,Approved
Flumethasone,DB00663,"Dermatitis, Atopic",C0011615,Disease or Syndrome,Approved
Nilutamide,DB00665,Metastatic Prostate Carcinoma,C0936223,Neoplastic Process,Approved
Nafarelin,DB00666,Precocious Puberty,C0034013,Disease or Syndrome,Approved
Nafarelin,DB00666,Endometriosis,C0014175,Disease or Syndrome,Approved
Histamine Phosphate,DB00667,Degenerative polyarthritis,C0029408,Disease or Syndrome,Approved
Epinephrine,DB00668,anaphylaxis,C0002792,Pathologic Function,Approved
Epinephrine,DB00668,Hypotension,C0020649,Finding,Approved
Epinephrine,DB00668,Bronchiectasis,C0006267,Disease or Syndrome,Approved
Epinephrine,DB00668,Asthma attack,C0347950,Disease or Syndrome,Approved
Epinephrine,DB00668,"Glaucoma, Open-Angle",C0017612,Disease or Syndrome,Approved
Epinephrine,DB00668,Dyspnea,C0013404,Sign or Symptom,Approved
Epinephrine,DB00668,Bronchitis,C0006277,Disease or Syndrome,Approved
Epinephrine,DB00668,Wheezing,C0043144,Sign or Symptom,Approved
Epinephrine,DB00668,Exacerbation of asthma,C0349790,Finding,Approved
Epinephrine,DB00668,Asthma,C0004096,Disease or Syndrome,Approved
Epinephrine,DB00668,Pulmonary Emphysema,C0034067,Disease or Syndrome,Approved
Sumatriptan,DB00669,Migraine Disorders,C0149931,Disease or Syndrome,Approved
Sumatriptan,DB00669,Cluster Headache,C0009088,Disease or Syndrome,Approved
Pirenzepine,DB00670,Peptic Ulcer,C0030920,Disease or Syndrome,Approved
Cefixime,DB00671,Acute otitis media,C0271429,Disease or Syndrome,Approved
Cefixime,DB00671,Acute exacerbation of chronic bronchitis,C0856695,Disease or Syndrome,Approved
Cefixime,DB00671,Upper Respiratory Infections,C0041912,Disease or Syndrome,Approved
Cefixime,DB00671,Acute gonococcal urethritis,C0275652,Disease or Syndrome,Approved
Cefixime,DB00671,Streptococcal tonsillitis,C0275804,Disease or Syndrome,Approved
Cefixime,DB00671,Pharyngitis,C0031350,Disease or Syndrome,Approved
Cefixime,DB00671,Proteus urinary tract infection,C0577709,Disease or Syndrome,Approved
Cefixime,DB00671,Acute gonococcal cervicitis,C0153195,Disease or Syndrome,Approved
Cefixime,DB00671,Escherichia coli urinary tract infection,C0577708,Disease or Syndrome,Approved
Cefixime,DB00671,Infective otitis media,C0729586,Disease or Syndrome,Approved
Cefixime,DB00671,Bronchitis,C0006277,Disease or Syndrome,Approved
Cefixime,DB00671,Urinary tract infection,C0042029,Disease or Syndrome,Approved
Cefixime,DB00671,Tonsillitis,C0040425,Disease or Syndrome,Approved
Cefixime,DB00671,Gonorrhea,C0018081,Disease or Syndrome,Approved
Chlorpropamide,DB00672,"Diabetes Mellitus, Non-Insulin-Dependent",C0011860,Disease or Syndrome,Approved
Aprepitant,DB00673,Chemotherapy-induced nausea and vomiting,C0401160,Pathologic Function,Approved
Galantamine,DB00674,Alzheimer's Disease,C0002395,Disease or Syndrome,Approved
Tamoxifen,DB00675,Malignant epithelial neoplasm of female breast,C3163805,Neoplastic Process,Approved
Tamoxifen,DB00675,Invasive Ductal Breast Carcinoma,C1134719,Neoplastic Process,Approved
Losartan,DB00678,Diabetic Nephropathy,C0011881,Disease or Syndrome,Approved
Losartan,DB00678,Hypertensive urgency,C0745138,Disease or Syndrome,Approved
Losartan,DB00678,Hypertensive disease,C0020538,Disease or Syndrome,Approved
Thioridazine,DB00679,Treatment-resistant schizophrenia,C3544321,Mental or Behavioral Dysfunction,Approved
Moricizine,DB00680,Ventricular arrhythmia,C0085612,Disease or Syndrome,Approved
Amphotericin B,DB00681,Aspergillosis,C0004030,Disease or Syndrome,Approved
Amphotericin B,DB00681,Candidiasis of the esophagus,C0239295,Disease or Syndrome,Approved
Amphotericin B,DB00681,Yaws,C0043388,Disease or Syndrome,Approved
Amphotericin B,DB00681,Brucellosis,C0006309,Disease or Syndrome,Approved
Amphotericin B,DB00681,Rhinocerebral phycomycosis,C1636205,Disease or Syndrome,Approved
Amphotericin B,DB00681,Invasive Pulmonary Aspergillosis,C0276653,Disease or Syndrome,Approved
Amphotericin B,DB00681,Coccidioidomycosis,C0009186,Disease or Syndrome,Approved
Amphotericin B,DB00681,Infective otitis media,C0729586,Disease or Syndrome,Approved
Amphotericin B,DB00681,Fungal infection of lung,C0151874,Disease or Syndrome,Approved
Amphotericin B,DB00681,"Meningitis, Fungal",C0085438,Disease or Syndrome,Approved
Amphotericin B,DB00681,Acute gonococcal cervicitis,C0153195,Disease or Syndrome,Approved
Amphotericin B,DB00681,Gonorrhea of rectum,C0275665,Disease or Syndrome,Approved
Amphotericin B,DB00681,Histoplasmosis,C0019655,Disease or Syndrome,Approved
Amphotericin B,DB00681,Mucormycosis,C0026718,Disease or Syndrome,Approved
Amphotericin B,DB00681,Relapsing Fever,C0035021,Disease or Syndrome,Approved
Amphotericin B,DB00681,Granuloma Inguinale,C0018190,Disease or Syndrome,Approved
Amphotericin B,DB00681,Gonorrhea of pharynx,C0149966,Disease or Syndrome,Approved
Amphotericin B,DB00681,Bronchitis,C0006277,Disease or Syndrome,Approved
Amphotericin B,DB00681,Psittacosis,C0029291,Disease or Syndrome,Approved
Amphotericin B,DB00681,Rocky Mountain Spotted Fever,C0035793,Disease or Syndrome,Approved
Amphotericin B,DB00681,Pulmonary cryptococcosis,C0276688,Disease or Syndrome,Approved
Amphotericin B,DB00681,Infection of skin AND/OR subcutaneous tissue,C0178299,Disease or Syndrome,Approved
Amphotericin B,DB00681,Sinusitis,C0037199,Disease or Syndrome,Approved
Amphotericin B,DB00681,"Leishmaniasis, Visceral",C0023290,Disease or Syndrome,Approved
Amphotericin B,DB00681,Intraabdominal Infections,C1112209,Disease or Syndrome,Approved
Amphotericin B,DB00681,Q Fever,C0034362,Disease or Syndrome,Approved
Amphotericin B,DB00681,Gonorrhea,C0018081,Disease or Syndrome,Approved
Amphotericin B,DB00681,Chlamydia trachomatis infection of genital structure,C1997322,Disease or Syndrome,Approved
Amphotericin B,DB00681,Syphilis,C0039128,Disease or Syndrome,Approved
Amphotericin B,DB00681,Septicemia candida,C0349009,Disease or Syndrome,Approved
Amphotericin B,DB00681,Fungal septicemia,C2960008,Disease or Syndrome,Approved
Amphotericin B,DB00681,Cutaneous Candidiasis,C0006846,Disease or Syndrome,Approved
Amphotericin B,DB00681,Infection by Cryptococcus neoformans,C0010414,Disease or Syndrome,Approved
Amphotericin B,DB00681,Blastomycosis,C0005716,Disease or Syndrome,Approved
Amphotericin B,DB00681,Lymphogranuloma Venereum,C0024286,Disease or Syndrome,Approved
Amphotericin B,DB00681,Systemic candidiasis,C0153252,Disease or Syndrome,Approved
Amphotericin B,DB00681,Candidal meningitis,C0153256,Disease or Syndrome,Approved
Amphotericin B,DB00681,Candidal endocarditis,C0153254,Disease or Syndrome,Approved
Amphotericin B,DB00681,Candidiasis,C0006840,Disease or Syndrome,Approved
Amphotericin B,DB00681,Disseminated sporotrichosis,C0276725,Disease or Syndrome,Approved
Amphotericin B,DB00681,Acne Vulgaris,C0001144,Disease or Syndrome,Approved
Amphotericin B,DB00681,Mycotic endocarditis,C0276648,Disease or Syndrome,Approved
Amphotericin B,DB00681,Urinary tract infection,C0042029,Disease or Syndrome,Approved
Amphotericin B,DB00681,Pharyngitis,C0031350,Disease or Syndrome,Approved
Amphotericin B,DB00681,Pelvic Inflammatory Disease,C0242172,Disease or Syndrome,Approved
Amphotericin B,DB00681,Pneumonia,C0032285,Disease or Syndrome,Approved
Amphotericin B,DB00681,Acute gonococcal urethritis,C0275652,Disease or Syndrome,Approved
Amphotericin B,DB00681,Candidemia,C0877445,Disease or Syndrome,Approved
Amphotericin B,DB00681,Diaper Rash,C0011974,Disease or Syndrome,Approved
Amphotericin B,DB00681,Actinomycosis,C0001261,Disease or Syndrome,Approved
Amphotericin B,DB00681,Leishmaniasis,C0023281,Disease or Syndrome,Approved
Amphotericin B,DB00681,candidal peritonitis,C2062982,Disease or Syndrome,Approved
Amphotericin B,DB00681,Urinary tract infection fungal,C0877131,Disease or Syndrome,Approved
Amphotericin B,DB00681,TYPHUS,C0041471,Disease or Syndrome,Approved
Amphotericin B,DB00681,Oral candidiasis,C0006849,Disease or Syndrome,Approved
Amphotericin B,DB00681,Trachoma,C0040592,Disease or Syndrome,Approved
Amphotericin B,DB00681,Gingivostomatitis,C0149704,Disease or Syndrome,Approved
Amphotericin B,DB00681,Rickettsialpox,C0035597,Disease or Syndrome,Approved
Warfarin,DB00682,Thrombosis,C0040053,Pathologic Function,Approved
Warfarin,DB00682,Thromboembolism,C0040038,Pathologic Function,Approved
Warfarin,DB00682,Cerebral Embolism,C0007780,Disease or Syndrome,Approved
Warfarin,DB00682,Deep Vein Thrombosis,C0149871,Disease or Syndrome,Approved
Midazolam,DB00683,Agitation,C0085631,Sign or Symptom,Approved
Midazolam,DB00683,Anxiety,C0003467,Mental or Behavioral Dysfunction,Approved
Tobramycin,DB00684,Enterobacteriaceae Infections,C0014347,Disease or Syndrome,Approved
Tobramycin,DB00684,Bacterial infection due to Klebsiella pneumoniae,C0343402,Disease or Syndrome,Approved
Tobramycin,DB00684,Pneumonia due to Pseudomonas,C0155860,Disease or Syndrome,Approved
Tobramycin,DB00684,Bacterial sepsis,C0684256,Disease or Syndrome,Approved
Tobramycin,DB00684,Punctate keratitis,C0259799,Disease or Syndrome,Approved
Tobramycin,DB00684,Serratia Infections,C0085394,Disease or Syndrome,Approved
Tobramycin,DB00684,Dacryocystitis,C0010930,Disease or Syndrome,Approved
Tobramycin,DB00684,Anterior uveitis,C0042165,Disease or Syndrome,Approved
Tobramycin,DB00684,Bacterial conjunctivitis,C0009768,Disease or Syndrome,Approved
Tobramycin,DB00684,Sepsis due to Pseudomonas,C2887096,Disease or Syndrome,Approved
Tobramycin,DB00684,Escherichia coli septicemia,C0276088,Disease or Syndrome,Approved
Tobramycin,DB00684,Neonatal meningitis,C0456107,Disease or Syndrome,Approved
Tobramycin,DB00684,Osteomyelitis due to Staphylococcus aureus,C1997728,Disease or Syndrome,Approved
Tobramycin,DB00684,Corneal Perforation,C0339293,Injury or Poisoning,Approved
Tobramycin,DB00684,Bacterial peritonitis,C0341503,Disease or Syndrome,Approved
Tobramycin,DB00684,"Meningitis, Bacterial",C0085437,Disease or Syndrome,Approved
Tobramycin,DB00684,Allergic Conjunctivitis,C0009766,Disease or Syndrome,Approved
Tobramycin,DB00684,Rhinoscleroma,C0035468,Disease or Syndrome,Approved
Tobramycin,DB00684,Staphylococcus aureus infection,C1318973,Disease or Syndrome,Approved
Tobramycin,DB00684,Herpes zoster keratitis,C1275687,Disease or Syndrome,Approved
Tobramycin,DB00684,Blepharoconjunctivitis,C0005743,Disease or Syndrome,Approved
Tobramycin,DB00684,Infection of bone,C2242472,Disease or Syndrome,Approved
Tobramycin,DB00684,Sepsis of the newborn,C0456103,Disease or Syndrome,Approved
Tobramycin,DB00684,Rosacea,C0035854,Disease or Syndrome,Approved
Tobramycin,DB00684,Meibomianitis,C0549398,Disease or Syndrome,Approved
Tobramycin,DB00684,Pneumonia due to Escherichia coli,C0276089,Disease or Syndrome,Approved
Tobramycin,DB00684,Enterobacter pneumonia,C1096258,Disease or Syndrome,Approved
Tobramycin,DB00684,Escherichia coli Infections,C0014836,Disease or Syndrome,Approved
Tobramycin,DB00684,Keratoconjunctivitis,C0022573,Disease or Syndrome,Approved
Tobramycin,DB00684,Corneal abrasion,C0010032,Injury or Poisoning,Approved
Tobramycin,DB00684,Staphylococcal Pneumonia,C0032308,Disease or Syndrome,Approved
Tobramycin,DB00684,Nosocomial pneumonia,C0949083,Disease or Syndrome,Approved
Tobramycin,DB00684,Infective blepharitis,C0729587,Disease or Syndrome,Approved
Trovafloxacin,DB00685,Female genital tract infection,C1263758,Disease or Syndrome,Approved
Trovafloxacin,DB00685,Postoperative infection,C0392618,Pathologic Function,Approved
Trovafloxacin,DB00685,Urinary tract infection,C0042029,Disease or Syndrome,Approved
Trovafloxacin,DB00685,Intraabdominal Infections,C1112209,Disease or Syndrome,Approved
Trovafloxacin,DB00685,Haemophilus influenzae pneumonia,C0276026,Disease or Syndrome,Approved
Trovafloxacin,DB00685,Pneumonia due to Pseudomonas,C0155860,Disease or Syndrome,Approved
Trovafloxacin,DB00685,Acute Moraxella catarrhalis bronchitis,C0339932,Disease or Syndrome,Approved
Trovafloxacin,DB00685,Mycoplasma pneumonia,C0032302,Disease or Syndrome,Approved
Trovafloxacin,DB00685,Acute gonococcal cervicitis,C0153195,Disease or Syndrome,Approved
Trovafloxacin,DB00685,Gonorrhea of rectum,C0275665,Disease or Syndrome,Approved
Trovafloxacin,DB00685,Acute gonococcal urethritis,C0275652,Disease or Syndrome,Approved
Trovafloxacin,DB00685,Chronic Bacterial Prostatitis,C1720797,Disease or Syndrome,Approved
Trovafloxacin,DB00685,Staphylococcal Pneumonia,C0032308,Disease or Syndrome,Approved
Trovafloxacin,DB00685,Acute gonococcal endometritis,C0153196,Disease or Syndrome,Approved
Trovafloxacin,DB00685,Bacterial infection due to Klebsiella pneumoniae,C0343402,Disease or Syndrome,Approved
Trovafloxacin,DB00685,Legionella pneumophila pneumonia,C0857846,Disease or Syndrome,Approved
Trovafloxacin,DB00685,Infection of skin AND/OR subcutaneous tissue,C0178299,Disease or Syndrome,Approved
Trovafloxacin,DB00685,Moraxella catarrhalis pneumonia,C0857831,Disease or Syndrome,Approved
Trovafloxacin,DB00685,Acute bacterial sinusitis,C0275556,Disease or Syndrome,Approved
Trovafloxacin,DB00685,Pneumonia due to Escherichia coli,C0276089,Disease or Syndrome,Approved
Trovafloxacin,DB00685,Chlamydial pneumonia,C0339959,Disease or Syndrome,Approved
Trovafloxacin,DB00685,Chlamydial cervicitis,C0341834,Disease or Syndrome,Approved
Trovafloxacin,DB00685,Chlamydial pelvic inflammatory disease,C0520777,Disease or Syndrome,Approved
Trovafloxacin,DB00685,Endomyometritis,C0269050,Disease or Syndrome,Approved
Trovafloxacin,DB00685,Female pelvic cellulitis,C0349734,Disease or Syndrome,Approved
Trovafloxacin,DB00685,Miscarriage with sepsis,C0269398,Pathologic Function,Approved
Trovafloxacin,DB00685,Postnatal infection,C1278797,Disease or Syndrome,Approved
Pentosan Polysulfate,DB00686,Bladder pain,C0232849,Sign or Symptom,Approved
Pentosan Polysulfate,DB00686,Interstitial Cystitis,C0282488,Disease or Syndrome,Approved
Fludrocortisone,DB00687,Adrenogenital disorder,C0701163,Disease or Syndrome,Approved
Fludrocortisone,DB00687,Addison Disease,C0001403,Disease or Syndrome,Approved
Flurazepam,DB00690,Sleeplessness,C0917801,Sign or Symptom,Approved
Moexipril,DB00691,Hypertensive disease,C0020538,Disease or Syndrome,Approved
Phentolamine,DB00692,Peripheral Vascular Diseases,C0085096,Disease or Syndrome,Approved
Phentolamine,DB00692,Hypertensive emergency,C0745136,Disease or Syndrome,Approved
Phentolamine,DB00692,Pheochromocytoma,C0031511,Neoplastic Process,Approved
Phentolamine,DB00692,Cerebral Ischemia,C0917798,Disease or Syndrome,Approved
Phentolamine,DB00692,Paroxysmal hypertension,C0221154,Disease or Syndrome,Approved
Daunorubicin,DB00694,Acute lymphocytic leukemia,C0023449,Neoplastic Process,Approved
Daunorubicin,DB00694,Acute Promyelocytic Leukemia,C0023487,Neoplastic Process,Approved
Daunorubicin,DB00694,Acute monocytic leukemia,C0023465,Neoplastic Process,Approved
Daunorubicin,DB00694,"Leukemia, Myelocytic, Acute",C0023467,Neoplastic Process,Approved
Daunorubicin,DB00694,Acute Erythroblastic Leukemia,C0023440,Neoplastic Process,Approved
Daunorubicin,DB00694,Kaposi Sarcoma,C0036220,Neoplastic Process,Approved
Furosemide,DB00695,Decompensated cardiac failure,C0581377,Disease or Syndrome,Approved
Furosemide,DB00695,Edema,C0013604,Finding,Approved
Furosemide,DB00695,Acute pulmonary edema,C0155919,Disease or Syndrome,Approved
Furosemide,DB00695,Hypertensive disease,C0020538,Disease or Syndrome,Approved
Ergotamine,DB00696,Migraine Disorders,C0149931,Disease or Syndrome,Approved
Ergotamine,DB00696,Vascular Headaches,C0042376,Disease or Syndrome,Approved
Ergotamine,DB00696,Cluster Headache,C0009088,Disease or Syndrome,Approved
Tizanidine,DB00697,Muscle spasticity of spinal origin,C1562430,Finding,Approved
Tizanidine,DB00697,Muscle Spasticity,C0026838,Sign or Symptom,Approved
Nitrofurantoin,DB00698,Escherichia coli urinary tract infection,C0577708,Disease or Syndrome,Approved
Nitrofurantoin,DB00698,Klebsiella cystitis,C0520775,Disease or Syndrome,Approved
Nitrofurantoin,DB00698,URINARY TRACT INFECTION ENTEROCOCCUS,C0749958,Disease or Syndrome,Approved
Eplerenone,DB00700,Hypertensive disease,C0020538,Disease or Syndrome,Approved
Amprenavir,DB00701,HIV Infections,C0019693,Disease or Syndrome,Approved
Methazolamide,DB00703,Angle Closure Glaucoma,C0017605,Disease or Syndrome,Approved
Methazolamide,DB00703,Secondary glaucoma,C0149893,Disease or Syndrome,Approved
Methazolamide,DB00703,"Glaucoma, Open-Angle",C0017612,Disease or Syndrome,Approved
Naltrexone,DB00704,Drug-induced constipation,C0267511,Disease or Syndrome,Approved
Naltrexone,DB00704,Chronic pain,C0150055,Sign or Symptom,Approved
Naltrexone,DB00704,"Alcoholic Intoxication, Chronic",C0001973,Mental or Behavioral Dysfunction,Approved
Naltrexone,DB00704,Severe pain,C0278140,Finding,Approved
Naltrexone,DB00704,Obesity,C0028754,Disease or Syndrome,Approved
Delavirdine,DB00705,HIV Infections,C0019693,Disease or Syndrome,Approved
Tamsulosin,DB00706,Prostatic Hypertrophy,C1739363,Disease or Syndrome,Approved
Porfimer,DB00707,Non-Small Cell Lung Carcinoma,C0007131,Neoplastic Process,Approved
Porfimer,DB00707,Malignant neoplasm of esophagus,C0546837,Neoplastic Process,Approved
Sufentanil,DB00708,"Pain, Postoperative",C0030201,Sign or Symptom,Approved
Lamivudine,DB00709,HIV Infections,C0019693,Disease or Syndrome,Approved
Lamivudine,DB00709,"Hepatitis B, Chronic",C0524909,Disease or Syndrome,Approved
Ibandronate,DB00710,"Osteoporosis, Postmenopausal",C0029458,Disease or Syndrome,Approved
Ibandronate,DB00710,Hypercalcemia,C0020437,Disease or Syndrome,Approved
Diethylcarbamazine,DB00711,Eosinophilic Pneumonia,C1527407,Disease or Syndrome,Approved
Diethylcarbamazine,DB00711,Filarial Elephantiases,C0013884,Disease or Syndrome,Approved
Diethylcarbamazine,DB00711,Loiasis,C0023968,Disease or Syndrome,Approved
Diethylcarbamazine,DB00711,Onchocerciasis,C0029001,Disease or Syndrome,Approved
Diethylcarbamazine,DB00711,Elephantiasis,C0013882,Disease or Syndrome,Approved
Flurbiprofen,DB00712,Degenerative polyarthritis,C0029408,Disease or Syndrome,Approved
Flurbiprofen,DB00712,Rheumatoid Arthritis,C0003873,Disease or Syndrome,Approved
Oxacillin,DB00713,Staphylococcal Pneumonia,C0032308,Disease or Syndrome,Approved
Oxacillin,DB00713,Staphylococcal Infections,C0038160,Disease or Syndrome,Approved
Oxacillin,DB00713,Infection of bone,C2242472,Disease or Syndrome,Approved
Oxacillin,DB00713,Sepsis due to Staphylococcus aureus,C2887088,Disease or Syndrome,Approved
Oxacillin,DB00713,Lower respiratory tract infection,C0149725,Disease or Syndrome,Approved
Oxacillin,DB00713,Osteomyelitis due to Staphylococcus aureus,C1997728,Disease or Syndrome,Approved
Oxacillin,DB00713,Infection of skin AND/OR subcutaneous tissue,C0178299,Disease or Syndrome,Approved
Oxacillin,DB00713,Staphylococcus aureus infection,C1318973,Disease or Syndrome,Approved
Oxacillin,DB00713,Staphylococcal endocarditis,C0520767,Disease or Syndrome,Approved
Oxacillin,DB00713,Sinusitis,C0037199,Disease or Syndrome,Approved
Oxacillin,DB00713,Staphylococcal meningitis,C0154640,Disease or Syndrome,Approved
Oxacillin,DB00713,Pharyngitis,C0031350,Disease or Syndrome,Approved
Oxacillin,DB00713,Staphylococcal bacteraemia,C0152965,Disease or Syndrome,Approved
Apomorphine,DB00714,Parkinson Disease,C0030567,Disease or Syndrome,Approved
Paroxetine,DB00715,Major Depressive Disorder,C1269683,Mental or Behavioral Dysfunction,Approved
Paroxetine,DB00715,Obsessive-Compulsive Disorder,C0028768,Mental or Behavioral Dysfunction,Approved
Paroxetine,DB00715,Panic Disorder,C0030319,Mental or Behavioral Dysfunction,Approved
Paroxetine,DB00715,"Phobia, Social",C0031572,Mental or Behavioral Dysfunction,Approved
Paroxetine,DB00715,Post-Traumatic Stress Disorder,C0038436,Mental or Behavioral Dysfunction,Approved
Paroxetine,DB00715,Premenstrual Dysphoric Disorder,C0520676,Mental or Behavioral Dysfunction,Approved
Paroxetine,DB00715,Generalized Anxiety Disorder,C0270549,Mental or Behavioral Dysfunction,Approved
Paroxetine,DB00715,Depressive disorder,C0011581,Mental or Behavioral Dysfunction,Approved
Paroxetine,DB00715,Hot flushes,C0600142,Sign or Symptom,Approved
Nedocromil,DB00716,Allergic Conjunctivitis,C0009766,Disease or Syndrome,Approved
Nedocromil,DB00716,Asthma,C0004096,Disease or Syndrome,Approved
Nedocromil,DB00716,Itching of eye,C0022281,Finding,Approved
Norethisterone,DB00717,Atrophic Vaginitis,C0221392,Disease or Syndrome,Approved
Norethisterone,DB00717,Secondary physiologic amenorrhea,C0232940,Disease or Syndrome,Approved
Norethisterone,DB00717,Menorrhagia,C0025323,Pathologic Function,Approved
Norethisterone,DB00717,Female hypogonadism syndrome,C0271578,Disease or Syndrome,Approved
Norethisterone,DB00717,Hot flushes,C0600142,Sign or Symptom,Approved
Norethisterone,DB00717,Atrophy of vulva,C0156393,Disease or Syndrome,Approved
Norethisterone,DB00717,Metrorrhagia,C0025874,Pathologic Function,Approved
Norethisterone,DB00717,Acne Vulgaris,C0001144,Disease or Syndrome,Approved
Norethisterone,DB00717,Endometriosis,C0014175,Disease or Syndrome,Approved
Adefovir Dipivoxil,DB00718,"Hepatitis B, Chronic",C0524909,Disease or Syndrome,Approved
Azatadine,DB00719,Pruritus,C0033774,Sign or Symptom,Approved
Azatadine,DB00719,Nasal congestion (finding),C0027424,Sign or Symptom,Approved
Azatadine,DB00719,Sneezing,C0037383,Finding,Approved
Azatadine,DB00719,Common Cold,C0009443,Disease or Syndrome,Approved
Azatadine,DB00719,Urticaria,C0042109,Disease or Syndrome,Approved
Azatadine,DB00719,"Rhinitis, Vasomotor",C0035460,Disease or Syndrome,Approved
Azatadine,DB00719,Allergic rhinitis (disorder),C2607914,Disease or Syndrome,Approved
Azatadine,DB00719,Allergic Conjunctivitis,C0009766,Disease or Syndrome,Approved
Azatadine,DB00719,Rhinorrhea,C1260880,Sign or Symptom,Approved
Azatadine,DB00719,Hay fever,C0018621,Disease or Syndrome,Approved
Azatadine,DB00719,Symptomatic dermographism,C0343065,Disease or Syndrome,Approved
Lisinopril,DB00722,Myocardial Infarction,C0027051,Disease or Syndrome,Approved
Lisinopril,DB00722,Chronic heart failure,C0264716,Disease or Syndrome,Approved
Lisinopril,DB00722,Hypertensive disease,C0020538,Disease or Syndrome,Approved
Methoxamine,DB00723,Paroxysmal supraventricular tachycardia,C0030590,Disease or Syndrome,Approved
Imiquimod,DB00724,Condylomata Acuminata,C0009663,Disease or Syndrome,Approved
Imiquimod,DB00724,Superficial basal cell carcinoma,C0862889,Neoplastic Process,Approved
Imiquimod,DB00724,Actinic keratosis,C0022602,Neoplastic Process,Approved
Imiquimod,DB00724,Common wart,C0043037,Disease or Syndrome,Approved
Homatropine Methylbromide,DB00725,Coughing,C0010200,Sign or Symptom,Approved
Homatropine Methylbromide,DB00725,Irritable Bowel Syndrome,C0022104,Disease or Syndrome,Approved
Homatropine Methylbromide,DB00725,Peptic Ulcer,C0030920,Disease or Syndrome,Approved
Trimipramine,DB00726,Depressive disorder,C0011581,Mental or Behavioral Dysfunction,Approved
Nitroglycerin,DB00727,Perioperative hypertension,C3661921,Disease or Syndrome,Approved
Thiabendazole,DB00730,"Larva Migrans, Cutaneous",C0546999,Disease or Syndrome,Approved
Thiabendazole,DB00730,Infection by Uncinaria,C0041648,Disease or Syndrome,Approved
Thiabendazole,DB00730,Toxocariasis,C0040553,Disease or Syndrome,Approved
Thiabendazole,DB00730,Enterobiasis,C0086227,Disease or Syndrome,Approved
Thiabendazole,DB00730,Trichinellosis,C0040896,Disease or Syndrome,Approved
Thiabendazole,DB00730,Ascariasis,C0003950,Disease or Syndrome,Approved
Thiabendazole,DB00730,Infection by Trichuris trichiura,C0040954,Disease or Syndrome,Approved
Thiabendazole,DB00730,Strongyloidiasis,C0038463,Disease or Syndrome,Approved
Nateglinide,DB00731,"Diabetes Mellitus, Non-Insulin-Dependent",C0011860,Disease or Syndrome,Approved
Pralidoxime,DB00733,Organophosphate poisoning,C0700359,Injury or Poisoning,Approved
Risperidone,DB00734,Schizophrenia,C0036341,Mental or Behavioral Dysfunction,Approved
Risperidone,DB00734,Bipolar disorder in remission,C0270425,Mental or Behavioral Dysfunction,Approved
Risperidone,DB00734,Autistic Disorder,C0004352,Mental or Behavioral Dysfunction,Approved
Risperidone,DB00734,Mixed bipolar I disorder,C0236780,Mental or Behavioral Dysfunction,Approved
Risperidone,DB00734,"Bipolar affective disorder, current episode manic",C0338873,Mental or Behavioral Dysfunction,Approved
Naftifine,DB00735,Tinea Pedis,C0040259,Disease or Syndrome,Approved
Naftifine,DB00735,Tinea corporis (disorder),C0040252,Disease or Syndrome,Approved
Naftifine,DB00735,Tinea cruris,C1384589,Disease or Syndrome,Approved
Esomeprazole,DB00736,Erosive esophagitis,C0267055,Disease or Syndrome,Approved
Esomeprazole,DB00736,Zollinger-Ellison syndrome,C0043515,Disease or Syndrome,Approved
Esomeprazole,DB00736,Peptic Esophagitis,C0014869,Disease or Syndrome,Approved
Esomeprazole,DB00736,Gastroesophageal reflux disease,C0017168,Disease or Syndrome,Approved
Esomeprazole,DB00736,Peptic Ulcer,C0030920,Disease or Syndrome,Approved
Meclizine,DB00737,Vertigo,C0042571,Sign or Symptom,Approved
Meclizine,DB00737,Motion Sickness,C0026603,Disease or Syndrome,Approved
Pentamidine,DB00738,African Trypanosomiasis,C0041228,Disease or Syndrome,Approved
Riluzole,DB00740,Amyotrophic Lateral Sclerosis,C0002736,Disease or Syndrome,Approved
Hydrocortisone,DB00741,Blepharoconjunctivitis,C0005743,Disease or Syndrome,Approved
Hydrocortisone,DB00741,Bacterial keratitis,C0854211,Disease or Syndrome,Approved
Hydrocortisone,DB00741,Cerebral Edema,C0006114,Pathologic Function,Approved
Hydrocortisone,DB00741,Rheumatic Heart Disease,C0035439,Disease or Syndrome,Approved
Hydrocortisone,DB00741,Laryngeal Edema,C0023052,Pathologic Function,Approved
Hydrocortisone,DB00741,Nephrotic Syndrome,C0027726,Disease or Syndrome,Approved
Hydrocortisone,DB00741,Recurrent herpes simplex labialis,C1274321,Disease or Syndrome,Approved
Hydrocortisone,DB00741,Corneal abrasion,C0010032,Injury or Poisoning,Approved
Hydrocortisone,DB00741,Crohn Disease,C0010346,Disease or Syndrome,Approved
Hydrocortisone,DB00741,Proctitis,C0033246,Disease or Syndrome,Approved
Hydrocortisone,DB00741,Lichen Simplex Chronicus,C0149922,Disease or Syndrome,Approved
Hydrocortisone,DB00741,"Lupus Erythematosus, Systemic",C0024141,Disease or Syndrome,Approved
Hydrocortisone,DB00741,Rheumatoid Arthritis,C0003873,Disease or Syndrome,Approved
Hydrocortisone,DB00741,Transplanted organ rejection,C0345468,Pathologic Function,Approved
Hydrocortisone,DB00741,Uveitis,C0042164,Disease or Syndrome,Approved
Hydrocortisone,DB00741,Inflammatory Bowel Diseases,C0021390,Disease or Syndrome,Approved
Hydrocortisone,DB00741,Keratitis,C0022568,Disease or Syndrome,Approved
Hydrocortisone,DB00741,Infective blepharitis,C0729587,Disease or Syndrome,Approved
Hydrocortisone,DB00741,Exanthema,C0015230,Sign or Symptom,Approved
Hydrocortisone,DB00741,Synovitis,C0039103,Disease or Syndrome,Approved
Hydrocortisone,DB00741,Herpes zoster keratitis,C1275687,Disease or Syndrome,Approved
Hydrocortisone,DB00741,Aphthous Stomatitis,C0038363,Disease or Syndrome,Approved
Hydrocortisone,DB00741,Angioedema,C0002994,Pathologic Function,Approved
Hydrocortisone,DB00741,Humoral hypercalcemia of malignancy (disorder),C0149911,Disease or Syndrome,Approved
Hydrocortisone,DB00741,Corneal Ulcer,C0010043,Disease or Syndrome,Approved
Hydrocortisone,DB00741,"Anemia, Diamond-Blackfan",C1260899,Congenital Abnormality,Approved
Hydrocortisone,DB00741,Cooley's anemia,C0002875,Disease or Syndrome,Approved
Hydrocortisone,DB00741,Multiple Sclerosis,C0026769,Disease or Syndrome,Approved
Hydrocortisone,DB00741,Psoriasis,C0033860,Disease or Syndrome,Approved
Hydrocortisone,DB00741,Aspiration pneumonitis,C1761609,Disease or Syndrome,Approved
Hydrocortisone,DB00741,Adrenogenital disorder,C0701163,Disease or Syndrome,Approved
Hydrocortisone,DB00741,Iridocyclitis,C0022073,Disease or Syndrome,Approved
Hydrocortisone,DB00741,"Lupus Erythematosus, Discoid",C0024138,Disease or Syndrome,Approved
Hydrocortisone,DB00741,Pemphigus,C0030807,Disease or Syndrome,Approved
Hydrocortisone,DB00741,Dermatitis Herpetiformis,C0011608,Disease or Syndrome,Approved
Hydrocortisone,DB00741,Tenosynovitis,C0039520,Disease or Syndrome,Approved
Hydrocortisone,DB00741,Acne Vulgaris,C0001144,Disease or Syndrome,Approved
Hydrocortisone,DB00741,Trichinellosis,C0040896,Disease or Syndrome,Approved
Hydrocortisone,DB00741,Acute lymphocytic leukemia,C0023449,Neoplastic Process,Approved
Hydrocortisone,DB00741,Tinea Pedis,C0040259,Disease or Syndrome,Approved
Hydrocortisone,DB00741,Malignant otitis externa due to Pseudomonas aeruginosa,C0395818,Disease or Syndrome,Approved
Hydrocortisone,DB00741,Allergic Conjunctivitis,C0009766,Disease or Syndrome,Approved
Hydrocortisone,DB00741,Seborrheic dermatitis,C0036508,Disease or Syndrome,Approved
Hydrocortisone,DB00741,Rosacea,C0035854,Disease or Syndrome,Approved
Hydrocortisone,DB00741,Granuloma Annulare,C0085074,Disease or Syndrome,Approved
Hydrocortisone,DB00741,Serum Sickness,C0036830,Disease or Syndrome,Approved
Hydrocortisone,DB00741,Hodgkin Disease,C0019829,Neoplastic Process,Approved
Hydrocortisone,DB00741,Infective otitis externa,C0021355,Disease or Syndrome,Approved
Hydrocortisone,DB00741,Exfoliative dermatitis,C0011606,Disease or Syndrome,Approved
Hydrocortisone,DB00741,"Lymphoma, Non-Hodgkin",C0024305,Neoplastic Process,Approved
Hydrocortisone,DB00741,Acquired thrombocytopenia,C0154301,Disease or Syndrome,Approved
Hydrocortisone,DB00741,Simple Pulmonary Eosinophilia,C0242459,Disease or Syndrome,Approved
Hydrocortisone,DB00741,Thyroiditis,C0040147,Disease or Syndrome,Approved
Hydrocortisone,DB00741,"Dermatitis, Atopic",C0011615,Disease or Syndrome,Approved
Hydrocortisone,DB00741,Bursitis,C0006444,Disease or Syndrome,Approved
Hydrocortisone,DB00741,Chronic small plaque psoriasis,C0406317,Disease or Syndrome,Approved
Hydrocortisone,DB00741,Asthma,C0004096,Disease or Syndrome,Approved
Hydrocortisone,DB00741,Erythema Multiforme,C0014742,Disease or Syndrome,Approved
Hydrocortisone,DB00741,"Arthritis, Gouty",C0003868,Disease or Syndrome,Approved
Hydrocortisone,DB00741,Tinea cruris,C1384589,Disease or Syndrome,Approved
Hydrocortisone,DB00741,Itching of ear,C0849907,Sign or Symptom,Approved
Hydrocortisone,DB00741,Hemorrhoids,C0019112,Disease or Syndrome,Approved
Hydrocortisone,DB00741,"Arthritis, Psoriatic",C0003872,Disease or Syndrome,Approved
Hydrocortisone,DB00741,Addisonian crisis,C0151467,Disease or Syndrome,Approved
Hydrocortisone,DB00741,Pruritus of genital organs,C0033777,Sign or Symptom,Approved
Hydrocortisone,DB00741,Adrenal cortical hypofunction,C0405580,Disease or Syndrome,Approved
Hydrocortisone,DB00741,"Lymphoma, T-Cell, Cutaneous",C0079773,Neoplastic Process,Approved
Hydrocortisone,DB00741,Iritis,C0022081,Disease or Syndrome,Approved
Hydrocortisone,DB00741,Tinea corporis (disorder),C0040252,Disease or Syndrome,Approved
Hydrocortisone,DB00741,Post traumatic osteoarthritis,C2894027,Pathologic Function,Approved
Hydrocortisone,DB00741,Cyclitis,C0010543,Disease or Syndrome,Approved
Hydrocortisone,DB00741,Scalp psoriasis,C0406326,Disease or Syndrome,Approved
Hydrocortisone,DB00741,Addison Disease,C0001403,Disease or Syndrome,Approved
Hydrocortisone,DB00741,Mycosis Fungoides,C0026948,Neoplastic Process,Approved
Hydrocortisone,DB00741,Inflammatory dermatosis,C3875321,Disease or Syndrome,Approved
Hydrocortisone,DB00741,Status Asthmaticus,C0038218,Disease or Syndrome,Approved
Hydrocortisone,DB00741,Allergic rhinitis (disorder),C2607914,Disease or Syndrome,Approved
Hydrocortisone,DB00741,Autoimmune Diseases,C0004364,Disease or Syndrome,Approved
Hydrocortisone,DB00741,Chronic ulcerative proctitis,C2937222,Disease or Syndrome,Approved
Hydrocortisone,DB00741,Contact Dermatitis,C0011616,Disease or Syndrome,Approved
Hydrocortisone,DB00741,Otitis Externa,C0029878,Disease or Syndrome,Approved
Hydrocortisone,DB00741,Gingival Diseases,C0017563,Disease or Syndrome,Approved
Hydrocortisone,DB00741,Ulcerative Colitis,C0009324,Disease or Syndrome,Approved
Hydrocortisone,DB00741,Tendinitis,C0039503,Disease or Syndrome,Approved
Hydrocortisone,DB00741,Autoimmune hemolytic anemia,C0002880,Disease or Syndrome,Approved
Hydrocortisone,DB00741,Disorder of eye,C0015397,Disease or Syndrome,Approved
Hydrocortisone,DB00741,Sarcoidosis,C0036202,Disease or Syndrome,Approved
Hydrocortisone,DB00741,Berylliosis,C0005138,Injury or Poisoning,Approved
Hydrocortisone,DB00741,Musculoskeletal Diseases,C0026857,Disease or Syndrome,Approved
Hydrocortisone,DB00741,Ankylosing spondylitis,C0038013,Disease or Syndrome,Approved
Hydrocortisone,DB00741,Punctate keratopathy,C0423234,Finding,Approved
Hydrocortisone,DB00741,Pruritus Ani,C0033775,Sign or Symptom,Approved
Mannitol,DB00742,Ocular Hypertension,C0028840,Disease or Syndrome,Approved
Mannitol,DB00742,Edema,C0013604,Finding,Approved
Mannitol,DB00742,Pseudotumor Cerebri,C0033845,Disease or Syndrome,Approved
Mannitol,DB00742,Cerebral Edema,C0006114,Pathologic Function,Approved
Mannitol,DB00742,Cystic Fibrosis,C0010674,Disease or Syndrome,Approved
Zileuton,DB00744,Allergic asthma,C0155877,Disease or Syndrome,Approved
Zileuton,DB00744,Intrinsic asthma,C0155880,Disease or Syndrome,Approved
Modafinil,DB00745,Narcolepsy,C0027404,Disease or Syndrome,Approved
Deferoxamine,DB00746,Chronic iron overload,C1739382,Disease or Syndrome,Approved
Deferoxamine,DB00746,Poisoning by iron AND/OR its compounds,C0412842,Injury or Poisoning,Approved
Scopolamine,DB00747,Rhinorrhea,C1260880,Sign or Symptom,Approved
Scopolamine,DB00747,Posterior synechiae,C0152253,Disease or Syndrome,Approved
Scopolamine,DB00747,"Rhinitis, Vasomotor",C0035460,Disease or Syndrome,Approved
Scopolamine,DB00747,Uveitis,C0042164,Disease or Syndrome,Approved
Scopolamine,DB00747,Peptic Ulcer,C0030920,Disease or Syndrome,Approved
Scopolamine,DB00747,Mydriasis,C0026961,Sign or Symptom,Approved
Scopolamine,DB00747,Irritable Bowel Syndrome,C0022104,Disease or Syndrome,Approved
Scopolamine,DB00747,Nasal congestion (finding),C0027424,Sign or Symptom,Approved
Scopolamine,DB00747,Cycloplegia,C0235238,Disease or Syndrome,Approved
Scopolamine,DB00747,Allergic rhinitis (disorder),C2607914,Disease or Syndrome,Approved
Scopolamine,DB00747,Coughing,C0010200,Sign or Symptom,Approved
Scopolamine,DB00747,Iridocyclitis,C0022073,Disease or Syndrome,Approved
Scopolamine,DB00747,Motion Sickness,C0026603,Disease or Syndrome,Approved
Scopolamine,DB00747,Common Cold,C0009443,Disease or Syndrome,Approved
Carbinoxamine,DB00748,Symptomatic dermographism,C0343065,Disease or Syndrome,Approved
Carbinoxamine,DB00748,Hay fever,C0018621,Disease or Syndrome,Approved
Carbinoxamine,DB00748,Pruritus,C0033774,Sign or Symptom,Approved
Carbinoxamine,DB00748,Urticaria,C0042109,Disease or Syndrome,Approved
Carbinoxamine,DB00748,"Rhinitis, Vasomotor",C0035460,Disease or Syndrome,Approved
Carbinoxamine,DB00748,Allergic rhinitis (disorder),C2607914,Disease or Syndrome,Approved
Carbinoxamine,DB00748,Common Cold,C0009443,Disease or Syndrome,Approved
Carbinoxamine,DB00748,Allergic Conjunctivitis,C0009766,Disease or Syndrome,Approved
Carbinoxamine,DB00748,Rhinorrhea,C1260880,Sign or Symptom,Approved
Etodolac,DB00749,Pain,C0030193,Sign or Symptom,Approved
Etodolac,DB00749,Degenerative polyarthritis,C0029408,Disease or Syndrome,Approved
Etodolac,DB00749,Rheumatoid Arthritis,C0003873,Disease or Syndrome,Approved
Prilocaine,DB00750,Premature Ejaculation,C0033038,Pathologic Function,Approved
Epinastine,DB00751,Itching of eye,C0022281,Finding,Approved
Epinastine,DB00751,Allergic Conjunctivitis,C0009766,Disease or Syndrome,Approved
Tranylcypromine,DB00752,Major Depressive Disorder,C1269683,Mental or Behavioral Dysfunction,Approved
Ethotoin,DB00754,Tonic-Clonic Epilepsy,C0014549,Disease or Syndrome,Approved
Ethotoin,DB00754,Epilepsy characterized by intractable complex partial seizures,C2711653,Disease or Syndrome,Approved
Tretinoin,DB00755,Acute Promyelocytic Leukemia,C0023487,Neoplastic Process,Approved
Tretinoin,DB00755,Acne Vulgaris,C0001144,Disease or Syndrome,Approved
Tretinoin,DB00755,Hyperkeratosis,C0870082,Disease or Syndrome,Approved
Tretinoin,DB00755,Senile lentigo,C0036651,Disease or Syndrome,Approved
Tretinoin,DB00755,Chloasma,C0025218,Disease or Syndrome,Approved
Dolasetron,DB00757,Chemotherapy-induced nausea and vomiting,C0401160,Pathologic Function,Approved
Clopidogrel,DB00758,Acute ST segment elevation myocardial infarction (disorder),C1303258,Disease or Syndrome,Approved
Clopidogrel,DB00758,Acute Coronary Syndrome,C0948089,Disease or Syndrome,Approved
Clopidogrel,DB00758,Non-Q wave myocardial infarction,C0542269,Disease or Syndrome,Approved
Clopidogrel,DB00758,Cerebral Embolism,C0007780,Disease or Syndrome,Approved
Tetracycline,DB00759,Lymphogranuloma Venereum,C0024286,Disease or Syndrome,Approved
Tetracycline,DB00759,Relapsing Fever,C0035021,Disease or Syndrome,Approved
Tetracycline,DB00759,Acute gonococcal urethritis,C0275652,Disease or Syndrome,Approved
Tetracycline,DB00759,Gonorrhea,C0018081,Disease or Syndrome,Approved
Tetracycline,DB00759,Sinusitis,C0037199,Disease or Syndrome,Approved
Tetracycline,DB00759,Infection of skin AND/OR subcutaneous tissue,C0178299,Disease or Syndrome,Approved
Tetracycline,DB00759,Rickettsialpox,C0035597,Disease or Syndrome,Approved
Tetracycline,DB00759,Pelvic Inflammatory Disease,C0242172,Disease or Syndrome,Approved
Tetracycline,DB00759,Actinomycosis,C0001261,Disease or Syndrome,Approved
Tetracycline,DB00759,Gonorrhea of pharynx,C0149966,Disease or Syndrome,Approved
Tetracycline,DB00759,Pneumonia,C0032285,Disease or Syndrome,Approved
Tetracycline,DB00759,Rocky Mountain Spotted Fever,C0035793,Disease or Syndrome,Approved
Tetracycline,DB00759,Chlamydia trachomatis infection of genital structure,C1997322,Disease or Syndrome,Approved
Tetracycline,DB00759,Ophthalmia Neonatorum,C0029076,Disease or Syndrome,Approved
Tetracycline,DB00759,Bacterial keratitis,C0854211,Disease or Syndrome,Approved
Tetracycline,DB00759,Psittacosis,C0029291,Disease or Syndrome,Approved
Tetracycline,DB00759,TYPHUS,C0041471,Disease or Syndrome,Approved
Tetracycline,DB00759,Acute gonococcal epididymo-orchitis,C0153193,Disease or Syndrome,Approved
Tetracycline,DB00759,Brucellosis,C0006309,Disease or Syndrome,Approved
Tetracycline,DB00759,Trachoma,C0040592,Disease or Syndrome,Approved
Tetracycline,DB00759,Bacterial conjunctivitis,C0009768,Disease or Syndrome,Approved
Tetracycline,DB00759,Urinary tract infection,C0042029,Disease or Syndrome,Approved
Tetracycline,DB00759,Syphilis,C0039128,Disease or Syndrome,Approved
Tetracycline,DB00759,Infective otitis media,C0729586,Disease or Syndrome,Approved
Tetracycline,DB00759,Pharyngitis,C0031350,Disease or Syndrome,Approved
Tetracycline,DB00759,Q Fever,C0034362,Disease or Syndrome,Approved
Tetracycline,DB00759,Acute gonococcal endometritis,C0153196,Disease or Syndrome,Approved
Tetracycline,DB00759,Granuloma Inguinale,C0018190,Disease or Syndrome,Approved
Tetracycline,DB00759,Gonorrhea of rectum,C0275665,Disease or Syndrome,Approved
Tetracycline,DB00759,Bronchitis,C0006277,Disease or Syndrome,Approved
Tetracycline,DB00759,Yaws,C0043388,Disease or Syndrome,Approved
Tetracycline,DB00759,Gingivostomatitis,C0149704,Disease or Syndrome,Approved
Tetracycline,DB00759,Acne Vulgaris,C0001144,Disease or Syndrome,Approved
Tetracycline,DB00759,Acute gonococcal cervicitis,C0153195,Disease or Syndrome,Approved
Meropenem,DB00760,Infection due to Pseudomonas aeruginosa,C0276075,Disease or Syndrome,Approved
Meropenem,DB00760,Complicated appendicitis,C1632842,Disease or Syndrome,Approved
Meropenem,DB00760,Meningococcal meningitis,C0025294,Disease or Syndrome,Approved
Meropenem,DB00760,Peritonitis,C0031154,Disease or Syndrome,Approved
Meropenem,DB00760,"Meningitis, Bacterial",C0085437,Disease or Syndrome,Approved
Meropenem,DB00760,"Meningitis, Pneumococcal",C0025295,Disease or Syndrome,Approved
Meropenem,DB00760,Streptococcal meningitis,C0154639,Disease or Syndrome,Approved
Meropenem,DB00760,Intraabdominal Infections,C1112209,Disease or Syndrome,Approved
Meropenem,DB00760,Abdominal Abscess,C0243001,Disease or Syndrome,Approved
Potassium Chloride,DB00761,Constipation,C0009806,Sign or Symptom,Approved
Potassium Chloride,DB00761,Incomplete passage of stool,C0426639,Sign or Symptom,Approved
Potassium Chloride,DB00761,Hypokalemia,C0020621,Finding,Approved
Irinotecan,DB00762,Metastasis from malignant tumor of colon,C1282500,Neoplastic Process,Approved
Irinotecan,DB00762,Secondary malignant neoplasm of pancreas,C0346976,Neoplastic Process,Approved
Methimazole,DB00763,Hyperthyroidism,C0020550,Disease or Syndrome,Approved
Mometasone,DB00764,Pruritus of genital organs,C0033777,Sign or Symptom,Approved
Mometasone,DB00764,"Lymphoma, T-Cell, Cutaneous",C0079773,Neoplastic Process,Approved
Mometasone,DB00764,Lichen Simplex Chronicus,C0149922,Disease or Syndrome,Approved
Mometasone,DB00764,Seborrheic dermatitis,C0036508,Disease or Syndrome,Approved
Mometasone,DB00764,Asthma,C0004096,Disease or Syndrome,Approved
Mometasone,DB00764,Scalp psoriasis,C0406326,Disease or Syndrome,Approved
Mometasone,DB00764,Chronic small plaque psoriasis,C0406317,Disease or Syndrome,Approved
Mometasone,DB00764,Pruritus Ani,C0033775,Sign or Symptom,Approved
Mometasone,DB00764,Allergic rhinitis (disorder),C2607914,Disease or Syndrome,Approved
Mometasone,DB00764,Exanthema,C0015230,Sign or Symptom,Approved
Mometasone,DB00764,Contact Dermatitis,C0011616,Disease or Syndrome,Approved
Mometasone,DB00764,Allergic asthma,C0155877,Disease or Syndrome,Approved
Mometasone,DB00764,Granuloma Annulare,C0085074,Disease or Syndrome,Approved
Mometasone,DB00764,Intrinsic asthma,C0155880,Disease or Syndrome,Approved
Mometasone,DB00764,"Lupus Erythematosus, Discoid",C0024138,Disease or Syndrome,Approved
Metyrosine,DB00765,Pheochromocytoma,C0031511,Neoplastic Process,Approved
Clavulanate,DB00766,Escherichia coli urinary tract infection,C0577708,Disease or Syndrome,Approved
Clavulanate,DB00766,Pneumonia due to Klebsiella pneumoniae,C0519030,Disease or Syndrome,Approved
Clavulanate,DB00766,Klebsiella cystitis,C0520775,Disease or Syndrome,Approved
Clavulanate,DB00766,Bacterial sepsis,C0684256,Disease or Syndrome,Approved
Clavulanate,DB00766,Bacterial infection due to Klebsiella pneumoniae,C0343402,Disease or Syndrome,Approved
Clavulanate,DB00766,Rhinoscleroma,C0035468,Disease or Syndrome,Approved
Clavulanate,DB00766,Streptococcal pneumonia,C0155862,Disease or Syndrome,Approved
Clavulanate,DB00766,Sepsis due to Staphylococcus aureus,C2887088,Disease or Syndrome,Approved
Clavulanate,DB00766,Haemophilus parainfluenzae pneumonia,C0877633,Disease or Syndrome,Approved
Clavulanate,DB00766,Osteomyelitis due to Staphylococcus aureus,C1997728,Disease or Syndrome,Approved
Clavulanate,DB00766,Bacterial urinary infection,C0729524,Disease or Syndrome,Approved
Clavulanate,DB00766,Acute bacterial sinusitis,C0275556,Disease or Syndrome,Approved
Clavulanate,DB00766,Pneumonia due to Staphylococcus aureus,C2349530,Disease or Syndrome,Approved
Clavulanate,DB00766,Infection of skin AND/OR subcutaneous tissue,C0178299,Disease or Syndrome,Approved
Clavulanate,DB00766,Infective otitis media,C0729586,Disease or Syndrome,Approved
Clavulanate,DB00766,Moraxella catarrhalis pneumonia,C0857831,Disease or Syndrome,Approved
Clavulanate,DB00766,Sepsis due to Pseudomonas,C2887096,Disease or Syndrome,Approved
Clavulanate,DB00766,Escherichia coli septicemia,C0276088,Disease or Syndrome,Approved
Clavulanate,DB00766,Escherichia coli Infections,C0014836,Disease or Syndrome,Approved
Clavulanate,DB00766,Haemophilus influenzae pneumonia,C0276026,Disease or Syndrome,Approved
Clavulanate,DB00766,Staphylococcus aureus infection,C1318973,Disease or Syndrome,Approved
Clavulanate,DB00766,URINARY TRACT INFECTION CITROBACTER,C0749955,Disease or Syndrome,Approved
Clavulanate,DB00766,Urinary tract infection,C0042029,Disease or Syndrome,Approved
Clavulanate,DB00766,"Pneumonia, Bacterial",C0004626,Disease or Syndrome,Approved
Clavulanate,DB00766,Staphylococcal Pneumonia,C0032308,Disease or Syndrome,Approved
Olopatadine,DB00768,Allergic rhinitis (disorder),C2607914,Disease or Syndrome,Approved
Olopatadine,DB00768,Hay fever,C0018621,Disease or Syndrome,Approved
Olopatadine,DB00768,Allergic Conjunctivitis,C0009766,Disease or Syndrome,Approved
Alprostadil,DB00770,Congenital atresia of pulmonary valve,C0242855,Congenital Abnormality,Approved
Alprostadil,DB00770,Tricuspid Atresia,C0243002,Congenital Abnormality,Approved
Alprostadil,DB00770,Aortic coarctation,C0003492,Congenital Abnormality,Approved
Alprostadil,DB00770,Tetralogy of Fallot,C0039685,Congenital Abnormality,Approved
Alprostadil,DB00770,Erectile dysfunction,C0242350,Disease or Syndrome,Approved
Clidinium,DB00771,Irritable Bowel Syndrome,C0022104,Disease or Syndrome,Approved
Clidinium,DB00771,Enterocolitis,C0014356,Disease or Syndrome,Approved
Malathion,DB00772,Pediculus capitis infestation,C0030757,Disease or Syndrome,Approved
Etoposide,DB00773,Small cell carcinoma of lung,C0149925,Neoplastic Process,Approved
Hydroflumethiazide,DB00774,Hypertensive disease,C0020538,Disease or Syndrome,Approved
Hydroflumethiazide,DB00774,Edema,C0013604,Finding,Approved
Tirofiban,DB00775,Non-Q wave myocardial infarction,C0542269,Disease or Syndrome,Approved
Tirofiban,DB00775,Acute Coronary Syndrome,C0948089,Disease or Syndrome,Approved
Oxcarbazepine,DB00776,Epilepsy characterized by intractable complex partial seizures,C2711653,Disease or Syndrome,Approved
Oxcarbazepine,DB00776,"Epilepsies, Partial",C0014547,Disease or Syndrome,Approved
Oxcarbazepine,DB00776,Simple Partial Seizures,C0234974,Disease or Syndrome,Approved
Phenelzine,DB00780,Depressive disorder,C0011581,Mental or Behavioral Dysfunction,Approved
Polymyxin B Sulfate,DB00781,Infective blepharitis,C0729587,Disease or Syndrome,Approved
Polymyxin B Sulfate,DB00781,Blepharoconjunctivitis,C0005743,Disease or Syndrome,Approved
Polymyxin B Sulfate,DB00781,Uveitis,C0042164,Disease or Syndrome,Approved
Polymyxin B Sulfate,DB00781,Corneal abrasion,C0010032,Injury or Poisoning,Approved
Polymyxin B Sulfate,DB00781,Urinary tract infection,C0042029,Disease or Syndrome,Approved
Polymyxin B Sulfate,DB00781,Bacterial conjunctivitis,C0009768,Disease or Syndrome,Approved
Polymyxin B Sulfate,DB00781,Otitis Externa,C0029878,Disease or Syndrome,Approved
Polymyxin B Sulfate,DB00781,Keratitis,C0022568,Disease or Syndrome,Approved
Polymyxin B Sulfate,DB00781,Bacterial keratitis,C0854211,Disease or Syndrome,Approved
Polymyxin B Sulfate,DB00781,Bacterial sepsis,C0684256,Disease or Syndrome,Approved
Propantheline,DB00782,Peptic Ulcer,C0030920,Disease or Syndrome,Approved
Estradiol,DB00783,Carcinoma breast stage IV,C0278488,Neoplastic Process,Approved
Estradiol,DB00783,Atrophic Vaginitis,C0221392,Disease or Syndrome,Approved
Estradiol,DB00783,Urethral atrophy,C0520577,Disease or Syndrome,Approved
Estradiol,DB00783,Premenstrual Dysphoric Disorder,C0520676,Mental or Behavioral Dysfunction,Approved
Estradiol,DB00783,Acne Vulgaris,C0001144,Disease or Syndrome,Approved
Estradiol,DB00783,Atrophy of vulva,C0156393,Disease or Syndrome,Approved
Estradiol,DB00783,Female hypogonadism syndrome,C0271578,Disease or Syndrome,Approved
Estradiol,DB00783,Hot flushes,C0600142,Sign or Symptom,Approved
Estradiol,DB00783,Metastatic Prostate Carcinoma,C0936223,Neoplastic Process,Approved
Mefenamic acid,DB00784,Dysmenorrhea,C0013390,Pathologic Function,Approved
Mefenamic acid,DB00784,Pain,C0030193,Sign or Symptom,Approved
Aciclovir,DB00787,Chickenpox,C0008049,Disease or Syndrome,Approved
Aciclovir,DB00787,Herpes simplex infection of skin,C0349719,Disease or Syndrome,Approved
Aciclovir,DB00787,Recurrent genital herpes simplex,C1274323,Disease or Syndrome,Approved
Aciclovir,DB00787,Herpes Labialis,C0019345,Disease or Syndrome,Approved
Aciclovir,DB00787,Herpes zoster disease,C0019360,Disease or Syndrome,Approved
Aciclovir,DB00787,Herpes encephalitis,C0276226,Disease or Syndrome,Approved
Aciclovir,DB00787,Herpes Simplex Infections,C0019348,Disease or Syndrome,Approved
Aciclovir,DB00787,Genital Herpes,C0019342,Disease or Syndrome,Approved
Aciclovir,DB00787,Recurrent herpes simplex labialis,C1274321,Disease or Syndrome,Approved
Naproxen,DB00788,Arthralgia,C0003862,Sign or Symptom,Approved
Naproxen,DB00788,Rheumatoid Arthritis,C0003873,Disease or Syndrome,Approved
Naproxen,DB00788,Sinus headache,C0037195,Finding,Approved
Naproxen,DB00788,Dysmenorrhea,C0013390,Pathologic Function,Approved
Naproxen,DB00788,Rhinorrhea,C1260880,Sign or Symptom,Approved
Naproxen,DB00788,Headache Disorders,C0393735,Disease or Syndrome,Approved
Naproxen,DB00788,Migraine Disorders,C0149931,Disease or Syndrome,Approved
Naproxen,DB00788,Degenerative polyarthritis,C0029408,Disease or Syndrome,Approved
Naproxen,DB00788,Fever,C0015967,Finding,Approved
Naproxen,DB00788,Bursitis,C0006444,Disease or Syndrome,Approved
Naproxen,DB00788,Myalgia,C0231528,Sign or Symptom,Approved
Naproxen,DB00788,Pain,C0030193,Sign or Symptom,Approved
Naproxen,DB00788,Gout,C0018099,Disease or Syndrome,Approved
Naproxen,DB00788,Tendinitis,C0039503,Disease or Syndrome,Approved
Naproxen,DB00788,Ankylosing spondylitis,C0038013,Disease or Syndrome,Approved
Naproxen,DB00788,Toothache,C0040460,Sign or Symptom,Approved
Perindopril,DB00790,Hypertensive disease,C0020538,Disease or Syndrome,Approved
Uracil mustard,DB00791,"Lymphoma, Non-Hodgkin",C0024305,Neoplastic Process,Approved
Uracil mustard,DB00791,Polycythemia Vera,C0032463,Neoplastic Process,Approved
Uracil mustard,DB00791,"Myeloid Leukemia, Chronic",C0023473,Neoplastic Process,Approved
Uracil mustard,DB00791,Chronic Lymphocytic Leukemia,C0023434,Neoplastic Process,Approved
Tripelennamine,DB00792,Pruritus,C0033774,Sign or Symptom,Approved
Tripelennamine,DB00792,Symptomatic dermographism,C0343065,Disease or Syndrome,Approved
Tripelennamine,DB00792,Allergic rhinitis (disorder),C2607914,Disease or Syndrome,Approved
Tripelennamine,DB00792,Rhinorrhea,C1260880,Sign or Symptom,Approved
Tripelennamine,DB00792,Urticaria,C0042109,Disease or Syndrome,Approved
Tripelennamine,DB00792,"Rhinitis, Vasomotor",C0035460,Disease or Syndrome,Approved
Tripelennamine,DB00792,Nasal congestion (finding),C0027424,Sign or Symptom,Approved
Tripelennamine,DB00792,Sneezing,C0037383,Finding,Approved
Tripelennamine,DB00792,Allergic Conjunctivitis,C0009766,Disease or Syndrome,Approved
Haloprogin,DB00793,Tinea cruris,C1384589,Disease or Syndrome,Approved
Haloprogin,DB00793,Tinea corporis (disorder),C0040252,Disease or Syndrome,Approved
Haloprogin,DB00793,Tinea Pedis,C0040259,Disease or Syndrome,Approved
Primidone,DB00794,Simple Partial Seizures,C0234974,Disease or Syndrome,Approved
Primidone,DB00794,Epilepsy characterized by intractable complex partial seizures,C2711653,Disease or Syndrome,Approved
Primidone,DB00794,Bipolar disorder in remission,C0270425,Mental or Behavioral Dysfunction,Approved
Primidone,DB00794,Epilepsy,C0014544,Disease or Syndrome,Approved
Primidone,DB00794,Tonic - clonic seizures,C0494475,Disease or Syndrome,Approved
Primidone,DB00794,Tonic-Clonic Epilepsy,C0014549,Disease or Syndrome,Approved
Primidone,DB00794,Lennox-Gastaut syndrome,C0238111,Disease or Syndrome,Approved
Primidone,DB00794,"Epilepsies, Partial",C0014547,Disease or Syndrome,Approved
Sulfasalazine,DB00795,Rheumatoid Arthritis,C0003873,Disease or Syndrome,Approved
Sulfasalazine,DB00795,Ulcerative Colitis,C0009324,Disease or Syndrome,Approved
Candesartan,DB00796,Hypertensive disease,C0020538,Disease or Syndrome,Approved
Candesartan,DB00796,Chronic heart failure,C0264716,Disease or Syndrome,Approved
Tolazoline,DB00797,Cerebrovascular Disorders,C0007820,Disease or Syndrome,Approved
Tolazoline,DB00797,Persistent Fetal Circulation Syndrome,C0031190,Disease or Syndrome,Approved
Tolazoline,DB00797,Vascular Diseases,C0042373,Disease or Syndrome,Approved
Gentamicin,DB00798,Pneumonia due to Escherichia coli,C0276089,Disease or Syndrome,Approved
Gentamicin,DB00798,Sepsis due to Gram negative bacteria,C3163829,Disease or Syndrome,Approved
Gentamicin,DB00798,Pseudomonas aeruginosa meningitis,C3665869,Disease or Syndrome,Approved
Gentamicin,DB00798,"Meningitis, Bacterial",C0085437,Disease or Syndrome,Approved
Gentamicin,DB00798,Serratia sepsis,C0152973,Disease or Syndrome,Approved
Gentamicin,DB00798,Infection of skin AND/OR subcutaneous tissue,C0178299,Disease or Syndrome,Approved
Gentamicin,DB00798,Serratia Infections,C0085394,Disease or Syndrome,Approved
Gentamicin,DB00798,Pneumonia due to Pseudomonas,C0155860,Disease or Syndrome,Approved
Gentamicin,DB00798,Infection of bone,C2242472,Disease or Syndrome,Approved
Gentamicin,DB00798,Enterobacter pneumonia,C1096258,Disease or Syndrome,Approved
Gentamicin,DB00798,Bacterial sepsis,C0684256,Disease or Syndrome,Approved
Gentamicin,DB00798,Bacterial conjunctivitis,C0009768,Disease or Syndrome,Approved
Gentamicin,DB00798,Cholangitis,C0008311,Disease or Syndrome,Approved
Gentamicin,DB00798,Bacterial keratitis,C0854211,Disease or Syndrome,Approved
Gentamicin,DB00798,Rhinoscleroma,C0035468,Disease or Syndrome,Approved
Gentamicin,DB00798,"Pneumonia, Bacterial",C0004626,Disease or Syndrome,Approved
Gentamicin,DB00798,Escherichia coli septicemia,C0276088,Disease or Syndrome,Approved
Gentamicin,DB00798,Dacryocystitis,C0010930,Disease or Syndrome,Approved
Gentamicin,DB00798,Folliculitis,C0016436,Disease or Syndrome,Approved
Gentamicin,DB00798,Blepharoconjunctivitis,C0005743,Disease or Syndrome,Approved
Gentamicin,DB00798,Meibomianitis,C0549398,Disease or Syndrome,Approved
Gentamicin,DB00798,Sepsis due to Pseudomonas,C2887096,Disease or Syndrome,Approved
Gentamicin,DB00798,Peritonitis,C0031154,Disease or Syndrome,Approved
Gentamicin,DB00798,Neonatal meningitis,C0456107,Disease or Syndrome,Approved
Gentamicin,DB00798,Citrobacter sepsis,C1096254,Disease or Syndrome,Approved
Gentamicin,DB00798,Escherichia coli Infections,C0014836,Disease or Syndrome,Approved
Gentamicin,DB00798,Enterobacteriaceae Infections,C0014347,Disease or Syndrome,Approved
Gentamicin,DB00798,Infection due to Pseudomonas aeruginosa,C0276075,Disease or Syndrome,Approved
Gentamicin,DB00798,Neonatal pneumonia,C0339968,Disease or Syndrome,Approved
Gentamicin,DB00798,Arthropathy associated with infection,C0157749,Disease or Syndrome,Approved
Gentamicin,DB00798,Intraabdominal Infections,C1112209,Disease or Syndrome,Approved
Gentamicin,DB00798,Paronychia Inflammation,C0030578,Disease or Syndrome,Approved
Gentamicin,DB00798,Sepsis of the newborn,C0456103,Disease or Syndrome,Approved
Gentamicin,DB00798,Proteus septicemia,C0577690,Disease or Syndrome,Approved
Gentamicin,DB00798,Infective blepharitis,C0729587,Disease or Syndrome,Approved
Gentamicin,DB00798,Bacterial infection due to Klebsiella pneumoniae,C0343402,Disease or Syndrome,Approved
Gentamicin,DB00798,Proteus pneumonia,C1260917,Disease or Syndrome,Approved
Gentamicin,DB00798,Klebsiella sepsis,C0745528,Disease or Syndrome,Approved
Gentamicin,DB00798,Furunculosis,C0016867,Disease or Syndrome,Approved
Tazarotene,DB00799,Acne Vulgaris,C0001144,Disease or Syndrome,Approved
Tazarotene,DB00799,Psoriasis,C0033860,Disease or Syndrome,Approved
Tazarotene,DB00799,Facial hyperpigmentation,C2677857,Finding,Approved
Fenoldopam,DB00800,Hypertensive urgency,C0745138,Disease or Syndrome,Approved
Fenoldopam,DB00800,Malignant essential hypertension,C0024588,Disease or Syndrome,Approved
Halazepam,DB00801,Anxiety,C0003467,Mental or Behavioral Dysfunction,Approved
Colistin,DB00803,Pseudomonas aeruginosa infection,C0854135,Disease or Syndrome,Approved
Colistin,DB00803,Enterobacter infection,C0948205,Disease or Syndrome,Approved
Colistin,DB00803,Klebsiella Infections,C0022729,Disease or Syndrome,Approved
Colistin,DB00803,Otitis Externa,C0029878,Disease or Syndrome,Approved
Dicyclomine,DB00804,Irritable Bowel Syndrome,C0022104,Disease or Syndrome,Approved
Pentoxifylline,DB00806,Peripheral Vascular Diseases,C0085096,Disease or Syndrome,Approved
Indapamide,DB00808,Hypertensive disease,C0020538,Disease or Syndrome,Approved
Indapamide,DB00808,Edema,C0013604,Finding,Approved
Tropicamide,DB00809,Mydriasis,C0026961,Sign or Symptom,Approved
Tropicamide,DB00809,Cycloplegia,C0235238,Disease or Syndrome,Approved
Biperiden,DB00810,Extrapyramidal Disorders,C0015371,Disease or Syndrome,Approved
Biperiden,DB00810,Parkinsonian Disorders,C0242422,Disease or Syndrome,Approved
Biperiden,DB00810,Parkinson Disease,C0030567,Disease or Syndrome,Approved
Biperiden,DB00810,"Parkinson Disease, Postencephalitic",C0030568,Disease or Syndrome,Approved
Ribavirin,DB00811,"Hepatitis C, Chronic",C0524910,Disease or Syndrome,Approved
Ribavirin,DB00811,Respiratory Syncytial Virus Infections,C0035235,Disease or Syndrome,Approved
Fentanyl,DB00813,Acute postoperative pain,C2215257,Sign or Symptom,Approved
Fentanyl,DB00813,Pain,C0030193,Sign or Symptom,Approved
Meloxicam,DB00814,Rheumatoid Arthritis,C0003873,Disease or Syndrome,Approved
Meloxicam,DB00814,Degenerative polyarthritis,C0029408,Disease or Syndrome,Approved
Orciprenaline,DB00816,Bronchitis,C0006277,Disease or Syndrome,Approved
Orciprenaline,DB00816,Pulmonary Emphysema,C0034067,Disease or Syndrome,Approved
Orciprenaline,DB00816,Asthma attack,C0347950,Disease or Syndrome,Approved
Orciprenaline,DB00816,Asthma,C0004096,Disease or Syndrome,Approved
Acetazolamide,DB00819,Malignant glaucoma,C0271152,Disease or Syndrome,Approved
Acetazolamide,DB00819,Absence Epilepsy,C0014553,Disease or Syndrome,Approved
Acetazolamide,DB00819,"Glaucoma, Open-Angle",C0017612,Disease or Syndrome,Approved
Acetazolamide,DB00819,Peripheral edema,C0085649,Finding,Approved
Acetazolamide,DB00819,Secondary glaucoma,C0149893,Disease or Syndrome,Approved
Acetazolamide,DB00819,Edema,C0013604,Finding,Approved
Acetazolamide,DB00819,Angle Closure Glaucoma,C0017605,Disease or Syndrome,Approved
Acetazolamide,DB00819,Altitude Sickness,C0002351,Disease or Syndrome,Approved
Tadalafil,DB00820,Pulmonary Hypertension,C0020542,Pathologic Function,Approved
Tadalafil,DB00820,Erectile dysfunction,C0242350,Disease or Syndrome,Approved
Tadalafil,DB00820,Prostatic Hypertrophy,C1739363,Disease or Syndrome,Approved
Disulfiram,DB00822,"Alcoholic Intoxication, Chronic",C0001973,Mental or Behavioral Dysfunction,Approved
Menthol,DB00825,Tinea Versicolor,C0040262,Disease or Syndrome,Approved
Menthol,DB00825,Skin irritation,C0152030,Finding,Approved
Menthol,DB00825,Pruritus,C0033774,Sign or Symptom,Approved
Menthol,DB00825,Scurfiness of scalp,C0423775,Disease or Syndrome,Approved
Menthol,DB00825,Sprains and Strains,C0038048,Injury or Poisoning,Approved
Menthol,DB00825,Arthritic pains,C0857177,Sign or Symptom,Approved
Menthol,DB00825,Mouth irritation,C0235339,Finding,Approved
Menthol,DB00825,Diaper Rash,C0011974,Disease or Syndrome,Approved
Menthol,DB00825,Back Pain,C0004604,Sign or Symptom,Approved
Menthol,DB00825,Seborrheic dermatitis,C0036508,Disease or Syndrome,Approved
Natamycin,DB00826,Fungal conjunctivitis,C0339170,Disease or Syndrome,Approved
Natamycin,DB00826,Fungal keratitis,C1262117,Disease or Syndrome,Approved
Cinoxacin,DB00827,Urinary tract infection,C0042029,Disease or Syndrome,Approved
Fosfomycin,DB00828,Escherichia coli urinary tract infection,C0577708,Disease or Syndrome,Approved
Fosfomycin,DB00828,Urinary tract infection,C0042029,Disease or Syndrome,Approved
Fosfomycin,DB00828,URINARY TRACT INFECTION ENTEROCOCCUS,C0749958,Disease or Syndrome,Approved
Diazepam,DB00829,Alcohol Withdrawal Delirium,C0001957,Disease or Syndrome,Approved
Diazepam,DB00829,Status Epilepticus,C0038220,Disease or Syndrome,Approved
Diazepam,DB00829,Anxiety,C0003467,Mental or Behavioral Dysfunction,Approved
Diazepam,DB00829,Alcohol withdrawal syndrome,C0236663,Disease or Syndrome,Approved
Diazepam,DB00829,Muscle Spasticity,C0026838,Sign or Symptom,Approved
Diazepam,DB00829,Tetanus,C0039614,Disease or Syndrome,Approved
Phenmetrazine,DB00830,Obesity,C0028754,Disease or Syndrome,Approved
Trifluoperazine,DB00831,Schizophrenia,C0036341,Mental or Behavioral Dysfunction,Approved
Trifluoperazine,DB00831,Anxiety,C0003467,Mental or Behavioral Dysfunction,Approved
Phensuximide,DB00832,Epilepsy,C0014544,Disease or Syndrome,Approved
Phensuximide,DB00832,Absence Epilepsy,C0014553,Disease or Syndrome,Approved
Cefaclor,DB00833,Acute Moraxella catarrhalis bronchitis,C0339932,Disease or Syndrome,Approved
Cefaclor,DB00833,Tonsillitis,C0040425,Disease or Syndrome,Approved
Cefaclor,DB00833,Streptococcal tonsillitis,C0275804,Disease or Syndrome,Approved
Cefaclor,DB00833,Upper Respiratory Infections,C0041912,Disease or Syndrome,Approved
Cefaclor,DB00833,Haemophilus influenzae pneumonia,C0276026,Disease or Syndrome,Approved
Cefaclor,DB00833,Pneumonia,C0032285,Disease or Syndrome,Approved
Cefaclor,DB00833,Lower respiratory tract infection,C0149725,Disease or Syndrome,Approved
Cefaclor,DB00833,Urinary tract infection,C0042029,Disease or Syndrome,Approved
Cefaclor,DB00833,Pharyngitis,C0031350,Disease or Syndrome,Approved
Cefaclor,DB00833,Infection of skin AND/OR subcutaneous tissue,C0178299,Disease or Syndrome,Approved
Cefaclor,DB00833,Staphylococcus aureus infection,C1318973,Disease or Syndrome,Approved
Cefaclor,DB00833,Infective otitis media,C0729586,Disease or Syndrome,Approved
Mifepristone,DB00834,Unspecified Abortion,C0156543,Finding,Approved
Brompheniramine,DB00835,Allergic Conjunctivitis,C0009766,Disease or Syndrome,Approved
Brompheniramine,DB00835,Influenza-like symptoms,C0392171,Sign or Symptom,Approved
Brompheniramine,DB00835,Allergic rhinitis (disorder),C2607914,Disease or Syndrome,Approved
Brompheniramine,DB00835,Hay fever,C0018621,Disease or Syndrome,Approved
Brompheniramine,DB00835,Urticaria,C0042109,Disease or Syndrome,Approved
Brompheniramine,DB00835,Pruritus,C0033774,Sign or Symptom,Approved
Brompheniramine,DB00835,Symptomatic dermographism,C0343065,Disease or Syndrome,Approved
Brompheniramine,DB00835,Rhinorrhea,C1260880,Sign or Symptom,Approved
Brompheniramine,DB00835,"Rhinitis, Vasomotor",C0035460,Disease or Syndrome,Approved
Loperamide,DB00836,Traveler's diarrhea,C0277528,Disease or Syndrome,Approved
Loperamide,DB00836,Diarrhea,C0011991,Sign or Symptom,Approved
Clocortolone,DB00838,Scalp psoriasis,C0406326,Disease or Syndrome,Approved
Clocortolone,DB00838,Seborrheic dermatitis,C0036508,Disease or Syndrome,Approved
Clocortolone,DB00838,Pruritus Ani,C0033775,Sign or Symptom,Approved
Clocortolone,DB00838,Lichen Simplex Chronicus,C0149922,Disease or Syndrome,Approved
Clocortolone,DB00838,Contact Dermatitis,C0011616,Disease or Syndrome,Approved
Clocortolone,DB00838,Chronic small plaque psoriasis,C0406317,Disease or Syndrome,Approved
Clocortolone,DB00838,"Lymphoma, T-Cell, Cutaneous",C0079773,Neoplastic Process,Approved
Clocortolone,DB00838,Pruritus of genital organs,C0033777,Sign or Symptom,Approved
Clocortolone,DB00838,"Lupus Erythematosus, Discoid",C0024138,Disease or Syndrome,Approved
Clocortolone,DB00838,Exanthema,C0015230,Sign or Symptom,Approved
Clocortolone,DB00838,Granuloma Annulare,C0085074,Disease or Syndrome,Approved
Tolazamide,DB00839,"Diabetes Mellitus, Non-Insulin-Dependent",C0011860,Disease or Syndrome,Approved
Dobutamine,DB00841,"Shock, Cardiogenic",C0036980,Pathologic Function,Approved
Dobutamine,DB00841,Decompensated cardiac failure,C0581377,Disease or Syndrome,Approved
Dobutamine,DB00841,Heart Decompensation,C1961112,Pathologic Function,Approved
Oxazepam,DB00842,Anxiety,C0003467,Mental or Behavioral Dysfunction,Approved
Oxazepam,DB00842,Alcohol Withdrawal Delirium,C0001957,Disease or Syndrome,Approved
Donepezil,DB00843,Alzheimer's Disease,C0002395,Disease or Syndrome,Approved
Nalbuphine,DB00844,Pain,C0030193,Sign or Symptom,Approved
Nalbuphine,DB00844,Labor Pain,C0474368,Sign or Symptom,Approved
Clofazimine,DB00845,Dapsone resistant mycobacterium leprae disease,C1563054,Disease or Syndrome,Approved
Clofazimine,DB00845,Pyoderma Gangrenosum,C0085652,Disease or Syndrome,Approved
Clofazimine,DB00845,Erythema nodosum leprosum,C0343467,Disease or Syndrome,Approved
Clofazimine,DB00845,Leprosy,C0023343,Disease or Syndrome,Approved
Clofazimine,DB00845,"Leprosy, Multibacillary",C1562585,Disease or Syndrome,Approved
Flurandrenolide,DB00846,"Lupus Erythematosus, Discoid",C0024138,Disease or Syndrome,Approved
Flurandrenolide,DB00846,Pruritus of genital organs,C0033777,Sign or Symptom,Approved
Flurandrenolide,DB00846,Chronic small plaque psoriasis,C0406317,Disease or Syndrome,Approved
Flurandrenolide,DB00846,Scalp psoriasis,C0406326,Disease or Syndrome,Approved
Flurandrenolide,DB00846,Exanthema,C0015230,Sign or Symptom,Approved
Flurandrenolide,DB00846,Contact Dermatitis,C0011616,Disease or Syndrome,Approved
Flurandrenolide,DB00846,Granuloma Annulare,C0085074,Disease or Syndrome,Approved
Flurandrenolide,DB00846,Lichen Simplex Chronicus,C0149922,Disease or Syndrome,Approved
Flurandrenolide,DB00846,Seborrheic dermatitis,C0036508,Disease or Syndrome,Approved
Flurandrenolide,DB00846,Pruritus Ani,C0033775,Sign or Symptom,Approved
Flurandrenolide,DB00846,"Lymphoma, T-Cell, Cutaneous",C0079773,Neoplastic Process,Approved
Flurandrenolide,DB00846,"Dermatitis, Atopic",C0011615,Disease or Syndrome,Approved
Cysteamine,DB00847,Nephropathic cystinosis,C2931187,Disease or Syndrome,Approved
Methylphenobarbital,DB00849,apprehension,C0233485,Finding,Approved
Methylphenobarbital,DB00849,Tonic-Clonic Epilepsy,C0014549,Disease or Syndrome,Approved
Methylphenobarbital,DB00849,Tension,C0233494,Mental or Behavioral Dysfunction,Approved
Methylphenobarbital,DB00849,Epilepsy,C0014544,Disease or Syndrome,Approved
Methylphenobarbital,DB00849,Anxiety,C0003467,Mental or Behavioral Dysfunction,Approved
Perphenazine,DB00850,Nausea and vomiting,C0027498,Sign or Symptom,Approved
Perphenazine,DB00850,Schizophrenia,C0036341,Mental or Behavioral Dysfunction,Approved
Perphenazine,DB00850,Mixed anxiety and depressive disorder,C0338908,Mental or Behavioral Dysfunction,Approved
Dacarbazine,DB00851,Hodgkin Disease,C0019829,Neoplastic Process,Approved
Dacarbazine,DB00851,"Malignant melanoma, metastatic",C0860594,Neoplastic Process,Approved
Pseudoephedrine,DB00852,Headache Disorders,C0393735,Disease or Syndrome,Approved
Pseudoephedrine,DB00852,Nasal congestion (finding),C0027424,Sign or Symptom,Approved
Pseudoephedrine,DB00852,Rhinorrhea,C1260880,Sign or Symptom,Approved
Pseudoephedrine,DB00852,Allergic Conjunctivitis,C0009766,Disease or Syndrome,Approved
Pseudoephedrine,DB00852,Hay fever,C0018621,Disease or Syndrome,Approved
Pseudoephedrine,DB00852,"Rhinitis, Vasomotor",C0035460,Disease or Syndrome,Approved
Pseudoephedrine,DB00852,Allergic rhinitis (disorder),C2607914,Disease or Syndrome,Approved
Pseudoephedrine,DB00852,Influenza-like symptoms,C0392171,Sign or Symptom,Approved
Pseudoephedrine,DB00852,Sinus headache,C0037195,Finding,Approved
Pseudoephedrine,DB00852,Rhinitis,C0035455,Disease or Syndrome,Approved
Pseudoephedrine,DB00852,Common Cold,C0009443,Disease or Syndrome,Approved
Temozolomide,DB00853,Anaplastic astrocytoma,C0334579,Neoplastic Process,Approved
Temozolomide,DB00853,Glioblastoma multiforme of brain,C0349543,Neoplastic Process,Approved
Levorphanol,DB00854,Pain,C0030193,Sign or Symptom,Approved
Aminolevulinic acid,DB00855,Actinic keratosis,C0022602,Neoplastic Process,Approved
Chlorphenesin,DB00856,Muscle Spasticity,C0026838,Sign or Symptom,Approved
Terbinafine,DB00857,Onychomycosis,C0040261,Disease or Syndrome,Approved
Terbinafine,DB00857,Tinea Pedis,C0040259,Disease or Syndrome,Approved
Terbinafine,DB00857,Tinea Versicolor,C0040262,Disease or Syndrome,Approved
Terbinafine,DB00857,Onychomycosis of toenails,C1274470,Disease or Syndrome,Approved
Terbinafine,DB00857,Tinea Capitis,C0040250,Disease or Syndrome,Approved
Terbinafine,DB00857,Tinea cruris,C1384589,Disease or Syndrome,Approved
Terbinafine,DB00857,Onychomycosis of fingernails,C1274469,Disease or Syndrome,Approved
Terbinafine,DB00857,Tinea corporis (disorder),C0040252,Disease or Syndrome,Approved
Drostanolone,DB00858,Corneal Ulcer,C0010043,Disease or Syndrome,Approved
Drostanolone,DB00858,Iritis,C0022081,Disease or Syndrome,Approved
Drostanolone,DB00858,Rosacea,C0035854,Disease or Syndrome,Approved
Drostanolone,DB00858,"Anemia, Diamond-Blackfan",C1260899,Congenital Abnormality,Approved
Drostanolone,DB00858,Uveitis,C0042164,Disease or Syndrome,Approved
Drostanolone,DB00858,Aplastic Anemia,C0002874,Disease or Syndrome,Approved
Drostanolone,DB00858,Punctate keratopathy,C0423234,Finding,Approved
Drostanolone,DB00858,Iridocyclitis,C0022073,Disease or Syndrome,Approved
Drostanolone,DB00858,Allergic Conjunctivitis,C0009766,Disease or Syndrome,Approved
Drostanolone,DB00858,Herpes zoster keratitis,C1275687,Disease or Syndrome,Approved
Drostanolone,DB00858,Corneal abrasion,C0010032,Injury or Poisoning,Approved
Drostanolone,DB00858,Cyclitis,C0010543,Disease or Syndrome,Approved
Drostanolone,DB00858,Hypoplastic anemia,C0178416,Disease or Syndrome,Approved
Penicillamine,DB00859,Rheumatoid Arthritis,C0003873,Disease or Syndrome,Approved
Penicillamine,DB00859,Hepatolenticular Degeneration,C0019202,Disease or Syndrome,Approved
Penicillamine,DB00859,Cystinuria,C0010691,Disease or Syndrome,Approved
Prednisolone,DB00860,Bacterial conjunctivitis,C0009768,Disease or Syndrome,Approved
Prednisolone,DB00860,Blepharoconjunctivitis,C0005743,Disease or Syndrome,Approved
Prednisolone,DB00860,Iridocyclitis,C0022073,Disease or Syndrome,Approved
Prednisolone,DB00860,Infective blepharitis,C0729587,Disease or Syndrome,Approved
Prednisolone,DB00860,"Dermatitis, Atopic",C0011615,Disease or Syndrome,Approved
Prednisolone,DB00860,Pruritus of genital organs,C0033777,Sign or Symptom,Approved
Prednisolone,DB00860,Pruritus Ani,C0033775,Sign or Symptom,Approved
Prednisolone,DB00860,"Lupus Erythematosus, Discoid",C0024138,Disease or Syndrome,Approved
Prednisolone,DB00860,Lichen Simplex Chronicus,C0149922,Disease or Syndrome,Approved
Prednisolone,DB00860,"Lymphoma, T-Cell, Cutaneous",C0079773,Neoplastic Process,Approved
Prednisolone,DB00860,Contact Dermatitis,C0011616,Disease or Syndrome,Approved
Prednisolone,DB00860,Granuloma Annulare,C0085074,Disease or Syndrome,Approved
Prednisolone,DB00860,Exanthema,C0015230,Sign or Symptom,Approved
Prednisolone,DB00860,Scalp psoriasis,C0406326,Disease or Syndrome,Approved
Prednisolone,DB00860,Seborrheic dermatitis,C0036508,Disease or Syndrome,Approved
Prednisolone,DB00860,Chronic small plaque psoriasis,C0406317,Disease or Syndrome,Approved
Prednisolone,DB00860,"Ophthalmia, Sympathetic",C0029077,Disease or Syndrome,Approved
Prednisolone,DB00860,Mycosis Fungoides,C0026948,Neoplastic Process,Approved
Prednisolone,DB00860,Ulcerative Colitis,C0009324,Disease or Syndrome,Approved
Prednisolone,DB00860,Eosinophilic Pneumonia,C1527407,Disease or Syndrome,Approved
Prednisolone,DB00860,Addison Disease,C0001403,Disease or Syndrome,Approved
Prednisolone,DB00860,Musculoskeletal Diseases,C0026857,Disease or Syndrome,Approved
Prednisolone,DB00860,"Arthritis, Gouty",C0003868,Disease or Syndrome,Approved
Prednisolone,DB00860,Addisonian crisis,C0151467,Disease or Syndrome,Approved
Prednisolone,DB00860,Disorder of eye,C0015397,Disease or Syndrome,Approved
Prednisolone,DB00860,Synovitis,C0039103,Disease or Syndrome,Approved
Prednisolone,DB00860,Bacterial keratitis,C0854211,Disease or Syndrome,Approved
Prednisolone,DB00860,Serum Sickness,C0036830,Disease or Syndrome,Approved
Prednisolone,DB00860,Multiple Sclerosis,C0026769,Disease or Syndrome,Approved
Prednisolone,DB00860,Sjogren's Syndrome,C1527336,Disease or Syndrome,Approved
Prednisolone,DB00860,Nephrotic Syndrome,C0027726,Disease or Syndrome,Approved
Prednisolone,DB00860,Exacerbation of asthma,C0349790,Finding,Approved
Prednisolone,DB00860,"Arthritis, Psoriatic",C0003872,Disease or Syndrome,Approved
Prednisolone,DB00860,Stevens-Johnson Syndrome,C0038325,Disease or Syndrome,Approved
Prednisolone,DB00860,Rheumatic Heart Disease,C0035439,Disease or Syndrome,Approved
Prednisolone,DB00860,Cyclitis,C0010543,Disease or Syndrome,Approved
Prednisolone,DB00860,"Lymphoma, Follicular",C0024301,Neoplastic Process,Approved
Prednisolone,DB00860,Inflammatory Bowel Diseases,C0021390,Disease or Syndrome,Approved
Prednisolone,DB00860,Keratitis,C0022568,Disease or Syndrome,Approved
Prednisolone,DB00860,Ankylosing spondylitis,C0038013,Disease or Syndrome,Approved
Prednisolone,DB00860,Punctate keratopathy,C0423234,Finding,Approved
Prednisolone,DB00860,Crohn Disease,C0010346,Disease or Syndrome,Approved
Prednisolone,DB00860,Cooley's anemia,C0002875,Disease or Syndrome,Approved
Prednisolone,DB00860,Psoriasis,C0033860,Disease or Syndrome,Approved
Prednisolone,DB00860,Status Asthmaticus,C0038218,Disease or Syndrome,Approved
Prednisolone,DB00860,Simple Pulmonary Eosinophilia,C0242459,Disease or Syndrome,Approved
Prednisolone,DB00860,Corneal abrasion,C0010032,Injury or Poisoning,Approved
Prednisolone,DB00860,Uveitis,C0042164,Disease or Syndrome,Approved
Prednisolone,DB00860,"Lymphoma, Non-Hodgkin",C0024305,Neoplastic Process,Approved
Prednisolone,DB00860,Acute lymphocytic leukemia,C0023449,Neoplastic Process,Approved
Prednisolone,DB00860,Erythema Multiforme,C0014742,Disease or Syndrome,Approved
Prednisolone,DB00860,"Lupus Erythematosus, Systemic",C0024141,Disease or Syndrome,Approved
Prednisolone,DB00860,Adrenal cortical hypofunction,C0405580,Disease or Syndrome,Approved
Prednisolone,DB00860,Adrenogenital disorder,C0701163,Disease or Syndrome,Approved
Prednisolone,DB00860,Exfoliative dermatitis,C0011606,Disease or Syndrome,Approved
Prednisolone,DB00860,Pemphigus,C0030807,Disease or Syndrome,Approved
Prednisolone,DB00860,Ocular Rosacea,C0406486,Disease or Syndrome,Approved
Prednisolone,DB00860,Berylliosis,C0005138,Injury or Poisoning,Approved
Prednisolone,DB00860,"Anemia, Diamond-Blackfan",C1260899,Congenital Abnormality,Approved
Prednisolone,DB00860,Bursitis,C0006444,Disease or Syndrome,Approved
Prednisolone,DB00860,Epicondylitis,C0014488,Disease or Syndrome,Approved
Prednisolone,DB00860,Meibomianitis,C0549398,Disease or Syndrome,Approved
Prednisolone,DB00860,Acquired thrombocytopenia,C0154301,Disease or Syndrome,Approved
Prednisolone,DB00860,Giant Cell Arteritis,C0039483,Disease or Syndrome,Approved
Prednisolone,DB00860,Herpes zoster keratitis,C1275687,Disease or Syndrome,Approved
Prednisolone,DB00860,Sarcoidosis,C0036202,Disease or Syndrome,Approved
Prednisolone,DB00860,"Aspergillosis, Allergic Bronchopulmonary",C0004031,Disease or Syndrome,Approved
Prednisolone,DB00860,Post traumatic osteoarthritis,C2894027,Pathologic Function,Approved
Prednisolone,DB00860,Transplanted organ rejection,C0345468,Pathologic Function,Approved
Prednisolone,DB00860,Autoimmune Diseases,C0004364,Disease or Syndrome,Approved
Prednisolone,DB00860,Asthma,C0004096,Disease or Syndrome,Approved
Prednisolone,DB00860,Corneal Ulcer,C0010043,Disease or Syndrome,Approved
Prednisolone,DB00860,Rosacea,C0035854,Disease or Syndrome,Approved
Prednisolone,DB00860,Extrinsic allergic alveolitis,C0002390,Disease or Syndrome,Approved
Prednisolone,DB00860,Thyroiditis,C0040147,Disease or Syndrome,Approved
Prednisolone,DB00860,Dermatitis Herpetiformis,C0011608,Disease or Syndrome,Approved
Prednisolone,DB00860,Polymyalgia Rheumatica,C0032533,Disease or Syndrome,Approved
Prednisolone,DB00860,Dacryocystitis,C0010930,Disease or Syndrome,Approved
Prednisolone,DB00860,Rheumatoid Arthritis,C0003873,Disease or Syndrome,Approved
Prednisolone,DB00860,Angioedema,C0002994,Pathologic Function,Approved
Prednisolone,DB00860,Autoimmune hemolytic anemia,C0002880,Disease or Syndrome,Approved
Prednisolone,DB00860,Dermatologic disorders,C0037274,Disease or Syndrome,Approved
Prednisolone,DB00860,Congenital adrenal hyperplasia,C0001627,Congenital Abnormality,Approved
Prednisolone,DB00860,Tenosynovitis,C0039520,Disease or Syndrome,Approved
Prednisolone,DB00860,Iritis,C0022081,Disease or Syndrome,Approved
Prednisolone,DB00860,Cerebral Edema,C0006114,Pathologic Function,Approved
Prednisolone,DB00860,Allergic rhinitis (disorder),C2607914,Disease or Syndrome,Approved
Prednisolone,DB00860,Humoral hypercalcemia of malignancy (disorder),C0149911,Disease or Syndrome,Approved
Prednisolone,DB00860,"Tuberculosis, Miliary",C0041321,Disease or Syndrome,Approved
Prednisolone,DB00860,Tendinitis,C0039503,Disease or Syndrome,Approved
Prednisolone,DB00860,Hodgkin Disease,C0019829,Neoplastic Process,Approved
Prednisolone,DB00860,Pulmonary Fibrosis,C0034069,Disease or Syndrome,Approved
Prednisolone,DB00860,Allergic Conjunctivitis,C0009766,Disease or Syndrome,Approved
Prednisolone,DB00860,Aspiration pneumonitis,C1761609,Disease or Syndrome,Approved
Prednisolone,DB00860,Laryngeal Edema,C0023052,Pathologic Function,Approved
Diflunisal,DB00861,Degenerative polyarthritis,C0029408,Disease or Syndrome,Approved
Diflunisal,DB00861,Rheumatoid Arthritis,C0003873,Disease or Syndrome,Approved
Diflunisal,DB00861,Pain,C0030193,Sign or Symptom,Approved
Diflunisal,DB00861,Chronic pain,C0150055,Sign or Symptom,Approved
Vardenafil,DB00862,Erectile dysfunction,C0242350,Disease or Syndrome,Approved
Ranitidine,DB00863,Erosive esophagitis,C0267055,Disease or Syndrome,Approved
Ranitidine,DB00863,Duodenal Ulcer,C0013295,Disease or Syndrome,Approved
Ranitidine,DB00863,Zollinger-Ellison syndrome,C0043515,Disease or Syndrome,Approved
Ranitidine,DB00863,Dyspepsia,C0013395,Sign or Symptom,Approved
Ranitidine,DB00863,Gastroesophageal reflux disease,C0017168,Disease or Syndrome,Approved
Ranitidine,DB00863,Heartburn,C0018834,Sign or Symptom,Approved
Ranitidine,DB00863,Gastric ulcer,C0038358,Disease or Syndrome,Approved
Tacrolimus,DB00864,Transplanted organ rejection,C0345468,Pathologic Function,Approved
Tacrolimus,DB00864,Renal transplant rejection,C0238217,Pathologic Function,Approved
Tacrolimus,DB00864,Liver transplant rejection,C0400968,Pathologic Function,Approved
Benzphetamine,DB00865,Obesity,C0028754,Disease or Syndrome,Approved
Ritodrine,DB00867,Premature Obstetric Labor,C0022876,Disease or Syndrome,Approved
Benzonatate,DB00868,Coughing,C0010200,Sign or Symptom,Approved
Dorzolamide,DB00869,"Glaucoma, Open-Angle",C0017612,Disease or Syndrome,Approved
Dorzolamide,DB00869,Ocular Hypertension,C0028840,Disease or Syndrome,Approved
Terbutaline,DB00871,Pulmonary Emphysema,C0034067,Disease or Syndrome,Approved
Terbutaline,DB00871,Pruritus,C0033774,Sign or Symptom,Approved
Terbutaline,DB00871,Dry Eye Syndromes,C0013238,Disease or Syndrome,Approved
Terbutaline,DB00871,Asthma,C0004096,Disease or Syndrome,Approved
Terbutaline,DB00871,Skin irritation,C0152030,Finding,Approved
Terbutaline,DB00871,Bronchitis,C0006277,Disease or Syndrome,Approved
Terbutaline,DB00871,Asthma attack,C0347950,Disease or Syndrome,Approved
Conivaptan,DB00872,Hyponatremia,C0020625,Disease or Syndrome,Approved
Loteprednol,DB00873,Iritis,C0022081,Disease or Syndrome,Approved
Loteprednol,DB00873,Herpes zoster keratoconjunctivitis,C0153027,Disease or Syndrome,Approved
Loteprednol,DB00873,Corneal abrasion,C0010032,Injury or Poisoning,Approved
Loteprednol,DB00873,Corneal Perforation,C0339293,Injury or Poisoning,Approved
Loteprednol,DB00873,Punctate keratitis,C0259799,Disease or Syndrome,Approved
Loteprednol,DB00873,Rosacea,C0035854,Disease or Syndrome,Approved
Loteprednol,DB00873,Herpes zoster keratitis,C1275687,Disease or Syndrome,Approved
Loteprednol,DB00873,Iridocyclitis,C0022073,Disease or Syndrome,Approved
Loteprednol,DB00873,Anterior uveitis,C0042165,Disease or Syndrome,Approved
Loteprednol,DB00873,Ocular Rosacea,C0406486,Disease or Syndrome,Approved
Loteprednol,DB00873,Allergic Conjunctivitis,C0009766,Disease or Syndrome,Approved
Guaifenesin,DB00874,Headache Disorders,C0393735,Disease or Syndrome,Approved
Guaifenesin,DB00874,Fever,C0015967,Finding,Approved
Guaifenesin,DB00874,Rhinitis,C0035455,Disease or Syndrome,Approved
Guaifenesin,DB00874,Common Cold,C0009443,Disease or Syndrome,Approved
Guaifenesin,DB00874,Influenza-like symptoms,C0392171,Sign or Symptom,Approved
Guaifenesin,DB00874,Allergic rhinitis (disorder),C2607914,Disease or Syndrome,Approved
Guaifenesin,DB00874,Nasal congestion (finding),C0027424,Sign or Symptom,Approved
Guaifenesin,DB00874,Rhinorrhea,C1260880,Sign or Symptom,Approved
Guaifenesin,DB00874,Sinus headache,C0037195,Finding,Approved
Guaifenesin,DB00874,Coughing,C0010200,Sign or Symptom,Approved
Flupentixol,DB00875,Schizophrenia,C0036341,Mental or Behavioral Dysfunction,Approved
Eprosartan,DB00876,Hypertensive disease,C0020538,Disease or Syndrome,Approved
Sirolimus,DB00877,Renal Cell Carcinoma,C0007134,Neoplastic Process,Approved
Sirolimus,DB00877,"Malignant lymphoma, lymphocytic, intermediate differentiation, diffuse",C0334634,Neoplastic Process,Approved
Sirolimus,DB00877,Pulmonary lymphangioleiomyomatosis,C0349649,Neoplastic Process,Approved
Chlorhexidine,DB00878,Gingivitis,C0017574,Disease or Syndrome,Approved
Emtricitabine,DB00879,HIV Infections,C0019693,Disease or Syndrome,Approved
Chlorothiazide,DB00880,Edema,C0013604,Finding,Approved
Chlorothiazide,DB00880,Hypertensive urgency,C0745138,Disease or Syndrome,Approved
Chlorothiazide,DB00880,Hypertensive disease,C0020538,Disease or Syndrome,Approved
Chlorothiazide,DB00880,Chronic heart failure,C0264716,Disease or Syndrome,Approved
Quinapril,DB00881,Hypertensive disease,C0020538,Disease or Syndrome,Approved
Quinapril,DB00881,Chronic heart failure,C0264716,Disease or Syndrome,Approved
Clomifene,DB00882,Female infertility,C0021361,Pathologic Function,Approved
Isosorbide Dinitrate,DB00883,Chronic heart failure,C0264716,Disease or Syndrome,Approved
Isosorbide Dinitrate,DB00883,Angina Pectoris,C0002962,Finding,Approved
Risedronate,DB00884,Osteitis Deformans,C0029401,Disease or Syndrome,Approved
Risedronate,DB00884,"Osteoporosis, Postmenopausal",C0029458,Disease or Syndrome,Approved
Risedronate,DB00884,Osteoporosis,C0029456,Disease or Syndrome,Approved
Pemirolast,DB00885,Allergic Conjunctivitis,C0009766,Disease or Syndrome,Approved
Pemirolast,DB00885,Asthma,C0004096,Disease or Syndrome,Approved
Pemirolast,DB00885,Allergic rhinitis (disorder),C2607914,Disease or Syndrome,Approved
Bumetanide,DB00887,Renal disease with edema NOS,C0866125,Disease or Syndrome,Approved
Bumetanide,DB00887,Edema,C0013604,Finding,Approved
Mechlorethamine,DB00888,Hodgkin Disease,C0019829,Neoplastic Process,Approved
Mechlorethamine,DB00888,Malignant neoplasm of lung,C0242379,Neoplastic Process,Approved
Mechlorethamine,DB00888,"Lymphoma, Non-Hodgkin",C0024305,Neoplastic Process,Approved
Mechlorethamine,DB00888,Malignant pericardial effusion,C0220655,Disease or Syndrome,Approved
Mechlorethamine,DB00888,"Lymphoma, T-Cell, Cutaneous",C0079773,Neoplastic Process,Approved
Mechlorethamine,DB00888,Chronic Lymphocytic Leukemia,C0023434,Neoplastic Process,Approved
Mechlorethamine,DB00888,"Myeloid Leukemia, Chronic",C0023473,Neoplastic Process,Approved
Mechlorethamine,DB00888,"Pleural Effusion, Malignant",C0080032,Disease or Syndrome,Approved
Mechlorethamine,DB00888,Malignant ascites,C0220656,Neoplastic Process,Approved
Mechlorethamine,DB00888,Mycosis Fungoides,C0026948,Neoplastic Process,Approved
Granisetron,DB00889,Chemotherapy-induced nausea and vomiting,C0401160,Pathologic Function,Approved
Dienestrol,DB00890,Dyspareunia,C1384606,Finding,Approved
Dienestrol,DB00890,Atrophy of vulva,C0156393,Disease or Syndrome,Approved
Dienestrol,DB00890,Atrophic Vaginitis,C0221392,Disease or Syndrome,Approved
Sulfapyridine,DB00891,Dermatitis Herpetiformis,C0011608,Disease or Syndrome,Approved
Testolactone,DB00894,Malignant epithelial neoplasm of female breast,C3163805,Neoplastic Process,Approved
Rimexolone,DB00896,Uveitis,C0042164,Disease or Syndrome,Approved
Triazolam,DB00897,Sleeplessness,C0917801,Sign or Symptom,Approved
Remifentanil,DB00899,Acute postoperative pain,C2215257,Sign or Symptom,Approved
Didanosine,DB00900,HIV Infections,C0019693,Disease or Syndrome,Approved
Methdilazine,DB00902,Pruritus,C0033774,Sign or Symptom,Approved
Methdilazine,DB00902,Allergic rhinitis (disorder),C2607914,Disease or Syndrome,Approved
Methdilazine,DB00902,Nasal congestion (finding),C0027424,Sign or Symptom,Approved
Methdilazine,DB00902,Angioedema,C0002994,Pathologic Function,Approved
Methdilazine,DB00902,Symptomatic dermographism,C0343065,Disease or Syndrome,Approved
Methdilazine,DB00902,Rhinorrhea,C1260880,Sign or Symptom,Approved
Methdilazine,DB00902,Urticaria,C0042109,Disease or Syndrome,Approved
Methdilazine,DB00902,Allergic Conjunctivitis,C0009766,Disease or Syndrome,Approved
Methdilazine,DB00902,Sneezing,C0037383,Finding,Approved
Etacrynic acid,DB00903,Edema,C0013604,Finding,Approved
Ondansetron,DB00904,Chemotherapy-induced nausea and vomiting,C0401160,Pathologic Function,Approved
Bimatoprost,DB00905,"Glaucoma, Open-Angle",C0017612,Disease or Syndrome,Approved
Bimatoprost,DB00905,Ocular Hypertension,C0028840,Disease or Syndrome,Approved
Bimatoprost,DB00905,Hypertrichosis of eyelid,C0155213,Disease or Syndrome,Approved
Tiagabine,DB00906,Epilepsy characterized by intractable complex partial seizures,C2711653,Disease or Syndrome,Approved
Tiagabine,DB00906,Simple Partial Seizures,C0234974,Disease or Syndrome,Approved
Quinidine,DB00908,Pseudobulbar affect,C2316460,Finding,Approved
Tinidazole,DB00911,Acute amebiasis,C0152499,Disease or Syndrome,Approved
Tinidazole,DB00911,Trichomonas Infections,C0040921,Disease or Syndrome,Approved
Tinidazole,DB00911,Bacterial Vaginosis,C0085166,Disease or Syndrome,Approved
Tinidazole,DB00911,"Liver Abscess, Amebic",C0023886,Disease or Syndrome,Approved
Tinidazole,DB00911,Giardiasis,C0017536,Disease or Syndrome,Approved
Repaglinide,DB00912,"Diabetes Mellitus, Non-Insulin-Dependent",C0011860,Disease or Syndrome,Approved
Amantadine,DB00915,Extrapyramidal Disorders,C0015371,Disease or Syndrome,Approved
Amantadine,DB00915,Parkinson Disease,C0030567,Disease or Syndrome,Approved
Amantadine,DB00915,Parkinsonian Disorders,C0242422,Disease or Syndrome,Approved
Amantadine,DB00915,Influenza due to Influenza A virus,C2711180,Disease or Syndrome,Approved
Amantadine,DB00915,"Parkinson Disease, Postencephalitic",C0030568,Disease or Syndrome,Approved
Metronidazole,DB00916,"Liver Abscess, Amebic",C0023886,Disease or Syndrome,Approved
Metronidazole,DB00916,Bacteroides empyema,C2062454,Disease or Syndrome,Approved
Metronidazole,DB00916,Infection due to anaerobic bacteria,C0854328,Disease or Syndrome,Approved
Metronidazole,DB00916,Bacterial sepsis,C0684256,Disease or Syndrome,Approved
Metronidazole,DB00916,Acute amebiasis,C0152499,Disease or Syndrome,Approved
Metronidazole,DB00916,Female genital tract infection,C1263758,Disease or Syndrome,Approved
Metronidazole,DB00916,Arthropathy associated with infection,C0157749,Disease or Syndrome,Approved
Metronidazole,DB00916,Trichomonas Infections,C0040921,Disease or Syndrome,Approved
Metronidazole,DB00916,Liver Abscess,C0023885,Disease or Syndrome,Approved
Metronidazole,DB00916,Lower respiratory tract infection,C0149725,Disease or Syndrome,Approved
Metronidazole,DB00916,Tubo-ovarian abscess,C0041343,Disease or Syndrome,Approved
Metronidazole,DB00916,Intraabdominal Infections,C1112209,Disease or Syndrome,Approved
Metronidazole,DB00916,Peritonitis,C0031154,Disease or Syndrome,Approved
Metronidazole,DB00916,Bacterial Vaginosis,C0085166,Disease or Syndrome,Approved
Metronidazole,DB00916,Infection of bone,C2242472,Disease or Syndrome,Approved
Metronidazole,DB00916,Infection of skin AND/OR subcutaneous tissue,C0178299,Disease or Syndrome,Approved
Metronidazole,DB00916,Giardiasis,C0017536,Disease or Syndrome,Approved
Metronidazole,DB00916,Brain Abscess,C0006105,Disease or Syndrome,Approved
Metronidazole,DB00916,Meningitis due to Bacteroides,C0865436,Disease or Syndrome,Approved
Metronidazole,DB00916,Septicemia due to Bacteroides,C0276064,Disease or Syndrome,Approved
Metronidazole,DB00916,Abdominal Abscess,C0243001,Disease or Syndrome,Approved
Metronidazole,DB00916,Endometritis,C0014179,Disease or Syndrome,Approved
Dinoprostone,DB00917,"Hydatidiform mole, benign",C0549315,Neoplastic Process,Approved
Dinoprostone,DB00917,Unspecified Abortion,C0156543,Finding,Approved
Dinoprostone,DB00917,Incomplete spontaneous abortion,C0000810,Pathologic Function,Approved
Almotriptan,DB00918,Migraine Disorders,C0149931,Disease or Syndrome,Approved
Spectinomycin,DB00919,GONOCOCCAL INFECTION DISSEMINATED,C0744451,Disease or Syndrome,Approved
Spectinomycin,DB00919,Gonorrhea of rectum,C0275665,Disease or Syndrome,Approved
Spectinomycin,DB00919,Gonorrhea,C0018081,Disease or Syndrome,Approved
Spectinomycin,DB00919,Acute gonococcal cervicitis,C0153195,Disease or Syndrome,Approved
Spectinomycin,DB00919,Acute gonococcal urethritis,C0275652,Disease or Syndrome,Approved
Ketotifen,DB00920,Allergic Conjunctivitis,C0009766,Disease or Syndrome,Approved
Buprenorphine,DB00921,Opiate Addiction,C0524662,Mental or Behavioral Dysfunction,Approved
Buprenorphine,DB00921,Chronic pain,C0150055,Sign or Symptom,Approved
Buprenorphine,DB00921,Acute postoperative pain,C2215257,Sign or Symptom,Approved
Buprenorphine,DB00921,Severe pain,C0278140,Finding,Approved
Levosimendan,DB00922,Congestive heart failure,C0018802,Disease or Syndrome,Approved
Cyclobenzaprine,DB00924,Muscle Spasticity,C0026838,Sign or Symptom,Approved
Phenoxybenzamine,DB00925,Pheochromocytoma,C0031511,Neoplastic Process,Approved
Famotidine,DB00927,Peptic Esophagitis,C0014869,Disease or Syndrome,Approved
Famotidine,DB00927,Duodenal Ulcer,C0013295,Disease or Syndrome,Approved
Famotidine,DB00927,Zollinger-Ellison syndrome,C0043515,Disease or Syndrome,Approved
Famotidine,DB00927,Dyspepsia,C0013395,Sign or Symptom,Approved
Famotidine,DB00927,Heartburn,C0018834,Sign or Symptom,Approved
Famotidine,DB00927,Erosive esophagitis,C0267055,Disease or Syndrome,Approved
Famotidine,DB00927,Gastric ulcer,C0038358,Disease or Syndrome,Approved
Famotidine,DB00927,Gastroesophageal reflux disease,C0017168,Disease or Syndrome,Approved
Misoprostol,DB00929,Postpartum Hemorrhage,C0032797,Pathologic Function,Approved
Colesevelam,DB00930,Hypercholesterolemia,C0020443,Disease or Syndrome,Approved
Methacycline,DB00931,Bacterial enteritis,C0152516,Disease or Syndrome,Approved
Tipranavir,DB00932,HIV Infections,C0019693,Disease or Syndrome,Approved
Mesoridazine,DB00933,Schizophrenia,C0036341,Mental or Behavioral Dysfunction,Approved
Maprotiline,DB00934,Mixed anxiety and depressive disorder,C0338908,Mental or Behavioral Dysfunction,Approved
Maprotiline,DB00934,Depressive disorder,C0011581,Mental or Behavioral Dysfunction,Approved
Oxymetazoline,DB00935,Rhinorrhea,C1260880,Sign or Symptom,Approved
Oxymetazoline,DB00935,Nasal congestion (finding),C0027424,Sign or Symptom,Approved
Oxymetazoline,DB00935,Redness of eye,C0235267,Sign or Symptom,Approved
Salicylic acid,DB00936,Allergic rhinitis (disorder),C2607914,Disease or Syndrome,Approved
Salicylic acid,DB00936,Degenerative polyarthritis,C0029408,Disease or Syndrome,Approved
Salicylic acid,DB00936,Hyperkeratosis,C0870082,Disease or Syndrome,Approved
Salicylic acid,DB00936,Fever,C0015967,Finding,Approved
Salicylic acid,DB00936,Seborrheic dermatitis,C0036508,Disease or Syndrome,Approved
Salicylic acid,DB00936,Scurfiness of scalp,C0423775,Disease or Syndrome,Approved
Salicylic acid,DB00936,Common Cold,C0009443,Disease or Syndrome,Approved
Salicylic acid,DB00936,Plantar wart,C0042548,Disease or Syndrome,Approved
Salicylic acid,DB00936,Acne Vulgaris,C0001144,Disease or Syndrome,Approved
Salicylic acid,DB00936,Tinea Pedis,C0040259,Disease or Syndrome,Approved
Salicylic acid,DB00936,Rheumatoid Arthritis,C0003873,Disease or Syndrome,Approved
Salicylic acid,DB00936,Pain,C0030193,Sign or Symptom,Approved
Salicylic acid,DB00936,Tinea corporis (disorder),C0040252,Disease or Syndrome,Approved
Salicylic acid,DB00936,Greasy skin,C0234925,Finding,Approved
Salicylic acid,DB00936,Synovitis,C0039103,Disease or Syndrome,Approved
Salicylic acid,DB00936,Disorder of keratinization,C0475811,Disease or Syndrome,Approved
Salicylic acid,DB00936,Corns and callus,C0157726,Acquired Abnormality,Approved
Salicylic acid,DB00936,Influenza-like symptoms,C0392171,Sign or Symptom,Approved
Salicylic acid,DB00936,Migraine Disorders,C0149931,Disease or Syndrome,Approved
Salicylic acid,DB00936,Back Pain,C0004604,Sign or Symptom,Approved
Salicylic acid,DB00936,Headache Disorders,C0393735,Disease or Syndrome,Approved
Salicylic acid,DB00936,Sinus headache,C0037195,Finding,Approved
Salicylic acid,DB00936,Toothache,C0040460,Sign or Symptom,Approved
Salicylic acid,DB00936,Myocardial Infarction,C0027051,Disease or Syndrome,Approved
Salicylic acid,DB00936,Arthralgia,C0003862,Sign or Symptom,Approved
Salicylic acid,DB00936,Arthritic pains,C0857177,Sign or Symptom,Approved
Diethylpropion,DB00937,Obesity,C0028754,Disease or Syndrome,Approved
Salmeterol,DB00938,Intrinsic asthma,C0155880,Disease or Syndrome,Approved
Salmeterol,DB00938,Pulmonary Emphysema,C0034067,Disease or Syndrome,Approved
Salmeterol,DB00938,Allergic asthma,C0155877,Disease or Syndrome,Approved
Meclofenamic acid,DB00939,Degenerative polyarthritis,C0029408,Disease or Syndrome,Approved
Meclofenamic acid,DB00939,Rheumatoid Arthritis,C0003873,Disease or Syndrome,Approved
Meclofenamic acid,DB00939,Menorrhagia,C0025323,Pathologic Function,Approved
Meclofenamic acid,DB00939,Dysmenorrhea,C0013390,Pathologic Function,Approved
Meclofenamic acid,DB00939,Pain,C0030193,Sign or Symptom,Approved
Methantheline,DB00940,Peptic Ulcer,C0030920,Disease or Syndrome,Approved
Methantheline,DB00940,Gastric ulcer,C0038358,Disease or Syndrome,Approved
Methantheline,DB00940,Urinary Incontinence,C0042024,Pathologic Function,Approved
Cycrimine,DB00942,Parkinson Disease,C0030567,Disease or Syndrome,Approved
Zalcitabine,DB00943,HIV Infections,C0019693,Disease or Syndrome,Approved
Acetylsalicylic acid,DB00945,Rheumatoid Arthritis,C0003873,Disease or Syndrome,Approved
Acetylsalicylic acid,DB00945,Influenza-like symptoms,C0392171,Sign or Symptom,Approved
Acetylsalicylic acid,DB00945,Migraine Disorders,C0149931,Disease or Syndrome,Approved
Acetylsalicylic acid,DB00945,Back Pain,C0004604,Sign or Symptom,Approved
Acetylsalicylic acid,DB00945,Degenerative polyarthritis,C0029408,Disease or Syndrome,Approved
Acetylsalicylic acid,DB00945,Headache Disorders,C0393735,Disease or Syndrome,Approved
Acetylsalicylic acid,DB00945,Common Cold,C0009443,Disease or Syndrome,Approved
Acetylsalicylic acid,DB00945,Pain,C0030193,Sign or Symptom,Approved
Acetylsalicylic acid,DB00945,Sinus headache,C0037195,Finding,Approved
Acetylsalicylic acid,DB00945,Toothache,C0040460,Sign or Symptom,Approved
Acetylsalicylic acid,DB00945,Myocardial Infarction,C0027051,Disease or Syndrome,Approved
Acetylsalicylic acid,DB00945,Arthralgia,C0003862,Sign or Symptom,Approved
Acetylsalicylic acid,DB00945,Arthritic pains,C0857177,Sign or Symptom,Approved
Phenprocoumon,DB00946,Thrombosis,C0040053,Pathologic Function,Approved
Phenprocoumon,DB00946,Myocardial Infarction,C0027051,Disease or Syndrome,Approved
Phenprocoumon,DB00946,Thromboembolism,C0040038,Pathologic Function,Approved
Mezlocillin,DB00948,Bacterial sepsis,C0684256,Disease or Syndrome,Approved
Mezlocillin,DB00948,Urinary tract infection,C0042029,Disease or Syndrome,Approved
Mezlocillin,DB00948,Intraabdominal Infections,C1112209,Disease or Syndrome,Approved
Mezlocillin,DB00948,Pneumonia due to Pseudomonas,C0155860,Disease or Syndrome,Approved
Mezlocillin,DB00948,Infection of skin AND/OR subcutaneous tissue,C0178299,Disease or Syndrome,Approved
Mezlocillin,DB00948,Enterobacter pneumonia,C1096258,Disease or Syndrome,Approved
Mezlocillin,DB00948,Genitourinary tract infection,C1279247,Disease or Syndrome,Approved
Mezlocillin,DB00948,Serratia Infections,C0085394,Disease or Syndrome,Approved
Mezlocillin,DB00948,Aspiration Pneumonia,C0032290,Disease or Syndrome,Approved
Mezlocillin,DB00948,Haemophilus influenzae pneumonia,C0276026,Disease or Syndrome,Approved
Mezlocillin,DB00948,Pneumonia due to Escherichia coli,C0276089,Disease or Syndrome,Approved
Mezlocillin,DB00948,Acute gonococcal endometritis,C0153196,Disease or Syndrome,Approved
Mezlocillin,DB00948,Gonorrhea,C0018081,Disease or Syndrome,Approved
Mezlocillin,DB00948,Acute gonococcal cervicitis,C0153195,Disease or Syndrome,Approved
Mezlocillin,DB00948,Acute gonococcal urethritis,C0275652,Disease or Syndrome,Approved
Mezlocillin,DB00948,Bacterial infection due to Klebsiella pneumoniae,C0343402,Disease or Syndrome,Approved
Felbamate,DB00949,Simple Partial Seizures,C0234974,Disease or Syndrome,Approved
Felbamate,DB00949,Lennox-Gastaut syndrome,C0238111,Disease or Syndrome,Approved
Felbamate,DB00949,Epilepsy,C0014544,Disease or Syndrome,Approved
Fexofenadine,DB00950,Chronic idiopathic urticaria,C0578870,Disease or Syndrome,Approved
Fexofenadine,DB00950,Hay fever,C0018621,Disease or Syndrome,Approved
Fexofenadine,DB00950,Allergic Conjunctivitis,C0009766,Disease or Syndrome,Approved
Fexofenadine,DB00950,Allergic rhinitis (disorder),C2607914,Disease or Syndrome,Approved
Fexofenadine,DB00950,Sneezing,C0037383,Finding,Approved
Isoniazid,DB00951,Acute tuberculosis,C0275959,Disease or Syndrome,Approved
Isoniazid,DB00951,"Tuberculosis, Pulmonary",C0041327,Disease or Syndrome,Approved
Naratriptan,DB00952,Migraine Disorders,C0149931,Disease or Syndrome,Approved
Rizatriptan,DB00953,Migraine Disorders,C0149931,Disease or Syndrome,Approved
Dirithromycin,DB00954,Staphylococcus aureus infection,C1318973,Disease or Syndrome,Approved
Dirithromycin,DB00954,Pharyngitis,C0031350,Disease or Syndrome,Approved
Dirithromycin,DB00954,Acute Moraxella catarrhalis bronchitis,C0339932,Disease or Syndrome,Approved
Dirithromycin,DB00954,Legionella pneumophila pneumonia,C0857846,Disease or Syndrome,Approved
Dirithromycin,DB00954,Streptococcal tonsillitis,C0275804,Disease or Syndrome,Approved
Dirithromycin,DB00954,Bronchitis,C0006277,Disease or Syndrome,Approved
Dirithromycin,DB00954,Tonsillitis,C0040425,Disease or Syndrome,Approved
Dirithromycin,DB00954,Streptococcus pyogenes infection,C0554628,Disease or Syndrome,Approved
Dirithromycin,DB00954,Pneumonia,C0032285,Disease or Syndrome,Approved
Dirithromycin,DB00954,Infection of skin AND/OR subcutaneous tissue,C0178299,Disease or Syndrome,Approved
Dirithromycin,DB00954,Mycoplasma pneumonia,C0032302,Disease or Syndrome,Approved
Hydrocodone,DB00956,Rhinorrhea,C1260880,Sign or Symptom,Approved
Hydrocodone,DB00956,Nasal congestion (finding),C0027424,Sign or Symptom,Approved
Hydrocodone,DB00956,Coughing,C0010200,Sign or Symptom,Approved
Hydrocodone,DB00956,Rhinitis,C0035455,Disease or Syndrome,Approved
Hydrocodone,DB00956,Pain,C0030193,Sign or Symptom,Approved
Hydrocodone,DB00956,Allergic rhinitis (disorder),C2607914,Disease or Syndrome,Approved
Hydrocodone,DB00956,Common Cold,C0009443,Disease or Syndrome,Approved
Norgestimate,DB00957,Acne Vulgaris,C0001144,Disease or Syndrome,Approved
Norgestimate,DB00957,Atrophic Vaginitis,C0221392,Disease or Syndrome,Approved
Norgestimate,DB00957,Atrophy of vulva,C0156393,Disease or Syndrome,Approved
Norgestimate,DB00957,Hot flushes,C0600142,Sign or Symptom,Approved
Carboplatin,DB00958,Malignant neoplasm of ovary,C1140680,Neoplastic Process,Approved
Methylprednisolone,DB00959,Mycosis Fungoides,C0026948,Neoplastic Process,Approved
Methylprednisolone,DB00959,Asthma,C0004096,Disease or Syndrome,Approved
Methylprednisolone,DB00959,Rheumatoid Arthritis,C0003873,Disease or Syndrome,Approved
Methylprednisolone,DB00959,Rheumatic Heart Disease,C0035439,Disease or Syndrome,Approved
Methylprednisolone,DB00959,Pruritus Ani,C0033775,Sign or Symptom,Approved
Methylprednisolone,DB00959,Laryngeal Edema,C0023052,Pathologic Function,Approved
Methylprednisolone,DB00959,Congenital adrenal hyperplasia,C0001627,Congenital Abnormality,Approved
Methylprednisolone,DB00959,Dermatologic disorders,C0037274,Disease or Syndrome,Approved
Methylprednisolone,DB00959,"Arthritis, Psoriatic",C0003872,Disease or Syndrome,Approved
Methylprednisolone,DB00959,Addison Disease,C0001403,Disease or Syndrome,Approved
Methylprednisolone,DB00959,Exacerbation of asthma,C0349790,Finding,Approved
Methylprednisolone,DB00959,Epicondylitis,C0014488,Disease or Syndrome,Approved
Methylprednisolone,DB00959,Exfoliative dermatitis,C0011606,Disease or Syndrome,Approved
Methylprednisolone,DB00959,Multiple Sclerosis,C0026769,Disease or Syndrome,Approved
Methylprednisolone,DB00959,Lichen Simplex Chronicus,C0149922,Disease or Syndrome,Approved
Methylprednisolone,DB00959,"Arthritis, Gouty",C0003868,Disease or Syndrome,Approved
Methylprednisolone,DB00959,Thyroiditis,C0040147,Disease or Syndrome,Approved
Methylprednisolone,DB00959,Autoimmune hemolytic anemia,C0002880,Disease or Syndrome,Approved
Methylprednisolone,DB00959,Chronic small plaque psoriasis,C0406317,Disease or Syndrome,Approved
Methylprednisolone,DB00959,"Lymphoma, T-Cell, Cutaneous",C0079773,Neoplastic Process,Approved
Methylprednisolone,DB00959,Hodgkin Disease,C0019829,Neoplastic Process,Approved
Methylprednisolone,DB00959,Dermatitis Herpetiformis,C0011608,Disease or Syndrome,Approved
Methylprednisolone,DB00959,Cerebral Edema,C0006114,Pathologic Function,Approved
Methylprednisolone,DB00959,"Lymphoma, Follicular",C0024301,Neoplastic Process,Approved
Methylprednisolone,DB00959,Berylliosis,C0005138,Injury or Poisoning,Approved
Methylprednisolone,DB00959,"Lymphoma, Non-Hodgkin",C0024305,Neoplastic Process,Approved
Methylprednisolone,DB00959,Erythema Multiforme,C0014742,Disease or Syndrome,Approved
Methylprednisolone,DB00959,Exanthema,C0015230,Sign or Symptom,Approved
Methylprednisolone,DB00959,Granuloma Annulare,C0085074,Disease or Syndrome,Approved
Methylprednisolone,DB00959,Pruritus of genital organs,C0033777,Sign or Symptom,Approved
Methylprednisolone,DB00959,Acute lymphocytic leukemia,C0023449,Neoplastic Process,Approved
Methylprednisolone,DB00959,Synovitis,C0039103,Disease or Syndrome,Approved
Methylprednisolone,DB00959,Tendinitis,C0039503,Disease or Syndrome,Approved
Methylprednisolone,DB00959,Adrenogenital disorder,C0701163,Disease or Syndrome,Approved
Methylprednisolone,DB00959,Angioedema,C0002994,Pathologic Function,Approved
Methylprednisolone,DB00959,Serum Sickness,C0036830,Disease or Syndrome,Approved
Methylprednisolone,DB00959,Post traumatic osteoarthritis,C2894027,Pathologic Function,Approved
Methylprednisolone,DB00959,Scalp psoriasis,C0406326,Disease or Syndrome,Approved
Methylprednisolone,DB00959,Humoral hypercalcemia of malignancy (disorder),C0149911,Disease or Syndrome,Approved
Methylprednisolone,DB00959,"Lupus Erythematosus, Discoid",C0024138,Disease or Syndrome,Approved
Methylprednisolone,DB00959,Transplanted organ rejection,C0345468,Pathologic Function,Approved
Methylprednisolone,DB00959,Allergic rhinitis (disorder),C2607914,Disease or Syndrome,Approved
Methylprednisolone,DB00959,Acquired thrombocytopenia,C0154301,Disease or Syndrome,Approved
Methylprednisolone,DB00959,"Lupus Erythematosus, Systemic",C0024141,Disease or Syndrome,Approved
Methylprednisolone,DB00959,Tenosynovitis,C0039520,Disease or Syndrome,Approved
Methylprednisolone,DB00959,Seborrheic dermatitis,C0036508,Disease or Syndrome,Approved
Methylprednisolone,DB00959,Musculoskeletal Diseases,C0026857,Disease or Syndrome,Approved
Methylprednisolone,DB00959,Pemphigus,C0030807,Disease or Syndrome,Approved
Methylprednisolone,DB00959,Sarcoidosis,C0036202,Disease or Syndrome,Approved
Methylprednisolone,DB00959,Status Asthmaticus,C0038218,Disease or Syndrome,Approved
Methylprednisolone,DB00959,Simple Pulmonary Eosinophilia,C0242459,Disease or Syndrome,Approved
Methylprednisolone,DB00959,Contact Dermatitis,C0011616,Disease or Syndrome,Approved
Methylprednisolone,DB00959,Trichinellosis,C0040896,Disease or Syndrome,Approved
Methylprednisolone,DB00959,"Anemia, Diamond-Blackfan",C1260899,Congenital Abnormality,Approved
Methylprednisolone,DB00959,Adrenal cortical hypofunction,C0405580,Disease or Syndrome,Approved
Methylprednisolone,DB00959,Nephrotic Syndrome,C0027726,Disease or Syndrome,Approved
Methylprednisolone,DB00959,Ankylosing spondylitis,C0038013,Disease or Syndrome,Approved
Methylprednisolone,DB00959,Bursitis,C0006444,Disease or Syndrome,Approved
Methylprednisolone,DB00959,Crohn Disease,C0010346,Disease or Syndrome,Approved
Methylprednisolone,DB00959,Autoimmune Diseases,C0004364,Disease or Syndrome,Approved
Methylprednisolone,DB00959,Psoriasis,C0033860,Disease or Syndrome,Approved
Methylprednisolone,DB00959,"Tuberculosis, Miliary",C0041321,Disease or Syndrome,Approved
Methylprednisolone,DB00959,Addisonian crisis,C0151467,Disease or Syndrome,Approved
Methylprednisolone,DB00959,Disorder of eye,C0015397,Disease or Syndrome,Approved
Methylprednisolone,DB00959,Inflammatory Bowel Diseases,C0021390,Disease or Syndrome,Approved
Methylprednisolone,DB00959,Cooley's anemia,C0002875,Disease or Syndrome,Approved
Methylprednisolone,DB00959,Aspiration pneumonitis,C1761609,Disease or Syndrome,Approved
Methylprednisolone,DB00959,"Dermatitis, Atopic",C0011615,Disease or Syndrome,Approved
Methylprednisolone,DB00959,Hay fever,C0018621,Disease or Syndrome,Approved
Methylprednisolone,DB00959,"Rhinitis, Allergic, Perennial",C0035457,Disease or Syndrome,Approved
Pindolol,DB00960,Hypertensive disease,C0020538,Disease or Syndrome,Approved
Zaleplon,DB00962,Initial insomnia,C0393760,Mental or Behavioral Dysfunction,Approved
Zaleplon,DB00962,Sleep Initiation and Maintenance Disorders,C0021603,Disease or Syndrome,Approved
Bromfenac,DB00963,Pain,C0030193,Sign or Symptom,Approved
Apraclonidine,DB00964,Cerebrovascular Occlusion,C0596298,Disease or Syndrome,Approved
Apraclonidine,DB00964,"Glaucoma, Open-Angle",C0017612,Disease or Syndrome,Approved
Telmisartan,DB00966,Hypertensive disease,C0020538,Disease or Syndrome,Approved
Telmisartan,DB00966,Cerebrovascular accident,C0038454,Disease or Syndrome,Approved
Desloratadine,DB00967,Chronic idiopathic urticaria,C0578870,Disease or Syndrome,Approved
Desloratadine,DB00967,"Rhinitis, Vasomotor",C0035460,Disease or Syndrome,Approved
Desloratadine,DB00967,Hay fever,C0018621,Disease or Syndrome,Approved
Desloratadine,DB00967,Sneezing,C0037383,Finding,Approved
Desloratadine,DB00967,Allergic Conjunctivitis,C0009766,Disease or Syndrome,Approved
Desloratadine,DB00967,Common Cold,C0009443,Disease or Syndrome,Approved
Desloratadine,DB00967,Nasal congestion (finding),C0027424,Sign or Symptom,Approved
Desloratadine,DB00967,Rhinorrhea,C1260880,Sign or Symptom,Approved
Desloratadine,DB00967,Allergic rhinitis (disorder),C2607914,Disease or Syndrome,Approved
Desloratadine,DB00967,Allergic urticaria,C0149526,Disease or Syndrome,Approved
Methyldopa,DB00968,Hypertensive disease,C0020538,Disease or Syndrome,Approved
Alosetron,DB00969,Irritable bowel syndrome with diarrhea,C0348898,Disease or Syndrome,Approved
Alosetron,DB00969,Diarrhoea predominant irritable bowel syndrome,C1262211,Disease or Syndrome,Approved
Dactinomycin,DB00970,Gestational Trophoblastic Neoplasms,C1135868,Neoplastic Process,Approved
Dactinomycin,DB00970,Nephroblastoma,C0027708,Neoplastic Process,Approved
Dactinomycin,DB00970,Rhabdomyosarcoma,C0035412,Neoplastic Process,Approved
Dactinomycin,DB00970,Ewings sarcoma,C0553580,Neoplastic Process,Approved
Selenium Sulfide,DB00971,Seborrheic dermatitis,C0036508,Disease or Syndrome,Approved
Selenium Sulfide,DB00971,Scurfiness of scalp,C0423775,Disease or Syndrome,Approved
Selenium Sulfide,DB00971,Tinea Versicolor,C0040262,Disease or Syndrome,Approved
Azelastine,DB00972,Allergic rhinitis (disorder),C2607914,Disease or Syndrome,Approved
Azelastine,DB00972,Allergic Conjunctivitis,C0009766,Disease or Syndrome,Approved
Azelastine,DB00972,"Rhinitis, Vasomotor",C0035460,Disease or Syndrome,Approved
Azelastine,DB00972,Hay fever,C0018621,Disease or Syndrome,Approved
Ezetimibe,DB00973,"Hyperlipidemia, Familial Combined",C0020474,Disease or Syndrome,Approved
Ezetimibe,DB00973,Familial hypercholesterolemia - homozygous,C0342881,Disease or Syndrome,Approved
Ezetimibe,DB00973,Hypercholesterolemia,C0020443,Disease or Syndrome,Approved
Ezetimibe,DB00973,Familial hypercholesterolemia - heterozygous,C0342882,Disease or Syndrome,Approved
Ezetimibe,DB00973,Hyperlipidemia,C0020473,Disease or Syndrome,Approved
Ezetimibe,DB00973,Sitosterolemia,C0342907,Congenital Abnormality,Approved
Edetic Acid,DB00974,Accidental poisoning by lead and its compounds and fumes,C0261486,Injury or Poisoning,Approved
Edetic Acid,DB00974,Hypercalcemia,C0020437,Disease or Syndrome,Approved
Dipyridamole,DB00975,Chronic heart failure,C0264716,Disease or Syndrome,Approved
Dipyridamole,DB00975,Atrial Fibrillation,C0004238,Disease or Syndrome,Approved
Dipyridamole,DB00975,Platelet aggregation inhibition,C0919737,Finding,Approved
Telithromycin,DB00976,Haemophilus influenzae pneumonia,C0276026,Disease or Syndrome,Approved
Telithromycin,DB00976,Moraxella catarrhalis pneumonia,C0857831,Disease or Syndrome,Approved
Telithromycin,DB00976,Mycoplasma pneumonia,C0032302,Disease or Syndrome,Approved
Telithromycin,DB00976,Chlamydial pneumonia,C0339959,Disease or Syndrome,Approved
Telithromycin,DB00976,Streptococcal pneumonia,C0155862,Disease or Syndrome,Approved
Ethinyl Estradiol,DB00977,Premenstrual Dysphoric Disorder,C0520676,Mental or Behavioral Dysfunction,Approved
Ethinyl Estradiol,DB00977,Atrophy of vulva,C0156393,Disease or Syndrome,Approved
Ethinyl Estradiol,DB00977,Hot flushes,C0600142,Sign or Symptom,Approved
Ethinyl Estradiol,DB00977,Acne Vulgaris,C0001144,Disease or Syndrome,Approved
Ethinyl Estradiol,DB00977,Atrophic Vaginitis,C0221392,Disease or Syndrome,Approved
Lomefloxacin,DB00978,Acute exacerbation of chronic bronchitis,C0856695,Disease or Syndrome,Approved
Lomefloxacin,DB00978,Cystitis escherichia,C0853852,Disease or Syndrome,Approved
Lomefloxacin,DB00978,Urinary tract infection,C0042029,Disease or Syndrome,Approved
Lomefloxacin,DB00978,Bronchitis,C0006277,Disease or Syndrome,Approved
Lomefloxacin,DB00978,Lower respiratory tract infection,C0149725,Disease or Syndrome,Approved
Cyclopentolate,DB00979,Cycloplegia,C0235238,Disease or Syndrome,Approved
Cyclopentolate,DB00979,Mydriasis,C0026961,Sign or Symptom,Approved
Ramelteon,DB00980,Initial insomnia,C0393760,Mental or Behavioral Dysfunction,Approved
Physostigmine,DB00981,anticholinergic toxicity,C0237996,Injury or Poisoning,Approved
Physostigmine,DB00981,"Glaucoma, Open-Angle",C0017612,Disease or Syndrome,Approved
Isotretinoin,DB00982,Hypertensive disease,C0020538,Disease or Syndrome,Approved
Formoterol,DB00983,Intrinsic asthma,C0155880,Disease or Syndrome,Approved
Formoterol,DB00983,Pulmonary Emphysema,C0034067,Disease or Syndrome,Approved
Formoterol,DB00983,Allergic asthma,C0155877,Disease or Syndrome,Approved
Dimenhydrinate,DB00985,Vomiting,C0042963,Sign or Symptom,Approved
Dimenhydrinate,DB00985,Motion Sickness,C0026603,Disease or Syndrome,Approved
Dimenhydrinate,DB00985,Nausea,C0027497,Sign or Symptom,Approved
Dimenhydrinate,DB00985,Vertigo,C0042571,Sign or Symptom,Approved
Dimenhydrinate,DB00985,Nausea and vomiting,C0027498,Sign or Symptom,Approved
Glycopyrronium,DB00986,Peptic Ulcer,C0030920,Disease or Syndrome,Approved
Glycopyrronium,DB00986,Sialorrhea,C0037036,Disease or Syndrome,Approved
Glycopyrronium,DB00986,Chronic Obstructive Airway Disease,C0024117,Disease or Syndrome,Approved
Cytarabine,DB00987,Meningeal Leukemia,C0948840,Neoplastic Process,Approved
Cytarabine,DB00987,Metastatic Malignant Neoplasm to the Leptomeninges,C1704231,Neoplastic Process,Approved
Cytarabine,DB00987,Acute Promyelocytic Leukemia,C0023487,Neoplastic Process,Approved
Cytarabine,DB00987,"Leukemia, Myelocytic, Acute",C0023467,Neoplastic Process,Approved
Cytarabine,DB00987,Acute lymphocytic leukemia,C0023449,Neoplastic Process,Approved
Dopamine,DB00988,Low Cardiac Output Syndrome,C0600177,Pathologic Function,Approved
Dopamine,DB00988,Hypotension,C0020649,Finding,Approved
Dopamine,DB00988,Decompensated cardiac failure,C0581377,Disease or Syndrome,Approved
Dopamine,DB00988,"Parkinson Disease, Postencephalitic",C0030568,Disease or Syndrome,Approved
Dopamine,DB00988,Parkinsonian Disorders,C0242422,Disease or Syndrome,Approved
Dopamine,DB00988,Parkinson Disease,C0030567,Disease or Syndrome,Approved
Rivastigmine,DB00989,Alzheimer's Disease,C0002395,Disease or Syndrome,Approved
Rivastigmine,DB00989,Dementia associated with Parkinson's Disease,C1828079,Mental or Behavioral Dysfunction,Approved
Oxaprozin,DB00991,Degenerative polyarthritis,C0029408,Disease or Syndrome,Approved
Oxaprozin,DB00991,Rheumatoid Arthritis,C0003873,Disease or Syndrome,Approved
Azathioprine,DB00993,Rheumatoid Arthritis,C0003873,Disease or Syndrome,Approved
Neomycin,DB00994,Urinary tract infection,C0042029,Disease or Syndrome,Approved
Neomycin,DB00994,Otitis Externa,C0029878,Disease or Syndrome,Approved
Neomycin,DB00994,Blepharoconjunctivitis,C0005743,Disease or Syndrome,Approved
Neomycin,DB00994,Hepatic Encephalopathy,C0019151,Disease or Syndrome,Approved
Neomycin,DB00994,Hepatic Coma,C0019147,Disease or Syndrome,Approved
Neomycin,DB00994,Keratitis,C0022568,Disease or Syndrome,Approved
Neomycin,DB00994,Uveitis,C0042164,Disease or Syndrome,Approved
Neomycin,DB00994,Infective blepharitis,C0729587,Disease or Syndrome,Approved
Neomycin,DB00994,Corneal abrasion,C0010032,Injury or Poisoning,Approved
Neomycin,DB00994,Bacterial keratitis,C0854211,Disease or Syndrome,Approved
Auranofin,DB00995,Rheumatoid Arthritis,C0003873,Disease or Syndrome,Approved
Gabapentin,DB00996,Postherpetic neuralgia,C0032768,Disease or Syndrome,Approved
Gabapentin,DB00996,Restless Legs Syndrome,C0035258,Disease or Syndrome,Approved
Doxorubicin,DB00997,Hodgkin Disease,C0019829,Neoplastic Process,Approved
Doxorubicin,DB00997,Carcinoma breast stage IV,C0278488,Neoplastic Process,Approved
Doxorubicin,DB00997,Malignant epithelial neoplasm of female breast,C3163805,Neoplastic Process,Approved
Doxorubicin,DB00997,Multiple Myeloma,C0026764,Neoplastic Process,Approved
Doxorubicin,DB00997,Osteosarcoma of bone,C0585442,Neoplastic Process,Approved
Doxorubicin,DB00997,AIDS with Kaposi's sarcoma,C0276535,Neoplastic Process,Approved
Doxorubicin,DB00997,Diffuse Large B-Cell Lymphoma,C0079744,Neoplastic Process,Approved
Doxorubicin,DB00997,"Lymphoma, Follicular",C0024301,Neoplastic Process,Approved
Doxorubicin,DB00997,"Leukemia, Myelocytic, Acute",C0023467,Neoplastic Process,Approved
Doxorubicin,DB00997,Nephroblastoma,C0027708,Neoplastic Process,Approved
Doxorubicin,DB00997,"Lymphoma, Non-Hodgkin",C0024305,Neoplastic Process,Approved
Doxorubicin,DB00997,Breast Carcinoma,C0678222,Neoplastic Process,Approved
Doxorubicin,DB00997,Malignant neoplasm of lung,C0242379,Neoplastic Process,Approved
Doxorubicin,DB00997,Small cell carcinoma of lung,C0149925,Neoplastic Process,Approved
Doxorubicin,DB00997,Acute lymphocytic leukemia,C0023449,Neoplastic Process,Approved
Doxorubicin,DB00997,Burkitt Lymphoma,C0006413,Neoplastic Process,Approved
Doxorubicin,DB00997,Malignant neoplasm of stomach stage IV,C0278498,Neoplastic Process,Approved
Doxorubicin,DB00997,Malignant neoplasm of thyroid,C0007115,Neoplastic Process,Approved
Doxorubicin,DB00997,Kaposi Sarcoma,C0036220,Neoplastic Process,Approved
Doxorubicin,DB00997,Neuroblastoma,C0027819,Neoplastic Process,Approved
Doxorubicin,DB00997,Malignant neoplasm of ovary,C1140680,Neoplastic Process,Approved
Frovatriptan,DB00998,Migraine Disorders,C0149931,Disease or Syndrome,Approved
Hydrochlorothiazide,DB00999,Hypertensive urgency,C0745138,Disease or Syndrome,Approved
Hydrochlorothiazide,DB00999,Hypertensive disease,C0020538,Disease or Syndrome,Approved
Hydrochlorothiazide,DB00999,Edema,C0013604,Finding,Approved
Hydrochlorothiazide,DB00999,Chronic heart failure,C0264716,Disease or Syndrome,Approved
Cyclacillin,DB01000,Pharyngitis,C0031350,Disease or Syndrome,Approved
Cyclacillin,DB01000,Urinary tract infection,C0042029,Disease or Syndrome,Approved
Cyclacillin,DB01000,Bronchitis,C0006277,Disease or Syndrome,Approved
Cyclacillin,DB01000,Infection of skin AND/OR subcutaneous tissue,C0178299,Disease or Syndrome,Approved
Cyclacillin,DB01000,Infective otitis media,C0729586,Disease or Syndrome,Approved
Salbutamol,DB01001,Bronchial Spasm,C0006266,Disease or Syndrome,Approved
Salbutamol,DB01001,Asthma attack,C0347950,Disease or Syndrome,Approved
Cromoglicic acid,DB01003,Asthma,C0004096,Disease or Syndrome,Approved
Cromoglicic acid,DB01003,Allergic rhinitis (disorder),C2607914,Disease or Syndrome,Approved
Cromoglicic acid,DB01003,"Conjunctivitis, Giant Papillary",C0009769,Disease or Syndrome,Approved
Cromoglicic acid,DB01003,Allergic Conjunctivitis,C0009766,Disease or Syndrome,Approved
Cromoglicic acid,DB01003,"Conjunctivitis, Vernal",C0009773,Disease or Syndrome,Approved
Cromoglicic acid,DB01003,Allergic keratoconjunctivitis,C1112631,Disease or Syndrome,Approved
Cromoglicic acid,DB01003,"Keratoconjunctivitis, Vernal",C0022577,Disease or Syndrome,Approved
Cromoglicic acid,DB01003,"Mastocytosis, Systemic",C0221013,Disease or Syndrome,Approved
Ganciclovir,DB01004,"Keratitis, Dendritic",C0022570,Disease or Syndrome,Approved
Ganciclovir,DB01004,Paroxysmal supraventricular tachycardia,C0030590,Disease or Syndrome,Approved
Ganciclovir,DB01004,Cytomegalovirus Retinitis,C0206178,Disease or Syndrome,Approved
Hydroxyurea,DB01005,Cancer of Head and Neck,C0278996,Neoplastic Process,Approved
Hydroxyurea,DB01005,Hemoglobin SS disease with crisis,C0238425,Disease or Syndrome,Approved
Hydroxyurea,DB01005,"Myeloid Leukemia, Chronic",C0023473,Neoplastic Process,Approved
Hydroxyurea,DB01005,Malignant neoplasm of ovary,C1140680,Neoplastic Process,Approved
Hydroxyurea,DB01005,"Anemia, Sickle Cell",C0002895,Disease or Syndrome,Approved
Hydroxyurea,DB01005,melanoma,C0025202,Neoplastic Process,Approved
Tioconazole,DB01007,"Candidiasis, Vulvovaginal",C0700345,Disease or Syndrome,Approved
Busulfan,DB01008,Philadelphia chromosome positive chronic myelogenous leukemia,C0279543,Neoplastic Process,Approved
Ketoprofen,DB01009,Degenerative polyarthritis,C0029408,Disease or Syndrome,Approved
Ketoprofen,DB01009,Pain,C0030193,Sign or Symptom,Approved
Ketoprofen,DB01009,Dysmenorrhea,C0013390,Pathologic Function,Approved
Ketoprofen,DB01009,Rheumatoid Arthritis,C0003873,Disease or Syndrome,Approved
Clobetasol propionate,DB01013,Seborrheic dermatitis,C0036508,Disease or Syndrome,Approved
Clobetasol propionate,DB01013,Contact Dermatitis,C0011616,Disease or Syndrome,Approved
Clobetasol propionate,DB01013,Scalp psoriasis,C0406326,Disease or Syndrome,Approved
Clobetasol propionate,DB01013,Inflammatory dermatosis,C3875321,Disease or Syndrome,Approved
Clobetasol propionate,DB01013,Scalp Dermatoses,C0036271,Disease or Syndrome,Approved
Clobetasol propionate,DB01013,Nummular eczema,C0085656,Disease or Syndrome,Approved
Clobetasol propionate,DB01013,Chronic small plaque psoriasis,C0406317,Disease or Syndrome,Approved
Balsalazide,DB01014,Ulcerative Colitis,C0009324,Disease or Syndrome,Approved
Sulfamethoxazole,DB01015,Shigella Infections,C0013371,Disease or Syndrome,Approved
Sulfamethoxazole,DB01015,Infective otitis media,C0729586,Disease or Syndrome,Approved
Sulfamethoxazole,DB01015,Toxoplasmosis,C0040558,Disease or Syndrome,Approved
Sulfamethoxazole,DB01015,Klebsiella cystitis,C0520775,Disease or Syndrome,Approved
Sulfamethoxazole,DB01015,Proteus urinary tract infection,C0577709,Disease or Syndrome,Approved
Sulfamethoxazole,DB01015,Nocardia Infections,C0028242,Disease or Syndrome,Approved
Sulfamethoxazole,DB01015,Bacterial urinary infection,C0729524,Disease or Syndrome,Approved
Sulfamethoxazole,DB01015,Acute exacerbation of chronic bronchitis,C0856695,Disease or Syndrome,Approved
Sulfamethoxazole,DB01015,Acute otitis media,C0271429,Disease or Syndrome,Approved
Sulfamethoxazole,DB01015,Inclusion conjunctivitis,C0009770,Disease or Syndrome,Approved
Sulfamethoxazole,DB01015,Escherichia coli urinary tract infection,C0577708,Disease or Syndrome,Approved
Glyburide,DB01016,"Diabetes Mellitus, Non-Insulin-Dependent",C0011860,Disease or Syndrome,Approved
Minocycline,DB01017,Bronchitis,C0006277,Disease or Syndrome,Approved
Minocycline,DB01017,Infection by Campylobacter fetus,C0275979,Disease or Syndrome,Approved
Minocycline,DB01017,TYPHUS,C0041471,Disease or Syndrome,Approved
Minocycline,DB01017,Listeriosis,C0023860,Disease or Syndrome,Approved
Minocycline,DB01017,Plague,C0032064,Disease or Syndrome,Approved
Minocycline,DB01017,Cholera,C0008354,Disease or Syndrome,Approved
Minocycline,DB01017,Infection of skin AND/OR subcutaneous tissue,C0178299,Disease or Syndrome,Approved
Minocycline,DB01017,Acute gonococcal endometritis,C0153196,Disease or Syndrome,Approved
Minocycline,DB01017,Gonorrhea of pharynx,C0149966,Disease or Syndrome,Approved
Minocycline,DB01017,Relapsing Fever,C0035021,Disease or Syndrome,Approved
Minocycline,DB01017,Meningococcus carrier,C0421162,Finding,Approved
Minocycline,DB01017,Psittacosis,C0029291,Disease or Syndrome,Approved
Minocycline,DB01017,Acne Vulgaris,C0001144,Disease or Syndrome,Approved
Minocycline,DB01017,Actinomycosis,C0001261,Disease or Syndrome,Approved
Minocycline,DB01017,Syphilis,C0039128,Disease or Syndrome,Approved
Minocycline,DB01017,Infective otitis media,C0729586,Disease or Syndrome,Approved
Minocycline,DB01017,Brucellosis,C0006309,Disease or Syndrome,Approved
Minocycline,DB01017,Lymphogranuloma Venereum,C0024286,Disease or Syndrome,Approved
Minocycline,DB01017,Periodontitis,C0031099,Disease or Syndrome,Approved
Minocycline,DB01017,Granuloma Inguinale,C0018190,Disease or Syndrome,Approved
Minocycline,DB01017,Sinusitis,C0037199,Disease or Syndrome,Approved
Minocycline,DB01017,Chlamydia trachomatis infection of genital structure,C1997322,Disease or Syndrome,Approved
Minocycline,DB01017,Gonorrhea of rectum,C0275665,Disease or Syndrome,Approved
Minocycline,DB01017,Acute gonococcal urethritis,C0275652,Disease or Syndrome,Approved
Minocycline,DB01017,Gonorrhea,C0018081,Disease or Syndrome,Approved
Minocycline,DB01017,Fusospirochetal pharyngitis,C1318559,Disease or Syndrome,Approved
Minocycline,DB01017,Rocky Mountain Spotted Fever,C0035793,Disease or Syndrome,Approved
Minocycline,DB01017,Chancroids,C0007947,Disease or Syndrome,Approved
Minocycline,DB01017,Trachoma,C0040592,Disease or Syndrome,Approved
Minocycline,DB01017,Tularemia,C0041351,Disease or Syndrome,Approved
Minocycline,DB01017,Pharyngitis,C0031350,Disease or Syndrome,Approved
Minocycline,DB01017,Gingivostomatitis,C0149704,Disease or Syndrome,Approved
Minocycline,DB01017,Q Fever,C0034362,Disease or Syndrome,Approved
Minocycline,DB01017,Acute gonococcal cervicitis,C0153195,Disease or Syndrome,Approved
Minocycline,DB01017,Urinary tract infection,C0042029,Disease or Syndrome,Approved
Minocycline,DB01017,Bartonella Infections,C0004771,Disease or Syndrome,Approved
Minocycline,DB01017,Yaws,C0043388,Disease or Syndrome,Approved
Minocycline,DB01017,Rickettsialpox,C0035597,Disease or Syndrome,Approved
Minocycline,DB01017,Pneumonia,C0032285,Disease or Syndrome,Approved
Guanfacine,DB01018,Hypertensive disease,C0020538,Disease or Syndrome,Approved
Guanfacine,DB01018,Attention deficit hyperactivity disorder,C1263846,Mental or Behavioral Dysfunction,Approved
Bethanechol,DB01019,Urinary Retention,C0080274,Finding,Approved
Isosorbide Mononitrate,DB01020,Angina Pectoris,C0002962,Finding,Approved
Trichlormethiazide,DB01021,Hypertensive disease,C0020538,Disease or Syndrome,Approved
Phylloquinone,DB01022,Hypocalcemia,C0020598,Disease or Syndrome,Approved
Phylloquinone,DB01022,Osteoporosis,C0029456,Disease or Syndrome,Approved
Phylloquinone,DB01022,Factor II deficiency,C3203356,Disease or Syndrome,Approved
Felodipine,DB01023,Hypertensive disease,C0020538,Disease or Syndrome,Approved
Amlexanox,DB01025,Aphthous Stomatitis,C0038363,Disease or Syndrome,Approved
Ketoconazole,DB01026,Oral candidiasis,C0006849,Disease or Syndrome,Approved
Ketoconazole,DB01026,Scurfiness of scalp,C0423775,Disease or Syndrome,Approved
Ketoconazole,DB01026,Seborrheic dermatitis,C0036508,Disease or Syndrome,Approved
Ketoconazole,DB01026,Coccidioidomycosis,C0009186,Disease or Syndrome,Approved
Ketoconazole,DB01026,Chromoblastomycosis,C0008582,Disease or Syndrome,Approved
Ketoconazole,DB01026,Histoplasmosis,C0019655,Disease or Syndrome,Approved
Ketoconazole,DB01026,Tinea Versicolor,C0040262,Disease or Syndrome,Approved
Ketoconazole,DB01026,Paracoccidioidomycosis,C0030409,Disease or Syndrome,Approved
Ketoconazole,DB01026,Systemic candidiasis,C0153252,Disease or Syndrome,Approved
Ketoconazole,DB01026,Tinea cruris,C1384589,Disease or Syndrome,Approved
Ketoconazole,DB01026,Cutaneous Candidiasis,C0006846,Disease or Syndrome,Approved
Ketoconazole,DB01026,Tinea corporis (disorder),C0040252,Disease or Syndrome,Approved
Ketoconazole,DB01026,Blastomycosis,C0005716,Disease or Syndrome,Approved
Ketoconazole,DB01026,Tinea Pedis,C0040259,Disease or Syndrome,Approved
Ketoconazole,DB01026,Adrenal Gland Hyperfunction,C0001622,Disease or Syndrome,Approved
Irbesartan,DB01029,Hypertensive disease,C0020538,Disease or Syndrome,Approved
Irbesartan,DB01029,Diabetic Nephropathy,C0011881,Disease or Syndrome,Approved
Topotecan,DB01030,Malignant neoplasm of ovary,C1140680,Neoplastic Process,Approved
Topotecan,DB01030,Small cell carcinoma of lung,C0149925,Neoplastic Process,Approved
Topotecan,DB01030,Malignant tumor of cervix,C0007847,Neoplastic Process,Approved
Ethinamate,DB01031,Sleeplessness,C0917801,Sign or Symptom,Approved
Probenecid,DB01032,Acute gonococcal endometritis,C0153196,Disease or Syndrome,Approved
Probenecid,DB01032,"Arthritis, Gouty",C0003868,Disease or Syndrome,Approved
Probenecid,DB01032,Acute gonococcal urethritis,C0275652,Disease or Syndrome,Approved
Probenecid,DB01032,Acute gonococcal cervicitis,C0153195,Disease or Syndrome,Approved
Probenecid,DB01032,Gonorrhea,C0018081,Disease or Syndrome,Approved
Probenecid,DB01032,Chronic gouty arthritis,C0268108,Disease or Syndrome,Approved
Probenecid,DB01032,Hyperuricemia,C0740394,Disease or Syndrome,Approved
Probenecid,DB01032,Gonorrhea of rectum,C0275665,Disease or Syndrome,Approved
Mercaptopurine,DB01033,Acute Promyelocytic Leukemia,C0023487,Neoplastic Process,Approved
Mercaptopurine,DB01033,Acute lymphocytic leukemia,C0023449,Neoplastic Process,Approved
Tolterodine,DB01036,Increased frequency of micturition,C0042023,Finding,Approved
Tolterodine,DB01036,Urge Incontinence,C0150045,Finding,Approved
Tolterodine,DB01036,Urgency of micturition,C0085606,Disease or Syndrome,Approved
Tolterodine,DB01036,Bladder muscle dysfunction - overactive,C0403643,Disease or Syndrome,Approved
Selegiline,DB01037,Major Depressive Disorder,C1269683,Mental or Behavioral Dysfunction,Approved
Selegiline,DB01037,Parkinson Disease,C0030567,Disease or Syndrome,Approved
Fenofibrate,DB01039,Hypercholesterolemia,C0020443,Disease or Syndrome,Approved
Fenofibrate,DB01039,Hyperlipidemia,C0020473,Disease or Syndrome,Approved
Fenofibrate,DB01039,Hypertriglyceridemia,C0020557,Disease or Syndrome,Approved
Fenofibrate,DB01039,"Hyperlipidemia, Familial Combined",C0020474,Disease or Syndrome,Approved
Fenofibrate,DB01039,Hypoalphalipoproteinemias,C0473527,Disease or Syndrome,Approved
Fenofibrate,DB01039,Familial hypercholesterolemia - heterozygous,C0342882,Disease or Syndrome,Approved
Thalidomide,DB01041,Multiple Myeloma,C0026764,Neoplastic Process,Approved
Thalidomide,DB01041,Erythema nodosum leprosum,C0343467,Disease or Syndrome,Approved
Melphalan,DB01042,Malignant neoplasm of ovary,C1140680,Neoplastic Process,Approved
Melphalan,DB01042,Multiple Myeloma,C0026764,Neoplastic Process,Approved
Gatifloxacin,DB01044,Acute exacerbation of chronic bronchitis,C0856695,Disease or Syndrome,Approved
Gatifloxacin,DB01044,Moraxella catarrhalis pneumonia,C0857831,Disease or Syndrome,Approved
Gatifloxacin,DB01044,Bacterial conjunctivitis,C0009768,Disease or Syndrome,Approved
Gatifloxacin,DB01044,Legionella pneumophila pneumonia,C0857846,Disease or Syndrome,Approved
Gatifloxacin,DB01044,Escherichia coli urinary tract infection,C0577708,Disease or Syndrome,Approved
Gatifloxacin,DB01044,Streptococcal pneumonia,C0155862,Disease or Syndrome,Approved
Gatifloxacin,DB01044,Chlamydial pneumonia,C0339959,Disease or Syndrome,Approved
Gatifloxacin,DB01044,Acute gonococcal urethritis,C0275652,Disease or Syndrome,Approved
Gatifloxacin,DB01044,Haemophilus influenzae pneumonia,C0276026,Disease or Syndrome,Approved
Gatifloxacin,DB01044,Staphylococcal Pneumonia,C0032308,Disease or Syndrome,Approved
Gatifloxacin,DB01044,Gonorrhea of rectum,C0275665,Disease or Syndrome,Approved
Gatifloxacin,DB01044,PYELONEPHRITIS E COLI,C0748196,Finding,Approved
Gatifloxacin,DB01044,Staphylococcus aureus infection,C1318973,Disease or Syndrome,Approved
Gatifloxacin,DB01044,Acute gonococcal cervicitis,C0153195,Disease or Syndrome,Approved
Gatifloxacin,DB01044,"Pneumonia, Bacterial",C0004626,Disease or Syndrome,Approved
Gatifloxacin,DB01044,Mycoplasma pneumonia,C0032302,Disease or Syndrome,Approved
Gatifloxacin,DB01044,Klebsiella cystitis,C0520775,Disease or Syndrome,Approved
Gatifloxacin,DB01044,Haemophilus parainfluenzae pneumonia,C0877633,Disease or Syndrome,Approved
Gatifloxacin,DB01044,Proteus urinary tract infection,C0577709,Disease or Syndrome,Approved
Rifampicin,DB01045,Acute tuberculosis,C0275959,Disease or Syndrome,Approved
Rifampicin,DB01045,Meningococcus carrier,C0421162,Finding,Approved
Rifampicin,DB01045,"Tuberculosis, Pulmonary",C0041327,Disease or Syndrome,Approved
Lubiprostone,DB01046,Chronic idiopathic constipation,C0267509,Disease or Syndrome,Approved
Lubiprostone,DB01046,Irritable bowel syndrome characterized by constipation,C1868889,Disease or Syndrome,Approved
Fluocinonide,DB01047,Lichen Simplex Chronicus,C0149922,Disease or Syndrome,Approved
Fluocinonide,DB01047,Seborrheic dermatitis,C0036508,Disease or Syndrome,Approved
Fluocinonide,DB01047,Scalp psoriasis,C0406326,Disease or Syndrome,Approved
Fluocinonide,DB01047,Contact Dermatitis,C0011616,Disease or Syndrome,Approved
Fluocinonide,DB01047,Chronic small plaque psoriasis,C0406317,Disease or Syndrome,Approved
Fluocinonide,DB01047,Pruritus of genital organs,C0033777,Sign or Symptom,Approved
Fluocinonide,DB01047,Inflammatory dermatosis,C3875321,Disease or Syndrome,Approved
Fluocinonide,DB01047,Granuloma Annulare,C0085074,Disease or Syndrome,Approved
Fluocinonide,DB01047,Exanthema,C0015230,Sign or Symptom,Approved
Fluocinonide,DB01047,Pruritus Ani,C0033775,Sign or Symptom,Approved
Fluocinonide,DB01047,"Lupus Erythematosus, Discoid",C0024138,Disease or Syndrome,Approved
Fluocinonide,DB01047,"Lymphoma, T-Cell, Cutaneous",C0079773,Neoplastic Process,Approved
Abacavir,DB01048,HIV Infections,C0019693,Disease or Syndrome,Approved
Ergoloid mesylate,DB01049,Dementia,C0497327,Mental or Behavioral Dysfunction,Approved
Ibuprofen,DB01050,Influenza-like symptoms,C0392171,Sign or Symptom,Approved
Ibuprofen,DB01050,Severe pain,C0278140,Finding,Approved
Ibuprofen,DB01050,Rheumatoid Arthritis,C0003873,Disease or Syndrome,Approved
Ibuprofen,DB01050,Acute postoperative pain,C2215257,Sign or Symptom,Approved
Ibuprofen,DB01050,Pain,C0030193,Sign or Symptom,Approved
Ibuprofen,DB01050,Fever,C0015967,Finding,Approved
Ibuprofen,DB01050,Headache Disorders,C0393735,Disease or Syndrome,Approved
Ibuprofen,DB01050,Dysmenorrhea,C0013390,Pathologic Function,Approved
Ibuprofen,DB01050,Degenerative polyarthritis,C0029408,Disease or Syndrome,Approved
Ibuprofen,DB01050,Sinus headache,C0037195,Finding,Approved
Benzylpenicillin,DB01053,Septicemia due to enterococcus,C0588233,Disease or Syndrome,Approved
Benzylpenicillin,DB01053,Streptococcal toxic shock syndrome,C0343532,Disease or Syndrome,Approved
Benzylpenicillin,DB01053,Botulism,C0006057,Injury or Poisoning,Approved
Benzylpenicillin,DB01053,Gonococcal joint infection,C0153216,Disease or Syndrome,Approved
Benzylpenicillin,DB01053,"Syphilis, Congenital",C0039131,Disease or Syndrome,Approved
Benzylpenicillin,DB01053,Neurosyphilis,C0027927,Disease or Syndrome,Approved
Benzylpenicillin,DB01053,Neonatal meningitis,C0456107,Disease or Syndrome,Approved
Benzylpenicillin,DB01053,"Syphilis, secondary",C0149985,Disease or Syndrome,Approved
Benzylpenicillin,DB01053,Pasteurella Infections,C0030636,Disease or Syndrome,Approved
Benzylpenicillin,DB01053,Yaws,C0043388,Disease or Syndrome,Approved
Benzylpenicillin,DB01053,Infection by Pasteurella multocida,C1260911,Disease or Syndrome,Approved
Benzylpenicillin,DB01053,Gingivostomatitis,C0149704,Disease or Syndrome,Approved
Benzylpenicillin,DB01053,Abdominal actinomycosis,C0001263,Disease or Syndrome,Approved
Benzylpenicillin,DB01053,Latent yaws,C0153240,Disease or Syndrome,Approved
Benzylpenicillin,DB01053,Tetanus,C0039614,Disease or Syndrome,Approved
Benzylpenicillin,DB01053,Infection due to Erysipelothrix rhusiopathiae (disorder),C1276801,Disease or Syndrome,Approved
Benzylpenicillin,DB01053,Acute otitis media,C0271429,Disease or Syndrome,Approved
Benzylpenicillin,DB01053,Cutaneous anthrax,C0003177,Disease or Syndrome,Approved
Benzylpenicillin,DB01053,Late latent syphilis,C1260915,Disease or Syndrome,Approved
Benzylpenicillin,DB01053,Infection of skin AND/OR subcutaneous tissue,C0178299,Disease or Syndrome,Approved
Benzylpenicillin,DB01053,Meningococcal meningitis,C0025294,Disease or Syndrome,Approved
Benzylpenicillin,DB01053,Listerial endocarditis,C0348868,Disease or Syndrome,Approved
Benzylpenicillin,DB01053,Rat-Bite Fever,C0034686,Disease or Syndrome,Approved
Benzylpenicillin,DB01053,Streptococcal meningitis,C0154639,Disease or Syndrome,Approved
Benzylpenicillin,DB01053,"Syphilis, Latent",C0039133,Disease or Syndrome,Approved
Benzylpenicillin,DB01053,Pulmonary actinomycosis,C0275566,Disease or Syndrome,Approved
Benzylpenicillin,DB01053,Upper Respiratory Infections,C0041912,Disease or Syndrome,Approved
Benzylpenicillin,DB01053,"Meningitis, Pneumococcal",C0025295,Disease or Syndrome,Approved
Benzylpenicillin,DB01053,Anthrax sepsis,C0152946,Disease or Syndrome,Approved
Benzylpenicillin,DB01053,Pinta,C0031946,Disease or Syndrome,Approved
Benzylpenicillin,DB01053,Streptococcal Infections,C0038395,Disease or Syndrome,Approved
Benzylpenicillin,DB01053,Streptococcal pneumonia,C0155862,Disease or Syndrome,Approved
Benzylpenicillin,DB01053,Bejel,C0004945,Disease or Syndrome,Approved
Benzylpenicillin,DB01053,"Pneumonia, Necrotizing",C0264515,Disease or Syndrome,Approved
Benzylpenicillin,DB01053,Cervicofacial actinomycosis,C0001264,Disease or Syndrome,Approved
Benzylpenicillin,DB01053,Lung Abscess,C0024110,Disease or Syndrome,Approved
Benzylpenicillin,DB01053,Syphilis,C0039128,Disease or Syndrome,Approved
Benzylpenicillin,DB01053,Infective otitis media,C0729586,Disease or Syndrome,Approved
Benzylpenicillin,DB01053,"Syphilis, tertiary",C0153188,Disease or Syndrome,Approved
Benzylpenicillin,DB01053,Streptococcal tonsillitis,C0275804,Disease or Syndrome,Approved
Benzylpenicillin,DB01053,Erysipelas,C0014733,Disease or Syndrome,Approved
Benzylpenicillin,DB01053,Streptococcus pyogenes infection,C0554628,Disease or Syndrome,Approved
Benzylpenicillin,DB01053,Primary genital syphilis,C0017418,Disease or Syndrome,Approved
Benzylpenicillin,DB01053,GONOCOCCAL INFECTION DISSEMINATED,C0744451,Disease or Syndrome,Approved
Benzylpenicillin,DB01053,Anthrax disease,C0003175,Disease or Syndrome,Approved
Benzylpenicillin,DB01053,Sepsis of the newborn,C0456103,Disease or Syndrome,Approved
Benzylpenicillin,DB01053,"Early latent syphilis, positive serology, negative cerebrospinal fluid, less than 2 years after infection",C0275842,Disease or Syndrome,Approved
Benzylpenicillin,DB01053,Fusospirochetal pharyngitis,C1318559,Disease or Syndrome,Approved
Benzylpenicillin,DB01053,Bacterial Endocarditis,C0014121,Disease or Syndrome,Approved
Benzylpenicillin,DB01053,Gas gangrene caused by clostridium perfringens,C0343500,Disease or Syndrome,Approved
Benzylpenicillin,DB01053,Scarlet Fever,C0036285,Disease or Syndrome,Approved
Benzylpenicillin,DB01053,Neonatal pneumonia,C0339968,Disease or Syndrome,Approved
Benzylpenicillin,DB01053,"Meningitis, Listeria",C0025293,Disease or Syndrome,Approved
Benzylpenicillin,DB01053,Gastrointestinal anthrax,C0152945,Disease or Syndrome,Approved
Benzylpenicillin,DB01053,Streptococcal endocarditis,C3665800,Disease or Syndrome,Approved
Benzylpenicillin,DB01053,Tertiary lesion of yaws,C0343833,Disease or Syndrome,Approved
Benzylpenicillin,DB01053,Inhalational anthrax,C0155866,Disease or Syndrome,Approved
Benzylpenicillin,DB01053,Pharyngitis,C0031350,Disease or Syndrome,Approved
Benzylpenicillin,DB01053,Staphylococcus aureus infection,C1318973,Disease or Syndrome,Approved
Benzylpenicillin,DB01053,Actinomycosis,C0001261,Disease or Syndrome,Approved
Benzylpenicillin,DB01053,Meningococcemia,C0025306,Disease or Syndrome,Approved
Tocainide,DB01056,Ventricular arrhythmia,C0085612,Disease or Syndrome,Approved
Echothiophate,DB01057,Glaucoma,C0017601,Disease or Syndrome,Approved
Echothiophate,DB01057,"Glaucoma, Open-Angle",C0017612,Disease or Syndrome,Approved
Echothiophate,DB01057,Esotropia,C0014877,Disease or Syndrome,Approved
Echothiophate,DB01057,Stargardt's disease,C0271093,Finding,Approved
Praziquantel,DB01058,Opisthorchiasis,C0029106,Disease or Syndrome,Approved
Praziquantel,DB01058,Schistosomiasis,C0036323,Disease or Syndrome,Approved
Norfloxacin,DB01059,Pneumonia due to Pseudomonas,C0155860,Disease or Syndrome,Approved
Norfloxacin,DB01059,Pneumonia due to Klebsiella pneumoniae,C0519030,Disease or Syndrome,Approved
Norfloxacin,DB01059,Enterobacter pneumonia,C1096258,Disease or Syndrome,Approved
Norfloxacin,DB01059,Streptococcal pneumonia,C0155862,Disease or Syndrome,Approved
Norfloxacin,DB01059,Streptococcus pyogenes infection,C0554628,Disease or Syndrome,Approved
Norfloxacin,DB01059,Acute Moraxella catarrhalis bronchitis,C0339932,Disease or Syndrome,Approved
Norfloxacin,DB01059,Female pelvic cellulitis,C0349734,Disease or Syndrome,Approved
Norfloxacin,DB01059,Bacterial infection due to Klebsiella pneumoniae,C0343402,Disease or Syndrome,Approved
Norfloxacin,DB01059,Miscarriage with sepsis,C0269398,Pathologic Function,Approved
Norfloxacin,DB01059,URINARY TRACT INFECTION ENTEROCOCCUS,C0749958,Disease or Syndrome,Approved
Norfloxacin,DB01059,Shigella Infections,C0013371,Disease or Syndrome,Approved
Norfloxacin,DB01059,prostatitis,C0033581,Disease or Syndrome,Approved
Norfloxacin,DB01059,Pneumonia due to Escherichia coli,C0276089,Disease or Syndrome,Approved
Norfloxacin,DB01059,Legionella pneumophila pneumonia,C0857846,Disease or Syndrome,Approved
Norfloxacin,DB01059,Cystitis escherichia,C0853852,Disease or Syndrome,Approved
Norfloxacin,DB01059,Lower respiratory tract infection,C0149725,Disease or Syndrome,Approved
Norfloxacin,DB01059,Escherichia coli septicemia,C0276088,Disease or Syndrome,Approved
Norfloxacin,DB01059,Haemophilus influenzae pneumonia,C0276026,Disease or Syndrome,Approved
Norfloxacin,DB01059,Staphylococcal Pneumonia,C0032308,Disease or Syndrome,Approved
Norfloxacin,DB01059,Moraxella catarrhalis pneumonia,C0857831,Disease or Syndrome,Approved
Norfloxacin,DB01059,"Pneumonia, Bacterial",C0004626,Disease or Syndrome,Approved
Norfloxacin,DB01059,Postnatal infection,C1278797,Disease or Syndrome,Approved
Norfloxacin,DB01059,Proteus pneumonia,C1260917,Disease or Syndrome,Approved
Norfloxacin,DB01059,Acute gonococcal endometritis,C0153196,Disease or Syndrome,Approved
Norfloxacin,DB01059,Acute osteomyelitis,C0158371,Disease or Syndrome,Approved
Norfloxacin,DB01059,Malignant otitis externa due to Pseudomonas aeruginosa,C0395818,Disease or Syndrome,Approved
Norfloxacin,DB01059,Peritonitis,C0031154,Disease or Syndrome,Approved
Norfloxacin,DB01059,Acute maxillary sinusitis,C0155804,Disease or Syndrome,Approved
Norfloxacin,DB01059,Proteus urinary tract infection,C0577709,Disease or Syndrome,Approved
Norfloxacin,DB01059,Otitis Externa,C0029878,Disease or Syndrome,Approved
Norfloxacin,DB01059,Urinary tract infection,C0042029,Disease or Syndrome,Approved
Norfloxacin,DB01059,Rhinoscleroma,C0035468,Disease or Syndrome,Approved
Norfloxacin,DB01059,Chlamydial pelvic inflammatory disease,C0520777,Disease or Syndrome,Approved
Norfloxacin,DB01059,Anthrax disease,C0003175,Disease or Syndrome,Approved
Norfloxacin,DB01059,Arthropathy associated with infection,C0157749,Disease or Syndrome,Approved
Norfloxacin,DB01059,Bacterial urinary infection,C0729524,Disease or Syndrome,Approved
Norfloxacin,DB01059,Traveler's diarrhea,C0277528,Disease or Syndrome,Approved
Norfloxacin,DB01059,Bronchitis,C0006277,Disease or Syndrome,Approved
Norfloxacin,DB01059,Bacterial conjunctivitis,C0009768,Disease or Syndrome,Approved
Norfloxacin,DB01059,Female genital tract infection,C1263758,Disease or Syndrome,Approved
Norfloxacin,DB01059,PYELONEPHRITIS E COLI,C0748196,Finding,Approved
Norfloxacin,DB01059,Chancroids,C0007947,Disease or Syndrome,Approved
Norfloxacin,DB01059,Chlamydial cervicitis,C0341834,Disease or Syndrome,Approved
Norfloxacin,DB01059,Acute bacterial bronchitis,C0339933,Disease or Syndrome,Approved
Norfloxacin,DB01059,Chlamydial pneumonia,C0339959,Disease or Syndrome,Approved
Norfloxacin,DB01059,Acute exacerbation of chronic bronchitis,C0856695,Disease or Syndrome,Approved
Norfloxacin,DB01059,Pyelonephritis,C0034186,Disease or Syndrome,Approved
Norfloxacin,DB01059,Endomyometritis,C0269050,Disease or Syndrome,Approved
Norfloxacin,DB01059,Typhoid Fever,C0041466,Disease or Syndrome,Approved
Norfloxacin,DB01059,Infective otitis externa,C0021355,Disease or Syndrome,Approved
Norfloxacin,DB01059,Gonorrhea of rectum,C0275665,Disease or Syndrome,Approved
Norfloxacin,DB01059,Haemophilus parainfluenzae pneumonia,C0877633,Disease or Syndrome,Approved
Norfloxacin,DB01059,Mycoplasma pneumonia,C0032302,Disease or Syndrome,Approved
Norfloxacin,DB01059,Intraabdominal Infections,C1112209,Disease or Syndrome,Approved
Norfloxacin,DB01059,Chronic Bacterial Prostatitis,C1720797,Disease or Syndrome,Approved
Norfloxacin,DB01059,Enterobacteriaceae Infections,C0014347,Disease or Syndrome,Approved
Norfloxacin,DB01059,Chlamydial urethritis,C1278807,Disease or Syndrome,Approved
Norfloxacin,DB01059,Acute gonococcal cervicitis,C0153195,Disease or Syndrome,Approved
Norfloxacin,DB01059,non-gonococcal urethritis (NGU),C1112709,Disease or Syndrome,Approved
Norfloxacin,DB01059,Pneumonia,C0032285,Disease or Syndrome,Approved
Norfloxacin,DB01059,Klebsiella cystitis,C0520775,Disease or Syndrome,Approved
Norfloxacin,DB01059,Infection of bone,C2242472,Disease or Syndrome,Approved
Norfloxacin,DB01059,URINARY TRACT INFECTION CITROBACTER,C0749955,Disease or Syndrome,Approved
Norfloxacin,DB01059,Abdominal Abscess,C0243001,Disease or Syndrome,Approved
Norfloxacin,DB01059,Cystitis,C0010692,Disease or Syndrome,Approved
Norfloxacin,DB01059,Postoperative infection,C0392618,Pathologic Function,Approved
Norfloxacin,DB01059,Infection of skin AND/OR subcutaneous tissue,C0178299,Disease or Syndrome,Approved
Norfloxacin,DB01059,Acute gonococcal urethritis,C0275652,Disease or Syndrome,Approved
Norfloxacin,DB01059,Staphylococcus aureus infection,C1318973,Disease or Syndrome,Approved
Norfloxacin,DB01059,Gonorrhea,C0018081,Disease or Syndrome,Approved
Norfloxacin,DB01059,Escherichia coli Infections,C0014836,Disease or Syndrome,Approved
Norfloxacin,DB01059,Enteric campylobacteriosis,C0275982,Disease or Syndrome,Approved
Norfloxacin,DB01059,Infective cystitis,C0600041,Disease or Syndrome,Approved
Norfloxacin,DB01059,Escherichia coli urinary tract infection,C0577708,Disease or Syndrome,Approved
Norfloxacin,DB01059,Acute bacterial sinusitis,C0275556,Disease or Syndrome,Approved
Norfloxacin,DB01059,Nosocomial pneumonia,C0949083,Disease or Syndrome,Approved
Norfloxacin,DB01059,Chronic tubotympanic suppurative otitis media,C0155440,Disease or Syndrome,Approved
Amoxicillin,DB01060,Haemophilus influenzae pneumonia,C0276026,Disease or Syndrome,Approved
Amoxicillin,DB01060,Acute otitis media,C0271429,Disease or Syndrome,Approved
Amoxicillin,DB01060,pharyngitis due to Haemophilus influenzae,C2062475,Disease or Syndrome,Approved
Amoxicillin,DB01060,"Pneumonia, Bacterial",C0004626,Disease or Syndrome,Approved
Amoxicillin,DB01060,Lower respiratory tract infection,C0149725,Disease or Syndrome,Approved
Amoxicillin,DB01060,Genitourinary tract infection,C1279247,Disease or Syndrome,Approved
Amoxicillin,DB01060,Pneumonia due to Staphylococcus aureus,C2349530,Disease or Syndrome,Approved
Amoxicillin,DB01060,Haemophilus parainfluenzae pneumonia,C0877633,Disease or Syndrome,Approved
Amoxicillin,DB01060,Acute exacerbation of chronic bronchitis,C0856695,Disease or Syndrome,Approved
Amoxicillin,DB01060,Bacterial urinary infection,C0729524,Disease or Syndrome,Approved
Amoxicillin,DB01060,Pharyngitis,C0031350,Disease or Syndrome,Approved
Amoxicillin,DB01060,Rhinoscleroma,C0035468,Disease or Syndrome,Approved
Amoxicillin,DB01060,Moraxella catarrhalis pneumonia,C0857831,Disease or Syndrome,Approved
Amoxicillin,DB01060,Streptococcal pneumonia,C0155862,Disease or Syndrome,Approved
Amoxicillin,DB01060,Escherichia coli urinary tract infection,C0577708,Disease or Syndrome,Approved
Amoxicillin,DB01060,Pneumonia due to Klebsiella pneumoniae,C0519030,Disease or Syndrome,Approved
Amoxicillin,DB01060,Staphylococcus aureus infection,C1318973,Disease or Syndrome,Approved
Amoxicillin,DB01060,Staphylococcal pharyngitis,C0275794,Disease or Syndrome,Approved
Amoxicillin,DB01060,Streptococcal tonsillitis,C0275804,Disease or Syndrome,Approved
Amoxicillin,DB01060,Helicobacter-associated gastritis,C0343378,Disease or Syndrome,Approved
Amoxicillin,DB01060,Staphylococcal tonsillitis,C0275793,Disease or Syndrome,Approved
Amoxicillin,DB01060,Infection of skin AND/OR subcutaneous tissue,C0178299,Disease or Syndrome,Approved
Amoxicillin,DB01060,Escherichia coli Infections,C0014836,Disease or Syndrome,Approved
Amoxicillin,DB01060,Klebsiella cystitis,C0520775,Disease or Syndrome,Approved
Amoxicillin,DB01060,Acute bacterial sinusitis,C0275556,Disease or Syndrome,Approved
Amoxicillin,DB01060,Urinary tract infection,C0042029,Disease or Syndrome,Approved
Amoxicillin,DB01060,Infective otitis media,C0729586,Disease or Syndrome,Approved
Azlocillin,DB01061,Aspiration Pneumonia,C0032290,Disease or Syndrome,Approved
Azlocillin,DB01061,Enterobacter pneumonia,C1096258,Disease or Syndrome,Approved
Azlocillin,DB01061,Serratia Infections,C0085394,Disease or Syndrome,Approved
Azlocillin,DB01061,Pneumonia due to Pseudomonas,C0155860,Disease or Syndrome,Approved
Azlocillin,DB01061,Pneumonia due to Escherichia coli,C0276089,Disease or Syndrome,Approved
Azlocillin,DB01061,Urinary tract infection,C0042029,Disease or Syndrome,Approved
Azlocillin,DB01061,Bacterial sepsis,C0684256,Disease or Syndrome,Approved
Azlocillin,DB01061,Infection of bone,C2242472,Disease or Syndrome,Approved
Azlocillin,DB01061,Infection of skin AND/OR subcutaneous tissue,C0178299,Disease or Syndrome,Approved
Azlocillin,DB01061,Arthropathy associated with infection,C0157749,Disease or Syndrome,Approved
Azlocillin,DB01061,Haemophilus influenzae pneumonia,C0276026,Disease or Syndrome,Approved
Azlocillin,DB01061,Bacterial infection due to Klebsiella pneumoniae,C0343402,Disease or Syndrome,Approved
Oxybutynin,DB01062,Increased frequency of micturition,C0042023,Finding,Approved
Oxybutynin,DB01062,Urgency of micturition,C0085606,Disease or Syndrome,Approved
Oxybutynin,DB01062,Urge Incontinence,C0150045,Finding,Approved
Oxybutynin,DB01062,Bladder muscle dysfunction - overactive,C0403643,Disease or Syndrome,Approved
Oxybutynin,DB01062,Neurogenic Urinary Bladder,C0005697,Disease or Syndrome,Approved
Acetophenazine,DB01063,Psychotic Disorders,C0033975,Mental or Behavioral Dysfunction,Approved
Isoprenaline,DB01064,Common Cold,C0009443,Disease or Syndrome,Approved
Isoprenaline,DB01064,Low Cardiac Output Syndrome,C0600177,Pathologic Function,Approved
Isoprenaline,DB01064,Atrioventricular Block,C0004245,Disease or Syndrome,Approved
Isoprenaline,DB01064,Hypovolemic Shock,C0020683,Pathologic Function,Approved
Isoprenaline,DB01064,Cardiac Arrest,C0018790,Disease or Syndrome,Approved
Melatonin,DB01065,Sleep Initiation and Maintenance Disorders,C0021603,Disease or Syndrome,Approved
Cefditoren,DB01066,Streptococcal tonsillitis,C0275804,Disease or Syndrome,Approved
Cefditoren,DB01066,Streptococcus pyogenes infection,C0554628,Disease or Syndrome,Approved
Cefditoren,DB01066,"Pneumonia, Bacterial",C0004626,Disease or Syndrome,Approved
Cefditoren,DB01066,Acute exacerbation of chronic bronchitis,C0856695,Disease or Syndrome,Approved
Cefditoren,DB01066,Streptococcal pneumonia,C0155862,Disease or Syndrome,Approved
Cefditoren,DB01066,Haemophilus parainfluenzae pneumonia,C0877633,Disease or Syndrome,Approved
Cefditoren,DB01066,Staphylococcus aureus infection,C1318973,Disease or Syndrome,Approved
Cefditoren,DB01066,Haemophilus influenzae pneumonia,C0276026,Disease or Syndrome,Approved
Cefditoren,DB01066,Moraxella catarrhalis pneumonia,C0857831,Disease or Syndrome,Approved
Glipizide,DB01067,"Diabetes Mellitus, Non-Insulin-Dependent",C0011860,Disease or Syndrome,Approved
Clonazepam,DB01068,Epileptic drop attack,C0270846,Disease or Syndrome,Approved
Clonazepam,DB01068,Panic Disorder,C0030319,Mental or Behavioral Dysfunction,Approved
Clonazepam,DB01068,Absence Epilepsy,C0014553,Disease or Syndrome,Approved
Clonazepam,DB01068,Lennox-Gastaut syndrome,C0238111,Disease or Syndrome,Approved
Clonazepam,DB01068,"Epilepsies, Myoclonic",C0014550,Disease or Syndrome,Approved
Promethazine,DB01069,Hay fever,C0018621,Disease or Syndrome,Approved
Promethazine,DB01069,Nausea and vomiting,C0027498,Sign or Symptom,Approved
Promethazine,DB01069,"Rhinitis, Vasomotor",C0035460,Disease or Syndrome,Approved
Promethazine,DB01069,Urticaria,C0042109,Disease or Syndrome,Approved
Promethazine,DB01069,Allergic Conjunctivitis,C0009766,Disease or Syndrome,Approved
Dihydrotachysterol,DB01070,Hypocalcemia,C0020598,Disease or Syndrome,Approved
Dihydrotachysterol,DB01070,Tetany,C0039621,Disease or Syndrome,Approved
Dihydrotachysterol,DB01070,Hypoparathyroidism,C0020626,Disease or Syndrome,Approved
Dihydrotachysterol,DB01070,Rickets,C0035579,Disease or Syndrome,Approved
Dihydrotachysterol,DB01070,Hypophosphatemia,C0085682,Disease or Syndrome,Approved
Atazanavir,DB01072,HIV Infections,C0019693,Disease or Syndrome,Approved
Diphenhydramine,DB01075,Allergic Conjunctivitis,C0009766,Disease or Syndrome,Approved
Diphenhydramine,DB01075,"Rhinitis, Vasomotor",C0035460,Disease or Syndrome,Approved
Diphenhydramine,DB01075,Hay fever,C0018621,Disease or Syndrome,Approved
Diphenhydramine,DB01075,Sleeplessness,C0917801,Sign or Symptom,Approved
Atorvastatin,DB01076,Angina Pectoris,C0002962,Finding,Approved
Atorvastatin,DB01076,Hypercholesterolemia,C0020443,Disease or Syndrome,Approved
Atorvastatin,DB01076,Hypertensive disease,C0020538,Disease or Syndrome,Approved
Atorvastatin,DB01076,Cerebrovascular accident,C0038454,Disease or Syndrome,Approved
Atorvastatin,DB01076,Familial hypercholesterolemia - heterozygous,C0342882,Disease or Syndrome,Approved
Atorvastatin,DB01076,"Hyperlipidemia, Familial Combined",C0020474,Disease or Syndrome,Approved
Atorvastatin,DB01076,Arteriosclerosis,C0003850,Disease or Syndrome,Approved
Atorvastatin,DB01076,Hyperlipoproteinemia Type III,C0020479,Disease or Syndrome,Approved
Atorvastatin,DB01076,Familial hypercholesterolemia - homozygous,C0342881,Disease or Syndrome,Approved
Atorvastatin,DB01076,"Angina Pectoris, Variant",C0002963,Disease or Syndrome,Approved
Atorvastatin,DB01076,Hypertriglyceridemia,C0020557,Disease or Syndrome,Approved
Etidronic acid,DB01077,Osteitis Deformans,C0029401,Disease or Syndrome,Approved
Etidronic acid,DB01077,Humoral hypercalcemia of malignancy (disorder),C0149911,Disease or Syndrome,Approved
Etidronic acid,DB01077,Heterotopic Ossification,C0029396,Pathologic Function,Approved
Vigabatrin,DB01080,Epilepsy characterized by intractable complex partial seizures,C2711653,Disease or Syndrome,Approved
Vigabatrin,DB01080,West Syndrome,C0037769,Disease or Syndrome,Approved
Diphenoxylate,DB01081,Diarrhea,C0011991,Sign or Symptom,Approved
Streptomycin,DB01082,Plague,C0032064,Disease or Syndrome,Approved
Streptomycin,DB01082,Escherichia coli urinary tract infection,C0577708,Disease or Syndrome,Approved
Streptomycin,DB01082,Haemophilus influenzae pneumonia,C0276026,Disease or Syndrome,Approved
Streptomycin,DB01082,Proteus urinary tract infection,C0577709,Disease or Syndrome,Approved
Streptomycin,DB01082,Chancroids,C0007947,Disease or Syndrome,Approved
Streptomycin,DB01082,Endocarditis haemophilus,C0854528,Disease or Syndrome,Approved
Streptomycin,DB01082,URINARY TRACT INFECTION ENTEROCOCCUS,C0749958,Disease or Syndrome,Approved
Streptomycin,DB01082,Klebsiella cystitis,C0520775,Disease or Syndrome,Approved
Streptomycin,DB01082,Brucellosis,C0006309,Disease or Syndrome,Approved
Streptomycin,DB01082,Acute tuberculosis,C0275959,Disease or Syndrome,Approved
Streptomycin,DB01082,Granuloma Inguinale,C0018190,Disease or Syndrome,Approved
Streptomycin,DB01082,Bacterial urinary infection,C0729524,Disease or Syndrome,Approved
Streptomycin,DB01082,Tularemia,C0041351,Disease or Syndrome,Approved
Streptomycin,DB01082,"Tuberculosis, Pulmonary",C0041327,Disease or Syndrome,Approved
Orlistat,DB01083,Obesity,C0028754,Disease or Syndrome,Approved
Emedastine,DB01084,Allergic Conjunctivitis,C0009766,Disease or Syndrome,Approved
Emedastine,DB01084,Urticaria,C0042109,Disease or Syndrome,Approved
Emedastine,DB01084,Pruritus,C0033774,Sign or Symptom,Approved
Pilocarpine,DB01085,Xerostomia,C0043352,Disease or Syndrome,Approved
Pilocarpine,DB01085,"Glaucoma, Open-Angle",C0017612,Disease or Syndrome,Approved
Pilocarpine,DB01085,Ocular Hypertension,C0028840,Disease or Syndrome,Approved
Benzocaine,DB01086,Skin irritation,C0152030,Finding,Approved
Benzocaine,DB01086,Coughing,C0010200,Sign or Symptom,Approved
Benzocaine,DB01086,Sore Throat,C0242429,Sign or Symptom,Approved
Benzocaine,DB01086,Pruritus,C0033774,Sign or Symptom,Approved
Benzocaine,DB01086,Mouth irritation,C0235339,Finding,Approved
Benzocaine,DB01086,Tinea,C0040247,Disease or Syndrome,Approved
Benzocaine,DB01086,Tinea corporis (disorder),C0040252,Disease or Syndrome,Approved
Benzocaine,DB01086,Tinea Pedis,C0040259,Disease or Syndrome,Approved
Primaquine,DB01087,"Malaria, Vivax",C0024537,Disease or Syndrome,Approved
Iloprost,DB01088,Pulmonary arterial hypertension,C2973725,Disease or Syndrome,Approved
Butenafine,DB01091,Tinea corporis (disorder),C0040252,Disease or Syndrome,Approved
Butenafine,DB01091,Tinea Versicolor,C0040262,Disease or Syndrome,Approved
Butenafine,DB01091,Tinea Pedis,C0040259,Disease or Syndrome,Approved
Butenafine,DB01091,Tinea cruris,C1384589,Disease or Syndrome,Approved
Dimethyl sulfoxide,DB01093,Interstitial Cystitis,C0282488,Disease or Syndrome,Approved
Fluvastatin,DB01095,"Hyperlipidemia, Familial Combined",C0020474,Disease or Syndrome,Approved
Fluvastatin,DB01095,Familial hypercholesterolemia - heterozygous,C0342882,Disease or Syndrome,Approved
Fluvastatin,DB01095,Hypercholesterolemia,C0020443,Disease or Syndrome,Approved
Fluvastatin,DB01095,Arteriosclerosis,C0003850,Disease or Syndrome,Approved
Oxamniquine,DB01096,Schistosomiasis,C0036323,Disease or Syndrome,Approved
Leflunomide,DB01097,Rheumatoid Arthritis,C0003873,Disease or Syndrome,Approved
Leflunomide,DB01097,"Arthritis, Psoriatic",C0003872,Disease or Syndrome,Approved
Rosuvastatin,DB01098,Familial hypercholesterolemia - heterozygous,C0342882,Disease or Syndrome,Approved
Rosuvastatin,DB01098,Cerebrovascular accident,C0038454,Disease or Syndrome,Approved
Rosuvastatin,DB01098,"Hyperlipidemia, Familial Combined",C0020474,Disease or Syndrome,Approved
Rosuvastatin,DB01098,Familial hypercholesterolemia - homozygous,C0342881,Disease or Syndrome,Approved
Rosuvastatin,DB01098,Arteriosclerosis,C0003850,Disease or Syndrome,Approved
Rosuvastatin,DB01098,Hypercholesterolemia,C0020443,Disease or Syndrome,Approved
Rosuvastatin,DB01098,Hypertriglyceridemia,C0020557,Disease or Syndrome,Approved
Rosuvastatin,DB01098,Hyperlipoproteinemia Type III,C0020479,Disease or Syndrome,Approved
Pimozide,DB01100,Gilles de la Tourette syndrome,C0040517,Disease or Syndrome,Approved
Capecitabine,DB01101,Metastasis from malignant tumor of colon,C1282500,Neoplastic Process,Approved
Capecitabine,DB01101,Malignant neoplasm of stomach,C0024623,Neoplastic Process,Approved
Capecitabine,DB01101,Carcinoma breast stage IV,C0278488,Neoplastic Process,Approved
Quinacrine,DB01103,Giardiasis,C0017536,Disease or Syndrome,Approved
Sertraline,DB01104,Premenstrual Dysphoric Disorder,C0520676,Mental or Behavioral Dysfunction,Approved
Sertraline,DB01104,Depressive disorder,C0011581,Mental or Behavioral Dysfunction,Approved
Sertraline,DB01104,"Phobia, Social",C0031572,Mental or Behavioral Dysfunction,Approved
Sertraline,DB01104,Obsessive-Compulsive Disorder,C0028768,Mental or Behavioral Dysfunction,Approved
Sertraline,DB01104,Panic Disorder,C0030319,Mental or Behavioral Dysfunction,Approved
Sertraline,DB01104,Post-Traumatic Stress Disorder,C0038436,Mental or Behavioral Dysfunction,Approved
Sibutramine,DB01105,Obesity,C0028754,Disease or Syndrome,Approved
Levocabastine,DB01106,Allergic Conjunctivitis,C0009766,Disease or Syndrome,Approved
Methyprylon,DB01107,Sleeplessness,C0917801,Sign or Symptom,Approved
Trilostane,DB01108,Adrenal Gland Hyperfunction,C0001622,Disease or Syndrome,Approved
Heparin,DB01109,Deep Vein Thrombosis,C0149871,Disease or Syndrome,Approved
Heparin,DB01109,Non-Q wave myocardial infarction,C0542269,Disease or Syndrome,Approved
Heparin,DB01109,Disseminated Intravascular Coagulation,C0012739,Disease or Syndrome,Approved
Heparin,DB01109,Peripheral arterial embolism,C0564750,Pathologic Function,Approved
Miconazole,DB01110,Diaper Rash,C0011974,Disease or Syndrome,Approved
Miconazole,DB01110,Tinea Pedis,C0040259,Disease or Syndrome,Approved
Miconazole,DB01110,"Candidiasis, Vulvovaginal",C0700345,Disease or Syndrome,Approved
Miconazole,DB01110,Tinea Versicolor,C0040262,Disease or Syndrome,Approved
Miconazole,DB01110,Tinea corporis (disorder),C0040252,Disease or Syndrome,Approved
Miconazole,DB01110,Tinea cruris,C1384589,Disease or Syndrome,Approved
Miconazole,DB01110,Cutaneous Candidiasis,C0006846,Disease or Syndrome,Approved
Miconazole,DB01110,Oropharyngeal candidiasis,C0919659,Disease or Syndrome,Approved
Miconazole,DB01110,Onychomycosis,C0040261,Disease or Syndrome,Approved
Colistimethate,DB01111,Enterobacter infection,C0948205,Disease or Syndrome,Approved
Colistimethate,DB01111,Pseudomonas aeruginosa infection,C0854135,Disease or Syndrome,Approved
Colistimethate,DB01111,Klebsiella Infections,C0022729,Disease or Syndrome,Approved
Cefuroxime,DB01112,Klebsiella cystitis,C0520775,Disease or Syndrome,Approved
Cefuroxime,DB01112,Acute maxillary sinusitis,C0155804,Disease or Syndrome,Approved
Cefuroxime,DB01112,Haemophilus influenzae pneumonia,C0276026,Disease or Syndrome,Approved
Cefuroxime,DB01112,Staphylococcal bacteraemia,C0152965,Disease or Syndrome,Approved
Cefuroxime,DB01112,Haemophilus sepsis,C0854324,Disease or Syndrome,Approved
Cefuroxime,DB01112,GONOCOCCAL INFECTION DISSEMINATED,C0744451,Disease or Syndrome,Approved
Cefuroxime,DB01112,Gonorrhea of rectum,C0275665,Disease or Syndrome,Approved
Cefuroxime,DB01112,Escherichia coli Infections,C0014836,Disease or Syndrome,Approved
Cefuroxime,DB01112,Staphylococcus aureus infection,C1318973,Disease or Syndrome,Approved
Cefuroxime,DB01112,Streptococcus pyogenes infection,C0554628,Disease or Syndrome,Approved
Cefuroxime,DB01112,Bacterial sepsis,C0684256,Disease or Syndrome,Approved
Cefuroxime,DB01112,Acute otitis media,C0271429,Disease or Syndrome,Approved
Cefuroxime,DB01112,Streptococcal tonsillitis,C0275804,Disease or Syndrome,Approved
Cefuroxime,DB01112,Lower respiratory tract infection,C0149725,Disease or Syndrome,Approved
Cefuroxime,DB01112,Impetigo,C0021099,Disease or Syndrome,Approved
Cefuroxime,DB01112,Escherichia coli septicemia,C0276088,Disease or Syndrome,Approved
Cefuroxime,DB01112,Infective otitis media,C0729586,Disease or Syndrome,Approved
Cefuroxime,DB01112,Osteomyelitis due to Staphylococcus aureus,C1997728,Disease or Syndrome,Approved
Cefuroxime,DB01112,"Pneumonia, Bacterial",C0004626,Disease or Syndrome,Approved
Cefuroxime,DB01112,Infection of bone,C2242472,Disease or Syndrome,Approved
Cefuroxime,DB01112,Gonorrhea,C0018081,Disease or Syndrome,Approved
Cefuroxime,DB01112,Bacterial infection due to Klebsiella pneumoniae,C0343402,Disease or Syndrome,Approved
Cefuroxime,DB01112,Lyme Disease,C0024198,Disease or Syndrome,Approved
Cefuroxime,DB01112,Staphylococcal Pneumonia,C0032308,Disease or Syndrome,Approved
Cefuroxime,DB01112,Enterobacteriaceae Infections,C0014347,Disease or Syndrome,Approved
Cefuroxime,DB01112,Escherichia coli urinary tract infection,C0577708,Disease or Syndrome,Approved
Cefuroxime,DB01112,Acute gonococcal endometritis,C0153196,Disease or Syndrome,Approved
Cefuroxime,DB01112,Acute gonococcal cervicitis,C0153195,Disease or Syndrome,Approved
Cefuroxime,DB01112,"Meningitis, Bacterial",C0085437,Disease or Syndrome,Approved
Cefuroxime,DB01112,Gonorrhea of pharynx,C0149966,Disease or Syndrome,Approved
Cefuroxime,DB01112,Rhinoscleroma,C0035468,Disease or Syndrome,Approved
Cefuroxime,DB01112,Pneumonia due to Escherichia coli,C0276089,Disease or Syndrome,Approved
Cefuroxime,DB01112,Acute gonococcal urethritis,C0275652,Disease or Syndrome,Approved
Cefuroxime,DB01112,Streptococcal sepsis,C0152964,Disease or Syndrome,Approved
Cefuroxime,DB01112,Arthropathy associated with infection,C0157749,Disease or Syndrome,Approved
Cefuroxime,DB01112,Infection of skin AND/OR subcutaneous tissue,C0178299,Disease or Syndrome,Approved
Cefuroxime,DB01112,Staphylococcal meningitis,C0154640,Disease or Syndrome,Approved
Cefuroxime,DB01112,Streptococcal meningitis,C0154639,Disease or Syndrome,Approved
Cefuroxime,DB01112,Acute exacerbation of chronic bronchitis,C0856695,Disease or Syndrome,Approved
Papaverine,DB01113,Peripheral Vascular Diseases,C0085096,Disease or Syndrome,Approved
Papaverine,DB01113,Cerebral Ischemia,C0917798,Disease or Syndrome,Approved
Chlorphenamine,DB01114,Urticaria,C0042109,Disease or Syndrome,Approved
Chlorphenamine,DB01114,Symptomatic dermographism,C0343065,Disease or Syndrome,Approved
Chlorphenamine,DB01114,Nasal congestion (finding),C0027424,Sign or Symptom,Approved
Chlorphenamine,DB01114,"Rhinitis, Vasomotor",C0035460,Disease or Syndrome,Approved
Chlorphenamine,DB01114,Influenza-like symptoms,C0392171,Sign or Symptom,Approved
Chlorphenamine,DB01114,Rhinorrhea,C1260880,Sign or Symptom,Approved
Chlorphenamine,DB01114,Allergic Conjunctivitis,C0009766,Disease or Syndrome,Approved
Chlorphenamine,DB01114,Sneezing,C0037383,Finding,Approved
Chlorphenamine,DB01114,Hay fever,C0018621,Disease or Syndrome,Approved
Chlorphenamine,DB01114,Allergic rhinitis (disorder),C2607914,Disease or Syndrome,Approved
Chlorphenamine,DB01114,Common Cold,C0009443,Disease or Syndrome,Approved
Chlorphenamine,DB01114,Pruritus,C0033774,Sign or Symptom,Approved
Nifedipine,DB01115,"Angina Pectoris, Variant",C0002963,Disease or Syndrome,Approved
Nifedipine,DB01115,Hypertensive disease,C0020538,Disease or Syndrome,Approved
Nifedipine,DB01115,Angina Pectoris,C0002962,Finding,Approved
Trimethaphan,DB01116,Hypertensive emergency,C0745136,Disease or Syndrome,Approved
Trimethaphan,DB01116,Pulmonary Edema,C0034063,Disease or Syndrome,Approved
Atovaquone,DB01117,"Malaria, Falciparum",C0024535,Disease or Syndrome,Approved
Amiodarone,DB01118,Ventricular Fibrillation,C0042510,Disease or Syndrome,Approved
Diazoxide,DB01119,Hyperinsulinism,C0020459,Disease or Syndrome,Approved
Diazoxide,DB01119,insulinoma,C0021670,Neoplastic Process,Approved
Diazoxide,DB01119,Nesidioblastosis,C0027773,Disease or Syndrome,Approved
Diazoxide,DB01119,Hypertensive urgency,C0745138,Disease or Syndrome,Approved
Diazoxide,DB01119,Hypertensive emergency,C0745136,Disease or Syndrome,Approved
Gliclazide,DB01120,"Diabetes Mellitus, Non-Insulin-Dependent",C0011860,Disease or Syndrome,Approved
Phenacemide,DB01121,Epilepsy,C0014544,Disease or Syndrome,Approved
Phenacemide,DB01121,Epilepsy characterized by intractable complex partial seizures,C2711653,Disease or Syndrome,Approved
Ambenonium,DB01122,Myasthenia Gravis,C0026896,Disease or Syndrome,Approved
Tolbutamide,DB01124,"Diabetes Mellitus, Non-Insulin-Dependent",C0011860,Disease or Syndrome,Approved
Dutasteride,DB01126,Prostatic Hypertrophy,C1739363,Disease or Syndrome,Approved
Econazole,DB01127,Cutaneous Candidiasis,C0006846,Disease or Syndrome,Approved
Econazole,DB01127,Tinea Pedis,C0040259,Disease or Syndrome,Approved
Econazole,DB01127,Tinea Versicolor,C0040262,Disease or Syndrome,Approved
Econazole,DB01127,Tinea cruris,C1384589,Disease or Syndrome,Approved
Econazole,DB01127,Tinea corporis (disorder),C0040252,Disease or Syndrome,Approved
Bicalutamide,DB01128,Metastatic Prostate Carcinoma,C0936223,Neoplastic Process,Approved
Rabeprazole,DB01129,Multiple Endocrine Neoplasia,C0027662,Neoplastic Process,Approved
Rabeprazole,DB01129,Zollinger-Ellison syndrome,C0043515,Disease or Syndrome,Approved
Rabeprazole,DB01129,"Mastocytosis, Systemic",C0221013,Disease or Syndrome,Approved
Rabeprazole,DB01129,Gastroesophageal reflux disease,C0017168,Disease or Syndrome,Approved
Rabeprazole,DB01129,Duodenal Ulcer,C0013295,Disease or Syndrome,Approved
Rabeprazole,DB01129,Peptic Ulcer,C0030920,Disease or Syndrome,Approved
Prednicarbate,DB01130,"Dermatitis, Atopic",C0011615,Disease or Syndrome,Approved
Prednicarbate,DB01130,Pruritus of genital organs,C0033777,Sign or Symptom,Approved
Prednicarbate,DB01130,Pruritus Ani,C0033775,Sign or Symptom,Approved
Prednicarbate,DB01130,"Lupus Erythematosus, Discoid",C0024138,Disease or Syndrome,Approved
Prednicarbate,DB01130,Lichen Simplex Chronicus,C0149922,Disease or Syndrome,Approved
Prednicarbate,DB01130,"Lymphoma, T-Cell, Cutaneous",C0079773,Neoplastic Process,Approved
Prednicarbate,DB01130,Contact Dermatitis,C0011616,Disease or Syndrome,Approved
Prednicarbate,DB01130,Granuloma Annulare,C0085074,Disease or Syndrome,Approved
Prednicarbate,DB01130,Exanthema,C0015230,Sign or Symptom,Approved
Prednicarbate,DB01130,Scalp psoriasis,C0406326,Disease or Syndrome,Approved
Prednicarbate,DB01130,Seborrheic dermatitis,C0036508,Disease or Syndrome,Approved
Prednicarbate,DB01130,Chronic small plaque psoriasis,C0406317,Disease or Syndrome,Approved
Proguanil,DB01131,"Malaria, Falciparum",C0024535,Disease or Syndrome,Approved
Pioglitazone,DB01132,"Diabetes Mellitus, Non-Insulin-Dependent",C0011860,Disease or Syndrome,Approved
Tiludronate,DB01133,Osteitis Deformans,C0029401,Disease or Syndrome,Approved
Carvedilol,DB01136,Chronic heart failure,C0264716,Disease or Syndrome,Approved
Carvedilol,DB01136,Hypertensive disease,C0020538,Disease or Syndrome,Approved
Levofloxacin,DB01137,Acute Moraxella catarrhalis bronchitis,C0339932,Disease or Syndrome,Approved
Levofloxacin,DB01137,Staphylococcus aureus infection,C1318973,Disease or Syndrome,Approved
Levofloxacin,DB01137,Escherichia coli urinary tract infection,C0577708,Disease or Syndrome,Approved
Levofloxacin,DB01137,Bacterial infection due to Klebsiella pneumoniae,C0343402,Disease or Syndrome,Approved
Levofloxacin,DB01137,Haemophilus parainfluenzae pneumonia,C0877633,Disease or Syndrome,Approved
Levofloxacin,DB01137,Streptococcus pyogenes infection,C0554628,Disease or Syndrome,Approved
Levofloxacin,DB01137,Acute maxillary sinusitis,C0155804,Disease or Syndrome,Approved
Levofloxacin,DB01137,Chlamydial pneumonia,C0339959,Disease or Syndrome,Approved
Levofloxacin,DB01137,URINARY TRACT INFECTION ENTEROCOCCUS,C0749958,Disease or Syndrome,Approved
Levofloxacin,DB01137,Streptococcal pneumonia,C0155862,Disease or Syndrome,Approved
Levofloxacin,DB01137,Klebsiella cystitis,C0520775,Disease or Syndrome,Approved
Levofloxacin,DB01137,Legionella pneumophila pneumonia,C0857846,Disease or Syndrome,Approved
Levofloxacin,DB01137,PYELONEPHRITIS E COLI,C0748196,Finding,Approved
Levofloxacin,DB01137,Anthrax disease,C0003175,Disease or Syndrome,Approved
Levofloxacin,DB01137,Acute exacerbation of chronic bronchitis,C0856695,Disease or Syndrome,Approved
Levofloxacin,DB01137,Pyelonephritis,C0034186,Disease or Syndrome,Approved
Levofloxacin,DB01137,"Pneumonia, Bacterial",C0004626,Disease or Syndrome,Approved
Levofloxacin,DB01137,Bacterial conjunctivitis,C0009768,Disease or Syndrome,Approved
Levofloxacin,DB01137,Mycoplasma pneumonia,C0032302,Disease or Syndrome,Approved
Levofloxacin,DB01137,Infection of skin AND/OR subcutaneous tissue,C0178299,Disease or Syndrome,Approved
Levofloxacin,DB01137,Bacterial urinary infection,C0729524,Disease or Syndrome,Approved
Levofloxacin,DB01137,Staphylococcal Pneumonia,C0032308,Disease or Syndrome,Approved
Levofloxacin,DB01137,Proteus urinary tract infection,C0577709,Disease or Syndrome,Approved
Levofloxacin,DB01137,Haemophilus influenzae pneumonia,C0276026,Disease or Syndrome,Approved
Levofloxacin,DB01137,Moraxella catarrhalis pneumonia,C0857831,Disease or Syndrome,Approved
Sulfinpyrazone,DB01138,Hyperuricemia,C0740394,Disease or Syndrome,Approved
Sulfinpyrazone,DB01138,Chronic gouty arthritis,C0268108,Disease or Syndrome,Approved
Cefapirin,DB01139,Staphylococcal endocarditis,C0520767,Disease or Syndrome,Approved
Cefapirin,DB01139,Staphylococcal bacteraemia,C0152965,Disease or Syndrome,Approved
Cefapirin,DB01139,Streptococcus pyogenes infection,C0554628,Disease or Syndrome,Approved
Cefapirin,DB01139,Streptococcal endocarditis,C3665800,Disease or Syndrome,Approved
Cefapirin,DB01139,Pneumonia,C0032285,Disease or Syndrome,Approved
Cefapirin,DB01139,Staphylococcal Pneumonia,C0032308,Disease or Syndrome,Approved
Cefapirin,DB01139,Proteus urinary tract infection,C0577709,Disease or Syndrome,Approved
Cefapirin,DB01139,Urinary tract infection,C0042029,Disease or Syndrome,Approved
Cefapirin,DB01139,Staphylococcus aureus infection,C1318973,Disease or Syndrome,Approved
Cefapirin,DB01139,Bacterial sepsis,C0684256,Disease or Syndrome,Approved
Cefapirin,DB01139,Escherichia coli Infections,C0014836,Disease or Syndrome,Approved
Cefapirin,DB01139,Escherichia coli septicemia,C0276088,Disease or Syndrome,Approved
Cefapirin,DB01139,Arthropathy associated with infection,C0157749,Disease or Syndrome,Approved
Cefapirin,DB01139,Infection of skin AND/OR subcutaneous tissue,C0178299,Disease or Syndrome,Approved
Cefapirin,DB01139,Bacterial infection due to Klebsiella pneumoniae,C0343402,Disease or Syndrome,Approved
Cefapirin,DB01139,Streptococcal sepsis,C0152964,Disease or Syndrome,Approved
Cefapirin,DB01139,Klebsiella cystitis,C0520775,Disease or Syndrome,Approved
Cefapirin,DB01139,Haemophilus influenzae pneumonia,C0276026,Disease or Syndrome,Approved
Cefapirin,DB01139,Rhinoscleroma,C0035468,Disease or Syndrome,Approved
Cefapirin,DB01139,Infection of bone,C2242472,Disease or Syndrome,Approved
Cefapirin,DB01139,Osteomyelitis due to Staphylococcus aureus,C1997728,Disease or Syndrome,Approved
Cefapirin,DB01139,Lower respiratory tract infection,C0149725,Disease or Syndrome,Approved
Cefapirin,DB01139,Escherichia coli urinary tract infection,C0577708,Disease or Syndrome,Approved
Cefadroxil,DB01140,Urinary tract infection,C0042029,Disease or Syndrome,Approved
Cefadroxil,DB01140,Streptococcus pyogenes infection,C0554628,Disease or Syndrome,Approved
Cefadroxil,DB01140,Proteus urinary tract infection,C0577709,Disease or Syndrome,Approved
Cefadroxil,DB01140,Klebsiella cystitis,C0520775,Disease or Syndrome,Approved
Cefadroxil,DB01140,Escherichia coli urinary tract infection,C0577708,Disease or Syndrome,Approved
Cefadroxil,DB01140,Infection of skin AND/OR subcutaneous tissue,C0178299,Disease or Syndrome,Approved
Cefadroxil,DB01140,Tonsillitis,C0040425,Disease or Syndrome,Approved
Cefadroxil,DB01140,Streptococcal tonsillitis,C0275804,Disease or Syndrome,Approved
Cefadroxil,DB01140,Staphylococcus aureus infection,C1318973,Disease or Syndrome,Approved
Micafungin,DB01141,Candidemia,C0877445,Disease or Syndrome,Approved
Micafungin,DB01141,Systemic candidiasis,C0153252,Disease or Syndrome,Approved
Micafungin,DB01141,Septicemia candida,C0349009,Disease or Syndrome,Approved
Micafungin,DB01141,Candidiasis of the esophagus,C0239295,Disease or Syndrome,Approved
Micafungin,DB01141,candidal peritonitis,C2062982,Disease or Syndrome,Approved
Doxepin,DB01142,"Depression, Bipolar",C0005587,Mental or Behavioral Dysfunction,Approved
Doxepin,DB01142,Severe major depression with psychotic features,C0270458,Mental or Behavioral Dysfunction,Approved
Doxepin,DB01142,Anxiety,C0003467,Mental or Behavioral Dysfunction,Approved
Doxepin,DB01142,Depressive disorder,C0011581,Mental or Behavioral Dysfunction,Approved
Doxepin,DB01142,Sleeplessness,C0917801,Sign or Symptom,Approved
Doxepin,DB01142,Pruritus,C0033774,Sign or Symptom,Approved
Doxepin,DB01142,Lichen Simplex Chronicus,C0149922,Disease or Syndrome,Approved
Diclofenamide,DB01144,"Glaucoma, Open-Angle",C0017612,Disease or Syndrome,Approved
Diclofenamide,DB01144,Angle Closure Glaucoma,C0017605,Disease or Syndrome,Approved
Diclofenamide,DB01144,Secondary glaucoma,C0149893,Disease or Syndrome,Approved
Diphenylpyraline,DB01146,Nasal congestion (finding),C0027424,Sign or Symptom,Approved
Diphenylpyraline,DB01146,"Rhinitis, Vasomotor",C0035460,Disease or Syndrome,Approved
Diphenylpyraline,DB01146,Allergic Conjunctivitis,C0009766,Disease or Syndrome,Approved
Diphenylpyraline,DB01146,Allergic rhinitis (disorder),C2607914,Disease or Syndrome,Approved
Diphenylpyraline,DB01146,Urticaria,C0042109,Disease or Syndrome,Approved
Diphenylpyraline,DB01146,Pruritus,C0033774,Sign or Symptom,Approved
Diphenylpyraline,DB01146,Symptomatic dermographism,C0343065,Disease or Syndrome,Approved
Diphenylpyraline,DB01146,Sneezing,C0037383,Finding,Approved
Diphenylpyraline,DB01146,Rhinorrhea,C1260880,Sign or Symptom,Approved
Cloxacillin,DB01147,Staphylococcal meningitis,C0154640,Disease or Syndrome,Approved
Cloxacillin,DB01147,Staphylococcal Pneumonia,C0032308,Disease or Syndrome,Approved
Cloxacillin,DB01147,Pharyngitis,C0031350,Disease or Syndrome,Approved
Cloxacillin,DB01147,Infection of skin AND/OR subcutaneous tissue,C0178299,Disease or Syndrome,Approved
Cloxacillin,DB01147,Staphylococcal bacteraemia,C0152965,Disease or Syndrome,Approved
Cloxacillin,DB01147,Lower respiratory tract infection,C0149725,Disease or Syndrome,Approved
Cloxacillin,DB01147,Staphylococcus aureus infection,C1318973,Disease or Syndrome,Approved
Cloxacillin,DB01147,Sinusitis,C0037199,Disease or Syndrome,Approved
Flavoxate,DB01148,Urgency of micturition,C0085606,Disease or Syndrome,Approved
Flavoxate,DB01148,Nocturia,C0028734,Disease or Syndrome,Approved
Flavoxate,DB01148,Urinary Incontinence,C0042024,Pathologic Function,Approved
Flavoxate,DB01148,Suprapubic pain,C0241310,Sign or Symptom,Approved
Flavoxate,DB01148,Increased frequency of micturition,C0042023,Finding,Approved
Flavoxate,DB01148,Dysuria,C0013428,Sign or Symptom,Approved
Nefazodone,DB01149,Major Depressive Disorder,C1269683,Mental or Behavioral Dysfunction,Approved
Cefprozil,DB01150,Acute otitis media,C0271429,Disease or Syndrome,Approved
Cefprozil,DB01150,Upper Respiratory Infections,C0041912,Disease or Syndrome,Approved
Cefprozil,DB01150,Acute bacterial sinusitis,C0275556,Disease or Syndrome,Approved
Cefprozil,DB01150,Streptococcus pyogenes infection,C0554628,Disease or Syndrome,Approved
Cefprozil,DB01150,Acute exacerbation of chronic bronchitis,C0856695,Disease or Syndrome,Approved
Cefprozil,DB01150,Streptococcal tonsillitis,C0275804,Disease or Syndrome,Approved
Cefprozil,DB01150,Infective otitis media,C0729586,Disease or Syndrome,Approved
Cefprozil,DB01150,Acute Moraxella catarrhalis bronchitis,C0339932,Disease or Syndrome,Approved
Cefprozil,DB01150,Infection of skin AND/OR subcutaneous tissue,C0178299,Disease or Syndrome,Approved
Cefprozil,DB01150,Staphylococcus aureus infection,C1318973,Disease or Syndrome,Approved
Cefprozil,DB01150,Tonsillitis,C0040425,Disease or Syndrome,Approved
Cefprozil,DB01150,Bronchitis,C0006277,Disease or Syndrome,Approved
Desipramine,DB01151,Depressive disorder,C0011581,Mental or Behavioral Dysfunction,Approved
Sertaconazole,DB01153,Tinea Pedis,C0040259,Disease or Syndrome,Approved
Gemifloxacin,DB01155,Pneumonia due to Klebsiella pneumoniae,C0519030,Disease or Syndrome,Approved
Gemifloxacin,DB01155,Acute bacterial bronchitis,C0339933,Disease or Syndrome,Approved
Gemifloxacin,DB01155,Mycoplasma pneumonia,C0032302,Disease or Syndrome,Approved
Gemifloxacin,DB01155,"Pneumonia, Bacterial",C0004626,Disease or Syndrome,Approved
Gemifloxacin,DB01155,Moraxella catarrhalis pneumonia,C0857831,Disease or Syndrome,Approved
Gemifloxacin,DB01155,Haemophilus influenzae pneumonia,C0276026,Disease or Syndrome,Approved
Gemifloxacin,DB01155,Chlamydial pneumonia,C0339959,Disease or Syndrome,Approved
Gemifloxacin,DB01155,Acute exacerbation of chronic bronchitis,C0856695,Disease or Syndrome,Approved
Gemifloxacin,DB01155,Streptococcal pneumonia,C0155862,Disease or Syndrome,Approved
Bupropion,DB01156,Nicotine Dependence,C0028043,Mental or Behavioral Dysfunction,Approved
Bupropion,DB01156,Depressive disorder,C0011581,Mental or Behavioral Dysfunction,Approved
Bupropion,DB01156,Major Depressive Disorder,C1269683,Mental or Behavioral Dysfunction,Approved
Bupropion,DB01156,Seasonal Affective Disorder,C0085159,Mental or Behavioral Dysfunction,Approved
Bupropion,DB01156,Obesity,C0028754,Disease or Syndrome,Approved
Bretylium,DB01158,Ventricular Fibrillation,C0042510,Disease or Syndrome,Approved
Bretylium,DB01158,Ventricular arrhythmia,C0085612,Disease or Syndrome,Approved
Dinoprost Tromethamine,DB01160,Unspecified Abortion,C0156543,Finding,Approved
Dinoprost Tromethamine,DB01160,"Hydatidiform mole, benign",C0549315,Neoplastic Process,Approved
Dinoprost Tromethamine,DB01160,Incomplete spontaneous abortion,C0000810,Pathologic Function,Approved
Terazosin,DB01162,Prostatic Hypertrophy,C1739363,Disease or Syndrome,Approved
Terazosin,DB01162,Hypertensive disease,C0020538,Disease or Syndrome,Approved
Calcium Chloride,DB01164,Hypokalemia,C0020621,Finding,Approved
Calcium Chloride,DB01164,Hypermagnesemia,C0151714,Disease or Syndrome,Approved
Calcium Chloride,DB01164,Disorder of electrolytes,C1704431,Pathologic Function,Approved
Calcium Chloride,DB01164,Cardiac Arrest,C0018790,Disease or Syndrome,Approved
Calcium Chloride,DB01164,Hypocalcemic tetany,C0151940,Disease or Syndrome,Approved
Calcium Chloride,DB01164,Hypocalcemia,C0020598,Disease or Syndrome,Approved
Calcium Chloride,DB01164,Hyperkalemia,C0020461,Finding,Approved
Ofloxacin,DB01165,Pyelonephritis,C0034186,Disease or Syndrome,Approved
Ofloxacin,DB01165,URINARY TRACT INFECTION CITROBACTER,C0749955,Disease or Syndrome,Approved
Ofloxacin,DB01165,Anthrax disease,C0003175,Disease or Syndrome,Approved
Ofloxacin,DB01165,Typhoid Fever,C0041466,Disease or Syndrome,Approved
Ofloxacin,DB01165,Proteus pneumonia,C1260917,Disease or Syndrome,Approved
Ofloxacin,DB01165,Escherichia coli urinary tract infection,C0577708,Disease or Syndrome,Approved
Ofloxacin,DB01165,Infective otitis externa,C0021355,Disease or Syndrome,Approved
Ofloxacin,DB01165,Escherichia coli septicemia,C0276088,Disease or Syndrome,Approved
Ofloxacin,DB01165,Shigella Infections,C0013371,Disease or Syndrome,Approved
Ofloxacin,DB01165,Chronic tubotympanic suppurative otitis media,C0155440,Disease or Syndrome,Approved
Ofloxacin,DB01165,Gonorrhea,C0018081,Disease or Syndrome,Approved
Ofloxacin,DB01165,Infective cystitis,C0600041,Disease or Syndrome,Approved
Ofloxacin,DB01165,Streptococcus pyogenes infection,C0554628,Disease or Syndrome,Approved
Ofloxacin,DB01165,URINARY TRACT INFECTION ENTEROCOCCUS,C0749958,Disease or Syndrome,Approved
Ofloxacin,DB01165,Haemophilus influenzae pneumonia,C0276026,Disease or Syndrome,Approved
Ofloxacin,DB01165,Proteus urinary tract infection,C0577709,Disease or Syndrome,Approved
Ofloxacin,DB01165,Staphylococcal Pneumonia,C0032308,Disease or Syndrome,Approved
Ofloxacin,DB01165,Pneumonia due to Pseudomonas,C0155860,Disease or Syndrome,Approved
Ofloxacin,DB01165,Bacterial urinary infection,C0729524,Disease or Syndrome,Approved
Ofloxacin,DB01165,non-gonococcal urethritis (NGU),C1112709,Disease or Syndrome,Approved
Ofloxacin,DB01165,Escherichia coli Infections,C0014836,Disease or Syndrome,Approved
Ofloxacin,DB01165,Arthropathy associated with infection,C0157749,Disease or Syndrome,Approved
Ofloxacin,DB01165,Chlamydial pneumonia,C0339959,Disease or Syndrome,Approved
Ofloxacin,DB01165,Klebsiella cystitis,C0520775,Disease or Syndrome,Approved
Ofloxacin,DB01165,Chancroids,C0007947,Disease or Syndrome,Approved
Ofloxacin,DB01165,Enterobacter pneumonia,C1096258,Disease or Syndrome,Approved
Ofloxacin,DB01165,Infection of bone,C2242472,Disease or Syndrome,Approved
Ofloxacin,DB01165,Chlamydial cervicitis,C0341834,Disease or Syndrome,Approved
Ofloxacin,DB01165,Acute maxillary sinusitis,C0155804,Disease or Syndrome,Approved
Ofloxacin,DB01165,Pneumonia due to Escherichia coli,C0276089,Disease or Syndrome,Approved
Ofloxacin,DB01165,Gonorrhea of rectum,C0275665,Disease or Syndrome,Approved
Ofloxacin,DB01165,Female genital tract infection,C1263758,Disease or Syndrome,Approved
Ofloxacin,DB01165,Acute gonococcal urethritis,C0275652,Disease or Syndrome,Approved
Ofloxacin,DB01165,Enteric campylobacteriosis,C0275982,Disease or Syndrome,Approved
Ofloxacin,DB01165,Staphylococcus aureus infection,C1318973,Disease or Syndrome,Approved
Ofloxacin,DB01165,Acute gonococcal cervicitis,C0153195,Disease or Syndrome,Approved
Ofloxacin,DB01165,Otitis Externa,C0029878,Disease or Syndrome,Approved
Ofloxacin,DB01165,Haemophilus parainfluenzae pneumonia,C0877633,Disease or Syndrome,Approved
Ofloxacin,DB01165,Acute exacerbation of chronic bronchitis,C0856695,Disease or Syndrome,Approved
Ofloxacin,DB01165,Rhinoscleroma,C0035468,Disease or Syndrome,Approved
Ofloxacin,DB01165,Acute gonococcal endometritis,C0153196,Disease or Syndrome,Approved
Ofloxacin,DB01165,Bacterial infection due to Klebsiella pneumoniae,C0343402,Disease or Syndrome,Approved
Ofloxacin,DB01165,"Pneumonia, Bacterial",C0004626,Disease or Syndrome,Approved
Ofloxacin,DB01165,Chronic Bacterial Prostatitis,C1720797,Disease or Syndrome,Approved
Ofloxacin,DB01165,Enterobacteriaceae Infections,C0014347,Disease or Syndrome,Approved
Ofloxacin,DB01165,Chlamydial pelvic inflammatory disease,C0520777,Disease or Syndrome,Approved
Ofloxacin,DB01165,Cystitis,C0010692,Disease or Syndrome,Approved
Ofloxacin,DB01165,Postoperative infection,C0392618,Pathologic Function,Approved
Ofloxacin,DB01165,Malignant otitis externa due to Pseudomonas aeruginosa,C0395818,Disease or Syndrome,Approved
Ofloxacin,DB01165,Urinary tract infection,C0042029,Disease or Syndrome,Approved
Ofloxacin,DB01165,Pneumonia,C0032285,Disease or Syndrome,Approved
Ofloxacin,DB01165,prostatitis,C0033581,Disease or Syndrome,Approved
Ofloxacin,DB01165,Acute Moraxella catarrhalis bronchitis,C0339932,Disease or Syndrome,Approved
Ofloxacin,DB01165,Streptococcal pneumonia,C0155862,Disease or Syndrome,Approved
Ofloxacin,DB01165,Intraabdominal Infections,C1112209,Disease or Syndrome,Approved
Ofloxacin,DB01165,Lower respiratory tract infection,C0149725,Disease or Syndrome,Approved
Ofloxacin,DB01165,Bronchitis,C0006277,Disease or Syndrome,Approved
Ofloxacin,DB01165,Traveler's diarrhea,C0277528,Disease or Syndrome,Approved
Ofloxacin,DB01165,Mycoplasma pneumonia,C0032302,Disease or Syndrome,Approved
Ofloxacin,DB01165,Legionella pneumophila pneumonia,C0857846,Disease or Syndrome,Approved
Ofloxacin,DB01165,Acute bacterial sinusitis,C0275556,Disease or Syndrome,Approved
Ofloxacin,DB01165,Moraxella catarrhalis pneumonia,C0857831,Disease or Syndrome,Approved
Ofloxacin,DB01165,Chlamydial urethritis,C1278807,Disease or Syndrome,Approved
Ofloxacin,DB01165,Acute osteomyelitis,C0158371,Disease or Syndrome,Approved
Ofloxacin,DB01165,PYELONEPHRITIS E COLI,C0748196,Finding,Approved
Ofloxacin,DB01165,Infection of skin AND/OR subcutaneous tissue,C0178299,Disease or Syndrome,Approved
Ofloxacin,DB01165,Nosocomial pneumonia,C0949083,Disease or Syndrome,Approved
Ofloxacin,DB01165,Cystitis escherichia,C0853852,Disease or Syndrome,Approved
Ofloxacin,DB01165,Bacterial conjunctivitis,C0009768,Disease or Syndrome,Approved
Ofloxacin,DB01165,Abdominal Abscess,C0243001,Disease or Syndrome,Approved
Cilostazol,DB01166,Intermittent Claudication,C0021775,Disease or Syndrome,Approved
Itraconazole,DB01167,Candidemia,C0877445,Disease or Syndrome,Approved
Itraconazole,DB01167,Onychomycosis of fingernails,C1274469,Disease or Syndrome,Approved
Itraconazole,DB01167,Systemic candidiasis,C0153252,Disease or Syndrome,Approved
Itraconazole,DB01167,Candidiasis of the esophagus,C0239295,Disease or Syndrome,Approved
Itraconazole,DB01167,Onychomycosis of toenails,C1274470,Disease or Syndrome,Approved
Itraconazole,DB01167,Fusariosis,C0276758,Disease or Syndrome,Approved
Itraconazole,DB01167,Aspergillosis,C0004030,Disease or Syndrome,Approved
Itraconazole,DB01167,Oropharyngeal candidiasis,C0919659,Disease or Syndrome,Approved
Itraconazole,DB01167,Invasive Pulmonary Aspergillosis,C0276653,Disease or Syndrome,Approved
Itraconazole,DB01167,Blastomycosis,C0005716,Disease or Syndrome,Approved
Itraconazole,DB01167,Histoplasmosis,C0019655,Disease or Syndrome,Approved
Procarbazine,DB01168,Hodgkin Disease,C0019829,Neoplastic Process,Approved
Arsenic trioxide,DB01169,Acute myelomonocytic leukemia,C0023479,Neoplastic Process,Approved
Arsenic trioxide,DB01169,Acute Promyelocytic Leukemia,C0023487,Neoplastic Process,Approved
Guanethidine,DB01170,Hypertensive disease,C0020538,Disease or Syndrome,Approved
Moclobemide,DB01171,Depressive disorder,C0011581,Mental or Behavioral Dysfunction,Approved
Kanamycin,DB01172,Infection of bone,C2242472,Disease or Syndrome,Approved
Kanamycin,DB01172,Infection of skin AND/OR subcutaneous tissue,C0178299,Disease or Syndrome,Approved
Kanamycin,DB01172,"Pneumonia, Bacterial",C0004626,Disease or Syndrome,Approved
Kanamycin,DB01172,Meningitis,C0025289,Disease or Syndrome,Approved
Kanamycin,DB01172,Urinary tract infection,C0042029,Disease or Syndrome,Approved
Kanamycin,DB01172,Intraabdominal Infections,C1112209,Disease or Syndrome,Approved
Kanamycin,DB01172,Arthropathy associated with infection,C0157749,Disease or Syndrome,Approved
Kanamycin,DB01172,Bacterial sepsis,C0684256,Disease or Syndrome,Approved
Kanamycin,DB01172,Cholangitis,C0008311,Disease or Syndrome,Approved
Orphenadrine,DB01173,Muscle Spasticity,C0026838,Sign or Symptom,Approved
Orphenadrine,DB01173,Parkinsonian Disorders,C0242422,Disease or Syndrome,Approved
Phenobarbital,DB01174,Simple Partial Seizures,C0234974,Disease or Syndrome,Approved
Phenobarbital,DB01174,Bipolar disorder in remission,C0270425,Mental or Behavioral Dysfunction,Approved
Phenobarbital,DB01174,Vascular Headaches,C0042376,Disease or Syndrome,Approved
Phenobarbital,DB01174,Lennox-Gastaut syndrome,C0238111,Disease or Syndrome,Approved
Phenobarbital,DB01174,Epilepsy,C0014544,Disease or Syndrome,Approved
Phenobarbital,DB01174,Tonic - clonic seizures,C0494475,Disease or Syndrome,Approved
Phenobarbital,DB01174,Cluster Headache,C0009088,Disease or Syndrome,Approved
Phenobarbital,DB01174,Migraine Disorders,C0149931,Disease or Syndrome,Approved
Phenobarbital,DB01174,Tonic-Clonic Epilepsy,C0014549,Disease or Syndrome,Approved
Phenobarbital,DB01174,Epilepsy characterized by intractable complex partial seizures,C2711653,Disease or Syndrome,Approved
Escitalopram,DB01175,Major Depressive Disorder,C1269683,Mental or Behavioral Dysfunction,Approved
Escitalopram,DB01175,Generalized Anxiety Disorder,C0270549,Mental or Behavioral Dysfunction,Approved
Cyclizine,DB01176,Coughing,C0010200,Sign or Symptom,Approved
Cyclizine,DB01176,Hay fever,C0018621,Disease or Syndrome,Approved
Cyclizine,DB01176,Motion Sickness,C0026603,Disease or Syndrome,Approved
Cyclizine,DB01176,Rhinorrhea,C1260880,Sign or Symptom,Approved
Cyclizine,DB01176,Allergic rhinitis (disorder),C2607914,Disease or Syndrome,Approved
Cyclizine,DB01176,Nasal congestion (finding),C0027424,Sign or Symptom,Approved
Cyclizine,DB01176,"Rhinitis, Vasomotor",C0035460,Disease or Syndrome,Approved
Cyclizine,DB01176,Allergic Conjunctivitis,C0009766,Disease or Syndrome,Approved
Cyclizine,DB01176,Common Cold,C0009443,Disease or Syndrome,Approved
Cyclizine,DB01176,Sneezing,C0037383,Finding,Approved
Idarubicin,DB01177,"Leukemia, Myelocytic, Acute",C0023467,Neoplastic Process,Approved
Idarubicin,DB01177,Acute Promyelocytic Leukemia,C0023487,Neoplastic Process,Approved
Chlormezanone,DB01178,Anxiety,C0003467,Mental or Behavioral Dysfunction,Approved
Podofilox,DB01179,Condylomata Acuminata,C0009663,Disease or Syndrome,Approved
Ifosfamide,DB01181,Testicular Germ Cell Tumor,C1336708,Neoplastic Process,Approved
Propafenone,DB01182,Paroxysmal atrial fibrillation,C0235480,Disease or Syndrome,Approved
Propafenone,DB01182,Paroxysmal atrial flutter,C0741292,Pathologic Function,Approved
Propafenone,DB01182,Paroxysmal supraventricular tachycardia,C0030590,Disease or Syndrome,Approved
Naloxone,DB01183,Poisoning by opiate analgesic drug,C0412850,Injury or Poisoning,Approved
Naloxone,DB01183,Opiate Addiction,C0524662,Mental or Behavioral Dysfunction,Approved
Naloxone,DB01183,Pain,C0030193,Sign or Symptom,Approved
Naloxone,DB01183,Drug-induced constipation,C0267511,Disease or Syndrome,Approved
Domperidone,DB01184,Nausea and vomiting,C0027498,Sign or Symptom,Approved
Fluoxymesterone,DB01185,Noonan Syndrome,C0028326,Disease or Syndrome,Approved
Fluoxymesterone,DB01185,Hormone receptor positive malignant neoplasm of breast,C1562029,Neoplastic Process,Approved
Fluoxymesterone,DB01185,Testicular hypogonadism,C0151721,Disease or Syndrome,Approved
Fluoxymesterone,DB01185,Cryptorchidism,C0010417,Congenital Abnormality,Approved
Fluoxymesterone,DB01185,Klinefelter Syndrome,C0022735,Disease or Syndrome,Approved
Fluoxymesterone,DB01185,Deficiency of testosterone biosynthesis,C0342527,Disease or Syndrome,Approved
Fluoxymesterone,DB01185,Delayed Puberty,C0034012,Pathologic Function,Approved
Fluoxymesterone,DB01185,Generalized Myotonia of Thomsen,C2936781,Disease or Syndrome,Approved
Pergolide,DB01186,Parkinsonian Disorders,C0242422,Disease or Syndrome,Approved
Ciclopirox,DB01188,Scurfiness of scalp,C0423775,Disease or Syndrome,Approved
Ciclopirox,DB01188,Tinea corporis (disorder),C0040252,Disease or Syndrome,Approved
Ciclopirox,DB01188,Onychomycosis,C0040261,Disease or Syndrome,Approved
Ciclopirox,DB01188,Tinea cruris,C1384589,Disease or Syndrome,Approved
Ciclopirox,DB01188,Tinea Versicolor,C0040262,Disease or Syndrome,Approved
Ciclopirox,DB01188,Tinea Pedis,C0040259,Disease or Syndrome,Approved
Ciclopirox,DB01188,Seborrheic dermatitis,C0036508,Disease or Syndrome,Approved
Ciclopirox,DB01188,Cutaneous Candidiasis,C0006846,Disease or Syndrome,Approved
Clindamycin,DB01190,Streptococcal pneumonia,C0155862,Disease or Syndrome,Approved
Clindamycin,DB01190,Streptococcal sepsis,C0152964,Disease or Syndrome,Approved
Clindamycin,DB01190,Bacterial sepsis,C0684256,Disease or Syndrome,Approved
Clindamycin,DB01190,Osteomyelitis due to Staphylococcus aureus,C1997728,Disease or Syndrome,Approved
Clindamycin,DB01190,Infection of skin AND/OR subcutaneous tissue,C0178299,Disease or Syndrome,Approved
Clindamycin,DB01190,Staphylococcal bacteraemia,C0152965,Disease or Syndrome,Approved
Clindamycin,DB01190,Gas gangrene caused by clostridium perfringens,C0343500,Disease or Syndrome,Approved
Clindamycin,DB01190,Arthropathy associated with infection,C0157749,Disease or Syndrome,Approved
Clindamycin,DB01190,Aspiration Pneumonia,C0032290,Disease or Syndrome,Approved
Clindamycin,DB01190,Intraabdominal Infections,C1112209,Disease or Syndrome,Approved
Clindamycin,DB01190,Staphylococcal Pneumonia,C0032308,Disease or Syndrome,Approved
Clindamycin,DB01190,Pelvic Inflammatory Disease,C0242172,Disease or Syndrome,Approved
Clindamycin,DB01190,Streptococcus pyogenes infection,C0554628,Disease or Syndrome,Approved
Clindamycin,DB01190,Staphylococcus aureus infection,C1318973,Disease or Syndrome,Approved
Clindamycin,DB01190,Septicemia due to anaerobes,C0152967,Disease or Syndrome,Approved
Clindamycin,DB01190,Infection of bone,C2242472,Disease or Syndrome,Approved
Clindamycin,DB01190,"Empyema, Pleural",C0014013,Disease or Syndrome,Approved
Clindamycin,DB01190,Acne Vulgaris,C0001144,Disease or Syndrome,Approved
Clindamycin,DB01190,Bacterial Vaginosis,C0085166,Disease or Syndrome,Approved
Dexfenfluramine,DB01191,Obesity,C0028754,Disease or Syndrome,Approved
Oxymorphone,DB01192,Pain,C0030193,Sign or Symptom,Approved
Oxymorphone,DB01192,Chronic pain,C0150055,Sign or Symptom,Approved
Oxymorphone,DB01192,Severe pain,C0278140,Finding,Approved
Oxymorphone,DB01192,Labor Pain,C0474368,Sign or Symptom,Approved
Acebutolol,DB01193,Hypertensive disease,C0020538,Disease or Syndrome,Approved
Acebutolol,DB01193,Premature ventricular contractions,C0151636,Pathologic Function,Approved
Brinzolamide,DB01194,Ocular Hypertension,C0028840,Disease or Syndrome,Approved
Brinzolamide,DB01194,"Glaucoma, Open-Angle",C0017612,Disease or Syndrome,Approved
Flecainide,DB01195,Paroxysmal atrial flutter,C0741292,Pathologic Function,Approved
Flecainide,DB01195,Paroxysmal atrial fibrillation,C0235480,Disease or Syndrome,Approved
Estramustine,DB01196,Prostatic Neoplasms,C0033578,Neoplastic Process,Approved
Captopril,DB01197,Chronic heart failure,C0264716,Disease or Syndrome,Approved
Captopril,DB01197,Hypertensive disease,C0020538,Disease or Syndrome,Approved
Captopril,DB01197,Diabetic Nephropathy,C0011881,Disease or Syndrome,Approved
Zopiclone,DB01198,Sleeplessness,C0917801,Sign or Symptom,Approved
Bromocriptine,DB01200,"Parkinson Disease, Postencephalitic",C0030568,Disease or Syndrome,Approved
Bromocriptine,DB01200,Acromegaly,C0001206,Disease or Syndrome,Approved
Bromocriptine,DB01200,Parkinson Disease,C0030567,Disease or Syndrome,Approved
Bromocriptine,DB01200,Hyperprolactinemia,C0020514,Disease or Syndrome,Approved
Rifapentine,DB01201,"Tuberculosis, Pulmonary",C0041327,Disease or Syndrome,Approved
Levetiracetam,DB01202,Simple Partial Seizures,C0234974,Disease or Syndrome,Approved
Levetiracetam,DB01202,Epilepsy characterized by intractable complex partial seizures,C2711653,Disease or Syndrome,Approved
Nadolol,DB01203,Angina Pectoris,C0002962,Finding,Approved
Nadolol,DB01203,Hypertensive disease,C0020538,Disease or Syndrome,Approved
Mitoxantrone,DB01204,"Leukemia, Myelocytic, Acute",C0023467,Neoplastic Process,Approved
Mitoxantrone,DB01204,Metastatic Prostate Carcinoma,C0936223,Neoplastic Process,Approved
Mitoxantrone,DB01204,"Multiple Sclerosis, Relapsing-Remitting",C0751967,Disease or Syndrome,Approved
Lomustine,DB01206,Hodgkin Disease,C0019829,Neoplastic Process,Approved
Lomustine,DB01206,Brain Neoplasms,C0006118,Neoplastic Process,Approved
Sparfloxacin,DB01208,Mycoplasma pneumonia,C0032302,Disease or Syndrome,Approved
Sparfloxacin,DB01208,Haemophilus parainfluenzae pneumonia,C0877633,Disease or Syndrome,Approved
Sparfloxacin,DB01208,Moraxella catarrhalis pneumonia,C0857831,Disease or Syndrome,Approved
Sparfloxacin,DB01208,Pneumonia,C0032285,Disease or Syndrome,Approved
Sparfloxacin,DB01208,Haemophilus influenzae pneumonia,C0276026,Disease or Syndrome,Approved
Sparfloxacin,DB01208,Acute Moraxella catarrhalis bronchitis,C0339932,Disease or Syndrome,Approved
Sparfloxacin,DB01208,Chlamydial pneumonia,C0339959,Disease or Syndrome,Approved
Dezocine,DB01209,Pain,C0030193,Sign or Symptom,Approved
Levobunolol,DB01210,Ocular Hypertension,C0028840,Disease or Syndrome,Approved
Levobunolol,DB01210,"Glaucoma, Open-Angle",C0017612,Disease or Syndrome,Approved
Clarithromycin,DB01211,Acute maxillary sinusitis,C0155804,Disease or Syndrome,Approved
Clarithromycin,DB01211,Staphylococcus aureus infection,C1318973,Disease or Syndrome,Approved
Clarithromycin,DB01211,Acute bacterial sinusitis,C0275556,Disease or Syndrome,Approved
Clarithromycin,DB01211,Infective otitis media,C0729586,Disease or Syndrome,Approved
Clarithromycin,DB01211,Pulmonary Mycobacterium avium complex infection,C2733595,Disease or Syndrome,Approved
Clarithromycin,DB01211,Helicobacter-associated gastritis,C0343378,Disease or Syndrome,Approved
Clarithromycin,DB01211,Chlamydial pneumonia,C0339959,Disease or Syndrome,Approved
Clarithromycin,DB01211,Acute otitis media,C0271429,Disease or Syndrome,Approved
Clarithromycin,DB01211,Mycoplasma pneumonia,C0032302,Disease or Syndrome,Approved
Clarithromycin,DB01211,"Pneumonia, Bacterial",C0004626,Disease or Syndrome,Approved
Clarithromycin,DB01211,Acute exacerbation of chronic bronchitis,C0856695,Disease or Syndrome,Approved
Clarithromycin,DB01211,Streptococcus pyogenes infection,C0554628,Disease or Syndrome,Approved
Clarithromycin,DB01211,Infection of skin AND/OR subcutaneous tissue,C0178299,Disease or Syndrome,Approved
Clarithromycin,DB01211,Moraxella catarrhalis pneumonia,C0857831,Disease or Syndrome,Approved
Clarithromycin,DB01211,Acute Moraxella catarrhalis bronchitis,C0339932,Disease or Syndrome,Approved
Clarithromycin,DB01211,Acute bacterial bronchitis,C0339933,Disease or Syndrome,Approved
Clarithromycin,DB01211,Streptococcal pneumonia,C0155862,Disease or Syndrome,Approved
Clarithromycin,DB01211,Streptococcal tonsillitis,C0275804,Disease or Syndrome,Approved
Clarithromycin,DB01211,Haemophilus influenzae pneumonia,C0276026,Disease or Syndrome,Approved
Clarithromycin,DB01211,Haemophilus parainfluenzae pneumonia,C0877633,Disease or Syndrome,Approved
Ceftriaxone,DB01212,Serratia Infections,C0085394,Disease or Syndrome,Approved
Ceftriaxone,DB01212,Proteus pneumonia,C1260917,Disease or Syndrome,Approved
Ceftriaxone,DB01212,Pneumonia due to Escherichia coli,C0276089,Disease or Syndrome,Approved
Ceftriaxone,DB01212,GONOCOCCAL INFECTION DISSEMINATED,C0744451,Disease or Syndrome,Approved
Ceftriaxone,DB01212,Staphylococcal meningitis,C0154640,Disease or Syndrome,Approved
Ceftriaxone,DB01212,Chancroids,C0007947,Disease or Syndrome,Approved
Ceftriaxone,DB01212,Acute gonococcal cervicitis,C0153195,Disease or Syndrome,Approved
Ceftriaxone,DB01212,Gonococcal endocarditis,C0153227,Disease or Syndrome,Approved
Ceftriaxone,DB01212,Infection of skin AND/OR subcutaneous tissue,C0178299,Disease or Syndrome,Approved
Ceftriaxone,DB01212,Septic arthritis haemophilus,C0860048,Disease or Syndrome,Approved
Ceftriaxone,DB01212,Enterobacter pneumonia,C1096258,Disease or Syndrome,Approved
Ceftriaxone,DB01212,Arthropathy associated with infection,C0157749,Disease or Syndrome,Approved
Ceftriaxone,DB01212,Staphylococcal bacteraemia,C0152965,Disease or Syndrome,Approved
Ceftriaxone,DB01212,Meningitis due to Klebsiella mobilis,C1719906,Disease or Syndrome,Approved
Ceftriaxone,DB01212,Gonococcal meningitis,C0153225,Disease or Syndrome,Approved
Ceftriaxone,DB01212,Rhinoscleroma,C0035468,Disease or Syndrome,Approved
Ceftriaxone,DB01212,Escherichia coli septicemia,C0276088,Disease or Syndrome,Approved
Ceftriaxone,DB01212,Klebsiella cystitis,C0520775,Disease or Syndrome,Approved
Ceftriaxone,DB01212,Intraabdominal Infections,C1112209,Disease or Syndrome,Approved
Ceftriaxone,DB01212,Streptococcal meningitis,C0154639,Disease or Syndrome,Approved
Ceftriaxone,DB01212,Meningococcal meningitis,C0025294,Disease or Syndrome,Approved
Ceftriaxone,DB01212,Endometritis,C0014179,Disease or Syndrome,Approved
Ceftriaxone,DB01212,"Arthritis, Bacterial",C1692886,Disease or Syndrome,Approved
Ceftriaxone,DB01212,Gonococcal joint infection,C0153216,Disease or Syndrome,Approved
Ceftriaxone,DB01212,Lower respiratory tract infection,C0149725,Disease or Syndrome,Approved
Ceftriaxone,DB01212,Escherichia coli urinary tract infection,C0577708,Disease or Syndrome,Approved
Ceftriaxone,DB01212,Salmonella sepsis,C0152486,Disease or Syndrome,Approved
Ceftriaxone,DB01212,Bacterial sepsis,C0684256,Disease or Syndrome,Approved
Ceftriaxone,DB01212,"Meningitis, Escherichia coli",C0338395,Disease or Syndrome,Approved
Ceftriaxone,DB01212,Haemophilus influenzae pneumonia,C0276026,Disease or Syndrome,Approved
Ceftriaxone,DB01212,Staphylococcal Pneumonia,C0032308,Disease or Syndrome,Approved
Ceftriaxone,DB01212,Pelvic Inflammatory Disease,C0242172,Disease or Syndrome,Approved
Ceftriaxone,DB01212,Gonorrhea of pharynx,C0149966,Disease or Syndrome,Approved
Ceftriaxone,DB01212,Haemophilus parainfluenzae pneumonia,C0877633,Disease or Syndrome,Approved
Ceftriaxone,DB01212,Gonorrhea,C0018081,Disease or Syndrome,Approved
Ceftriaxone,DB01212,Female genital tract infection,C1263758,Disease or Syndrome,Approved
Ceftriaxone,DB01212,Streptococcus pyogenes infection,C0554628,Disease or Syndrome,Approved
Ceftriaxone,DB01212,"Pneumonia, Bacterial",C0004626,Disease or Syndrome,Approved
Ceftriaxone,DB01212,Escherichia coli Infections,C0014836,Disease or Syndrome,Approved
Ceftriaxone,DB01212,Acute gonococcal urethritis,C0275652,Disease or Syndrome,Approved
Ceftriaxone,DB01212,Infection of bone,C2242472,Disease or Syndrome,Approved
Ceftriaxone,DB01212,Gonorrhea of rectum,C0275665,Disease or Syndrome,Approved
Ceftriaxone,DB01212,Streptococcal sepsis,C0152964,Disease or Syndrome,Approved
Ceftriaxone,DB01212,Acute gonococcal endometritis,C0153196,Disease or Syndrome,Approved
Ceftriaxone,DB01212,Haemophilus influenzae type b infection,C2028293,Disease or Syndrome,Approved
Ceftriaxone,DB01212,"Meningitis, Pneumococcal",C0025295,Disease or Syndrome,Approved
Ceftriaxone,DB01212,Proteus urinary tract infection,C0577709,Disease or Syndrome,Approved
Ceftriaxone,DB01212,Haemophilus sepsis,C0854324,Disease or Syndrome,Approved
Ceftriaxone,DB01212,"Meningitis, Bacterial",C0085437,Disease or Syndrome,Approved
Ceftriaxone,DB01212,Enterobacteriaceae Infections,C0014347,Disease or Syndrome,Approved
Ceftriaxone,DB01212,Bacterial infection due to Klebsiella pneumoniae,C0343402,Disease or Syndrome,Approved
Ceftriaxone,DB01212,Infective otitis media,C0729586,Disease or Syndrome,Approved
Fomepizole,DB01213,Accidental poisoning by methyl alcohol,C0261439,Injury or Poisoning,Approved
Fomepizole,DB01213,Ethylene glycol poisoning (disorder),C0413194,Injury or Poisoning,Approved
Metipranolol,DB01214,"Glaucoma, Open-Angle",C0017612,Disease or Syndrome,Approved
Metipranolol,DB01214,Ocular Hypertension,C0028840,Disease or Syndrome,Approved
Finasteride,DB01216,Prostatic Hypertrophy,C1739363,Disease or Syndrome,Approved
Finasteride,DB01216,"Alopecia, Male Pattern",C4083212,Disease or Syndrome,Approved
Anastrozole,DB01217,Hormone receptor positive malignant neoplasm of breast,C1562029,Neoplastic Process,Approved
Halofantrine,DB01218,"Malaria, Falciparum",C0024535,Disease or Syndrome,Approved
Dantrolene,DB01219,Malignant hyperpyrexia due to anesthesia,C0024591,Disease or Syndrome,Approved
Dantrolene,DB01219,Muscle Spasticity,C0026838,Sign or Symptom,Approved
Dantrolene,DB01219,Muscle spasticity of spinal origin,C1562430,Finding,Approved
Rifaximin,DB01220,Hepatic Encephalopathy,C0019151,Disease or Syndrome,Approved
Rifaximin,DB01220,Irritable bowel syndrome with diarrhea,C0348898,Disease or Syndrome,Approved
Rifaximin,DB01220,Diarrhoea predominant irritable bowel syndrome,C1262211,Disease or Syndrome,Approved
Budesonide,DB01222,Crohn Disease,C0010346,Disease or Syndrome,Approved
Budesonide,DB01222,Asthma,C0004096,Disease or Syndrome,Approved
Budesonide,DB01222,Allergic rhinitis (disorder),C2607914,Disease or Syndrome,Approved
Budesonide,DB01222,Crohn's disease in remission,C1960764,Disease or Syndrome,Approved
Aminophylline,DB01223,Lung diseases,C0024115,Disease or Syndrome,Approved
Aminophylline,DB01223,Status Asthmaticus,C0038218,Disease or Syndrome,Approved
Aminophylline,DB01223,Asthma night-time symptoms,C1273489,Finding,Approved
Aminophylline,DB01223,Asthma,C0004096,Disease or Syndrome,Approved
Aminophylline,DB01223,Bronchitis,C0006277,Disease or Syndrome,Approved
Aminophylline,DB01223,Pulmonary Emphysema,C0034067,Disease or Syndrome,Approved
Aminophylline,DB01223,Asthma-chronic obstructive pulmonary disease overlap syndrome,C4038730,Disease or Syndrome,Approved
Aminophylline,DB01223,Bronchial Spasm,C0006266,Disease or Syndrome,Approved
Aminophylline,DB01223,Asthma attack,C0347950,Disease or Syndrome,Approved
Quetiapine,DB01224,Schizophrenia,C0036341,Mental or Behavioral Dysfunction,Approved
Quetiapine,DB01224,"Depression, Bipolar",C0005587,Mental or Behavioral Dysfunction,Approved
Quetiapine,DB01224,Bipolar Disorder,C0005586,Mental or Behavioral Dysfunction,Approved
Quetiapine,DB01224,"Bipolar affective disorder, current episode manic",C0338873,Mental or Behavioral Dysfunction,Approved
Quetiapine,DB01224,Bipolar disorder in remission,C0270425,Mental or Behavioral Dysfunction,Approved
Enoxaparin,DB01225,Deep Vein Thrombosis,C0149871,Disease or Syndrome,Approved
Levomethadyl Acetate,DB01227,Opiate Addiction,C0524662,Mental or Behavioral Dysfunction,Approved
Encainide,DB01228,Premature ventricular contractions,C0151636,Pathologic Function,Approved
Paclitaxel,DB01229,Kaposi Sarcoma,C0036220,Neoplastic Process,Approved
Paclitaxel,DB01229,"Glaucoma, Open-Angle",C0017612,Disease or Syndrome,Approved
Paclitaxel,DB01229,Carcinoma breast stage IV,C0278488,Neoplastic Process,Approved
Paclitaxel,DB01229,Malignant neoplasm of ovary,C1140680,Neoplastic Process,Approved
Paclitaxel,DB01229,Ocular Hypertension,C0028840,Disease or Syndrome,Approved
Paclitaxel,DB01229,Non-Small Cell Lung Carcinoma,C0007131,Neoplastic Process,Approved
Paclitaxel,DB01229,Hypertensive disease,C0020538,Disease or Syndrome,Approved
Paclitaxel,DB01229,Breast Carcinoma,C0678222,Neoplastic Process,Approved
Paclitaxel,DB01229,Secondary malignant neoplasm of pancreas,C0346976,Neoplastic Process,Approved
Diphenidol,DB01231,Vertigo,C0042571,Sign or Symptom,Approved
Saquinavir,DB01232,HIV Infections,C0019693,Disease or Syndrome,Approved
Metoclopramide,DB01233,Gastroesophageal reflux disease,C0017168,Disease or Syndrome,Approved
Metoclopramide,DB01233,Chemotherapy-induced nausea and vomiting,C0401160,Pathologic Function,Approved
Metoclopramide,DB01233,Gastroparesis due to diabetes mellitus,C0267176,Disease or Syndrome,Approved
Dexamethasone,DB01234,Keloid,C0022548,Acquired Abnormality,Approved
Dexamethasone,DB01234,Allergic Conjunctivitis,C0009766,Disease or Syndrome,Approved
Dexamethasone,DB01234,Branch retinal vein occlusion with macular edema,C0339507,Acquired Abnormality,Approved
Dexamethasone,DB01234,Dermatitis Herpetiformis,C0011608,Disease or Syndrome,Approved
Dexamethasone,DB01234,Blepharoconjunctivitis,C0005743,Disease or Syndrome,Approved
Dexamethasone,DB01234,Corneal abrasion,C0010032,Injury or Poisoning,Approved
Dexamethasone,DB01234,Exanthema,C0015230,Sign or Symptom,Approved
Dexamethasone,DB01234,Exacerbation of asthma,C0349790,Finding,Approved
Dexamethasone,DB01234,Humoral hypercalcemia of malignancy (disorder),C0149911,Disease or Syndrome,Approved
Dexamethasone,DB01234,Scalp psoriasis,C0406326,Disease or Syndrome,Approved
Dexamethasone,DB01234,Asthma,C0004096,Disease or Syndrome,Approved
Dexamethasone,DB01234,Autoimmune hemolytic anemia,C0002880,Disease or Syndrome,Approved
Dexamethasone,DB01234,Allergic rhinitis (disorder),C2607914,Disease or Syndrome,Approved
Dexamethasone,DB01234,Transplanted organ rejection,C0345468,Pathologic Function,Approved
Dexamethasone,DB01234,Angioedema,C0002994,Pathologic Function,Approved
Dexamethasone,DB01234,Pruritus Ani,C0033775,Sign or Symptom,Approved
Dexamethasone,DB01234,Mycosis Fungoides,C0026948,Neoplastic Process,Approved
Dexamethasone,DB01234,Epicondylitis,C0014488,Disease or Syndrome,Approved
Dexamethasone,DB01234,Punctate keratitis,C0259799,Disease or Syndrome,Approved
Dexamethasone,DB01234,Tenosynovitis,C0039520,Disease or Syndrome,Approved
Dexamethasone,DB01234,Rheumatic Heart Disease,C0035439,Disease or Syndrome,Approved
Dexamethasone,DB01234,Addisonian crisis,C0151467,Disease or Syndrome,Approved
Dexamethasone,DB01234,Inflammatory Bowel Diseases,C0021390,Disease or Syndrome,Approved
Dexamethasone,DB01234,Disorder of eye,C0015397,Disease or Syndrome,Approved
Dexamethasone,DB01234,Iridocyclitis,C0022073,Disease or Syndrome,Approved
Dexamethasone,DB01234,Bacterial keratitis,C0854211,Disease or Syndrome,Approved
Dexamethasone,DB01234,Ankylosing spondylitis,C0038013,Disease or Syndrome,Approved
Dexamethasone,DB01234,"Lupus Erythematosus, Discoid",C0024138,Disease or Syndrome,Approved
Dexamethasone,DB01234,Acquired thrombocytopenia,C0154301,Disease or Syndrome,Approved
Dexamethasone,DB01234,Lichen Simplex Chronicus,C0149922,Disease or Syndrome,Approved
Dexamethasone,DB01234,Herpes zoster keratitis,C1275687,Disease or Syndrome,Approved
Dexamethasone,DB01234,Crohn Disease,C0010346,Disease or Syndrome,Approved
Dexamethasone,DB01234,Trichinellosis,C0040896,Disease or Syndrome,Approved
Dexamethasone,DB01234,Cyclitis,C0010543,Disease or Syndrome,Approved
Dexamethasone,DB01234,Addison Disease,C0001403,Disease or Syndrome,Approved
Dexamethasone,DB01234,Erythema Multiforme,C0014742,Disease or Syndrome,Approved
Dexamethasone,DB01234,Adrenogenital disorder,C0701163,Disease or Syndrome,Approved
Dexamethasone,DB01234,"Dermatitis, Atopic",C0011615,Disease or Syndrome,Approved
Dexamethasone,DB01234,Corneal Ulcer,C0010043,Disease or Syndrome,Approved
Dexamethasone,DB01234,Hodgkin Disease,C0019829,Neoplastic Process,Approved
Dexamethasone,DB01234,"Tuberculosis, Miliary",C0041321,Disease or Syndrome,Approved
Dexamethasone,DB01234,Serum Sickness,C0036830,Disease or Syndrome,Approved
Dexamethasone,DB01234,Exfoliative dermatitis,C0011606,Disease or Syndrome,Approved
Dexamethasone,DB01234,Psoriasis,C0033860,Disease or Syndrome,Approved
Dexamethasone,DB01234,Cerebral Edema,C0006114,Pathologic Function,Approved
Dexamethasone,DB01234,Granuloma Annulare,C0085074,Disease or Syndrome,Approved
Dexamethasone,DB01234,Chronic small plaque psoriasis,C0406317,Disease or Syndrome,Approved
Dexamethasone,DB01234,Pruritus of genital organs,C0033777,Sign or Symptom,Approved
Dexamethasone,DB01234,Seborrheic dermatitis,C0036508,Disease or Syndrome,Approved
Dexamethasone,DB01234,Berylliosis,C0005138,Injury or Poisoning,Approved
Dexamethasone,DB01234,Rheumatoid Arthritis,C0003873,Disease or Syndrome,Approved
Dexamethasone,DB01234,Sarcoidosis,C0036202,Disease or Syndrome,Approved
Dexamethasone,DB01234,Thyroiditis,C0040147,Disease or Syndrome,Approved
Dexamethasone,DB01234,Multiple Myeloma,C0026764,Neoplastic Process,Approved
Dexamethasone,DB01234,"Lymphoma, Follicular",C0024301,Neoplastic Process,Approved
Dexamethasone,DB01234,Contact Dermatitis,C0011616,Disease or Syndrome,Approved
Dexamethasone,DB01234,Infective blepharitis,C0729587,Disease or Syndrome,Approved
Dexamethasone,DB01234,Dermatologic disorders,C0037274,Disease or Syndrome,Approved
Dexamethasone,DB01234,"Lymphoma, Non-Hodgkin",C0024305,Neoplastic Process,Approved
Dexamethasone,DB01234,Pemphigus,C0030807,Disease or Syndrome,Approved
Dexamethasone,DB01234,Iritis,C0022081,Disease or Syndrome,Approved
Dexamethasone,DB01234,Simple Pulmonary Eosinophilia,C0242459,Disease or Syndrome,Approved
Dexamethasone,DB01234,Acute lymphocytic leukemia,C0023449,Neoplastic Process,Approved
Dexamethasone,DB01234,Cooley's anemia,C0002875,Disease or Syndrome,Approved
Dexamethasone,DB01234,Allergic otitis externa,C1320547,Disease or Syndrome,Approved
Dexamethasone,DB01234,Keratitis,C0022568,Disease or Syndrome,Approved
Dexamethasone,DB01234,"Lymphoma, T-Cell, Cutaneous",C0079773,Neoplastic Process,Approved
Dexamethasone,DB01234,Multiple Sclerosis,C0026769,Disease or Syndrome,Approved
Dexamethasone,DB01234,Bursitis,C0006444,Disease or Syndrome,Approved
Dexamethasone,DB01234,Otitis Externa,C0029878,Disease or Syndrome,Approved
Dexamethasone,DB01234,Rosacea,C0035854,Disease or Syndrome,Approved
Dexamethasone,DB01234,"Lupus Erythematosus, Systemic",C0024141,Disease or Syndrome,Approved
Dexamethasone,DB01234,"Anemia, Diamond-Blackfan",C1260899,Congenital Abnormality,Approved
Dexamethasone,DB01234,Musculoskeletal Diseases,C0026857,Disease or Syndrome,Approved
Dexamethasone,DB01234,"Arthritis, Gouty",C0003868,Disease or Syndrome,Approved
Dexamethasone,DB01234,Nephrotic Syndrome,C0027726,Disease or Syndrome,Approved
Dexamethasone,DB01234,Punctate keratopathy,C0423234,Finding,Approved
Dexamethasone,DB01234,Laryngeal Edema,C0023052,Pathologic Function,Approved
Dexamethasone,DB01234,"Arthritis, Psoriatic",C0003872,Disease or Syndrome,Approved
Dexamethasone,DB01234,Uveitis,C0042164,Disease or Syndrome,Approved
Dexamethasone,DB01234,Diffuse Large B-Cell Lymphoma,C0079744,Neoplastic Process,Approved
Dexamethasone,DB01234,Anterior uveitis,C0042165,Disease or Syndrome,Approved
Dexamethasone,DB01234,Malignant otitis externa due to Pseudomonas aeruginosa,C0395818,Disease or Syndrome,Approved
Dexamethasone,DB01234,Burkitt Lymphoma,C0006413,Neoplastic Process,Approved
Dexamethasone,DB01234,Adrenal cortical hypofunction,C0405580,Disease or Syndrome,Approved
Dexamethasone,DB01234,Corneal Perforation,C0339293,Injury or Poisoning,Approved
Dexamethasone,DB01234,Central retinal vein occlusion with macular edema,C0339498,Acquired Abnormality,Approved
Levodopa,DB01235,"Parkinson Disease, Postencephalitic",C0030568,Disease or Syndrome,Approved
Levodopa,DB01235,Parkinsonian Disorders,C0242422,Disease or Syndrome,Approved
Levodopa,DB01235,Parkinson Disease,C0030567,Disease or Syndrome,Approved
Bromodiphenhydramine,DB01237,Rhinorrhea,C1260880,Sign or Symptom,Approved
Bromodiphenhydramine,DB01237,Coughing,C0010200,Sign or Symptom,Approved
Bromodiphenhydramine,DB01237,Common Cold,C0009443,Disease or Syndrome,Approved
Bromodiphenhydramine,DB01237,Nasal congestion (finding),C0027424,Sign or Symptom,Approved
Aripiprazole,DB01238,Bipolar disorder in remission,C0270425,Mental or Behavioral Dysfunction,Approved
Aripiprazole,DB01238,Autistic Disorder,C0004352,Mental or Behavioral Dysfunction,Approved
Aripiprazole,DB01238,Mixed bipolar I disorder,C0236780,Mental or Behavioral Dysfunction,Approved
Aripiprazole,DB01238,Schizophrenia,C0036341,Mental or Behavioral Dysfunction,Approved
Aripiprazole,DB01238,"Bipolar affective disorder, current episode manic",C0338873,Mental or Behavioral Dysfunction,Approved
Chlorprothixene,DB01239,Schizophrenia,C0036341,Mental or Behavioral Dysfunction,Approved
Epoprostenol,DB01240,Pulmonary arterial hypertension,C2973725,Disease or Syndrome,Approved
Epoprostenol,DB01240,Pulmonary Hypertension,C0020542,Pathologic Function,Approved
Epoprostenol,DB01240,Rhinorrhea,C1260880,Sign or Symptom,Approved
Epoprostenol,DB01240,Coughing,C0010200,Sign or Symptom,Approved
Epoprostenol,DB01240,Nasal congestion (finding),C0027424,Sign or Symptom,Approved
Epoprostenol,DB01240,Allergic rhinitis (disorder),C2607914,Disease or Syndrome,Approved
Epoprostenol,DB01240,Rhinitis,C0035455,Disease or Syndrome,Approved
Epoprostenol,DB01240,Common Cold,C0009443,Disease or Syndrome,Approved
Gemfibrozil,DB01241,Hypertriglyceridemia,C0020557,Disease or Syndrome,Approved
Clomipramine,DB01242,Obsessive-Compulsive Disorder,C0028768,Mental or Behavioral Dysfunction,Approved
Chloroxine,DB01243,Scurfiness of scalp,C0423775,Disease or Syndrome,Approved
Chloroxine,DB01243,Seborrheic dermatitis,C0036508,Disease or Syndrome,Approved
Bepridil,DB01244,Angina Pectoris,C0002962,Finding,Approved
Alimemazine,DB01246,Sneezing,C0037383,Finding,Approved
Alimemazine,DB01246,Rhinorrhea,C1260880,Sign or Symptom,Approved
Alimemazine,DB01246,Allergic rhinitis (disorder),C2607914,Disease or Syndrome,Approved
Alimemazine,DB01246,Allergic Conjunctivitis,C0009766,Disease or Syndrome,Approved
Alimemazine,DB01246,Angioedema,C0002994,Pathologic Function,Approved
Alimemazine,DB01246,Nasal congestion (finding),C0027424,Sign or Symptom,Approved
Alimemazine,DB01246,Symptomatic dermographism,C0343065,Disease or Syndrome,Approved
Alimemazine,DB01246,Urticaria,C0042109,Disease or Syndrome,Approved
Alimemazine,DB01246,Pruritus,C0033774,Sign or Symptom,Approved
Isocarboxazid,DB01247,Major Depressive Disorder,C1269683,Mental or Behavioral Dysfunction,Approved
Docetaxel,DB01248,Cancer of Head and Neck,C0278996,Neoplastic Process,Approved
Docetaxel,DB01248,Breast Carcinoma,C0678222,Neoplastic Process,Approved
Docetaxel,DB01248,Non-Small Cell Lung Carcinoma,C0007131,Neoplastic Process,Approved
Docetaxel,DB01248,Carcinoma breast stage IV,C0278488,Neoplastic Process,Approved
Docetaxel,DB01248,Malignant neoplasm of stomach,C0024623,Neoplastic Process,Approved
Docetaxel,DB01248,Malignant neoplasm of prostate,C0376358,Neoplastic Process,Approved
Olsalazine,DB01250,Ulcerative colitis in remission,C3697010,Disease or Syndrome,Approved
Gliquidone,DB01251,"Diabetes Mellitus, Non-Insulin-Dependent",C0011860,Disease or Syndrome,Approved
Mitiglinide,DB01252,"Diabetes Mellitus, Non-Insulin-Dependent",C0011860,Disease or Syndrome,Approved
Ergonovine,DB01253,Postpartum Hemorrhage,C0032797,Pathologic Function,Approved
Dasatinib,DB01254,Philadelphia chromosome positive chronic myelogenous leukemia,C0279543,Neoplastic Process,Approved
Dasatinib,DB01254,Philadelphia chromosome-positive acute lymphoblastic leukemia,C1960397,Neoplastic Process,Approved
Dasatinib,DB01254,Blast Phase,C0005699,Neoplastic Process,Approved
Dasatinib,DB01254,"Leukemia, Myeloid, Chronic-Phase",C0023474,Neoplastic Process,Approved
Dasatinib,DB01254,"Leukemia, Myeloid, Accelerated Phase",C0023472,Neoplastic Process,Approved
Lisdexamfetamine,DB01255,Attention deficit hyperactivity disorder,C1263846,Mental or Behavioral Dysfunction,Approved
Lisdexamfetamine,DB01255,Binge eating disorder,C0596170,Mental or Behavioral Dysfunction,Approved
Retapamulin,DB01256,Impetigo,C0021099,Disease or Syndrome,Approved
Retapamulin,DB01256,Superficial bacterial infection of skin,C0342985,Disease or Syndrome,Approved
Eculizumab,DB01257,Paroxysmal nocturnal hemoglobinuria,C0024790,Disease or Syndrome,Approved
Eculizumab,DB01257,Congenital hemolytic uremic syndrome,C2919522,Disease or Syndrome,Approved
Desonide,DB01260,Chronic small plaque psoriasis,C0406317,Disease or Syndrome,Approved
Desonide,DB01260,Seborrheic dermatitis,C0036508,Disease or Syndrome,Approved
Desonide,DB01260,Crohn Disease,C0010346,Disease or Syndrome,Approved
Desonide,DB01260,Otitis Externa,C0029878,Disease or Syndrome,Approved
Desonide,DB01260,Granuloma Annulare,C0085074,Disease or Syndrome,Approved
Desonide,DB01260,"Lymphoma, T-Cell, Cutaneous",C0079773,Neoplastic Process,Approved
Desonide,DB01260,Pruritus of genital organs,C0033777,Sign or Symptom,Approved
Desonide,DB01260,Allergic rhinitis (disorder),C2607914,Disease or Syndrome,Approved
Desonide,DB01260,Crohn's disease in remission,C1960764,Disease or Syndrome,Approved
Desonide,DB01260,Exanthema,C0015230,Sign or Symptom,Approved
Desonide,DB01260,Pruritus Ani,C0033775,Sign or Symptom,Approved
Desonide,DB01260,"Lupus Erythematosus, Discoid",C0024138,Disease or Syndrome,Approved
Desonide,DB01260,Lichen Simplex Chronicus,C0149922,Disease or Syndrome,Approved
Desonide,DB01260,Scalp psoriasis,C0406326,Disease or Syndrome,Approved
Desonide,DB01260,Contact Dermatitis,C0011616,Disease or Syndrome,Approved
Desonide,DB01260,Asthma,C0004096,Disease or Syndrome,Approved
Sitagliptin,DB01261,"Diabetes Mellitus, Non-Insulin-Dependent",C0011860,Disease or Syndrome,Approved
Decitabine,DB01262,"Leukemia, Myelocytic, Acute",C0023467,Neoplastic Process,Approved
Posaconazole,DB01263,Aspergillosis,C0004030,Disease or Syndrome,Approved
Posaconazole,DB01263,Fusariosis,C0276758,Disease or Syndrome,Approved
Posaconazole,DB01263,Chromoblastomycosis,C0008582,Disease or Syndrome,Approved
Posaconazole,DB01263,Mycetoma,C0024449,Disease or Syndrome,Approved
Posaconazole,DB01263,Coccidioidomycosis,C0009186,Disease or Syndrome,Approved
Posaconazole,DB01263,Candidiasis,C0006840,Disease or Syndrome,Approved
Darunavir,DB01264,HIV Infections,C0019693,Disease or Syndrome,Approved
Telbivudine,DB01265,"Hepatitis B, Chronic",C0524909,Disease or Syndrome,Approved
Sinecatechins,DB01266,Condylomata Acuminata,C0009663,Disease or Syndrome,Approved
Sinecatechins,DB01266,Perianal warts,C0343730,Disease or Syndrome,Approved
Paliperidone,DB01267,Schizoaffective Disorder,C0036337,Mental or Behavioral Dysfunction,Approved
Paliperidone,DB01267,Schizophrenia,C0036341,Mental or Behavioral Dysfunction,Approved
Paliperidone,DB01267,Psychotic Disorders,C0033975,Mental or Behavioral Dysfunction,Approved
Sunitinib,DB01268,Gastrointestinal Stromal Tumors,C0238198,Neoplastic Process,Approved
Sunitinib,DB01268,Renal Cell Carcinoma,C0007134,Neoplastic Process,Approved
Panitumumab,DB01269,Secondary malignant neoplasm of colon,C0346974,Neoplastic Process,Approved
Ranibizumab,DB01270,Exudative age-related macular degeneration,C0271084,Disease or Syndrome,Approved
Ranibizumab,DB01270,Central retinal vein occlusion with macular edema,C0339498,Acquired Abnormality,Approved
Ranibizumab,DB01270,Branch retinal vein occlusion with macular edema,C0339507,Acquired Abnormality,Approved
Ranibizumab,DB01270,Diabetic macular edema,C0730285,Disease or Syndrome,Approved
Ranibizumab,DB01270,Diabetic Retinopathy,C0011884,Disease or Syndrome,Approved
Idursulfase,DB01271,Mucopolysaccharidosis II,C0026705,Disease or Syndrome,Approved
Alglucosidase alfa,DB01272,Generalized glycogen storage disease of infants,C0342751,Disease or Syndrome,Approved
Arformoterol,DB01274,Chronic Obstructive Airway Disease,C0024117,Disease or Syndrome,Approved
Arformoterol,DB01274,"Bronchitis, Chronic",C0008677,Disease or Syndrome,Approved
Arformoterol,DB01274,Pulmonary Emphysema,C0034067,Disease or Syndrome,Approved
Hydralazine,DB01275,Chronic heart failure,C0264716,Disease or Syndrome,Approved
Hydralazine,DB01275,Hypertensive disease,C0020538,Disease or Syndrome,Approved
Mecasermin,DB01277,Laron Syndrome,C0271568,Disease or Syndrome,Approved
Galsulfase,DB01279,Mucopolysaccharidosis VI,C0026709,Disease or Syndrome,Approved
Nelarabine,DB01280,Precursor T-Cell Lymphoblastic Leukemia-Lymphoma,C1961099,Neoplastic Process,Approved
Nelarabine,DB01280,Precursor T-cell lymphoblastic lymphoma,C1292758,Neoplastic Process,Approved
Abatacept,DB01281,Rheumatoid Arthritis,C0003873,Disease or Syndrome,Approved
Abatacept,DB01281,Juvenile arthritis,C3495559,Disease or Syndrome,Approved
Carbetocin,DB01282,Prader-Willi Syndrome,C0032897,Congenital Abnormality,Approved
Carbetocin,DB01282,Uterine Inertia,C0042135,Pathologic Function,Approved
Lumiracoxib,DB01283,Degenerative polyarthritis,C0029408,Disease or Syndrome,Approved
Corticotropin,DB01285,West Syndrome,C0037769,Disease or Syndrome,Approved
Corticotropin,DB01285,Exacerbation of multiple sclerosis,C0581392,Disease or Syndrome,Approved
Corticotropin,DB01285,Stevens-Johnson Syndrome,C0038325,Disease or Syndrome,Approved
Glisoxepide,DB01289,"Diabetes Mellitus, Non-Insulin-Dependent",C0011860,Disease or Syndrome,Approved
Pirbuterol,DB01291,Lung diseases,C0024115,Disease or Syndrome,Approved
Pirbuterol,DB01291,Bronchiectasis,C0006267,Disease or Syndrome,Approved
Pirbuterol,DB01291,Pulmonary Emphysema,C0034067,Disease or Syndrome,Approved
Pirbuterol,DB01291,Asthma,C0004096,Disease or Syndrome,Approved
Pirbuterol,DB01291,Bronchitis,C0006277,Disease or Syndrome,Approved
Pirbuterol,DB01291,Asthma attack,C0347950,Disease or Syndrome,Approved
Bismuth Subsalicylate,DB01294,Dyspepsia,C0013395,Sign or Symptom,Approved
Bismuth Subsalicylate,DB01294,Diarrhea,C0011991,Sign or Symptom,Approved
Insulin Aspart,DB01306,Diabetes Mellitus,C0011849,Disease or Syndrome,Approved
Insulin Detemir,DB01307,Diabetes Mellitus,C0011849,Disease or Syndrome,Approved
Insulin Glulisine,DB01309,Diabetes Mellitus,C0011849,Disease or Syndrome,Approved
Fosamprenavir,DB01319,HIV Infections,C0019693,Disease or Syndrome,Approved
Fosphenytoin,DB01320,Status Epilepticus,C0038220,Disease or Syndrome,Approved
Fosphenytoin,DB01320,Epilepsy characterized by intractable complex partial seizures,C2711653,Disease or Syndrome,Approved
Fosphenytoin,DB01320,Epilepsy,C0014544,Disease or Syndrome,Approved
Polythiazide,DB01324,Hypertensive disease,C0020538,Disease or Syndrome,Approved
Cefamandole,DB01326,Bacterial peritonitis,C0341503,Disease or Syndrome,Approved
Cefamandole,DB01326,Proteus pneumonia,C1260917,Disease or Syndrome,Approved
Cefamandole,DB01326,Urinary tract infection,C0042029,Disease or Syndrome,Approved
Cefamandole,DB01326,Escherichia coli septicemia,C0276088,Disease or Syndrome,Approved
Cefamandole,DB01326,Arthropathy associated with infection,C0157749,Disease or Syndrome,Approved
Cefamandole,DB01326,Haemophilus sepsis,C0854324,Disease or Syndrome,Approved
Cefamandole,DB01326,Bacterial sepsis,C0684256,Disease or Syndrome,Approved
Cefamandole,DB01326,Pneumonia,C0032285,Disease or Syndrome,Approved
Cefamandole,DB01326,Infection of bone,C2242472,Disease or Syndrome,Approved
Cefamandole,DB01326,Staphylococcal Pneumonia,C0032308,Disease or Syndrome,Approved
Cefamandole,DB01326,Peritonitis,C0031154,Disease or Syndrome,Approved
Cefamandole,DB01326,Escherichia coli Infections,C0014836,Disease or Syndrome,Approved
Cefamandole,DB01326,Bacterial urinary infection,C0729524,Disease or Syndrome,Approved
Cefamandole,DB01326,Lower respiratory tract infection,C0149725,Disease or Syndrome,Approved
Cefamandole,DB01326,Staphylococcus aureus infection,C1318973,Disease or Syndrome,Approved
Cefamandole,DB01326,Pneumonia due to Escherichia coli,C0276089,Disease or Syndrome,Approved
Cefamandole,DB01326,Osteomyelitis due to Staphylococcus aureus,C1997728,Disease or Syndrome,Approved
Cefamandole,DB01326,Haemophilus influenzae pneumonia,C0276026,Disease or Syndrome,Approved
Cefamandole,DB01326,Infection of skin AND/OR subcutaneous tissue,C0178299,Disease or Syndrome,Approved
Cefamandole,DB01326,Bacterial infection due to Klebsiella pneumoniae,C0343402,Disease or Syndrome,Approved
Cefamandole,DB01326,Streptococcus pyogenes infection,C0554628,Disease or Syndrome,Approved
Cefamandole,DB01326,URINARY TRACT INFECTION ENTEROCOCCUS,C0749958,Disease or Syndrome,Approved
Cefamandole,DB01326,Enterobacteriaceae Infections,C0014347,Disease or Syndrome,Approved
Cefamandole,DB01326,Klebsiella cystitis,C0520775,Disease or Syndrome,Approved
Cefamandole,DB01326,Proteus urinary tract infection,C0577709,Disease or Syndrome,Approved
Cefamandole,DB01326,Staphylococcal bacteraemia,C0152965,Disease or Syndrome,Approved
Cefamandole,DB01326,Escherichia coli urinary tract infection,C0577708,Disease or Syndrome,Approved
Cefamandole,DB01326,Intraabdominal Infections,C1112209,Disease or Syndrome,Approved
Cefamandole,DB01326,Streptococcal sepsis,C0152964,Disease or Syndrome,Approved
Cefazolin,DB01327,Arthropathy associated with infection,C0157749,Disease or Syndrome,Approved
Cefazolin,DB01327,Lower respiratory tract infection,C0149725,Disease or Syndrome,Approved
Cefazolin,DB01327,Staphylococcal Pneumonia,C0032308,Disease or Syndrome,Approved
Cefazolin,DB01327,Genitourinary tract infection,C1279247,Disease or Syndrome,Approved
Cefazolin,DB01327,Infection of bone,C2242472,Disease or Syndrome,Approved
Cefazolin,DB01327,Infection of skin AND/OR subcutaneous tissue,C0178299,Disease or Syndrome,Approved
Cefazolin,DB01327,Bacterial sepsis,C0684256,Disease or Syndrome,Approved
Cefazolin,DB01327,"Pneumonia, Bacterial",C0004626,Disease or Syndrome,Approved
Cefazolin,DB01327,Cholangitis,C0008311,Disease or Syndrome,Approved
Cefonicid,DB01328,Klebsiella cystitis,C0520775,Disease or Syndrome,Approved
Cefonicid,DB01328,Urinary tract infection,C0042029,Disease or Syndrome,Approved
Cefonicid,DB01328,Escherichia coli septicemia,C0276088,Disease or Syndrome,Approved
Cefonicid,DB01328,Staphylococcus aureus infection,C1318973,Disease or Syndrome,Approved
Cefonicid,DB01328,Bacterial infection due to Klebsiella pneumoniae,C0343402,Disease or Syndrome,Approved
Cefonicid,DB01328,Lower respiratory tract infection,C0149725,Disease or Syndrome,Approved
Cefonicid,DB01328,Proteus urinary tract infection,C0577709,Disease or Syndrome,Approved
Cefonicid,DB01328,Haemophilus influenzae pneumonia,C0276026,Disease or Syndrome,Approved
Cefonicid,DB01328,Osteomyelitis due to Staphylococcus aureus,C1997728,Disease or Syndrome,Approved
Cefonicid,DB01328,Pneumonia due to Escherichia coli,C0276089,Disease or Syndrome,Approved
Cefonicid,DB01328,Escherichia coli urinary tract infection,C0577708,Disease or Syndrome,Approved
Cefonicid,DB01328,Streptococcal sepsis,C0152964,Disease or Syndrome,Approved
Cefonicid,DB01328,Bacterial sepsis,C0684256,Disease or Syndrome,Approved
Cefonicid,DB01328,Streptococcus pyogenes infection,C0554628,Disease or Syndrome,Approved
Cefonicid,DB01328,Arthropathy associated with infection,C0157749,Disease or Syndrome,Approved
Cefonicid,DB01328,Infection of bone,C2242472,Disease or Syndrome,Approved
Cefonicid,DB01328,Infection of skin AND/OR subcutaneous tissue,C0178299,Disease or Syndrome,Approved
Cefonicid,DB01328,Pneumonia,C0032285,Disease or Syndrome,Approved
Cefotetan,DB01330,Proteus urinary tract infection,C0577709,Disease or Syndrome,Approved
Cefotetan,DB01330,Female genital tract infection,C1263758,Disease or Syndrome,Approved
Cefotetan,DB01330,Intraabdominal Infections,C1112209,Disease or Syndrome,Approved
Cefotetan,DB01330,Haemophilus influenzae pneumonia,C0276026,Disease or Syndrome,Approved
Cefotetan,DB01330,"Pneumonia, Bacterial",C0004626,Disease or Syndrome,Approved
Cefotetan,DB01330,Pneumonia due to Escherichia coli,C0276089,Disease or Syndrome,Approved
Cefotetan,DB01330,Bacterial infection due to Klebsiella pneumoniae,C0343402,Disease or Syndrome,Approved
Cefotetan,DB01330,Staphylococcal Pneumonia,C0032308,Disease or Syndrome,Approved
Cefotetan,DB01330,Staphylococcus aureus infection,C1318973,Disease or Syndrome,Approved
Cefotetan,DB01330,Infection of skin AND/OR subcutaneous tissue,C0178299,Disease or Syndrome,Approved
Cefotetan,DB01330,Bacterial sepsis,C0684256,Disease or Syndrome,Approved
Cefotetan,DB01330,Escherichia coli Infections,C0014836,Disease or Syndrome,Approved
Cefotetan,DB01330,Endometritis,C0014179,Disease or Syndrome,Approved
Cefotetan,DB01330,Lower respiratory tract infection,C0149725,Disease or Syndrome,Approved
Cefotetan,DB01330,Klebsiella cystitis,C0520775,Disease or Syndrome,Approved
Cefotetan,DB01330,Pelvic Inflammatory Disease,C0242172,Disease or Syndrome,Approved
Cefotetan,DB01330,Proteus pneumonia,C1260917,Disease or Syndrome,Approved
Cefotetan,DB01330,Osteomyelitis due to Staphylococcus aureus,C1997728,Disease or Syndrome,Approved
Cefotetan,DB01330,Escherichia coli urinary tract infection,C0577708,Disease or Syndrome,Approved
Cefotetan,DB01330,Streptococcus pyogenes infection,C0554628,Disease or Syndrome,Approved
Cefotetan,DB01330,Acute gonococcal endometritis,C0153196,Disease or Syndrome,Approved
Cefoxitin,DB01331,Bacterial sepsis,C0684256,Disease or Syndrome,Approved
Cefoxitin,DB01331,Sepsis due to Staphylococcus aureus,C2887088,Disease or Syndrome,Approved
Cefoxitin,DB01331,Abdominal Abscess,C0243001,Disease or Syndrome,Approved
Cefoxitin,DB01331,Postoperative infection,C0392618,Pathologic Function,Approved
Cefoxitin,DB01331,Staphylococcal Pneumonia,C0032308,Disease or Syndrome,Approved
Cefoxitin,DB01331,Endometritis,C0014179,Disease or Syndrome,Approved
Cefoxitin,DB01331,Female genital tract infection,C1263758,Disease or Syndrome,Approved
Cefoxitin,DB01331,Rhinoscleroma,C0035468,Disease or Syndrome,Approved
Cefoxitin,DB01331,Acute gonococcal endometritis,C0153196,Disease or Syndrome,Approved
Cefoxitin,DB01331,Klebsiella cystitis,C0520775,Disease or Syndrome,Approved
Cefoxitin,DB01331,Peritonitis,C0031154,Disease or Syndrome,Approved
Cefoxitin,DB01331,Intraabdominal Infections,C1112209,Disease or Syndrome,Approved
Cefoxitin,DB01331,Pelvic Inflammatory Disease,C0242172,Disease or Syndrome,Approved
Cefoxitin,DB01331,Arthropathy associated with infection,C0157749,Disease or Syndrome,Approved
Cefoxitin,DB01331,Streptococcus pyogenes infection,C0554628,Disease or Syndrome,Approved
Cefoxitin,DB01331,Escherichia coli septicemia,C0276088,Disease or Syndrome,Approved
Cefoxitin,DB01331,Pneumonia due to Escherichia coli,C0276089,Disease or Syndrome,Approved
Cefoxitin,DB01331,Bacterial infection due to Klebsiella pneumoniae,C0343402,Disease or Syndrome,Approved
Cefoxitin,DB01331,Proteus urinary tract infection,C0577709,Disease or Syndrome,Approved
Cefoxitin,DB01331,Osteomyelitis due to Staphylococcus aureus,C1997728,Disease or Syndrome,Approved
Cefoxitin,DB01331,Female pelvic cellulitis,C0349734,Disease or Syndrome,Approved
Cefoxitin,DB01331,"Pneumonia, Bacterial",C0004626,Disease or Syndrome,Approved
Cefoxitin,DB01331,Lung Abscess,C0024110,Disease or Syndrome,Approved
Cefoxitin,DB01331,Septicemia due to Bacteroides,C0276064,Disease or Syndrome,Approved
Cefoxitin,DB01331,Staphylococcus aureus infection,C1318973,Disease or Syndrome,Approved
Cefoxitin,DB01331,Escherichia coli Infections,C0014836,Disease or Syndrome,Approved
Cefoxitin,DB01331,Streptococcal sepsis,C0152964,Disease or Syndrome,Approved
Cefoxitin,DB01331,Gonorrhea,C0018081,Disease or Syndrome,Approved
Cefoxitin,DB01331,Infection of bone,C2242472,Disease or Syndrome,Approved
Cefoxitin,DB01331,Acute gonococcal cervicitis,C0153195,Disease or Syndrome,Approved
Cefoxitin,DB01331,Haemophilus influenzae pneumonia,C0276026,Disease or Syndrome,Approved
Cefoxitin,DB01331,Infection of skin AND/OR subcutaneous tissue,C0178299,Disease or Syndrome,Approved
Cefoxitin,DB01331,Escherichia coli urinary tract infection,C0577708,Disease or Syndrome,Approved
Ceftizoxime,DB01332,Streptococcus pyogenes infection,C0554628,Disease or Syndrome,Approved
Ceftizoxime,DB01332,Proteus urinary tract infection,C0577709,Disease or Syndrome,Approved
Ceftizoxime,DB01332,Gonorrhea of rectum,C0275665,Disease or Syndrome,Approved
Ceftizoxime,DB01332,Escherichia coli urinary tract infection,C0577708,Disease or Syndrome,Approved
Ceftizoxime,DB01332,Rhinoscleroma,C0035468,Disease or Syndrome,Approved
Ceftizoxime,DB01332,Streptococcal sepsis,C0152964,Disease or Syndrome,Approved
Ceftizoxime,DB01332,Pneumonia due to Escherichia coli,C0276089,Disease or Syndrome,Approved
Ceftizoxime,DB01332,Escherichia coli Infections,C0014836,Disease or Syndrome,Approved
Ceftizoxime,DB01332,Serratia Infections,C0085394,Disease or Syndrome,Approved
Ceftizoxime,DB01332,Urinary tract infection,C0042029,Disease or Syndrome,Approved
Ceftizoxime,DB01332,Pneumonia,C0032285,Disease or Syndrome,Approved
Ceftizoxime,DB01332,Meningitis,C0025289,Disease or Syndrome,Approved
Ceftizoxime,DB01332,Serratia sepsis,C0152973,Disease or Syndrome,Approved
Ceftizoxime,DB01332,Arthropathy associated with infection,C0157749,Disease or Syndrome,Approved
Ceftizoxime,DB01332,Enterobacter pneumonia,C1096258,Disease or Syndrome,Approved
Ceftizoxime,DB01332,Acute gonococcal cervicitis,C0153195,Disease or Syndrome,Approved
Ceftizoxime,DB01332,Bacterial sepsis,C0684256,Disease or Syndrome,Approved
Ceftizoxime,DB01332,Infection of bone,C2242472,Disease or Syndrome,Approved
Ceftizoxime,DB01332,Acute gonococcal urethritis,C0275652,Disease or Syndrome,Approved
Ceftizoxime,DB01332,Klebsiella cystitis,C0520775,Disease or Syndrome,Approved
Ceftizoxime,DB01332,Staphylococcal Pneumonia,C0032308,Disease or Syndrome,Approved
Ceftizoxime,DB01332,Osteomyelitis due to Staphylococcus aureus,C1997728,Disease or Syndrome,Approved
Ceftizoxime,DB01332,Infection of skin AND/OR subcutaneous tissue,C0178299,Disease or Syndrome,Approved
Ceftizoxime,DB01332,Proteus pneumonia,C1260917,Disease or Syndrome,Approved
Ceftizoxime,DB01332,Acute gonococcal endometritis,C0153196,Disease or Syndrome,Approved
Ceftizoxime,DB01332,Bacterial infection due to Klebsiella pneumoniae,C0343402,Disease or Syndrome,Approved
Ceftizoxime,DB01332,Lower respiratory tract infection,C0149725,Disease or Syndrome,Approved
Ceftizoxime,DB01332,Bacterial urinary infection,C0729524,Disease or Syndrome,Approved
Ceftizoxime,DB01332,Sepsis due to Staphylococcus aureus,C2887088,Disease or Syndrome,Approved
Ceftizoxime,DB01332,Enterobacteriaceae Infections,C0014347,Disease or Syndrome,Approved
Ceftizoxime,DB01332,Streptococcal meningitis,C0154639,Disease or Syndrome,Approved
Ceftizoxime,DB01332,Gonorrhea,C0018081,Disease or Syndrome,Approved
Ceftizoxime,DB01332,Intraabdominal Infections,C1112209,Disease or Syndrome,Approved
Ceftizoxime,DB01332,Haemophilus influenzae pneumonia,C0276026,Disease or Syndrome,Approved
Ceftizoxime,DB01332,Staphylococcus aureus infection,C1318973,Disease or Syndrome,Approved
Ceftizoxime,DB01332,Bacterial peritonitis,C0341503,Disease or Syndrome,Approved
Ceftizoxime,DB01332,Septicemia due to Bacteroides,C0276064,Disease or Syndrome,Approved
Ceftizoxime,DB01332,Escherichia coli septicemia,C0276088,Disease or Syndrome,Approved
Cefradine,DB01333,Infection of bone,C2242472,Disease or Syndrome,Approved
Cefradine,DB01333,Urinary tract infection,C0042029,Disease or Syndrome,Approved
Cefradine,DB01333,Haemophilus influenzae pneumonia,C0276026,Disease or Syndrome,Approved
Cefradine,DB01333,Upper Respiratory Infections,C0041912,Disease or Syndrome,Approved
Cefradine,DB01333,Infection of skin AND/OR subcutaneous tissue,C0178299,Disease or Syndrome,Approved
Cefradine,DB01333,Escherichia coli urinary tract infection,C0577708,Disease or Syndrome,Approved
Cefradine,DB01333,Streptococcus pyogenes infection,C0554628,Disease or Syndrome,Approved
Cefradine,DB01333,Bacterial infection due to Klebsiella pneumoniae,C0343402,Disease or Syndrome,Approved
Cefradine,DB01333,Streptococcal tonsillitis,C0275804,Disease or Syndrome,Approved
Cefradine,DB01333,prostatitis,C0033581,Disease or Syndrome,Approved
Cefradine,DB01333,Arthropathy associated with infection,C0157749,Disease or Syndrome,Approved
Cefradine,DB01333,Tonsillitis,C0040425,Disease or Syndrome,Approved
Cefradine,DB01333,Staphylococcal Pneumonia,C0032308,Disease or Syndrome,Approved
Cefradine,DB01333,Pharyngitis,C0031350,Disease or Syndrome,Approved
Cefradine,DB01333,Staphylococcus aureus infection,C1318973,Disease or Syndrome,Approved
Cefradine,DB01333,Infective otitis media,C0729586,Disease or Syndrome,Approved
Cefradine,DB01333,Pneumonia,C0032285,Disease or Syndrome,Approved
Cefradine,DB01333,URINARY TRACT INFECTION ENTEROCOCCUS,C0749958,Disease or Syndrome,Approved
Cefradine,DB01333,Proteus urinary tract infection,C0577709,Disease or Syndrome,Approved
Cefradine,DB01333,Lower respiratory tract infection,C0149725,Disease or Syndrome,Approved
Cefradine,DB01333,Klebsiella cystitis,C0520775,Disease or Syndrome,Approved
Cefradine,DB01333,Acute otitis media,C0271429,Disease or Syndrome,Approved
Cilazapril,DB01340,Hypertensive disease,C0020538,Disease or Syndrome,Approved
Polystyrene sulfonate,DB01344,Hyperkalemia,C0020461,Finding,Approved
Spirapril,DB01348,Hypertensive disease,C0020538,Disease or Syndrome,Approved
Tasosartan,DB01349,Hypertensive disease,C0020538,Disease or Syndrome,Approved
Amobarbital,DB01351,Epilepsy,C0014544,Disease or Syndrome,Approved
Amobarbital,DB01351,Sleeplessness,C0917801,Sign or Symptom,Approved
Amobarbital,DB01351,Status Epilepticus,C0038220,Disease or Syndrome,Approved
Amobarbital,DB01351,Severe anxiety (panic),C0231403,Finding,Approved
Aprobarbital,DB01352,Severe anxiety (panic),C0231403,Finding,Approved
Aprobarbital,DB01352,Sleeplessness,C0917801,Sign or Symptom,Approved
Butethal,DB01353,Sleeplessness,C0917801,Sign or Symptom,Approved
Butethal,DB01353,Severe anxiety (panic),C0231403,Finding,Approved
Lithium,DB01356,Bipolar Disorder,C0005586,Mental or Behavioral Dysfunction,Approved
Lithium,DB01356,"Bipolar affective disorder, current episode manic",C0338873,Mental or Behavioral Dysfunction,Approved
Lithium,DB01356,Bipolar disorder in remission,C0270425,Mental or Behavioral Dysfunction,Approved
Lithium,DB01356,Headache Disorders,C0393735,Disease or Syndrome,Approved
Lithium,DB01356,Pain,C0030193,Sign or Symptom,Approved
Lithium,DB01356,Fever,C0015967,Finding,Approved
Lithium,DB01356,Degenerative polyarthritis,C0029408,Disease or Syndrome,Approved
Lithium,DB01356,Rheumatoid Arthritis,C0003873,Disease or Syndrome,Approved
Lithium,DB01356,Dysmenorrhea,C0013390,Pathologic Function,Approved
Mestranol,DB01357,Menorrhagia,C0025323,Pathologic Function,Approved
Mestranol,DB01357,Endometriosis,C0014175,Disease or Syndrome,Approved
Mestranol,DB01357,Female hypogonadism syndrome,C0271578,Disease or Syndrome,Approved
Penbutolol,DB01359,Hypertensive disease,C0020538,Disease or Syndrome,Approved
Troleandomycin,DB01361,Streptococcal pneumonia,C0155862,Disease or Syndrome,Approved
Ephedrine,DB01364,Sinus headache,C0037195,Finding,Approved
Ephedrine,DB01364,Bronchitis,C0006277,Disease or Syndrome,Approved
Ephedrine,DB01364,Headache Disorders,C0393735,Disease or Syndrome,Approved
Ephedrine,DB01364,Allergic Conjunctivitis,C0009766,Disease or Syndrome,Approved
Ephedrine,DB01364,Rhinorrhea,C1260880,Sign or Symptom,Approved
Ephedrine,DB01364,Influenza-like symptoms,C0392171,Sign or Symptom,Approved
Ephedrine,DB01364,Allergic rhinitis (disorder),C2607914,Disease or Syndrome,Approved
Ephedrine,DB01364,Hay fever,C0018621,Disease or Syndrome,Approved
Ephedrine,DB01364,Bronchial Spasm,C0006266,Disease or Syndrome,Approved
Ephedrine,DB01364,"Rhinitis, Vasomotor",C0035460,Disease or Syndrome,Approved
Ephedrine,DB01364,Hypotension,C0020649,Finding,Approved
Ephedrine,DB01364,Rhinitis,C0035455,Disease or Syndrome,Approved
Ephedrine,DB01364,Nasal congestion (finding),C0027424,Sign or Symptom,Approved
Ephedrine,DB01364,Sneezing,C0037383,Finding,Approved
Ephedrine,DB01364,Common Cold,C0009443,Disease or Syndrome,Approved
Mephentermine,DB01365,Hypotension,C0020649,Finding,Approved
Rasagiline,DB01367,Parkinson Disease,C0030567,Disease or Syndrome,Approved
Quinupristin,DB01369,Streptococcus pyogenes infection,C0554628,Disease or Syndrome,Approved
Magnesium oxide,DB01377,Incomplete passage of stool,C0426639,Sign or Symptom,Approved
Magnesium oxide,DB01377,Hypocalcemia,C0020598,Disease or Syndrome,Approved
Magnesium oxide,DB01377,Constipation,C0009806,Sign or Symptom,Approved
Magnesium oxide,DB01377,Osteoporosis,C0029456,Disease or Syndrome,Approved
Magnesium oxide,DB01377,Dyspepsia,C0013395,Sign or Symptom,Approved
Magnesium oxide,DB01377,Hypomagnesemia,C0151723,Finding,Approved
Cortisone acetate,DB01380,Punctate keratopathy,C0423234,Finding,Approved
Cortisone acetate,DB01380,Herpes zoster keratitis,C1275687,Disease or Syndrome,Approved
Cortisone acetate,DB01380,Granuloma Annulare,C0085074,Disease or Syndrome,Approved
Cortisone acetate,DB01380,Addisonian crisis,C0151467,Disease or Syndrome,Approved
Cortisone acetate,DB01380,Pemphigus,C0030807,Disease or Syndrome,Approved
Cortisone acetate,DB01380,Asthma,C0004096,Disease or Syndrome,Approved
Cortisone acetate,DB01380,"Anemia, Diamond-Blackfan",C1260899,Congenital Abnormality,Approved
Cortisone acetate,DB01380,Bursitis,C0006444,Disease or Syndrome,Approved
Cortisone acetate,DB01380,Sarcoidosis,C0036202,Disease or Syndrome,Approved
Cortisone acetate,DB01380,"Lupus Erythematosus, Systemic",C0024141,Disease or Syndrome,Approved
Cortisone acetate,DB01380,Recurrent herpes simplex labialis,C1274321,Disease or Syndrome,Approved
Cortisone acetate,DB01380,Rosacea,C0035854,Disease or Syndrome,Approved
Cortisone acetate,DB01380,Exanthema,C0015230,Sign or Symptom,Approved
Cortisone acetate,DB01380,Allergic Conjunctivitis,C0009766,Disease or Syndrome,Approved
Cortisone acetate,DB01380,Autoimmune hemolytic anemia,C0002880,Disease or Syndrome,Approved
Cortisone acetate,DB01380,"Lymphoma, T-Cell, Cutaneous",C0079773,Neoplastic Process,Approved
Cortisone acetate,DB01380,Tinea Pedis,C0040259,Disease or Syndrome,Approved
Cortisone acetate,DB01380,"Lymphoma, Follicular",C0024301,Neoplastic Process,Approved
Cortisone acetate,DB01380,Serum Sickness,C0036830,Disease or Syndrome,Approved
Cortisone acetate,DB01380,Otitis Externa,C0029878,Disease or Syndrome,Approved
Cortisone acetate,DB01380,Mycosis Fungoides,C0026948,Neoplastic Process,Approved
Cortisone acetate,DB01380,Inflammatory Bowel Diseases,C0021390,Disease or Syndrome,Approved
Cortisone acetate,DB01380,Congenital adrenal hyperplasia,C0001627,Congenital Abnormality,Approved
Cortisone acetate,DB01380,Post traumatic osteoarthritis,C2894027,Pathologic Function,Approved
Cortisone acetate,DB01380,Tendinitis,C0039503,Disease or Syndrome,Approved
Cortisone acetate,DB01380,Malignant otitis externa due to Pseudomonas aeruginosa,C0395818,Disease or Syndrome,Approved
Cortisone acetate,DB01380,Proctitis,C0033246,Disease or Syndrome,Approved
Cortisone acetate,DB01380,Pruritus Ani,C0033775,Sign or Symptom,Approved
Cortisone acetate,DB01380,Pruritus of genital organs,C0033777,Sign or Symptom,Approved
Cortisone acetate,DB01380,Dermatitis Herpetiformis,C0011608,Disease or Syndrome,Approved
Cortisone acetate,DB01380,Scalp psoriasis,C0406326,Disease or Syndrome,Approved
Cortisone acetate,DB01380,Seborrheic dermatitis,C0036508,Disease or Syndrome,Approved
Cortisone acetate,DB01380,Uveitis,C0042164,Disease or Syndrome,Approved
Cortisone acetate,DB01380,"Arthritis, Gouty",C0003868,Disease or Syndrome,Approved
Cortisone acetate,DB01380,Synovitis,C0039103,Disease or Syndrome,Approved
Cortisone acetate,DB01380,Hemorrhoids,C0019112,Disease or Syndrome,Approved
Cortisone acetate,DB01380,Addison Disease,C0001403,Disease or Syndrome,Approved
Cortisone acetate,DB01380,Cerebral Edema,C0006114,Pathologic Function,Approved
Cortisone acetate,DB01380,Erythema Multiforme,C0014742,Disease or Syndrome,Approved
Cortisone acetate,DB01380,Corneal abrasion,C0010032,Injury or Poisoning,Approved
Cortisone acetate,DB01380,Humoral hypercalcemia of malignancy (disorder),C0149911,Disease or Syndrome,Approved
Cortisone acetate,DB01380,Dermatologic disorders,C0037274,Disease or Syndrome,Approved
Cortisone acetate,DB01380,Corneal Ulcer,C0010043,Disease or Syndrome,Approved
Cortisone acetate,DB01380,Gingival Diseases,C0017563,Disease or Syndrome,Approved
Cortisone acetate,DB01380,Disorder of eye,C0015397,Disease or Syndrome,Approved
Cortisone acetate,DB01380,Musculoskeletal Diseases,C0026857,Disease or Syndrome,Approved
Cortisone acetate,DB01380,Exfoliative dermatitis,C0011606,Disease or Syndrome,Approved
Cortisone acetate,DB01380,Keratitis,C0022568,Disease or Syndrome,Approved
Cortisone acetate,DB01380,Epicondylitis,C0014488,Disease or Syndrome,Approved
Cortisone acetate,DB01380,Nephrotic Syndrome,C0027726,Disease or Syndrome,Approved
Cortisone acetate,DB01380,Bacterial keratitis,C0854211,Disease or Syndrome,Approved
Cortisone acetate,DB01380,Iridocyclitis,C0022073,Disease or Syndrome,Approved
Cortisone acetate,DB01380,Lichen Simplex Chronicus,C0149922,Disease or Syndrome,Approved
Cortisone acetate,DB01380,Cooley's anemia,C0002875,Disease or Syndrome,Approved
Cortisone acetate,DB01380,Hodgkin Disease,C0019829,Neoplastic Process,Approved
Cortisone acetate,DB01380,Thyroiditis,C0040147,Disease or Syndrome,Approved
Cortisone acetate,DB01380,Laryngeal Edema,C0023052,Pathologic Function,Approved
Cortisone acetate,DB01380,Transplanted organ rejection,C0345468,Pathologic Function,Approved
Cortisone acetate,DB01380,Tenosynovitis,C0039520,Disease or Syndrome,Approved
Cortisone acetate,DB01380,Acute lymphocytic leukemia,C0023449,Neoplastic Process,Approved
Cortisone acetate,DB01380,Berylliosis,C0005138,Injury or Poisoning,Approved
Cortisone acetate,DB01380,Chronic small plaque psoriasis,C0406317,Disease or Syndrome,Approved
Cortisone acetate,DB01380,Infective blepharitis,C0729587,Disease or Syndrome,Approved
Cortisone acetate,DB01380,Adrenogenital disorder,C0701163,Disease or Syndrome,Approved
Cortisone acetate,DB01380,Ankylosing spondylitis,C0038013,Disease or Syndrome,Approved
Cortisone acetate,DB01380,Tinea corporis (disorder),C0040252,Disease or Syndrome,Approved
Cortisone acetate,DB01380,Blepharoconjunctivitis,C0005743,Disease or Syndrome,Approved
Cortisone acetate,DB01380,"Lupus Erythematosus, Discoid",C0024138,Disease or Syndrome,Approved
Cortisone acetate,DB01380,Simple Pulmonary Eosinophilia,C0242459,Disease or Syndrome,Approved
Cortisone acetate,DB01380,Acquired thrombocytopenia,C0154301,Disease or Syndrome,Approved
Cortisone acetate,DB01380,Psoriasis,C0033860,Disease or Syndrome,Approved
Cortisone acetate,DB01380,Adrenal cortical hypofunction,C0405580,Disease or Syndrome,Approved
Cortisone acetate,DB01380,Trichinellosis,C0040896,Disease or Syndrome,Approved
Cortisone acetate,DB01380,Chronic ulcerative proctitis,C2937222,Disease or Syndrome,Approved
Cortisone acetate,DB01380,Contact Dermatitis,C0011616,Disease or Syndrome,Approved
Cortisone acetate,DB01380,Tinea cruris,C1384589,Disease or Syndrome,Approved
Cortisone acetate,DB01380,Itching of ear,C0849907,Sign or Symptom,Approved
Cortisone acetate,DB01380,Rheumatoid Arthritis,C0003873,Disease or Syndrome,Approved
Cortisone acetate,DB01380,Allergic rhinitis (disorder),C2607914,Disease or Syndrome,Approved
Cortisone acetate,DB01380,"Tuberculosis, Miliary",C0041321,Disease or Syndrome,Approved
Cortisone acetate,DB01380,"Lymphoma, Non-Hodgkin",C0024305,Neoplastic Process,Approved
Cortisone acetate,DB01380,Acne Vulgaris,C0001144,Disease or Syndrome,Approved
Cortisone acetate,DB01380,Multiple Sclerosis,C0026769,Disease or Syndrome,Approved
Cortisone acetate,DB01380,Iritis,C0022081,Disease or Syndrome,Approved
Cortisone acetate,DB01380,Ulcerative Colitis,C0009324,Disease or Syndrome,Approved
Cortisone acetate,DB01380,Autoimmune Diseases,C0004364,Disease or Syndrome,Approved
Cortisone acetate,DB01380,Inflammatory dermatosis,C3875321,Disease or Syndrome,Approved
Cortisone acetate,DB01380,Rheumatic Heart Disease,C0035439,Disease or Syndrome,Approved
Cortisone acetate,DB01380,Crohn Disease,C0010346,Disease or Syndrome,Approved
Cortisone acetate,DB01380,"Arthritis, Psoriatic",C0003872,Disease or Syndrome,Approved
Cortisone acetate,DB01380,Status Asthmaticus,C0038218,Disease or Syndrome,Approved
Cortisone acetate,DB01380,Cyclitis,C0010543,Disease or Syndrome,Approved
Cortisone acetate,DB01380,Aphthous Stomatitis,C0038363,Disease or Syndrome,Approved
Cortisone acetate,DB01380,Angioedema,C0002994,Pathologic Function,Approved
Cortisone acetate,DB01380,Aspiration pneumonitis,C1761609,Disease or Syndrome,Approved
Cortisone acetate,DB01380,Infective otitis externa,C0021355,Disease or Syndrome,Approved
Glycodiazine,DB01382,"Diabetes Mellitus, Non-Insulin-Dependent",C0011860,Disease or Syndrome,Approved
Bezafibrate,DB01393,Hyperlipidemia,C0020473,Disease or Syndrome,Approved
Bezafibrate,DB01393,Hypercholesterolemia,C0020443,Disease or Syndrome,Approved
Colchicine,DB01394,Familial Mediterranean Fever,C0031069,Disease or Syndrome,Approved
Colchicine,DB01394,Gout,C0018099,Disease or Syndrome,Approved
Colchicine,DB01394,Chronic gouty arthritis,C0268108,Disease or Syndrome,Approved
Drospirenone,DB01395,Atrophic Vaginitis,C0221392,Disease or Syndrome,Approved
Drospirenone,DB01395,Hot flushes,C0600142,Sign or Symptom,Approved
Drospirenone,DB01395,Premenstrual Dysphoric Disorder,C0520676,Mental or Behavioral Dysfunction,Approved
Drospirenone,DB01395,Acne Vulgaris,C0001144,Disease or Syndrome,Approved
Drospirenone,DB01395,Atrophy of vulva,C0156393,Disease or Syndrome,Approved
Magnesium salicylate,DB01397,Back Pain,C0004604,Sign or Symptom,Approved
Magnesium salicylate,DB01397,Rheumatoid Arthritis,C0003873,Disease or Syndrome,Approved
Magnesium salicylate,DB01397,Fever,C0015967,Finding,Approved
Magnesium salicylate,DB01397,Shoulder tendinitis,C0262633,Disease or Syndrome,Approved
Magnesium salicylate,DB01397,Pain,C0030193,Sign or Symptom,Approved
Magnesium salicylate,DB01397,Degenerative polyarthritis,C0029408,Disease or Syndrome,Approved
Magnesium salicylate,DB01397,Dysmenorrhea,C0013390,Pathologic Function,Approved
Magnesium salicylate,DB01397,Synovitis,C0039103,Disease or Syndrome,Approved
Magnesium salicylate,DB01397,Arthralgia,C0003862,Sign or Symptom,Approved
Magnesium salicylate,DB01397,Bursitis,C0006444,Disease or Syndrome,Approved
Magnesium salicylate,DB01397,Headache Disorders,C0393735,Disease or Syndrome,Approved
Salsalate,DB01399,Rheumatoid Arthritis,C0003873,Disease or Syndrome,Approved
Salsalate,DB01399,Degenerative polyarthritis,C0029408,Disease or Syndrome,Approved
Neostigmine,DB01400,Myasthenia Gravis,C0026896,Disease or Syndrome,Approved
Neostigmine,DB01400,Urinary Retention,C0080274,Finding,Approved
Danazol,DB01406,Endometriosis,C0014175,Disease or Syndrome,Approved
Danazol,DB01406,Breast Fibrocystic Disease,C0016034,Disease or Syndrome,Approved
Tiotropium,DB01409,"Bronchitis, Chronic",C0008677,Disease or Syndrome,Approved
Tiotropium,DB01409,Pulmonary Emphysema,C0034067,Disease or Syndrome,Approved
Tiotropium,DB01409,Asthma,C0004096,Disease or Syndrome,Approved
Ciclesonide,DB01410,Asthma,C0004096,Disease or Syndrome,Approved
Ciclesonide,DB01410,Hay fever,C0018621,Disease or Syndrome,Approved
Ciclesonide,DB01410,Allergic rhinitis (disorder),C2607914,Disease or Syndrome,Approved
Pranlukast,DB01411,Allergic rhinitis (disorder),C2607914,Disease or Syndrome,Approved
Pranlukast,DB01411,Asthma,C0004096,Disease or Syndrome,Approved
Cefepime,DB01413,PYELONEPHRITIS E COLI,C0748196,Finding,Approved
Cefepime,DB01413,Klebsiella cystitis,C0520775,Disease or Syndrome,Approved
Cefepime,DB01413,Staphylococcus aureus infection,C1318973,Disease or Syndrome,Approved
Cefepime,DB01413,Pneumonia due to Pseudomonas,C0155860,Disease or Syndrome,Approved
Cefepime,DB01413,Intraabdominal Infections,C1112209,Disease or Syndrome,Approved
Cefepime,DB01413,"Pneumonia, Bacterial",C0004626,Disease or Syndrome,Approved
Cefepime,DB01413,Streptococcus pyogenes infection,C0554628,Disease or Syndrome,Approved
Cefepime,DB01413,Escherichia coli urinary tract infection,C0577708,Disease or Syndrome,Approved
Cefepime,DB01413,Bacterial infection due to Klebsiella pneumoniae,C0343402,Disease or Syndrome,Approved
Cefepime,DB01413,Proteus urinary tract infection,C0577709,Disease or Syndrome,Approved
Cefepime,DB01413,Enterobacter pneumonia,C1096258,Disease or Syndrome,Approved
Cefepime,DB01413,Streptococcal pneumonia,C0155862,Disease or Syndrome,Approved
Ceftibuten,DB01415,Tonsillitis,C0040425,Disease or Syndrome,Approved
Ceftibuten,DB01415,Acute otitis media,C0271429,Disease or Syndrome,Approved
Ceftibuten,DB01415,Infective otitis media,C0729586,Disease or Syndrome,Approved
Ceftibuten,DB01415,Streptococcal tonsillitis,C0275804,Disease or Syndrome,Approved
Cefpodoxime,DB01416,Infection of skin AND/OR subcutaneous tissue,C0178299,Disease or Syndrome,Approved
Cefpodoxime,DB01416,Infective otitis media,C0729586,Disease or Syndrome,Approved
Cefpodoxime,DB01416,Acute gonococcal cervicitis,C0153195,Disease or Syndrome,Approved
Cefpodoxime,DB01416,Streptococcal tonsillitis,C0275804,Disease or Syndrome,Approved
Cefpodoxime,DB01416,Haemophilus influenzae pneumonia,C0276026,Disease or Syndrome,Approved
Cefpodoxime,DB01416,Streptococcal pneumonia,C0155862,Disease or Syndrome,Approved
Cefpodoxime,DB01416,Acute maxillary sinusitis,C0155804,Disease or Syndrome,Approved
Cefpodoxime,DB01416,Acute Moraxella catarrhalis bronchitis,C0339932,Disease or Syndrome,Approved
Cefpodoxime,DB01416,Klebsiella cystitis,C0520775,Disease or Syndrome,Approved
Cefpodoxime,DB01416,Gonorrhea of rectum,C0275665,Disease or Syndrome,Approved
Cefpodoxime,DB01416,"Pneumonia, Bacterial",C0004626,Disease or Syndrome,Approved
Cefpodoxime,DB01416,Tonsillitis,C0040425,Disease or Syndrome,Approved
Cefpodoxime,DB01416,Proteus urinary tract infection,C0577709,Disease or Syndrome,Approved
Cefpodoxime,DB01416,Escherichia coli urinary tract infection,C0577708,Disease or Syndrome,Approved
Cefpodoxime,DB01416,Gonorrhea,C0018081,Disease or Syndrome,Approved
Cefpodoxime,DB01416,Acute exacerbation of chronic bronchitis,C0856695,Disease or Syndrome,Approved
Cefpodoxime,DB01416,Acute otitis media,C0271429,Disease or Syndrome,Approved
Cefpodoxime,DB01416,Staphylococcus aureus infection,C1318973,Disease or Syndrome,Approved
Cefpodoxime,DB01416,Pharyngitis,C0031350,Disease or Syndrome,Approved
Cefpodoxime,DB01416,Acute gonococcal urethritis,C0275652,Disease or Syndrome,Approved
Cefpodoxime,DB01416,Streptococcus pyogenes infection,C0554628,Disease or Syndrome,Approved
Testosterone Propionate,DB01420,Cryptorchidism,C0010417,Congenital Abnormality,Approved
Testosterone Propionate,DB01420,Klinefelter Syndrome,C0022735,Disease or Syndrome,Approved
Testosterone Propionate,DB01420,Delayed Puberty,C0034012,Pathologic Function,Approved
Testosterone Propionate,DB01420,Testicular hypogonadism,C0151721,Disease or Syndrome,Approved
Testosterone Propionate,DB01420,Deficiency of testosterone biosynthesis,C0342527,Disease or Syndrome,Approved
Testosterone Propionate,DB01420,Hormone receptor positive malignant neoplasm of breast,C1562029,Neoplastic Process,Approved
Paromomycin,DB01421,Chronic intestinal amebiasis,C0002440,Disease or Syndrome,Approved
Paromomycin,DB01421,Hepatic Coma,C0019147,Disease or Syndrome,Approved
Amrinone,DB01427,Decompensated cardiac failure,C0581377,Disease or Syndrome,Approved
Aprindine,DB01429,Supraventricular arrhythmia,C0428974,Pathologic Function,Approved
Aprindine,DB01429,Ventricular arrhythmia,C0085612,Disease or Syndrome,Approved
Almitrine,DB01430,Chronic Obstructive Airway Disease,C0024117,Disease or Syndrome,Approved
Cholestyramine,DB01432,Hyperlipidemia,C0020473,Disease or Syndrome,Approved
Cholestyramine,DB01432,Hypercholesterolemia,C0020443,Disease or Syndrome,Approved
Methadyl Acetate,DB01433,Opiate Addiction,C0524662,Mental or Behavioral Dysfunction,Approved
Antipyrine,DB01435,Infective otitis media,C0729586,Disease or Syndrome,Approved
Alfacalcidol,DB01436,Renal Osteodystrophy,C0035086,Disease or Syndrome,Approved
Alfacalcidol,DB01436,Hyperparathyroidism,C0020502,Disease or Syndrome,Approved
Alfacalcidol,DB01436,Hypoparathyroidism,C0020626,Disease or Syndrome,Approved
Alfacalcidol,DB01436,Neonatal hypocalcemia,C0342634,Disease or Syndrome,Approved
Glutethimide,DB01437,Sleeplessness,C0917801,Sign or Symptom,Approved
Phenazopyridine,DB01438,Dysuria,C0013428,Sign or Symptom,Approved
Gamma Hydroxybutyric Acid,DB01440,Narcolepsy-Cataplexy Syndrome,C0751362,Disease or Syndrome,Approved
Gamma Hydroxybutyric Acid,DB01440,Narcolepsy,C0027404,Disease or Syndrome,Approved
Heroin,DB01452,Severe pain,C0278140,Finding,Approved
Difenoxin,DB01501,Diarrhea,C0011991,Sign or Symptom,Approved
Ethyl loflazepate,DB01545,Anxiety,C0003467,Mental or Behavioral Dysfunction,Approved
Ethyl loflazepate,DB01545,Depressive disorder,C0011581,Mental or Behavioral Dysfunction,Approved
Fenproporex,DB01550,Obesity,C0028754,Disease or Syndrome,Approved
Dihydrocodeine,DB01551,Allergic rhinitis (disorder),C2607914,Disease or Syndrome,Approved
Dihydrocodeine,DB01551,Rhinitis,C0035455,Disease or Syndrome,Approved
Dihydrocodeine,DB01551,Common Cold,C0009443,Disease or Syndrome,Approved
Dihydrocodeine,DB01551,Rhinorrhea,C1260880,Sign or Symptom,Approved
Dihydrocodeine,DB01551,Nasal congestion (finding),C0027424,Sign or Symptom,Approved
Dihydrocodeine,DB01551,Pain,C0030193,Sign or Symptom,Approved
Dihydrocodeine,DB01551,Coughing,C0010200,Sign or Symptom,Approved
Chloral hydrate,DB01563,Sleeplessness,C0917801,Sign or Symptom,Approved
Dextroamphetamine,DB01576,Narcolepsy,C0027404,Disease or Syndrome,Approved
Dextroamphetamine,DB01576,Attention deficit hyperactivity disorder,C1263846,Mental or Behavioral Dysfunction,Approved
Methamphetamine,DB01577,Attention deficit hyperactivity disorder,C1263846,Mental or Behavioral Dysfunction,Approved
Methamphetamine,DB01577,Obesity,C0028754,Disease or Syndrome,Approved
Phendimetrazine,DB01579,Obesity,C0028754,Disease or Syndrome,Approved
Oxprenolol,DB01580,Hypertensive disease,C0020538,Disease or Syndrome,Approved
Oxprenolol,DB01580,Ventricular arrhythmia,C0085612,Disease or Syndrome,Approved
Oxprenolol,DB01580,Anxiety,C0003467,Mental or Behavioral Dysfunction,Approved
Ursodeoxycholic acid,DB01586,Cholelithiasis,C0008350,Disease or Syndrome,Approved
Ursodeoxycholic acid,DB01586,Primary biliary cirrhosis,C0008312,Disease or Syndrome,Approved
Prazepam,DB01588,Anxiety,C0003467,Mental or Behavioral Dysfunction,Approved
Prazepam,DB01588,Sleeplessness,C0917801,Sign or Symptom,Approved
Quazepam,DB01589,Sleeplessness,C0917801,Sign or Symptom,Approved
Everolimus,DB01590,Renal Cell Carcinoma,C0007134,Neoplastic Process,Approved
Everolimus,DB01590,Breast Carcinoma,C0678222,Neoplastic Process,Approved
Everolimus,DB01590,Hormone receptor positive malignant neoplasm of breast,C1562029,Neoplastic Process,Approved
Everolimus,DB01590,Angiomyolipoma of kidney,C0241961,Neoplastic Process,Approved
Everolimus,DB01590,Tuberous Sclerosis,C0041341,Neoplastic Process,Approved
Solifenacin,DB01591,Bladder muscle dysfunction - overactive,C0403643,Disease or Syndrome,Approved
Solifenacin,DB01591,Urgency of micturition,C0085606,Disease or Syndrome,Approved
Solifenacin,DB01591,Increased frequency of micturition,C0042023,Finding,Approved
Solifenacin,DB01591,Urge Incontinence,C0150045,Finding,Approved
Iron,DB01592,Iron deficiency anemia,C0162316,Disease or Syndrome,Approved
Iron,DB01592,Anemia of prematurity,C0158996,Disease or Syndrome,Approved
Iron,DB01592,Megaloblastic anemia due to folate deficiency,C0151482,Disease or Syndrome,Approved
Nitrazepam,DB01595,Sleeplessness,C0917801,Sign or Symptom,Approved
Nitrazepam,DB01595,"Epilepsies, Myoclonic",C0014550,Disease or Syndrome,Approved
Cilastatin,DB01597,"Pneumonia, Bacterial",C0004626,Disease or Syndrome,Approved
Cilastatin,DB01597,Intraabdominal Infections,C1112209,Disease or Syndrome,Approved
Cilastatin,DB01597,Peritonitis,C0031154,Disease or Syndrome,Approved
Cilastatin,DB01597,Pneumonia due to Escherichia coli,C0276089,Disease or Syndrome,Approved
Cilastatin,DB01597,Haemophilus influenzae pneumonia,C0276026,Disease or Syndrome,Approved
Cilastatin,DB01597,Female genital tract infection,C1263758,Disease or Syndrome,Approved
Cilastatin,DB01597,Abdominal Abscess,C0243001,Disease or Syndrome,Approved
Cilastatin,DB01597,Enterobacter pneumonia,C1096258,Disease or Syndrome,Approved
Cilastatin,DB01597,Acute exacerbation of chronic bronchitis,C0856695,Disease or Syndrome,Approved
Cilastatin,DB01597,Bacterial sepsis,C0684256,Disease or Syndrome,Approved
Cilastatin,DB01597,Infection of skin AND/OR subcutaneous tissue,C0178299,Disease or Syndrome,Approved
Cilastatin,DB01597,Bacterial infection due to Klebsiella pneumoniae,C0343402,Disease or Syndrome,Approved
Cilastatin,DB01597,Lower respiratory tract infection,C0149725,Disease or Syndrome,Approved
Cilastatin,DB01597,Infection of bone,C2242472,Disease or Syndrome,Approved
Cilastatin,DB01597,Pelvic Inflammatory Disease,C0242172,Disease or Syndrome,Approved
Cilastatin,DB01597,Endometritis,C0014179,Disease or Syndrome,Approved
Cilastatin,DB01597,Arthropathy associated with infection,C0157749,Disease or Syndrome,Approved
Cilastatin,DB01597,Diabetic foot infection,C0744130,Disease or Syndrome,Approved
Imipenem,DB01598,Pneumonia due to Escherichia coli,C0276089,Disease or Syndrome,Approved
Imipenem,DB01598,Endometritis,C0014179,Disease or Syndrome,Approved
Imipenem,DB01598,Diabetic foot infection,C0744130,Disease or Syndrome,Approved
Imipenem,DB01598,Intraabdominal Infections,C1112209,Disease or Syndrome,Approved
Imipenem,DB01598,Infection of skin AND/OR subcutaneous tissue,C0178299,Disease or Syndrome,Approved
Imipenem,DB01598,Bacterial infection due to Klebsiella pneumoniae,C0343402,Disease or Syndrome,Approved
Imipenem,DB01598,Arthropathy associated with infection,C0157749,Disease or Syndrome,Approved
Imipenem,DB01598,Abdominal Abscess,C0243001,Disease or Syndrome,Approved
Imipenem,DB01598,Lower respiratory tract infection,C0149725,Disease or Syndrome,Approved
Imipenem,DB01598,Enterobacter pneumonia,C1096258,Disease or Syndrome,Approved
Imipenem,DB01598,Female genital tract infection,C1263758,Disease or Syndrome,Approved
Imipenem,DB01598,"Pneumonia, Bacterial",C0004626,Disease or Syndrome,Approved
Imipenem,DB01598,Bacterial sepsis,C0684256,Disease or Syndrome,Approved
Imipenem,DB01598,Infection of bone,C2242472,Disease or Syndrome,Approved
Imipenem,DB01598,Haemophilus influenzae pneumonia,C0276026,Disease or Syndrome,Approved
Imipenem,DB01598,Peritonitis,C0031154,Disease or Syndrome,Approved
Imipenem,DB01598,Pelvic Inflammatory Disease,C0242172,Disease or Syndrome,Approved
Imipenem,DB01598,Acute exacerbation of chronic bronchitis,C0856695,Disease or Syndrome,Approved
Probucol,DB01599,Hypercholesterolemia,C0020443,Disease or Syndrome,Approved
Probucol,DB01599,Hyperlipidemia,C0020473,Disease or Syndrome,Approved
Tiaprofenic acid,DB01600,Degenerative polyarthritis,C0029408,Disease or Syndrome,Approved
Tiaprofenic acid,DB01600,Pain,C0030193,Sign or Symptom,Approved
Tiaprofenic acid,DB01600,Rheumatoid Arthritis,C0003873,Disease or Syndrome,Approved
Lopinavir,DB01601,HIV Infections,C0019693,Disease or Syndrome,Approved
Bacampicillin,DB01602,Gonorrhea,C0018081,Disease or Syndrome,Approved
Bacampicillin,DB01602,Infection of skin AND/OR subcutaneous tissue,C0178299,Disease or Syndrome,Approved
Bacampicillin,DB01602,Urinary tract infection,C0042029,Disease or Syndrome,Approved
Bacampicillin,DB01602,Pharyngitis,C0031350,Disease or Syndrome,Approved
Bacampicillin,DB01602,Sinusitis,C0037199,Disease or Syndrome,Approved
Bacampicillin,DB01602,Haemophilus influenzae pneumonia,C0276026,Disease or Syndrome,Approved
Bacampicillin,DB01602,Infective otitis media,C0729586,Disease or Syndrome,Approved
Meticillin,DB01603,Bacterial sepsis,C0684256,Disease or Syndrome,Approved
Meticillin,DB01603,Staphylococcal Pneumonia,C0032308,Disease or Syndrome,Approved
Meticillin,DB01603,Infection of skin AND/OR subcutaneous tissue,C0178299,Disease or Syndrome,Approved
Meticillin,DB01603,Sinusitis,C0037199,Disease or Syndrome,Approved
Tazobactam,DB01606,Pelvic Inflammatory Disease,C0242172,Disease or Syndrome,Approved
Tazobactam,DB01606,Diabetic foot infection,C0744130,Disease or Syndrome,Approved
Tazobactam,DB01606,Appendicitis,C0003615,Disease or Syndrome,Approved
Tazobactam,DB01606,"Pneumonia, Bacterial",C0004626,Disease or Syndrome,Approved
Tazobactam,DB01606,Nosocomial pneumonia,C0949083,Disease or Syndrome,Approved
Tazobactam,DB01606,Peritonitis,C0031154,Disease or Syndrome,Approved
Tazobactam,DB01606,Abdominal Abscess,C0243001,Disease or Syndrome,Approved
Tazobactam,DB01606,Infection of skin AND/OR subcutaneous tissue,C0178299,Disease or Syndrome,Approved
Tazobactam,DB01606,Haemophilus influenzae pneumonia,C0276026,Disease or Syndrome,Approved
Tazobactam,DB01606,Staphylococcus aureus infection,C1318973,Disease or Syndrome,Approved
Ticarcillin,DB01607,Enterobacter pneumonia,C1096258,Disease or Syndrome,Approved
Ticarcillin,DB01607,Pneumonia due to Escherichia coli,C0276089,Disease or Syndrome,Approved
Ticarcillin,DB01607,Lung Abscess,C0024110,Disease or Syndrome,Approved
Ticarcillin,DB01607,Infection of skin AND/OR subcutaneous tissue,C0178299,Disease or Syndrome,Approved
Ticarcillin,DB01607,Salpingitis,C0036130,Disease or Syndrome,Approved
Ticarcillin,DB01607,Klebsiella cystitis,C0520775,Disease or Syndrome,Approved
Ticarcillin,DB01607,Escherichia coli urinary tract infection,C0577708,Disease or Syndrome,Approved
Ticarcillin,DB01607,Pneumonia due to Pseudomonas,C0155860,Disease or Syndrome,Approved
Ticarcillin,DB01607,Serratia Infections,C0085394,Disease or Syndrome,Approved
Ticarcillin,DB01607,Enterobacteriaceae Infections,C0014347,Disease or Syndrome,Approved
Ticarcillin,DB01607,Sepsis due to Pseudomonas,C2887096,Disease or Syndrome,Approved
Ticarcillin,DB01607,"Empyema, Pleural",C0014013,Disease or Syndrome,Approved
Ticarcillin,DB01607,Rhinoscleroma,C0035468,Disease or Syndrome,Approved
Ticarcillin,DB01607,Proteus pneumonia,C1260917,Disease or Syndrome,Approved
Ticarcillin,DB01607,Urinary tract infection,C0042029,Disease or Syndrome,Approved
Ticarcillin,DB01607,Intraabdominal Infections,C1112209,Disease or Syndrome,Approved
Ticarcillin,DB01607,"Pneumonia, Bacterial",C0004626,Disease or Syndrome,Approved
Ticarcillin,DB01607,Osteomyelitis due to Staphylococcus aureus,C1997728,Disease or Syndrome,Approved
Ticarcillin,DB01607,Bacterial sepsis,C0684256,Disease or Syndrome,Approved
Ticarcillin,DB01607,Sepsis due to Gram negative bacteria,C3163829,Disease or Syndrome,Approved
Ticarcillin,DB01607,Haemophilus influenzae pneumonia,C0276026,Disease or Syndrome,Approved
Ticarcillin,DB01607,Escherichia coli Infections,C0014836,Disease or Syndrome,Approved
Ticarcillin,DB01607,Pelvic Inflammatory Disease,C0242172,Disease or Syndrome,Approved
Ticarcillin,DB01607,Staphylococcus aureus infection,C1318973,Disease or Syndrome,Approved
Ticarcillin,DB01607,Escherichia coli septicemia,C0276088,Disease or Syndrome,Approved
Ticarcillin,DB01607,Bacterial infection due to Klebsiella pneumoniae,C0343402,Disease or Syndrome,Approved
Ticarcillin,DB01607,Pelvic abscess,C0030785,Disease or Syndrome,Approved
Ticarcillin,DB01607,Bacterial urinary infection,C0729524,Disease or Syndrome,Approved
Ticarcillin,DB01607,Genitourinary tract infection,C1279247,Disease or Syndrome,Approved
Ticarcillin,DB01607,URINARY TRACT INFECTION CITROBACTER,C0749955,Disease or Syndrome,Approved
Ticarcillin,DB01607,Staphylococcal Pneumonia,C0032308,Disease or Syndrome,Approved
Ticarcillin,DB01607,Aspiration Pneumonia,C0032290,Disease or Syndrome,Approved
Ticarcillin,DB01607,Proteus septicemia,C0577690,Disease or Syndrome,Approved
Ticarcillin,DB01607,Sepsis due to Staphylococcus aureus,C2887088,Disease or Syndrome,Approved
Deferasirox,DB01609,Chronic iron overload,C1739382,Disease or Syndrome,Approved
Deferasirox,DB01609,beta Thalassemia,C0005283,Disease or Syndrome,Approved
Hydroxychloroquine,DB01611,"Malaria, Vivax",C0024537,Disease or Syndrome,Approved
Hydroxychloroquine,DB01611,"Lupus Erythematosus, Systemic",C0024141,Disease or Syndrome,Approved
Hydroxychloroquine,DB01611,Ovale malaria,C0152072,Disease or Syndrome,Approved
Hydroxychloroquine,DB01611,Rheumatoid Arthritis,C0003873,Disease or Syndrome,Approved
Hydroxychloroquine,DB01611,"Lupus Erythematosus, Discoid",C0024138,Disease or Syndrome,Approved
Hydroxychloroquine,DB01611,Quartan malaria,C0024536,Disease or Syndrome,Approved
Hydroxychloroquine,DB01611,"Malaria, Falciparum",C0024535,Disease or Syndrome,Approved
Amyl Nitrite,DB01612,Toxic effect of cyanide,C0238080,Injury or Poisoning,Approved
Aceprometazine,DB01615,Sleeplessness,C0917801,Sign or Symptom,Approved
Molindone,DB01618,Schizophrenia,C0036341,Mental or Behavioral Dysfunction,Approved
Phenindamine,DB01619,Allergic Conjunctivitis,C0009766,Disease or Syndrome,Approved
Phenindamine,DB01619,Pruritus,C0033774,Sign or Symptom,Approved
Phenindamine,DB01619,Rhinorrhea,C1260880,Sign or Symptom,Approved
Phenindamine,DB01619,Symptomatic dermographism,C0343065,Disease or Syndrome,Approved
Phenindamine,DB01619,"Rhinitis, Vasomotor",C0035460,Disease or Syndrome,Approved
Phenindamine,DB01619,Urticaria,C0042109,Disease or Syndrome,Approved
Phenindamine,DB01619,Nasal congestion (finding),C0027424,Sign or Symptom,Approved
Phenindamine,DB01619,Sneezing,C0037383,Finding,Approved
Phenindamine,DB01619,Allergic rhinitis (disorder),C2607914,Disease or Syndrome,Approved
Pheniramine,DB01620,Allergic rhinitis (disorder),C2607914,Disease or Syndrome,Approved
Pheniramine,DB01620,Symptomatic dermographism,C0343065,Disease or Syndrome,Approved
Pheniramine,DB01620,Redness of eye,C0235267,Sign or Symptom,Approved
Pheniramine,DB01620,Fever,C0015967,Finding,Approved
Pheniramine,DB01620,Hay fever,C0018621,Disease or Syndrome,Approved
Pheniramine,DB01620,Itching of eye,C0022281,Finding,Approved
Pheniramine,DB01620,Rhinorrhea,C1260880,Sign or Symptom,Approved
Pheniramine,DB01620,Urticaria,C0042109,Disease or Syndrome,Approved
Pheniramine,DB01620,Influenza-like symptoms,C0392171,Sign or Symptom,Approved
Pheniramine,DB01620,Sore Throat,C0242429,Sign or Symptom,Approved
Pheniramine,DB01620,Sneezing,C0037383,Finding,Approved
Pheniramine,DB01620,Sinus headache,C0037195,Finding,Approved
Pheniramine,DB01620,Headache Disorders,C0393735,Disease or Syndrome,Approved
Pheniramine,DB01620,Common Cold,C0009443,Disease or Syndrome,Approved
Pheniramine,DB01620,Allergic Conjunctivitis,C0009766,Disease or Syndrome,Approved
Pheniramine,DB01620,Nasal congestion (finding),C0027424,Sign or Symptom,Approved
Pheniramine,DB01620,Coughing,C0010200,Sign or Symptom,Approved
Pheniramine,DB01620,"Rhinitis, Vasomotor",C0035460,Disease or Syndrome,Approved
Pheniramine,DB01620,Pruritus,C0033774,Sign or Symptom,Approved
Pipotiazine,DB01621,Schizophrenia,C0036341,Mental or Behavioral Dysfunction,Approved
Thiothixene,DB01623,Schizophrenia,C0036341,Mental or Behavioral Dysfunction,Approved
Isopropamide,DB01625,Peptic Ulcer,C0030920,Disease or Syndrome,Approved
Pargyline,DB01626,Hypertensive disease,C0020538,Disease or Syndrome,Approved
Lincomycin,DB01627,Pneumococcal Infections,C0032269,Disease or Syndrome,Approved
Lincomycin,DB01627,Streptococcal Infections,C0038395,Disease or Syndrome,Approved
Roflumilast,DB01656,Severe chronic obstructive pulmonary disease,C0730607,Disease or Syndrome,Approved
Camphor,DB01744,Sprains and Strains,C0038048,Injury or Poisoning,Approved
Camphor,DB01744,Back Pain,C0004604,Sign or Symptom,Approved
Camphor,DB01744,Arthritic pains,C0857177,Sign or Symptom,Approved
Dalfopristin,DB01764,Streptococcus pyogenes infection,C0554628,Disease or Syndrome,Approved
Calcipotriol,DB02300,Scalp psoriasis,C0406326,Disease or Syndrome,Approved
Calcipotriol,DB02300,Chronic small plaque psoriasis,C0406317,Disease or Syndrome,Approved
Vorinostat,DB02546,"Lymphoma, T-Cell, Cutaneous",C0079773,Neoplastic Process,Approved
Cholic Acid,DB02659,Biliary Tract Diseases,C0005424,Disease or Syndrome,Approved
Cholic Acid,DB02659,Cholelithiasis,C0008350,Disease or Syndrome,Approved
Cholic Acid,DB02659,Constipation,C0009806,Sign or Symptom,Approved
Cholic Acid,DB02659,Incomplete passage of stool,C0426639,Sign or Symptom,Approved
Cholic Acid,DB02659,3-Beta-hydroxy-delta-5-C27-steroid dehydrogenase deficiency,C0342826,Disease or Syndrome,Approved
Cholic Acid,DB02659,Delta-4-3-oxosteroid-5-beta-reductase deficiency,C0342827,Disease or Syndrome,Approved
Cholic Acid,DB02659,"Xanthomatosis, Cerebrotendinous",C0238052,Disease or Syndrome,Approved
Nicotinamide,DB02701,Acne Vulgaris,C0001144,Disease or Syndrome,Approved
Nicotinamide,DB02701,Pellagra,C0030783,Disease or Syndrome,Approved
Fusidic Acid,DB02703,Pneumonia due to Escherichia coli,C0276089,Disease or Syndrome,Approved
Fusidic Acid,DB02703,Furunculosis,C0016867,Disease or Syndrome,Approved
Fusidic Acid,DB02703,Bacterial keratitis,C0854211,Disease or Syndrome,Approved
Fusidic Acid,DB02703,Gingivostomatitis,C0149704,Disease or Syndrome,Approved
Fusidic Acid,DB02703,Endemic Flea-Borne Typhus,C0041472,Disease or Syndrome,Approved
Fusidic Acid,DB02703,Pharyngitis,C0031350,Disease or Syndrome,Approved
Fusidic Acid,DB02703,Rosacea,C0035854,Disease or Syndrome,Approved
Fusidic Acid,DB02703,Keratoconjunctivitis,C0022573,Disease or Syndrome,Approved
Fusidic Acid,DB02703,Acute gonococcal endometritis,C0153196,Disease or Syndrome,Approved
Fusidic Acid,DB02703,Herpes zoster keratitis,C1275687,Disease or Syndrome,Approved
Fusidic Acid,DB02703,Escherichia coli septicemia,C0276088,Disease or Syndrome,Approved
Fusidic Acid,DB02703,Anthrax disease,C0003175,Disease or Syndrome,Approved
Fusidic Acid,DB02703,Peritonitis,C0031154,Disease or Syndrome,Approved
Fusidic Acid,DB02703,Osteomyelitis due to Staphylococcus aureus,C1997728,Disease or Syndrome,Approved
Fusidic Acid,DB02703,Tularemia,C0041351,Disease or Syndrome,Approved
Fusidic Acid,DB02703,Infection of bone,C2242472,Disease or Syndrome,Approved
Fusidic Acid,DB02703,Brucellosis,C0006309,Disease or Syndrome,Approved
Fusidic Acid,DB02703,Staphylococcal Pneumonia,C0032308,Disease or Syndrome,Approved
Fusidic Acid,DB02703,Acute gonococcal urethritis,C0275652,Disease or Syndrome,Approved
Fusidic Acid,DB02703,non-gonococcal urethritis (NGU),C1112709,Disease or Syndrome,Approved
Fusidic Acid,DB02703,Intraabdominal Infections,C1112209,Disease or Syndrome,Approved
Fusidic Acid,DB02703,Sinusitis,C0037199,Disease or Syndrome,Approved
Fusidic Acid,DB02703,Gonorrhea,C0018081,Disease or Syndrome,Approved
Fusidic Acid,DB02703,Actinomycosis,C0001261,Disease or Syndrome,Approved
Fusidic Acid,DB02703,Sepsis due to Pseudomonas,C2887096,Disease or Syndrome,Approved
Fusidic Acid,DB02703,Pneumonia due to Pseudomonas,C0155860,Disease or Syndrome,Approved
Fusidic Acid,DB02703,Granuloma Inguinale,C0018190,Disease or Syndrome,Approved
Fusidic Acid,DB02703,Rickettsia Infections,C0035585,Disease or Syndrome,Approved
Fusidic Acid,DB02703,Yaws,C0043388,Disease or Syndrome,Approved
Fusidic Acid,DB02703,Boutonneuse Fever,C0006060,Disease or Syndrome,Approved
Fusidic Acid,DB02703,Corneal Perforation,C0339293,Injury or Poisoning,Approved
Fusidic Acid,DB02703,Serratia sepsis,C0152973,Disease or Syndrome,Approved
Fusidic Acid,DB02703,Citrobacter sepsis,C1096254,Disease or Syndrome,Approved
Fusidic Acid,DB02703,Q Fever,C0034362,Disease or Syndrome,Approved
Fusidic Acid,DB02703,Bacterial sepsis,C0684256,Disease or Syndrome,Approved
Fusidic Acid,DB02703,Q fever endocarditis,C0340354,Disease or Syndrome,Approved
Fusidic Acid,DB02703,Pneumococcal Infections,C0032269,Disease or Syndrome,Approved
Fusidic Acid,DB02703,"Meningitis, Bacterial",C0085437,Disease or Syndrome,Approved
Fusidic Acid,DB02703,Sepsis of the newborn,C0456103,Disease or Syndrome,Approved
Fusidic Acid,DB02703,Mycoplasma pneumonia,C0032302,Disease or Syndrome,Approved
Fusidic Acid,DB02703,Inhalational anthrax,C0155866,Disease or Syndrome,Approved
Fusidic Acid,DB02703,Dacryocystitis,C0010930,Disease or Syndrome,Approved
Fusidic Acid,DB02703,Rhinoscleroma,C0035468,Disease or Syndrome,Approved
Fusidic Acid,DB02703,Bacterial infection due to Klebsiella pneumoniae,C0343402,Disease or Syndrome,Approved
Fusidic Acid,DB02703,Urinary tract infection,C0042029,Disease or Syndrome,Approved
Fusidic Acid,DB02703,Sepsis due to Gram negative bacteria,C3163829,Disease or Syndrome,Approved
Fusidic Acid,DB02703,Gonorrhea of pharynx,C0149966,Disease or Syndrome,Approved
Fusidic Acid,DB02703,Listeriosis,C0023860,Disease or Syndrome,Approved
Fusidic Acid,DB02703,Cholangitis,C0008311,Disease or Syndrome,Approved
Fusidic Acid,DB02703,Allergic Conjunctivitis,C0009766,Disease or Syndrome,Approved
Fusidic Acid,DB02703,Anterior uveitis,C0042165,Disease or Syndrome,Approved
Fusidic Acid,DB02703,Relapsing Fever,C0035021,Disease or Syndrome,Approved
Fusidic Acid,DB02703,Bacterial conjunctivitis,C0009768,Disease or Syndrome,Approved
Fusidic Acid,DB02703,Acne Vulgaris,C0001144,Disease or Syndrome,Approved
Fusidic Acid,DB02703,Cutaneous anthrax,C0003177,Disease or Syndrome,Approved
Fusidic Acid,DB02703,Infective otitis media,C0729586,Disease or Syndrome,Approved
Fusidic Acid,DB02703,Meibomianitis,C0549398,Disease or Syndrome,Approved
Fusidic Acid,DB02703,Trachoma,C0040592,Disease or Syndrome,Approved
Fusidic Acid,DB02703,Rocky Mountain Spotted Fever,C0035793,Disease or Syndrome,Approved
Fusidic Acid,DB02703,Gonorrhea of rectum,C0275665,Disease or Syndrome,Approved
Fusidic Acid,DB02703,Paronychia Inflammation,C0030578,Disease or Syndrome,Approved
Fusidic Acid,DB02703,Folliculitis,C0016436,Disease or Syndrome,Approved
Fusidic Acid,DB02703,Chancroids,C0007947,Disease or Syndrome,Approved
Fusidic Acid,DB02703,Escherichia coli Infections,C0014836,Disease or Syndrome,Approved
Fusidic Acid,DB02703,Brill-Zinsser Disease,C0006181,Disease or Syndrome,Approved
Fusidic Acid,DB02703,Infection due to Pseudomonas aeruginosa,C0276075,Disease or Syndrome,Approved
Fusidic Acid,DB02703,Neonatal meningitis,C0456107,Disease or Syndrome,Approved
Fusidic Acid,DB02703,Cholera,C0008354,Disease or Syndrome,Approved
Fusidic Acid,DB02703,Bacterial peritonitis,C0341503,Disease or Syndrome,Approved
Fusidic Acid,DB02703,Neonatal pneumonia,C0339968,Disease or Syndrome,Approved
Fusidic Acid,DB02703,"Typhus, Epidemic Louse-Borne",C0041473,Disease or Syndrome,Approved
Fusidic Acid,DB02703,Pseudomonas aeruginosa meningitis,C3665869,Disease or Syndrome,Approved
Fusidic Acid,DB02703,Enterobacteriaceae Infections,C0014347,Disease or Syndrome,Approved
Fusidic Acid,DB02703,Bronchitis,C0006277,Disease or Syndrome,Approved
Fusidic Acid,DB02703,Acute gonococcal cervicitis,C0153195,Disease or Syndrome,Approved
Fusidic Acid,DB02703,Acute gonococcal epididymo-orchitis,C0153193,Disease or Syndrome,Approved
Fusidic Acid,DB02703,Klebsiella sepsis,C0745528,Disease or Syndrome,Approved
Fusidic Acid,DB02703,Syphilis,C0039128,Disease or Syndrome,Approved
Fusidic Acid,DB02703,Psittacosis,C0029291,Disease or Syndrome,Approved
Fusidic Acid,DB02703,TYPHUS,C0041471,Disease or Syndrome,Approved
Fusidic Acid,DB02703,Blepharoconjunctivitis,C0005743,Disease or Syndrome,Approved
Fusidic Acid,DB02703,Enterobacter pneumonia,C1096258,Disease or Syndrome,Approved
Fusidic Acid,DB02703,Lymphogranuloma Venereum,C0024286,Disease or Syndrome,Approved
Fusidic Acid,DB02703,Chlamydia Infections,C0008149,Disease or Syndrome,Approved
Fusidic Acid,DB02703,Gastrointestinal anthrax,C0152945,Disease or Syndrome,Approved
Fusidic Acid,DB02703,Proteus pneumonia,C1260917,Disease or Syndrome,Approved
Fusidic Acid,DB02703,Arthropathy associated with infection,C0157749,Disease or Syndrome,Approved
Fusidic Acid,DB02703,Chlamydia trachomatis infection of genital structure,C1997322,Disease or Syndrome,Approved
Fusidic Acid,DB02703,Rickettsialpox,C0035597,Disease or Syndrome,Approved
Fusidic Acid,DB02703,Infection of skin AND/OR subcutaneous tissue,C0178299,Disease or Syndrome,Approved
Fusidic Acid,DB02703,"Pneumonia, Bacterial",C0004626,Disease or Syndrome,Approved
Fusidic Acid,DB02703,Infective blepharitis,C0729587,Disease or Syndrome,Approved
Fusidic Acid,DB02703,Nosocomial pneumonia,C0949083,Disease or Syndrome,Approved
Fusidic Acid,DB02703,Proteus septicemia,C0577690,Disease or Syndrome,Approved
Fusidic Acid,DB02703,Punctate keratitis,C0259799,Disease or Syndrome,Approved
Fusidic Acid,DB02703,Streptococcal Infections,C0038395,Disease or Syndrome,Approved
Fusidic Acid,DB02703,Bartonella Infections,C0004771,Disease or Syndrome,Approved
Fusidic Acid,DB02703,Pneumonia,C0032285,Disease or Syndrome,Approved
Fusidic Acid,DB02703,Scrub Typhus,C0036472,Disease or Syndrome,Approved
Fusidic Acid,DB02703,Staphylococcus aureus infection,C1318973,Disease or Syndrome,Approved
Fusidic Acid,DB02703,Serratia Infections,C0085394,Disease or Syndrome,Approved
Fusidic Acid,DB02703,Corneal abrasion,C0010032,Injury or Poisoning,Approved
Fusidic Acid,DB02703,GONOCOCCAL INFECTION DISSEMINATED,C0744451,Disease or Syndrome,Approved
Acetic acid,DB03166,Otitis Externa,C0029878,Disease or Syndrome,Approved
Oteracil,DB03209,Malignant neoplasm of stomach,C0024623,Neoplastic Process,Approved
Phenol,DB03255,Skin irritation,C0152030,Finding,Approved
Phenol,DB03255,Mouth irritation,C0235339,Finding,Approved
Phenol,DB03255,Pruritus,C0033774,Sign or Symptom,Approved
Hemin,DB03404,Acute intermittent porphyria,C0162565,Disease or Syndrome,Approved
Deoxycholic Acid,DB03619,Excess subcutaneous fat,C0424620,Finding,Approved
Benzoic Acid,DB03793,Dermatomyositis,C0011633,Disease or Syndrome,Approved
Benzoic Acid,DB03793,Scleroderma,C0011644,Disease or Syndrome,Approved
Benzoic Acid,DB03793,Morphea,C1527383,Disease or Syndrome,Approved
Benzoic Acid,DB03793,Peyronie Disease,C0030848,Disease or Syndrome,Approved
Benzoic Acid,DB03793,Pemphigus,C0030807,Disease or Syndrome,Approved
Benzoic Acid,DB03793,Hyperammonemia,C0220994,Disease or Syndrome,Approved
Formaldehyde,DB03843,Influenza,C0021400,Disease or Syndrome,Approved
Urea,DB03904,Impacted cerumen,C0021092,Finding,Approved
Urea,DB03904,Exanthema,C0015230,Sign or Symptom,Approved
Urea,DB03904,Contact Dermatitis,C0011616,Disease or Syndrome,Approved
Urea,DB03904,Scurfiness of scalp,C0423775,Disease or Syndrome,Approved
Urea,DB03904,Seborrheic dermatitis,C0036508,Disease or Syndrome,Approved
Urea,DB03904,Tinea Versicolor,C0040262,Disease or Syndrome,Approved
Lactic Acid,DB04398,Pruritus,C0033774,Sign or Symptom,Approved
Lactose,DB04465,Lactose Intolerance,C0022951,Disease or Syndrome,Approved
Trioxsalen,DB04571,Photosensitivity of skin,C0349506,Pathologic Function,Approved
Trioxsalen,DB04571,Vitiligo,C0042900,Disease or Syndrome,Approved
Thiotepa,DB04572,Hodgkin Disease,C0019829,Neoplastic Process,Approved
Thiotepa,DB04572,"Pleural Effusion, Malignant",C0080032,Disease or Syndrome,Approved
Thiotepa,DB04572,Malignant neoplasm of ovary,C1140680,Neoplastic Process,Approved
Thiotepa,DB04572,"Lymphoma, Non-Hodgkin",C0024305,Neoplastic Process,Approved
Thiotepa,DB04572,Malignant epithelial neoplasm of female breast,C3163805,Neoplastic Process,Approved
Thiotepa,DB04572,Malignant ascites,C0220656,Neoplastic Process,Approved
Thiotepa,DB04572,Malignant pericardial effusion,C0220655,Disease or Syndrome,Approved
Thiotepa,DB04572,Malignant neoplasm of urinary bladder,C0005684,Neoplastic Process,Approved
Estrone sulfate,DB04574,Atrophic Vaginitis,C0221392,Disease or Syndrome,Approved
Quinestrol,DB04575,Female hypogonadism syndrome,C0271578,Disease or Syndrome,Approved
Quinestrol,DB04575,Hot flushes,C0600142,Sign or Symptom,Approved
Quinestrol,DB04575,Atrophic Vaginitis,C0221392,Disease or Syndrome,Approved
Suramin,DB04786,African Trypanosomiasis,C0041228,Disease or Syndrome,Approved
Clofedanol,DB04837,Coughing,C0010200,Sign or Symptom,Approved
Clofedanol,DB04837,Common Cold,C0009443,Disease or Syndrome,Approved
Clofedanol,DB04837,Allergic rhinitis (disorder),C2607914,Disease or Syndrome,Approved
Clofedanol,DB04837,"Rhinitis, Vasomotor",C0035460,Disease or Syndrome,Approved
Clofedanol,DB04837,Rhinorrhea,C1260880,Sign or Symptom,Approved
Clofedanol,DB04837,Nasal congestion (finding),C0027424,Sign or Symptom,Approved
Clofedanol,DB04837,Rhinitis,C0035455,Disease or Syndrome,Approved
Fluspirilene,DB04842,Schizophrenia,C0036341,Mental or Behavioral Dysfunction,Approved
Mepenzolate,DB04843,Gastric ulcer,C0038358,Disease or Syndrome,Approved
Mepenzolate,DB04843,Peptic Ulcer,C0030920,Disease or Syndrome,Approved
Ixabepilone,DB04845,Breast Carcinoma,C0678222,Neoplastic Process,Approved
Ixabepilone,DB04845,Carcinoma breast stage IV,C0278488,Neoplastic Process,Approved
Celiprolol,DB04846,Hypertensive disease,C0020538,Disease or Syndrome,Approved
Febuxostat,DB04854,Hyperuricemia,C0740394,Disease or Syndrome,Approved
Dronedarone,DB04855,Paroxysmal atrial fibrillation,C0235480,Disease or Syndrome,Approved
Nebivolol,DB04861,Hypertensive disease,C0020538,Disease or Syndrome,Approved
Homoharringtonine,DB04865,"Myeloid Leukemia, Chronic",C0023473,Neoplastic Process,Approved
Nilotinib,DB04868,"Leukemia, Myeloid, Accelerated Phase",C0023472,Neoplastic Process,Approved
Nilotinib,DB04868,Philadelphia chromosome positive chronic myelogenous leukemia,C0279543,Neoplastic Process,Approved
Nilotinib,DB04868,"Leukemia, Myeloid, Chronic-Phase",C0023474,Neoplastic Process,Approved
Lorcaserin,DB04871,Obesity,C0028754,Disease or Syndrome,Approved
Vildagliptin,DB04876,"Diabetes Mellitus, Non-Insulin-Dependent",C0011860,Disease or Syndrome,Approved
Voglibose,DB04878,Gaucher Disease,C0017205,Disease or Syndrome,Approved
Voglibose,DB04878,"Diabetes Mellitus, Non-Insulin-Dependent",C0011860,Disease or Syndrome,Approved
Bepotastine,DB04890,Allergic Conjunctivitis,C0009766,Disease or Syndrome,Approved
Pegaptanib,DB04895,Exudative age-related macular degeneration,C0271084,Disease or Syndrome,Approved
Milnacipran,DB04896,Fibromyalgia,C0016053,Disease or Syndrome,Approved
Lucinactant,DB04897,"Respiratory Distress Syndrome, Newborn",C0035220,Disease or Syndrome,Approved
Nesiritide,DB04899,Decompensated chronic heart failure,C1827266,Disease or Syndrome,Approved
Nesiritide,DB04899,Decompensated cardiac failure,C0581377,Disease or Syndrome,Approved
Flibanserin,DB04908,Hypoactive Sexual Desire Disorder,C0020594,Mental or Behavioral Dysfunction,Approved
Oritavancin,DB04911,"Skin Diseases, Bacterial",C0162627,Disease or Syndrome,Approved
Oritavancin,DB04911,Staphylococcal Skin Infections,C0038166,Disease or Syndrome,Approved
Oritavancin,DB04911,Streptococcal infection of skin,C1274355,Disease or Syndrome,Approved
Clevidipine,DB04920,Hypertensive disease,C0020538,Disease or Syndrome,Approved
Permethrin,DB04930,Scabies <infestation>,C0036262,Disease or Syndrome,Approved
Permethrin,DB04930,Pediculus capitis infestation,C0030757,Disease or Syndrome,Approved
Permethrin,DB04930,Infestation by Phthirus pubis,C0030759,Disease or Syndrome,Approved
Permethrin,DB04930,Body louse infestation,C0030758,Disease or Syndrome,Approved
Afamelanotide,DB04931,Erythropoietic Protoporphyria,C0162568,Disease or Syndrome,Approved
Defibrotide,DB04932,Hepatic Veno-Occlusive Disease,C0019156,Disease or Syndrome,Approved
Ospemifene,DB04938,Dyspareunia,C1384606,Finding,Approved
Crofelemer,DB04941,Non-infective diarrhea,C0267436,Disease or Syndrome,Approved
Tamibarotene,DB04942,Acute Promyelocytic Leukemia,C0023487,Neoplastic Process,Approved
Iloperidone,DB04946,Schizophrenia,C0036341,Mental or Behavioral Dysfunction,Approved
Lofexidine,DB04948,Opioid withdrawal,C0029104,Mental or Behavioral Dysfunction,Approved
Ingenol Mebutate,DB05013,Actinic keratosis,C0022602,Neoplastic Process,Approved
Belinostat,DB05015,Peripheral T-Cell Lymphoma,C0079774,Neoplastic Process,Approved
Ataluren,DB05016,"Muscular Dystrophy, Duchenne",C0013264,Disease or Syndrome,Approved
Trabectedin,DB05109,Malignant neoplasm of ovary,C1140680,Neoplastic Process,Approved
Trabectedin,DB05109,liposarcoma,C0023827,Neoplastic Process,Approved
Trabectedin,DB05109,leiomyosarcoma,C0023269,Neoplastic Process,Approved
Cobimetinib,DB05239,"Malignant melanoma, metastatic",C0860594,Neoplastic Process,Approved
Silver sulfadiazine,DB05245,Skin Ulcer,C0037299,Disease or Syndrome,Approved
Methsuximide,DB05246,Absence Epilepsy,C0014553,Disease or Syndrome,Approved
Methsuximide,DB05246,Epilepsy,C0014544,Disease or Syndrome,Approved
Glatiramer Acetate,DB05259,Multiple Sclerosis,C0026769,Disease or Syndrome,Approved
Ecabet,DB05265,Peptic Ulcer,C0030920,Disease or Syndrome,Approved
Ibudilast,DB05266,Asthma,C0004096,Disease or Syndrome,Approved
Rotigotine,DB05271,Restless Legs Syndrome,C0035258,Disease or Syndrome,Approved
Rotigotine,DB05271,Parkinson Disease,C0030567,Disease or Syndrome,Approved
Vandetanib,DB05294,Malignant epithelial neoplasm of thyroid,C3163939,Neoplastic Process,Approved
Ecallantide,DB05311,"Angioedemas, Hereditary",C0019243,Disease or Syndrome,Approved
Romiplostim,DB05332,Chronic idiopathic thrombocytopenic purpura,C0272293,Disease or Syndrome,Approved
Obiltoxaximab,DB05336,Inhalational anthrax,C0155866,Disease or Syndrome,Approved
Telaprevir,DB05521,"Hepatitis C, Chronic",C0524910,Disease or Syndrome,Approved
Mipomersen,DB05528,Familial hypercholesterolemia - homozygous,C0342881,Disease or Syndrome,Approved
Ramucirumab,DB05578,Gastric Adenocarcinoma,C0278701,Neoplastic Process,Approved
Ramucirumab,DB05578,Non-Small Cell Lung Carcinoma,C0007131,Neoplastic Process,Approved
Sodium stibogluconate,DB05630,Leishmaniasis,C0023281,Disease or Syndrome,Approved
Apremilast,DB05676,"Arthritis, Psoriatic",C0003872,Disease or Syndrome,Approved
Apremilast,DB05676,Chronic small plaque psoriasis,C0406317,Disease or Syndrome,Approved
Ustekinumab,DB05679,Psoriasis,C0033860,Disease or Syndrome,Approved
Ustekinumab,DB05679,"Arthritis, Psoriatic",C0003872,Disease or Syndrome,Approved
Trastuzumab emtansine,DB05773,HER2-positive carcinoma of breast,C1960398,Neoplastic Process,Approved
Abiraterone,DB05812,Malignant neoplasm of prostate,C0376358,Neoplastic Process,Approved
Parathyroid hormone,DB05829,Hypoparathyroidism,C0020626,Disease or Syndrome,Approved
Cariprazine,DB06016,Schizophrenia,C0036341,Mental or Behavioral Dysfunction,Approved
Cariprazine,DB06016,Mixed bipolar I disorder,C0236780,Mental or Behavioral Dysfunction,Approved
Cariprazine,DB06016,"Bipolar affective disorder, current episode manic",C0338873,Mental or Behavioral Dysfunction,Approved
Sertindole,DB06144,Schizophrenia,C0036341,Mental or Behavioral Dysfunction,Approved
Sulfathiazole,DB06147,Vulvovaginitis,C0042998,Disease or Syndrome,Approved
Mianserin,DB06148,Major Depressive Disorder,C1269683,Mental or Behavioral Dysfunction,Approved
Acetylcysteine,DB06151,Poisoning by acetaminophen,C0237963,Injury or Poisoning,Approved
Acetylcysteine,DB06151,Bronchiectasis,C0006267,Disease or Syndrome,Approved
Acetylcysteine,DB06151,Bronchitis,C0006277,Disease or Syndrome,Approved
Acetylcysteine,DB06151,Amyloidosis,C0002726,Disease or Syndrome,Approved
Acetylcysteine,DB06151,Pulmonary Cystic Fibrosis,C0392164,Disease or Syndrome,Approved
Rimonabant,DB06155,Obesity,C0028754,Disease or Syndrome,Approved
Canakinumab,DB06168,Cryopyrin-Associated Periodic Syndromes,C2316212,Disease or Syndrome,Approved
Canakinumab,DB06168,Systemic onset juvenile chronic arthritis,C1384600,Disease or Syndrome,Approved
Canakinumab,DB06168,"Arthritis, Gouty",C0003868,Disease or Syndrome,Approved
Canakinumab,DB06168,Deficiency of mevalonate kinase,C0342731,Disease or Syndrome,Approved
Canakinumab,DB06168,Familial Mediterranean Fever,C0031069,Disease or Syndrome,Approved
Canakinumab,DB06168,TNF receptor-associated periodic fever syndrome (TRAPS),C1275126,Congenital Abnormality,Approved
Romidepsin,DB06176,Peripheral T-Cell Lymphoma,C0079774,Neoplastic Process,Approved
Romidepsin,DB06176,"Lymphoma, T-Cell, Cutaneous",C0079773,Neoplastic Process,Approved
Ipilimumab,DB06186,"Malignant melanoma, metastatic",C0860594,Neoplastic Process,Approved
Icatibant,DB06196,"Angioedemas, Hereditary",C0019243,Disease or Syndrome,Approved
Rufinamide,DB06201,Lennox-Gastaut syndrome,C0238111,Disease or Syndrome,Approved
Alogliptin,DB06203,"Diabetes Mellitus, Non-Insulin-Dependent",C0011860,Disease or Syndrome,Approved
Tapentadol,DB06204,Pain,C0030193,Sign or Symptom,Approved
Silodosin,DB06207,Prostatic Hypertrophy,C1739363,Disease or Syndrome,Approved
Prasugrel,DB06209,Acute Coronary Syndrome,C0948089,Disease or Syndrome,Approved
Eltrombopag,DB06210,Chronic idiopathic thrombocytopenic purpura,C0272293,Disease or Syndrome,Approved
Doripenem,DB06211,Pyelonephritis,C0034186,Disease or Syndrome,Approved
Doripenem,DB06211,Intraabdominal Infections,C1112209,Disease or Syndrome,Approved
Doripenem,DB06211,Complicated appendicitis,C1632842,Disease or Syndrome,Approved
Doripenem,DB06211,Cholecystitis,C0008325,Disease or Syndrome,Approved
Doripenem,DB06211,Abdominal Abscess,C0243001,Disease or Syndrome,Approved
Tolvaptan,DB06212,Inappropriate ADH Syndrome,C0021141,Pathologic Function,Approved
Tolvaptan,DB06212,Hyponatremia,C0020625,Disease or Syndrome,Approved
Tolvaptan,DB06212,"Polycystic Kidney, Autosomal Dominant",C0085413,Congenital Abnormality,Approved
Asenapine,DB06216,Schizophrenia,C0036341,Mental or Behavioral Dysfunction,Approved
Asenapine,DB06216,Mixed bipolar I disorder,C0236780,Mental or Behavioral Dysfunction,Approved
Asenapine,DB06216,"Bipolar affective disorder, current episode manic",C0338873,Mental or Behavioral Dysfunction,Approved
Dalbavancin,DB06219,Infection of skin AND/OR subcutaneous tissue,C0178299,Disease or Syndrome,Approved
Dalbavancin,DB06219,Staphylococcal Skin Infections,C0038166,Disease or Syndrome,Approved
Dalbavancin,DB06219,"Skin Diseases, Bacterial",C0162627,Disease or Syndrome,Approved
Avanafil,DB06237,Erectile dysfunction,C0242350,Disease or Syndrome,Approved
Eflornithine,DB06243,African Trypanosomiasis,C0041228,Disease or Syndrome,Approved
Incadronic acid,DB06255,Osteoporosis,C0029456,Disease or Syndrome,Approved
Droxidopa,DB06262,Parkinson Disease,C0030567,Disease or Syndrome,Approved
Udenafil,DB06267,Erectile dysfunction,C0242350,Disease or Syndrome,Approved
Sitaxentan,DB06268,Pulmonary arterial hypertension,C2973725,Disease or Syndrome,Approved
Tocilizumab,DB06273,Rheumatoid Arthritis,C0003873,Disease or Syndrome,Approved
Tocilizumab,DB06273,Angiolymphoid hyperplasia,C0017531,Disease or Syndrome,Approved
Alvimopan,DB06274,Postoperative ileus,C0400877,Disease or Syndrome,Approved
Levocetirizine,DB06282,Hay fever,C0018621,Disease or Syndrome,Approved
Levocetirizine,DB06282,Allergic rhinitis (disorder),C2607914,Disease or Syndrome,Approved
Levocetirizine,DB06282,Chronic idiopathic urticaria,C0578870,Disease or Syndrome,Approved
Ziconotide,DB06283,Chronic pain,C0150055,Sign or Symptom,Approved
Ziconotide,DB06283,Severe pain,C0278140,Finding,Approved
Ziconotide,DB06283,Pain in spine,C0423673,Sign or Symptom,Approved
Teriparatide,DB06285,"Osteoporosis, Postmenopausal",C0029458,Disease or Syndrome,Approved
Temsirolimus,DB06287,Renal Cell Carcinoma,C0007134,Neoplastic Process,Approved
Temsirolimus,DB06287,"Malignant lymphoma, lymphocytic, intermediate differentiation, diffuse",C0334634,Neoplastic Process,Approved
Amisulpride,DB06288,Chronic schizophrenia,C0221765,Mental or Behavioral Dysfunction,Approved
Simeprevir,DB06290,"Hepatitis C, Chronic",C0524910,Disease or Syndrome,Approved
Dapagliflozin,DB06292,"Diabetes Mellitus, Non-Insulin-Dependent",C0011860,Disease or Syndrome,Approved
Elotuzumab,DB06317,Multiple Myeloma,C0026764,Neoplastic Process,Approved
Saxagliptin,DB06335,"Diabetes Mellitus, Non-Insulin-Dependent",C0011860,Disease or Syndrome,Approved
Pertuzumab,DB06366,HER2-positive carcinoma of breast,C1960398,Neoplastic Process,Approved
Rilonacept,DB06372,Cryopyrin-Associated Periodic Syndromes,C2316212,Disease or Syndrome,Approved
Bazedoxifene,DB06401,"Osteoporosis, Postmenopausal",C0029458,Disease or Syndrome,Approved
Bazedoxifene,DB06401,Hot flushes,C0600142,Sign or Symptom,Approved
Telavancin,DB06402,Pneumonia due to Staphylococcus aureus,C2349530,Disease or Syndrome,Approved
Telavancin,DB06402,"Pneumonia, Bacterial",C0004626,Disease or Syndrome,Approved
Ambrisentan,DB06403,Pulmonary arterial hypertension,C2973725,Disease or Syndrome,Approved
Oxymetholone,DB06412,Aplastic Anemia,C0002874,Disease or Syndrome,Approved
Oxymetholone,DB06412,Hypoplastic anemia,C0178416,Disease or Syndrome,Approved
Oxymetholone,DB06412,"Anemia, Diamond-Blackfan",C1260899,Congenital Abnormality,Approved
Armodafinil,DB06413,Narcolepsy,C0027404,Disease or Syndrome,Approved
Etravirine,DB06414,HIV Infections,C0019693,Disease or Syndrome,Approved
Calfactant,DB06415,"Respiratory Distress Syndrome, Newborn",C0035220,Disease or Syndrome,Approved
Tyloxapol,DB06439,"Respiratory Distress Syndrome, Newborn",C0035220,Disease or Syndrome,Approved
Prucalopride,DB06480,Constipation,C0009806,Sign or Symptom,Approved
Pazopanib,DB06589,Renal Cell Carcinoma,C0007134,Neoplastic Process,Approved
Pazopanib,DB06589,Sarcoma,C1261473,Neoplastic Process,Approved
Ceftaroline fosamil,DB06590,Streptococcus pyogenes infection,C0554628,Disease or Syndrome,Approved
Ceftaroline fosamil,DB06590,Bacterial infection due to Klebsiella pneumoniae,C0343402,Disease or Syndrome,Approved
Ceftaroline fosamil,DB06590,Escherichia coli Infections,C0014836,Disease or Syndrome,Approved
Ceftaroline fosamil,DB06590,Pneumonia due to Staphylococcus aureus,C2349530,Disease or Syndrome,Approved
Ceftaroline fosamil,DB06590,Rhinoscleroma,C0035468,Disease or Syndrome,Approved
Ceftaroline fosamil,DB06590,Haemophilus influenzae pneumonia,C0276026,Disease or Syndrome,Approved
Ceftaroline fosamil,DB06590,Staphylococcus aureus infection,C1318973,Disease or Syndrome,Approved
Ceftaroline fosamil,DB06590,Streptococcal pneumonia,C0155862,Disease or Syndrome,Approved
Ceftaroline fosamil,DB06590,Pneumonia due to Escherichia coli,C0276089,Disease or Syndrome,Approved
Agomelatine,DB06594,Major Depressive Disorder,C1269683,Mental or Behavioral Dysfunction,Approved
Panobinostat,DB06603,"Lymphoma, T-Cell, Cutaneous",C0079773,Neoplastic Process,Approved
Panobinostat,DB06603,Multiple Myeloma,C0026764,Neoplastic Process,Approved
Apixaban,DB06605,Arterial embolus and thrombosis,C0155749,Pathologic Function,Approved
Mepolizumab,DB06612,Eosinophilic Pneumonia,C1527407,Disease or Syndrome,Approved
Peramivir,DB06614,Influenza,C0021400,Disease or Syndrome,Approved
Bosutinib,DB06616,"Leukemia, Myeloid, Accelerated Phase",C0023472,Neoplastic Process,Approved
Bosutinib,DB06616,Blast Phase,C0005699,Neoplastic Process,Approved
Axitinib,DB06626,Renal Cell Carcinoma,C0007134,Neoplastic Process,Approved
Isavuconazonium,DB06636,Mucormycosis,C0026718,Disease or Syndrome,Approved
Isavuconazonium,DB06636,Aspergillosis,C0004030,Disease or Syndrome,Approved
Dalfampridine,DB06637,Multiple Sclerosis,C0026769,Disease or Syndrome,Approved
Denosumab,DB06643,"Osteoporosis, Postmenopausal",C0029458,Disease or Syndrome,Approved
Denosumab,DB06643,Osteoporosis,C0029456,Disease or Syndrome,Approved
Denosumab,DB06643,Drug-induced osteoporosis,C0264115,Pathologic Function,Approved
Ofatumumab,DB06650,Chronic Lymphocytic Leukemia,C0023434,Neoplastic Process,Approved
Liraglutide,DB06655,"Diabetes Mellitus, Non-Insulin-Dependent",C0011860,Disease or Syndrome,Approved
Pasireotide,DB06663,Adrenal Gland Hyperfunction,C0001622,Disease or Syndrome,Approved
golimumab,DB06674,Rheumatoid Arthritis,C0003873,Disease or Syndrome,Approved
golimumab,DB06674,"Arthritis, Psoriatic",C0003872,Disease or Syndrome,Approved
golimumab,DB06674,Ankylosing spondylitis,C0038013,Disease or Syndrome,Approved
golimumab,DB06674,Ulcerative Colitis,C0009324,Disease or Syndrome,Approved
Belatacept,DB06681,Renal transplant rejection,C0238217,Pathologic Function,Approved
Vilazodone,DB06684,Major Depressive Disorder,C1269683,Mental or Behavioral Dysfunction,Approved
Mepyramine,DB06691,Sneezing,C0037383,Finding,Approved
Mepyramine,DB06691,Pruritus,C0033774,Sign or Symptom,Approved
Mepyramine,DB06691,Common Cold,C0009443,Disease or Syndrome,Approved
Mepyramine,DB06691,Influenza-like symptoms,C0392171,Sign or Symptom,Approved
Mepyramine,DB06691,Rhinorrhea,C1260880,Sign or Symptom,Approved
Mepyramine,DB06691,Allergic Conjunctivitis,C0009766,Disease or Syndrome,Approved
Mepyramine,DB06691,Hay fever,C0018621,Disease or Syndrome,Approved
Mepyramine,DB06691,Allergic rhinitis (disorder),C2607914,Disease or Syndrome,Approved
Mepyramine,DB06691,"Rhinitis, Vasomotor",C0035460,Disease or Syndrome,Approved
Mepyramine,DB06691,Urticaria,C0042109,Disease or Syndrome,Approved
Mepyramine,DB06691,Symptomatic dermographism,C0343065,Disease or Syndrome,Approved
Mepyramine,DB06691,Nasal congestion (finding),C0027424,Sign or Symptom,Approved
Mepyramine,DB06691,Sinus headache,C0037195,Finding,Approved
Mepyramine,DB06691,Dysmenorrhea,C0013390,Pathologic Function,Approved
Aprotinin,DB06692,Hemorrhage,C0019080,Pathologic Function,Approved
Xylometazoline,DB06694,Rhinorrhea,C1260880,Sign or Symptom,Approved
Xylometazoline,DB06694,Nasal congestion (finding),C0027424,Sign or Symptom,Approved
Betahistine,DB06698,Meniere Disease,C0025281,Disease or Syndrome,Approved
Desvenlafaxine,DB06700,Major Depressive Disorder,C1269683,Mental or Behavioral Dysfunction,Approved
Dexmethylphenidate,DB06701,Attention deficit hyperactivity disorder,C1263846,Mental or Behavioral Dysfunction,Approved
Fesoterodine,DB06702,Increased frequency of micturition,C0042023,Finding,Approved
Fesoterodine,DB06702,Bladder muscle dysfunction - overactive,C0403643,Disease or Syndrome,Approved
Fesoterodine,DB06702,Urge Incontinence,C0150045,Finding,Approved
Fesoterodine,DB06702,Urgency of micturition,C0085606,Disease or Syndrome,Approved
Lumefantrine,DB06708,"Malaria, Falciparum",C0024535,Disease or Syndrome,Approved
Methyltestosterone,DB06710,Testicular hypogonadism,C0151721,Disease or Syndrome,Approved
Methyltestosterone,DB06710,Deficiency of testosterone biosynthesis,C0342527,Disease or Syndrome,Approved
Methyltestosterone,DB06710,Hormone receptor positive malignant neoplasm of breast,C1562029,Neoplastic Process,Approved
Methyltestosterone,DB06710,Hot flushes,C0600142,Sign or Symptom,Approved
Methyltestosterone,DB06710,Delayed Puberty,C0034012,Pathologic Function,Approved
Naphazoline,DB06711,Itching of eye,C0022281,Finding,Approved
Naphazoline,DB06711,Redness of eye,C0235267,Sign or Symptom,Approved
Potassium Iodide,DB06715,Coughing,C0010200,Sign or Symptom,Approved
Potassium Iodide,DB06715,Common Cold,C0009443,Disease or Syndrome,Approved
Potassium Iodide,DB06715,Nasal congestion (finding),C0027424,Sign or Symptom,Approved
Potassium Iodide,DB06715,Rhinorrhea,C1260880,Sign or Symptom,Approved
Potassium Iodide,DB06715,Allergic rhinitis (disorder),C2607914,Disease or Syndrome,Approved
Fosaprepitant,DB06717,Chemotherapy-induced nausea and vomiting,C0401160,Pathologic Function,Approved
Stanozolol,DB06718,"Angioedemas, Hereditary",C0019243,Disease or Syndrome,Approved
Velaglucerase alfa,DB06720,Gaucher Disease,C0017205,Disease or Syndrome,Approved
Velaglucerase alfa,DB06720,"Gaucher Disease, Type 1",C1961835,Disease or Syndrome,Approved
Aluminum hydroxide,DB06723,Gastric ulcer,C0038358,Disease or Syndrome,Approved
Aluminum hydroxide,DB06723,Heartburn,C0018834,Sign or Symptom,Approved
Aluminum hydroxide,DB06723,Peptic Ulcer,C0030920,Disease or Syndrome,Approved
Aluminum hydroxide,DB06723,Dyspepsia,C0013395,Sign or Symptom,Approved
Aluminum hydroxide,DB06723,Duodenal Ulcer,C0013295,Disease or Syndrome,Approved
Aluminum hydroxide,DB06723,Gastroesophageal reflux disease,C0017168,Disease or Syndrome,Approved
Calcium carbonate,DB06724,Hypocalcemia,C0020598,Disease or Syndrome,Approved
Calcium carbonate,DB06724,Dyspepsia,C0013395,Sign or Symptom,Approved
Lornoxicam,DB06725,Pain,C0030193,Sign or Symptom,Approved
Ambroxol,DB06742,Sore Throat,C0242429,Sign or Symptom,Approved
Glycine betaine,DB06756,Homocystinuria,C0019880,Disease or Syndrome,Approved
Glycine betaine,DB06756,Klebsiella cystitis,C0520775,Disease or Syndrome,Approved
Glycine betaine,DB06756,Escherichia coli urinary tract infection,C0577708,Disease or Syndrome,Approved
Glycine betaine,DB06756,Infective cystitis,C0600041,Disease or Syndrome,Approved
Glycine betaine,DB06756,Cystitis,C0010692,Disease or Syndrome,Approved
Glycine betaine,DB06756,PYELONEPHRITIS E COLI,C0748196,Finding,Approved
Sacrosidase,DB06760,"Sucrase-isomaltase deficiency, congenital",C1283620,Disease or Syndrome,Approved
Beractant,DB06761,"Respiratory Distress Syndrome, Newborn",C0035220,Disease or Syndrome,Approved
Tetryzoline,DB06764,Rhinorrhea,C1260880,Sign or Symptom,Approved
Tetryzoline,DB06764,Redness of eye,C0235267,Sign or Symptom,Approved
Tetryzoline,DB06764,Nasal congestion (finding),C0027424,Sign or Symptom,Approved
Alcaftadine,DB06766,Allergic Conjunctivitis,C0009766,Disease or Syndrome,Approved
Ammonium chloride,DB06767,Coughing,C0010200,Sign or Symptom,Approved
Ammonium chloride,DB06767,Nasal congestion (finding),C0027424,Sign or Symptom,Approved
Ammonium chloride,DB06767,Common Cold,C0009443,Disease or Syndrome,Approved
Ammonium chloride,DB06767,Rhinorrhea,C1260880,Sign or Symptom,Approved
Ammonium lactate,DB06768,Seborrheic dermatitis,C0036508,Disease or Syndrome,Approved
Ammonium lactate,DB06768,Exanthema,C0015230,Sign or Symptom,Approved
Ammonium lactate,DB06768,Dry skin,C0151908,Sign or Symptom,Approved
Ammonium lactate,DB06768,Pruritus Ani,C0033775,Sign or Symptom,Approved
Ammonium lactate,DB06768,Contact Dermatitis,C0011616,Disease or Syndrome,Approved
Ammonium lactate,DB06768,Pruritus,C0033774,Sign or Symptom,Approved
Ammonium lactate,DB06768,Pruritus of genital organs,C0033777,Sign or Symptom,Approved
Ammonium lactate,DB06768,"Dermatitis, Atopic",C0011615,Disease or Syndrome,Approved
Ammonium lactate,DB06768,Granuloma Annulare,C0085074,Disease or Syndrome,Approved
Bendamustine,DB06769,"Lymphoma, Follicular",C0024301,Neoplastic Process,Approved
Bendamustine,DB06769,Chronic Lymphocytic Leukemia,C0023434,Neoplastic Process,Approved
Benzyl alcohol,DB06770,Skin irritation,C0152030,Finding,Approved
Benzyl alcohol,DB06770,Pruritus,C0033774,Sign or Symptom,Approved
Besifloxacin,DB06771,Bacterial conjunctivitis,C0009768,Disease or Syndrome,Approved
Cabazitaxel,DB06772,Metastatic Prostate Carcinoma,C0936223,Neoplastic Process,Approved
Capsaicin,DB06774,Postherpetic neuralgia,C0032768,Disease or Syndrome,Approved
Capsaicin,DB06774,Arthritic pains,C0857177,Sign or Symptom,Approved
Capsaicin,DB06774,Sprains and Strains,C0038048,Injury or Poisoning,Approved
Capsaicin,DB06774,Neuralgia,C0027796,Sign or Symptom,Approved
Capsaicin,DB06774,Back Pain,C0004604,Sign or Symptom,Approved
Chenodeoxycholic acid,DB06777,Cholelithiasis,C0008350,Disease or Syndrome,Approved
Dimercaprol,DB06782,Arsenic Poisoning,C0311375,Injury or Poisoning,Approved
Dimercaprol,DB06782,Accidental poisoning by lead and its compounds and fumes,C0261486,Injury or Poisoning,Approved
Prussian blue,DB06783,Thallium poisoning,C0238452,Injury or Poisoning,Approved
Halcinonide,DB06786,"Lymphoma, T-Cell, Cutaneous",C0079773,Neoplastic Process,Approved
Halcinonide,DB06786,"Lupus Erythematosus, Discoid",C0024138,Disease or Syndrome,Approved
Halcinonide,DB06786,Lichen Simplex Chronicus,C0149922,Disease or Syndrome,Approved
Halcinonide,DB06786,Seborrheic dermatitis,C0036508,Disease or Syndrome,Approved
Halcinonide,DB06786,Exanthema,C0015230,Sign or Symptom,Approved
Halcinonide,DB06786,Contact Dermatitis,C0011616,Disease or Syndrome,Approved
Halcinonide,DB06786,Pruritus Ani,C0033775,Sign or Symptom,Approved
Halcinonide,DB06786,Pruritus of genital organs,C0033777,Sign or Symptom,Approved
Halcinonide,DB06786,"Dermatitis, Atopic",C0011615,Disease or Syndrome,Approved
Halcinonide,DB06786,Granuloma Annulare,C0085074,Disease or Syndrome,Approved
Halcinonide,DB06786,Chronic small plaque psoriasis,C0406317,Disease or Syndrome,Approved
Halcinonide,DB06786,Scalp psoriasis,C0406326,Disease or Syndrome,Approved
Histrelin,DB06788,Precocious Puberty,C0034013,Disease or Syndrome,Approved
Lanreotide,DB06791,Acromegaly,C0001206,Disease or Syndrome,Approved
Lanreotide,DB06791,Hypersomatotropic gigantism,C0001207,Disease or Syndrome,Approved
Lodoxamide,DB06794,"Conjunctivitis, Vernal",C0009773,Disease or Syndrome,Approved
Lodoxamide,DB06794,"Keratoconjunctivitis, Vernal",C0022577,Disease or Syndrome,Approved
Hexamethylenetetramine,DB06799,Urinary tract infection,C0042029,Disease or Syndrome,Approved
Methylnaltrexone,DB06800,Drug-induced constipation,C0267511,Disease or Syndrome,Approved
Niclosamide,DB06803,Teniasis,C0039254,Disease or Syndrome,Approved
Niclosamide,DB06803,Diphyllobothriasis,C0012561,Disease or Syndrome,Approved
Plerixafor,DB06809,Multiple Myeloma,C0026764,Neoplastic Process,Approved
Polidocanol,DB06811,Varicosity,C0042345,Disease or Syndrome,Approved
Pralatrexate,DB06813,Peripheral T-Cell Lymphoma,C0079774,Neoplastic Process,Approved
Raltegravir,DB06817,HIV Infections,C0019693,Disease or Syndrome,Approved
Sodium phenylbutyrate,DB06819,Carbamoyl-Phosphate Synthase I Deficiency Disease,C0751753,Disease or Syndrome,Approved
Sodium phenylbutyrate,DB06819,Citrullinemia,C0175683,Disease or Syndrome,Approved
Sodium phenylbutyrate,DB06819,"Urea Cycle Disorders, Inborn",C0154246,Disease or Syndrome,Approved
Sulconazole,DB06820,Tinea corporis (disorder),C0040252,Disease or Syndrome,Approved
Sulconazole,DB06820,Tinea Versicolor,C0040262,Disease or Syndrome,Approved
Sulconazole,DB06820,Tinea Pedis,C0040259,Disease or Syndrome,Approved
Sulconazole,DB06820,Tinea cruris,C1384589,Disease or Syndrome,Approved
Tiopronin,DB06823,Cystinuria,C0010691,Disease or Syndrome,Approved
Triethylenetetramine,DB06824,Renal Cell Carcinoma,C0007134,Neoplastic Process,Approved
Triethylenetetramine,DB06824,Hepatolenticular Degeneration,C0019202,Disease or Syndrome,Approved
Triethylenetetramine,DB06824,Scalp psoriasis,C0406326,Disease or Syndrome,Approved
Triethylenetetramine,DB06824,Chronic small plaque psoriasis,C0406317,Disease or Syndrome,Approved
Unoprostone,DB06826,Ocular Hypertension,C0028840,Disease or Syndrome,Approved
Unoprostone,DB06826,"Glaucoma, Open-Angle",C0017612,Disease or Syndrome,Approved
Tranilast,DB07615,Asthma,C0004096,Disease or Syndrome,Approved
Tranilast,DB07615,Allergic rhinitis (disorder),C2607914,Disease or Syndrome,Approved
Tranilast,DB07615,Keloid,C0022548,Acquired Abnormality,Approved
Tranilast,DB07615,"Cicatrix, Hypertrophic",C0162810,Acquired Abnormality,Approved
Parecoxib,DB08439,Acute postoperative pain,C2215257,Sign or Symptom,Approved
Diloxanide,DB08792,Amebiasis,C0002438,Disease or Syndrome,Approved
Azidocillin,DB08795,Respiratory Tract Infections,C0035243,Disease or Syndrome,Approved
Salicylamide,DB08797,Back Pain,C0004604,Sign or Symptom,Approved
Salicylamide,DB08797,Headache Disorders,C0393735,Disease or Syndrome,Approved
Salicylamide,DB08797,Arthralgia,C0003862,Sign or Symptom,Approved
Salicylamide,DB08797,Fever,C0015967,Finding,Approved
Salicylamide,DB08797,Pain,C0030193,Sign or Symptom,Approved
Antazoline,DB08799,"Rhinitis, Vasomotor",C0035460,Disease or Syndrome,Approved
Antazoline,DB08799,Symptomatic dermographism,C0343065,Disease or Syndrome,Approved
Antazoline,DB08799,Nasal congestion (finding),C0027424,Sign or Symptom,Approved
Antazoline,DB08799,Pruritus,C0033774,Sign or Symptom,Approved
Antazoline,DB08799,Itching of eye,C0022281,Finding,Approved
Antazoline,DB08799,Sneezing,C0037383,Finding,Approved
Antazoline,DB08799,Rhinorrhea,C1260880,Sign or Symptom,Approved
Antazoline,DB08799,Allergic Conjunctivitis,C0009766,Disease or Syndrome,Approved
Antazoline,DB08799,Redness of eye,C0235267,Sign or Symptom,Approved
Antazoline,DB08799,Urticaria,C0042109,Disease or Syndrome,Approved
Antazoline,DB08799,Allergic rhinitis (disorder),C2607914,Disease or Syndrome,Approved
Nandrolone decanoate,DB08804,Anemia in chronic kidney disease,C1561828,Disease or Syndrome,Approved
Roxatidine acetate,DB08806,Gastric ulcer,C0038358,Disease or Syndrome,Approved
Roxatidine acetate,DB08806,Gastroesophageal reflux disease,C0017168,Disease or Syndrome,Approved
Roxatidine acetate,DB08806,Zollinger-Ellison syndrome,C0043515,Disease or Syndrome,Approved
Bupranolol,DB08808,Glaucoma,C0017601,Disease or Syndrome,Approved
Bupranolol,DB08808,Hypertensive disease,C0020538,Disease or Syndrome,Approved
Lurasidone,DB08815,Schizophrenia,C0036341,Mental or Behavioral Dysfunction,Approved
Lurasidone,DB08815,"Depression, Bipolar",C0005587,Mental or Behavioral Dysfunction,Approved
Ticagrelor,DB08816,Acute Coronary Syndrome,C0948089,Disease or Syndrome,Approved
Ticagrelor,DB08816,Peripheral Vascular Diseases,C0085096,Disease or Syndrome,Approved
Tafluprost,DB08819,Ocular Hypertension,C0028840,Disease or Syndrome,Approved
Tafluprost,DB08819,"Glaucoma, Open-Angle",C0017612,Disease or Syndrome,Approved
Ivacaftor,DB08820,Pulmonary Cystic Fibrosis,C0392164,Disease or Syndrome,Approved
Azilsartan medoxomil,DB08822,Hypertensive disease,C0020538,Disease or Syndrome,Approved
Spinosad,DB08823,Pediculus capitis infestation,C0030757,Disease or Syndrome,Approved
Deferiprone,DB08826,beta Thalassemia,C0005283,Disease or Syndrome,Approved
Deferiprone,DB08826,Iron Overload,C0282193,Disease or Syndrome,Approved
Lomitapide,DB08827,Familial hypercholesterolemia - homozygous,C0342881,Disease or Syndrome,Approved
Vismodegib,DB08828,Basal cell carcinoma,C0007117,Neoplastic Process,Approved
Pitavastatin,DB08860,"Hyperlipidemia, Familial Combined",C0020474,Disease or Syndrome,Approved
Pitavastatin,DB08860,Hypercholesterolemia,C0020443,Disease or Syndrome,Approved
Rilpivirine,DB08864,HIV Infections,C0019693,Disease or Syndrome,Approved
Ulipristal,DB08867,Uterine Fibroids,C0042133,Neoplastic Process,Approved
Fingolimod,DB08868,"Multiple Sclerosis, Relapsing-Remitting",C0751967,Disease or Syndrome,Approved
Tesamorelin,DB08869,Lipodystrophy due to Human immunodeficiency virus infection and antiretroviral therapy,C3854116,Disease or Syndrome,Approved
Brentuximab vedotin,DB08870,Hodgkin Disease,C0019829,Neoplastic Process,Approved
Brentuximab vedotin,DB08870,Anaplastic large T-cell systemic malignant lymphoma,C1275317,Neoplastic Process,Approved
Eribulin,DB08871,Carcinoma breast stage IV,C0278488,Neoplastic Process,Approved
Eribulin,DB08871,liposarcoma,C0023827,Neoplastic Process,Approved
gabapentin enacarbil,DB08872,Postherpetic neuralgia,C0032768,Disease or Syndrome,Approved
gabapentin enacarbil,DB08872,Restless Legs Syndrome,C0035258,Disease or Syndrome,Approved
Boceprevir,DB08873,"Hepatitis C, Chronic",C0524910,Disease or Syndrome,Approved
Fidaxomicin,DB08874,"Enterocolitis, Pseudomembranous",C0014358,Disease or Syndrome,Approved
Fidaxomicin,DB08874,Clostridium difficile infection,C0343386,Disease or Syndrome,Approved
Fidaxomicin,DB08874,Clostridium Infections,C0009062,Disease or Syndrome,Approved
Cabozantinib,DB08875,Medullary carcinoma of thyroid,C0238462,Neoplastic Process,Approved
Cabozantinib,DB08875,Renal Cell Carcinoma,C0007134,Neoplastic Process,Approved
Ruxolitinib,DB08877,Myeloproliferative disease,C0027022,Neoplastic Process,Approved
Ruxolitinib,DB08877,Myelofibrosis,C0026987,Neoplastic Process,Approved
Belimumab,DB08879,"Lupus Erythematosus, Systemic",C0024141,Disease or Syndrome,Approved
Teriflunomide,DB08880,Rheumatoid Arthritis,C0003873,Disease or Syndrome,Approved
Teriflunomide,DB08880,"Arthritis, Psoriatic",C0003872,Disease or Syndrome,Approved
Teriflunomide,DB08880,Multiple Sclerosis,C0026769,Disease or Syndrome,Approved
Linagliptin,DB08882,"Diabetes Mellitus, Non-Insulin-Dependent",C0011860,Disease or Syndrome,Approved
Aflibercept,DB08885,Exudative age-related macular degeneration,C0271084,Disease or Syndrome,Approved
Aflibercept,DB08885,Central retinal vein occlusion with macular edema,C0339498,Acquired Abnormality,Approved
Aflibercept,DB08885,Branch retinal vein occlusion with macular edema,C0339507,Acquired Abnormality,Approved
Aflibercept,DB08885,Diabetic macular edema,C0730285,Disease or Syndrome,Approved
Aflibercept,DB08885,Metastasis from malignant tumor of colon,C1282500,Neoplastic Process,Approved
Icosapent ethyl,DB08887,Hypertriglyceridemia,C0020557,Disease or Syndrome,Approved
Ocriplasmin,DB08888,Vitreomacular traction syndrome,C0730274,Disease or Syndrome,Approved
Carfilzomib,DB08889,Multiple Myeloma,C0026764,Neoplastic Process,Approved
Linaclotide,DB08890,Irritable bowel syndrome characterized by constipation,C1868889,Disease or Syndrome,Approved
Linaclotide,DB08890,Chronic idiopathic constipation,C0267509,Disease or Syndrome,Approved
Linaclotide,DB08890,Irritable Bowel Syndrome,C0022104,Disease or Syndrome,Approved
Mirabegron,DB08893,Bladder muscle dysfunction - overactive,C0403643,Disease or Syndrome,Approved
Peginesatide,DB08894,Anemia in chronic kidney disease,C1561828,Disease or Syndrome,Approved
Tofacitinib,DB08895,Rheumatoid Arthritis,C0003873,Disease or Syndrome,Approved
Regorafenib,DB08896,Metastasis from malignant tumor of colon,C1282500,Neoplastic Process,Approved
Regorafenib,DB08896,Gastrointestinal Stromal Tumors,C0238198,Neoplastic Process,Approved
Aclidinium,DB08897,Chronic Obstructive Airway Disease,C0024117,Disease or Syndrome,Approved
Enzalutamide,DB08899,Malignant neoplasm of prostate,C0376358,Neoplastic Process,Approved
Teduglutide,DB08900,Short Bowel Syndrome,C0036992,Disease or Syndrome,Approved
Ponatinib,DB08901,"Myeloid Leukemia, Chronic",C0023473,Neoplastic Process,Approved
Ponatinib,DB08901,Philadelphia chromosome-positive acute lymphoblastic leukemia,C1960397,Neoplastic Process,Approved
Raxibacumab,DB08902,Inhalational anthrax,C0155866,Disease or Syndrome,Approved
Bedaquiline,DB08903,"Tuberculosis, Pulmonary",C0041327,Disease or Syndrome,Approved
Bedaquiline,DB08903,"Tuberculosis, Drug-Resistant",C0206525,Disease or Syndrome,Approved
Certolizumab pegol,DB08904,Crohn Disease,C0010346,Disease or Syndrome,Approved
Certolizumab pegol,DB08904,Rheumatoid Arthritis,C0003873,Disease or Syndrome,Approved
Certolizumab pegol,DB08904,"Arthritis, Psoriatic",C0003872,Disease or Syndrome,Approved
Certolizumab pegol,DB08904,Ankylosing spondylitis,C0038013,Disease or Syndrome,Approved
Formestane,DB08905,Malignant epithelial neoplasm of female breast,C3163805,Neoplastic Process,Approved
Fluticasone furoate,DB08906,Allergic rhinitis (disorder),C2607914,Disease or Syndrome,Approved
Fluticasone furoate,DB08906,Asthma,C0004096,Disease or Syndrome,Approved
Canagliflozin,DB08907,"Diabetes Mellitus, Non-Insulin-Dependent",C0011860,Disease or Syndrome,Approved
Dimethyl fumarate,DB08908,"Multiple Sclerosis, Relapsing-Remitting",C0751967,Disease or Syndrome,Approved
Glycerol Phenylbutyrate,DB08909,"Urea Cycle Disorders, Inborn",C0154246,Disease or Syndrome,Approved
Pomalidomide,DB08910,Multiple Myeloma,C0026764,Neoplastic Process,Approved
Trametinib,DB08911,"Malignant melanoma, metastatic",C0860594,Neoplastic Process,Approved
Dabrafenib,DB08912,"Malignant melanoma, metastatic",C0860594,Neoplastic Process,Approved
Radium Ra 223 Dichloride,DB08913,Malignant neoplasm of prostate,C0376358,Neoplastic Process,Approved
Afatinib,DB08916,Epidermal growth factor receptor positive non-small cell lung cancer,C1960925,Neoplastic Process,Approved
Ferric Carboxymaltose,DB08917,Iron deficiency anemia,C0162316,Disease or Syndrome,Approved
Levomilnacipran,DB08918,Major Depressive Disorder,C1269683,Mental or Behavioral Dysfunction,Approved
Perospirone,DB08922,Schizophrenia,C0036341,Mental or Behavioral Dysfunction,Approved
Epoetin Zeta,DB08923,Anemia in chronic kidney disease,C1561828,Disease or Syndrome,Approved
Dolutegravir,DB08930,HIV Infections,C0019693,Disease or Syndrome,Approved
Riociguat,DB08931,Chronic thromboembolic pulmonary hypertension,C2363973,Disease or Syndrome,Approved
Riociguat,DB08931,Pulmonary arterial hypertension,C2973725,Disease or Syndrome,Approved
Macitentan,DB08932,Pulmonary arterial hypertension,C2973725,Disease or Syndrome,Approved
Luliconazole,DB08933,Tinea Pedis,C0040259,Disease or Syndrome,Approved
Luliconazole,DB08933,Tinea cruris,C1384589,Disease or Syndrome,Approved
Luliconazole,DB08933,Tinea corporis (disorder),C0040252,Disease or Syndrome,Approved
Sofosbuvir,DB08934,"Hepatitis C, Chronic",C0524910,Disease or Syndrome,Approved
Obinutuzumab,DB08935,Chronic Lymphocytic Leukemia,C0023434,Neoplastic Process,Approved
Chlorcyclizine,DB08936,Common Cold,C0009443,Disease or Syndrome,Approved
Chlorcyclizine,DB08936,Hay fever,C0018621,Disease or Syndrome,Approved
Chlorcyclizine,DB08936,Rhinorrhea,C1260880,Sign or Symptom,Approved
Chlorcyclizine,DB08936,Allergic Conjunctivitis,C0009766,Disease or Syndrome,Approved
Chlorcyclizine,DB08936,Allergic rhinitis (disorder),C2607914,Disease or Syndrome,Approved
Chlorcyclizine,DB08936,Sneezing,C0037383,Finding,Approved
Chlorcyclizine,DB08936,Nasal congestion (finding),C0027424,Sign or Symptom,Approved
Chlorcyclizine,DB08936,Coughing,C0010200,Sign or Symptom,Approved
Chlorcyclizine,DB08936,"Rhinitis, Vasomotor",C0035460,Disease or Syndrome,Approved
Isoxsuprine,DB08941,Vascular Diseases,C0042373,Disease or Syndrome,Approved
Isoxsuprine,DB08941,Cerebrovascular Disorders,C0007820,Disease or Syndrome,Approved
Isoxsuprine,DB08941,Raynaud Disease,C0034734,Disease or Syndrome,Approved
Floctafenine,DB08976,Acute onset pain,C0184567,Sign or Symptom,Approved
Etofenamate,DB08984,Degenerative polyarthritis,C0029408,Disease or Syndrome,Approved
Enviomycin,DB08993,"Tuberculosis, Pulmonary",C0041327,Disease or Syndrome,Approved
Demexiptiline,DB08998,Depressive disorder,C0011581,Mental or Behavioral Dysfunction,Approved
Captodiame,DB09014,Anxiety Disorders,C0003469,Mental or Behavioral Dysfunction,Approved
Butriptyline,DB09016,Depressive disorder,C0011581,Mental or Behavioral Dysfunction,Approved
Bisacodyl,DB09020,Incomplete passage of stool,C0426639,Sign or Symptom,Approved
Bisacodyl,DB09020,Constipation,C0009806,Sign or Symptom,Approved
Aliskiren,DB09026,Hypertensive disease,C0020538,Disease or Syndrome,Approved
Ledipasvir,DB09027,"Hepatitis C, Chronic",C0524910,Disease or Syndrome,Approved
Secukinumab,DB09029,Chronic small plaque psoriasis,C0406317,Disease or Syndrome,Approved
Vorapaxar,DB09030,Cerebrovascular accident,C0038454,Disease or Syndrome,Approved
Miltefosine,DB09031,"Leishmaniasis, Visceral",C0023290,Disease or Syndrome,Approved
Miltefosine,DB09031,"Leishmaniasis, Cutaneous",C0023283,Disease or Syndrome,Approved
Miltefosine,DB09031,Mucocutaneous leishmaniasis,C1328252,Disease or Syndrome,Approved
Vedolizumab,DB09033,Ulcerative Colitis,C0009324,Disease or Syndrome,Approved
Vedolizumab,DB09033,Crohn Disease,C0010346,Disease or Syndrome,Approved
Suvorexant,DB09034,Sleeplessness,C0917801,Sign or Symptom,Approved
Nivolumab,DB09035,"Malignant melanoma, metastatic",C0860594,Neoplastic Process,Approved
Nivolumab,DB09035,Squamous cell carcinoma of lung,C0149782,Neoplastic Process,Approved
Nivolumab,DB09035,Non-Small Cell Lung Carcinoma,C0007131,Neoplastic Process,Approved
Nivolumab,DB09035,Metastatic Renal Cell Cancer,C0278678,Neoplastic Process,Approved
Siltuximab,DB09036,Angiolymphoid hyperplasia,C0017531,Disease or Syndrome,Approved
Pembrolizumab,DB09037,"Malignant melanoma, metastatic",C0860594,Neoplastic Process,Approved
Pembrolizumab,DB09037,Non-Small Cell Lung Carcinoma,C0007131,Neoplastic Process,Approved
Empagliflozin,DB09038,"Diabetes Mellitus, Non-Insulin-Dependent",C0011860,Disease or Syndrome,Approved
Eliglustat,DB09039,Gaucher Disease,C0017205,Disease or Syndrome,Approved
Efinaconazole,DB09040,Onychomycosis of toenails,C1274470,Disease or Syndrome,Approved
Efinaconazole,DB09040,Onychomycosis due to Trichophyton mentagrophytes,C0276755,Disease or Syndrome,Approved
Efinaconazole,DB09040,Onychomycosis,C0040261,Disease or Syndrome,Approved
Tavaborole,DB09041,Onychomycosis of toenails,C1274470,Disease or Syndrome,Approved
Tavaborole,DB09041,Onychomycosis due to Trichophyton mentagrophytes,C0276755,Disease or Syndrome,Approved
Tavaborole,DB09041,Onychomycosis due to Trichophyton rubrum,C0276754,Disease or Syndrome,Approved
Tedizolid Phosphate,DB09042,Staphylococcal Skin Infections,C0038166,Disease or Syndrome,Approved
Tedizolid Phosphate,DB09042,"Skin Diseases, Bacterial",C0162627,Disease or Syndrome,Approved
Tedizolid Phosphate,DB09042,Streptococcal infection of skin,C1274355,Disease or Syndrome,Approved
Albiglutide,DB09043,"Diabetes Mellitus, Non-Insulin-Dependent",C0011860,Disease or Syndrome,Approved
Dulaglutide,DB09045,"Diabetes Mellitus, Non-Insulin-Dependent",C0011860,Disease or Syndrome,Approved
Metreleptin,DB09046,Familial generalized lipodystrophy,C0221032,Disease or Syndrome,Approved
Metreleptin,DB09046,Acquired generalized lipodystrophy,C0271693,Pathologic Function,Approved
Metreleptin,DB09046,Acquired partial lipodystrophy,C0220989,Disease or Syndrome,Approved
Finafloxacin,DB09047,Acute otitis externa,C0149948,Disease or Syndrome,Approved
Netupitant,DB09048,Chemotherapy-induced nausea and vomiting,C0401160,Pathologic Function,Approved
Naloxegol,DB09049,Drug-induced constipation,C0267511,Disease or Syndrome,Approved
Ceftolozane,DB09050,Urinary tract infection,C0042029,Disease or Syndrome,Approved
Ceftolozane,DB09050,Intraabdominal Infections,C1112209,Disease or Syndrome,Approved
Elosulfase alfa,DB09051,"Mucopolysaccharidosis, MPS-IV-A",C0086651,Disease or Syndrome,Approved
Blinatumomab,DB09052,Pre B-cell acute lymphoblastic leukemia,C0349636,Neoplastic Process,Approved
Ibrutinib,DB09053,"Malignant lymphoma, lymphocytic, intermediate differentiation, diffuse",C0334634,Neoplastic Process,Approved
Ibrutinib,DB09053,Chronic Lymphocytic Leukemia,C0023434,Neoplastic Process,Approved
Ibrutinib,DB09053,Waldenstrom Macroglobulinemia,C0024419,Neoplastic Process,Approved
Idelalisib,DB09054,Chronic Lymphocytic Leukemia,C0023434,Neoplastic Process,Approved
Idelalisib,DB09054,"Lymphoma, Follicular",C0024301,Neoplastic Process,Approved
Idelalisib,DB09054,Small Lymphocytic Lymphoma,C0855095,Neoplastic Process,Approved
Avibactam,DB09060,Pyelonephritis,C0034186,Disease or Syndrome,Approved
Avibactam,DB09060,Intraabdominal Infections,C1112209,Disease or Syndrome,Approved
Cobicistat,DB09065,HIV Infections,C0019693,Disease or Syndrome,Approved
Vortioxetine,DB09068,Major Depressive Disorder,C1269683,Mental or Behavioral Dysfunction,Approved
Tasimelteon,DB09071,Non-24 hour sleep-wake cycle,C0393772,Finding,Approved
Sodium oxybate,DB09072,Narcolepsy-Cataplexy Syndrome,C0751362,Disease or Syndrome,Approved
Sodium oxybate,DB09072,Narcolepsy,C0027404,Disease or Syndrome,Approved
Palbociclib,DB09073,Human epidermal growth factor 2 negative carcinoma of breast,C2316304,Neoplastic Process,Approved
Olaparib,DB09074,Malignant tumor of peritoneum,C0153467,Neoplastic Process,Approved
Olaparib,DB09074,Malignant neoplasm of ovary,C1140680,Neoplastic Process,Approved
Olaparib,DB09074,Epithelial tumor of ovary,C0341823,Neoplastic Process,Approved
Edoxaban,DB09075,Pulmonary Embolism,C0034065,Disease or Syndrome,Approved
Edoxaban,DB09075,Embolism,C0013922,Pathologic Function,Approved
Umeclidinium,DB09076,Chronic Obstructive Airway Disease,C0024117,Disease or Syndrome,Approved
Dinutuximab,DB09077,Neuroblastoma,C0027819,Neoplastic Process,Approved
Lenvatinib,DB09078,Follicular thyroid carcinoma,C0206682,Neoplastic Process,Approved
Lenvatinib,DB09078,Papillary thyroid carcinoma,C0238463,Neoplastic Process,Approved
Nintedanib,DB09079,Hamman-Rich syndrome,C0085786,Disease or Syndrome,Approved
Nintedanib,DB09079,Non-Small Cell Lung Carcinoma,C0007131,Neoplastic Process,Approved
Olodaterol,DB09080,Chronic Obstructive Airway Disease,C0024117,Disease or Syndrome,Approved
Idebenone,DB09081,"Optic Atrophy, Hereditary, Leber",C0917796,Disease or Syndrome,Approved
Vilanterol,DB09082,"Bronchitis, Chronic",C0008677,Disease or Syndrome,Approved
Vilanterol,DB09082,Pulmonary Emphysema,C0034067,Disease or Syndrome,Approved
Vilanterol,DB09082,Chronic Obstructive Airway Disease,C0024117,Disease or Syndrome,Approved
Vilanterol,DB09082,Asthma,C0004096,Disease or Syndrome,Approved
Ivabradine,DB09083,Chronic heart failure,C0264716,Disease or Syndrome,Approved
Benzydamine,DB09084,Pain,C0030193,Sign or Symptom,Approved
Tetracaine,DB09085,Pruritus,C0033774,Sign or Symptom,Approved
Tetracaine,DB09085,Skin irritation,C0152030,Finding,Approved
Potassium alum,DB09087,Heartburn,C0018834,Sign or Symptom,Approved
Potassium alum,DB09087,Dyspepsia,C0013395,Sign or Symptom,Approved
Potassium alum,DB09087,Peptic Ulcer,C0030920,Disease or Syndrome,Approved
Potassium alum,DB09087,Gastroesophageal reflux disease,C0017168,Disease or Syndrome,Approved
Chlortetracycline,DB09093,Ophthalmia Neonatorum,C0029076,Disease or Syndrome,Approved
Chlortetracycline,DB09093,Trachoma,C0040592,Disease or Syndrome,Approved
Benzoyl peroxide,DB09096,Seborrheic dermatitis,C0036508,Disease or Syndrome,Approved
Benzoyl peroxide,DB09096,Acne Vulgaris,C0001144,Disease or Syndrome,Approved
Benzoyl peroxide,DB09096,Exanthema,C0015230,Sign or Symptom,Approved
Benzoyl peroxide,DB09096,Granuloma Annulare,C0085074,Disease or Syndrome,Approved
Benzoyl peroxide,DB09096,Pruritus of genital organs,C0033777,Sign or Symptom,Approved
Benzoyl peroxide,DB09096,Contact Dermatitis,C0011616,Disease or Syndrome,Approved
Benzoyl peroxide,DB09096,Pruritus Ani,C0033775,Sign or Symptom,Approved
Elvitegravir,DB09101,HIV Infections,C0019693,Disease or Syndrome,Approved
Daclatasvir,DB09102,"Hepatitis C, Chronic",C0524910,Disease or Syndrome,Approved
Magnesium hydroxide,DB09104,Constipation,C0009806,Sign or Symptom,Approved
Magnesium hydroxide,DB09104,Incomplete passage of stool,C0426639,Sign or Symptom,Approved
Magnesium hydroxide,DB09104,Peptic Ulcer,C0030920,Disease or Syndrome,Approved
Magnesium hydroxide,DB09104,Dyspepsia,C0013395,Sign or Symptom,Approved
Magnesium hydroxide,DB09104,Gastroesophageal reflux disease,C0017168,Disease or Syndrome,Approved
Magnesium hydroxide,DB09104,Heartburn,C0018834,Sign or Symptom,Approved
Asfotase Alfa,DB09105,Hypophosphatasia,C0020630,Disease or Syndrome,Approved
Methoxy polyethylene glycol-epoetin beta,DB09107,Anemia in chronic kidney disease,C1561828,Disease or Syndrome,Approved
Turoctocog alfa,DB09109,Hemophilia A,C0019069,Disease or Syndrome,Approved
Mesna,DB09110,Testicular Germ Cell Tumor,C1336708,Neoplastic Process,Approved
Sodium Nitrite,DB09112,Toxic effect of cyanide,C0238080,Injury or Poisoning,Approved
Poractant alfa,DB09113,"Respiratory Distress Syndrome, Newborn",C0035220,Disease or Syndrome,Approved
Colfosceril palmitate,DB09114,"Respiratory Distress Syndrome, Newborn",C0035220,Disease or Syndrome,Approved
Diiodohydroxyquinoline,DB09115,Amebiasis,C0002438,Disease or Syndrome,Approved
Stiripentol,DB09118,"Epilepsies, Myoclonic",C0014550,Disease or Syndrome,Approved
Stiripentol,DB09118,Infantile Severe Myoclonic Epilepsy,C0751122,Disease or Syndrome,Approved
Peginterferon beta-1a,DB09122,"Multiple Sclerosis, Relapsing-Remitting",C0751967,Disease or Syndrome,Approved
Potassium Citrate,DB09125,Hypokalemia,C0020621,Finding,Approved
Potassium Citrate,DB09125,Calcium renal calculus,C1959799,Disease or Syndrome,Approved
Potassium Citrate,DB09125,Renal tubular acidosis,C0001126,Disease or Syndrome,Approved
Potassium Citrate,DB09125,RENAL CALCULUS CALCIUM OXALATE,C0748267,Finding,Approved
Potassium Citrate,DB09125,Uric acid renal calculus,C0558595,Disease or Syndrome,Approved
Disodium phosphate,DB09127,Constipation,C0009806,Sign or Symptom,Approved
Brexpiprazole,DB09128,Schizophrenia,C0036341,Mental or Behavioral Dysfunction,Approved
Brexpiprazole,DB09128,Major Depressive Disorder,C1269683,Mental or Behavioral Dysfunction,Approved
Protamine sulfate,DB09141,Heparin overdose,C0573789,Injury or Poisoning,Approved
Sonidegib,DB09143,Basal cell carcinoma,C0007117,Neoplastic Process,Approved
Uridine triacetate,DB09144,Hereditary orotic aciduria,C0220987,Disease or Syndrome,Approved
Uridine triacetate,DB09144,Antimetabolite overdose,C0572583,Injury or Poisoning,Approved
Sucroferric Oxyhydroxide,DB09146,Hyperphosphatemia (disorder),C0085681,Disease or Syndrome,Approved
Nitrogen,DB09152,Persistent Fetal Circulation Syndrome,C0031190,Disease or Syndrome,Approved
Sodium Citrate,DB09154,Common Cold,C0009443,Disease or Syndrome,Approved
Sodium Citrate,DB09154,Peptic Ulcer,C0030920,Disease or Syndrome,Approved
Sodium Citrate,DB09154,Gastroesophageal reflux disease,C0017168,Disease or Syndrome,Approved
Sodium Citrate,DB09154,Dyspepsia,C0013395,Sign or Symptom,Approved
Sodium Citrate,DB09154,Coughing,C0010200,Sign or Symptom,Approved
Sodium Citrate,DB09154,Rhinitis,C0035455,Disease or Syndrome,Approved
Sodium Citrate,DB09154,Heartburn,C0018834,Sign or Symptom,Approved
Sodium Citrate,DB09154,Nasal congestion (finding),C0027424,Sign or Symptom,Approved
Sodium Citrate,DB09154,Rhinorrhea,C1260880,Sign or Symptom,Approved
Ferric Citrate,DB09162,Hyperphosphatemia (disorder),C0085681,Disease or Syndrome,Approved
Etizolam,DB09166,Anxiety,C0003467,Mental or Behavioral Dysfunction,Approved
Dosulepin,DB09167,Major Depressive Disorder,C1269683,Mental or Behavioral Dysfunction,Approved
Dasabuvir,DB09183,"Hepatitis C, Chronic",C0524910,Disease or Syndrome,Approved
Viloxazine,DB09185,Narcolepsy-Cataplexy Syndrome,C0751362,Disease or Syndrome,Approved
Lobeglitazone,DB09198,"Diabetes Mellitus, Non-Insulin-Dependent",C0011860,Disease or Syndrome,Approved
Moxisylyte,DB09205,Erectile dysfunction,C0242350,Disease or Syndrome,Approved
Moxisylyte,DB09205,Raynaud Disease,C0034734,Disease or Syndrome,Approved
Loxoprofen,DB09212,Rheumatoid Arthritis,C0003873,Disease or Syndrome,Approved
Dexibuprofen,DB09213,Headache Disorders,C0393735,Disease or Syndrome,Approved
Dexibuprofen,DB09213,Pain,C0030193,Sign or Symptom,Approved
Dexibuprofen,DB09213,Fever,C0015967,Finding,Approved
Dexibuprofen,DB09213,Degenerative polyarthritis,C0029408,Disease or Syndrome,Approved
Dexibuprofen,DB09213,Rheumatoid Arthritis,C0003873,Disease or Syndrome,Approved
Dexibuprofen,DB09213,Dysmenorrhea,C0013390,Pathologic Function,Approved
Polaprezinc,DB09221,Peptic Ulcer,C0030920,Disease or Syndrome,Approved
Blonanserin,DB09223,Schizophrenia,C0036341,Mental or Behavioral Dysfunction,Approved
Conestat alfa,DB09228,Hereditary C1 esterase inhibitor deficiency - deficient factor,C0398775,Disease or Syndrome,Approved
Aranidipine,DB09229,Hypertensive disease,C0020538,Disease or Syndrome,Approved
Azelnidipine,DB09230,Hypertensive disease,C0020538,Disease or Syndrome,Approved
Efonidipine,DB09235,Hypertensive disease,C0020538,Disease or Syndrome,Approved
Pirlindole,DB09244,Depressive disorder,C0011581,Mental or Behavioral Dysfunction,Approved
Toloxatone,DB09245,Depressive disorder,C0011581,Mental or Behavioral Dysfunction,Approved
Tegafur,DB09256,Malignant neoplasm of stomach,C0024623,Neoplastic Process,Approved
Gimeracil,DB09257,Malignant neoplasm of stomach,C0024623,Neoplastic Process,Approved
Bemiparin,DB09258,Pulmonary Embolism,C0034065,Disease or Syndrome,Approved
Bemiparin,DB09258,Deep Vein Thrombosis,C0149871,Disease or Syndrome,Approved
Imidafenacin,DB09262,Bladder muscle dysfunction - overactive,C0403643,Disease or Syndrome,Approved
Patiromer,DB09263,Hyperkalemia,C0020461,Finding,Approved
Idarucizumab,DB09264,Drug-induced coagulation inhibitor disorder,C0272373,Disease or Syndrome,Approved
Lixisenatide,DB09265,"Diabetes Mellitus, Non-Insulin-Dependent",C0011860,Disease or Syndrome,Approved
Strontium ranelate,DB09267,"Osteoporosis, Postmenopausal",C0029458,Disease or Syndrome,Approved
Phenylacetic acid,DB09269,Hyperammonemia,C0220994,Disease or Syndrome,Approved
Eluxadoline,DB09272,Irritable bowel syndrome with diarrhea,C0348898,Disease or Syndrome,Approved
Eluxadoline,DB09272,Diarrhoea predominant irritable bowel syndrome,C1262211,Disease or Syndrome,Approved
Artesunate,DB09274,"Malaria, Falciparum",C0024535,Disease or Syndrome,Approved
Sodium aurothiomalate,DB09276,Rheumatoid Arthritis,C0003873,Disease or Syndrome,Approved
Fimasartan,DB09279,Hypertensive disease,C0020538,Disease or Syndrome,Approved
Magnesium Trisilicate,DB09281,Dyspepsia,C0013395,Sign or Symptom,Approved
Magnesium Trisilicate,DB09281,Peptic Ulcer,C0030920,Disease or Syndrome,Approved
Magnesium Trisilicate,DB09281,Gastroesophageal reflux disease,C0017168,Disease or Syndrome,Approved
Magnesium Trisilicate,DB09281,Heartburn,C0018834,Sign or Symptom,Approved
Polyethylene glycol,DB09287,Incomplete passage of stool,C0426639,Sign or Symptom,Approved
Polyethylene glycol,DB09287,Dry Eye Syndromes,C0013238,Disease or Syndrome,Approved
Polyethylene glycol,DB09287,Redness of eye,C0235267,Sign or Symptom,Approved
Polyethylene glycol,DB09287,Constipation,C0009806,Sign or Symptom,Approved
Ramosetron,DB09290,Irritable bowel syndrome with diarrhea,C0348898,Disease or Syndrome,Approved
Ramosetron,DB09290,Diarrhoea predominant irritable bowel syndrome,C1262211,Disease or Syndrome,Approved
Rolapitant,DB09291,Chemotherapy-induced nausea and vomiting,C0401160,Pathologic Function,Approved
Sacubitril,DB09292,Chronic heart failure,C0264716,Disease or Syndrome,Approved
Sodium Iodide I-131,DB09293,Hyperthyroidism,C0020550,Disease or Syndrome,Approved
Ombitasvir,DB09296,"Hepatitis C, Chronic",C0524910,Disease or Syndrome,Approved
Paritaprevir,DB09297,"Hepatitis C, Chronic",C0524910,Disease or Syndrome,Approved
Tenofovir alafenamide,DB09299,HIV Infections,C0019693,Disease or Syndrome,Approved
Scopolamine butylbromide,DB09300,Gastric spasm (disorder),C0581358,Sign or Symptom,Approved
Alirocumab,DB09302,Hypercholesterolemia,C0020443,Disease or Syndrome,Approved
Alirocumab,DB09302,Complex dyslipidemia,C3875286,Disease or Syndrome,Approved
Alirocumab,DB09302,Familial hypercholesterolemia - heterozygous,C0342882,Disease or Syndrome,Approved
Alirocumab,DB09302,Atherosclerosis,C0004153,Disease or Syndrome,Approved
Evolocumab,DB09303,Hypercholesterolemia,C0020443,Disease or Syndrome,Approved
Evolocumab,DB09303,Complex dyslipidemia,C3875286,Disease or Syndrome,Approved
Evolocumab,DB09303,Familial hypercholesterolemia - heterozygous,C0342882,Disease or Syndrome,Approved
Evolocumab,DB09303,Familial hypercholesterolemia - homozygous,C0342881,Disease or Syndrome,Approved
Coagulation Factor XIII A-Subunit (Recombinant),DB09310,Hereditary factor XIII A subunit deficiency,C2584877,Disease or Syndrome,Approved
Procaine benzylpenicillin,DB09320,Gingivostomatitis,C0149704,Disease or Syndrome,Approved
Procaine benzylpenicillin,DB09320,Streptococcal tonsillitis,C0275804,Disease or Syndrome,Approved
Procaine benzylpenicillin,DB09320,Infection of skin AND/OR subcutaneous tissue,C0178299,Disease or Syndrome,Approved
Procaine benzylpenicillin,DB09320,"Syphilis, tertiary",C0153188,Disease or Syndrome,Approved
Procaine benzylpenicillin,DB09320,Pharyngitis,C0031350,Disease or Syndrome,Approved
Procaine benzylpenicillin,DB09320,"Syphilis, secondary",C0149985,Disease or Syndrome,Approved
Procaine benzylpenicillin,DB09320,Acute otitis media,C0271429,Disease or Syndrome,Approved
Procaine benzylpenicillin,DB09320,Streptococcal Infections,C0038395,Disease or Syndrome,Approved
Procaine benzylpenicillin,DB09320,Fusospirochetal pharyngitis,C1318559,Disease or Syndrome,Approved
Procaine benzylpenicillin,DB09320,"Syphilis, Latent",C0039133,Disease or Syndrome,Approved
Procaine benzylpenicillin,DB09320,Streptococcal endocarditis,C3665800,Disease or Syndrome,Approved
Procaine benzylpenicillin,DB09320,Scarlet Fever,C0036285,Disease or Syndrome,Approved
Procaine benzylpenicillin,DB09320,Neurosyphilis,C0027927,Disease or Syndrome,Approved
Procaine benzylpenicillin,DB09320,Bejel,C0004945,Disease or Syndrome,Approved
Procaine benzylpenicillin,DB09320,Streptococcus pyogenes infection,C0554628,Disease or Syndrome,Approved
Procaine benzylpenicillin,DB09320,Streptococcal pneumonia,C0155862,Disease or Syndrome,Approved
Procaine benzylpenicillin,DB09320,Primary genital syphilis,C0017418,Disease or Syndrome,Approved
Procaine benzylpenicillin,DB09320,Rat-Bite Fever,C0034686,Disease or Syndrome,Approved
Procaine benzylpenicillin,DB09320,Anthrax disease,C0003175,Disease or Syndrome,Approved
Procaine benzylpenicillin,DB09320,"Syphilis, Congenital",C0039131,Disease or Syndrome,Approved
Procaine benzylpenicillin,DB09320,Pinta,C0031946,Disease or Syndrome,Approved
Procaine benzylpenicillin,DB09320,Yaws,C0043388,Disease or Syndrome,Approved
Procaine benzylpenicillin,DB09320,Erysipelas,C0014733,Disease or Syndrome,Approved
Procaine benzylpenicillin,DB09320,Syphilis,C0039128,Disease or Syndrome,Approved
Procaine benzylpenicillin,DB09320,Staphylococcus aureus infection,C1318973,Disease or Syndrome,Approved
Zinc oxide,DB09321,Exanthema,C0015230,Sign or Symptom,Approved
Zinc oxide,DB09321,Tinea Versicolor,C0040262,Disease or Syndrome,Approved
Zinc oxide,DB09321,Skin irritation,C0152030,Finding,Approved
Zinc oxide,DB09321,Arthropod bite wound,C1444173,Injury or Poisoning,Approved
Zinc oxide,DB09321,Tinea cruris,C1384589,Disease or Syndrome,Approved
Zinc oxide,DB09321,Tinea corporis (disorder),C0040252,Disease or Syndrome,Approved
Zinc oxide,DB09321,Cutaneous Candidiasis,C0006846,Disease or Syndrome,Approved
Zinc oxide,DB09321,Pruritus,C0033774,Sign or Symptom,Approved
Zinc oxide,DB09321,Pruritus Ani,C0033775,Sign or Symptom,Approved
Zinc oxide,DB09321,Burn injury,C0006434,Injury or Poisoning,Approved
Zinc oxide,DB09321,Hemorrhoids,C0019112,Disease or Syndrome,Approved
Zinc oxide,DB09321,Diaper Rash,C0011974,Disease or Syndrome,Approved
Zinc oxide,DB09321,Injury wounds,C0043250,Injury or Poisoning,Approved
Zinc oxide,DB09321,Proctitis,C0033246,Disease or Syndrome,Approved
Zinc oxide,DB09321,Rectal pain,C0034886,Sign or Symptom,Approved
Zinc oxide,DB09321,Tinea Pedis,C0040259,Disease or Syndrome,Approved
Zinc sulfate,DB09322,Redness of eye,C0235267,Sign or Symptom,Approved
Zinc sulfate,DB09322,Zinc deficiency,C0235950,Disease or Syndrome,Approved
Benzathine benzylpenicillin,DB09323,Erysipelas,C0014733,Disease or Syndrome,Approved
Benzathine benzylpenicillin,DB09323,Scarlet Fever,C0036285,Disease or Syndrome,Approved
Benzathine benzylpenicillin,DB09323,Streptococcal pneumonia,C0155862,Disease or Syndrome,Approved
Benzathine benzylpenicillin,DB09323,Streptococcus pyogenes infection,C0554628,Disease or Syndrome,Approved
Benzathine benzylpenicillin,DB09323,Streptococcal Infections,C0038395,Disease or Syndrome,Approved
Sulbactam,DB09324,Intraabdominal Infections,C1112209,Disease or Syndrome,Approved
Sulbactam,DB09324,Rhinoscleroma,C0035468,Disease or Syndrome,Approved
Sulbactam,DB09324,Infection of skin AND/OR subcutaneous tissue,C0178299,Disease or Syndrome,Approved
Sulbactam,DB09324,Female genital tract infection,C1263758,Disease or Syndrome,Approved
Sulbactam,DB09324,Staphylococcus aureus infection,C1318973,Disease or Syndrome,Approved
Sulbactam,DB09324,Bacterial peritonitis,C0341503,Disease or Syndrome,Approved
Sulbactam,DB09324,Cholangitis,C0008311,Disease or Syndrome,Approved
Sulbactam,DB09324,Pelvic Inflammatory Disease,C0242172,Disease or Syndrome,Approved
Sulbactam,DB09324,Enterobacteriaceae Infections,C0014347,Disease or Syndrome,Approved
Sulbactam,DB09324,Escherichia coli Infections,C0014836,Disease or Syndrome,Approved
Sodium fluoride,DB09325,Vitamin Deficiency,C1510471,Disease or Syndrome,Approved
Osimertinib,DB09330,Epidermal growth factor receptor positive non-small cell lung cancer,C1960925,Neoplastic Process,Approved
Daratumumab,DB09331,Multiple Myeloma,C0026764,Neoplastic Process,Approved
Kappadione,DB09332,"Jaundice, Obstructive",C0022354,Disease or Syndrome,Approved
Tipiracil,DB09343,Malignant tumor of colon,C0007102,Neoplastic Process,Approved
Pramocaine,DB09345,Pruritus,C0033774,Sign or Symptom,Approved
Pramocaine,DB09345,Skin irritation,C0152030,Finding,Approved
Pramocaine,DB09345,Tinea cruris,C1384589,Disease or Syndrome,Approved
Pramocaine,DB09345,Proctitis,C0033246,Disease or Syndrome,Approved
Pramocaine,DB09345,Injury wounds,C0043250,Injury or Poisoning,Approved
Pramocaine,DB09345,Rectal pain,C0034886,Sign or Symptom,Approved
Pramocaine,DB09345,Arthropod bite wound,C1444173,Injury or Poisoning,Approved
Pramocaine,DB09345,Otitis Externa,C0029878,Disease or Syndrome,Approved
Pramocaine,DB09345,Tinea Pedis,C0040259,Disease or Syndrome,Approved
Pramocaine,DB09345,Pruritus Ani,C0033775,Sign or Symptom,Approved
Pramocaine,DB09345,Exanthema,C0015230,Sign or Symptom,Approved
Pramocaine,DB09345,Dry skin,C0151908,Sign or Symptom,Approved
Pramocaine,DB09345,Tinea corporis (disorder),C0040252,Disease or Syndrome,Approved
Pramocaine,DB09345,Burn injury,C0006434,Injury or Poisoning,Approved
Pramocaine,DB09345,Hemorrhoids,C0019112,Disease or Syndrome,Approved
Pramocaine,DB09345,Itching of ear,C0849907,Sign or Symptom,Approved
Pramocaine,DB09345,Inflammatory dermatosis,C3875321,Disease or Syndrome,Approved
Pramocaine,DB09345,Allergic otitis externa,C1320547,Disease or Syndrome,Approved
Piperonyl butoxide,DB09350,Pediculus capitis infestation,C0030757,Disease or Syndrome,Approved
Piperonyl butoxide,DB09350,Infestation by Phthirus pubis,C0030759,Disease or Syndrome,Approved
Piperonyl butoxide,DB09350,Body louse infestation,C0030758,Disease or Syndrome,Approved
Levobetaxolol,DB09351,"Glaucoma, Open-Angle",C0017612,Disease or Syndrome,Approved
Levobetaxolol,DB09351,Ocular Hypertension,C0028840,Disease or Syndrome,Approved
Hydroxyamphetamine hydrobromide,DB09352,Mydriasis,C0026961,Sign or Symptom,Approved
Sulfur,DB09353,Necrotizing Ulcerative Gingivitis,C0017575,Disease or Syndrome,Approved
Sulfur,DB09353,Acne Vulgaris,C0001144,Disease or Syndrome,Approved
Sulfur,DB09353,Acneiform Eruptions,C0175167,Finding,Approved
Sulfur,DB09353,Greasy skin,C0234925,Finding,Approved
Sulfur,DB09353,Aphthous Stomatitis,C0038363,Disease or Syndrome,Approved
Sulfur,DB09353,Seborrheic dermatitis,C0036508,Disease or Syndrome,Approved
Sulfur,DB09353,Scurfiness of scalp,C0423775,Disease or Syndrome,Approved
Dexpanthenol,DB09357,Dermatologic disorders,C0037274,Disease or Syndrome,Approved
Dexpanthenol,DB09357,Diaper Rash,C0011974,Disease or Syndrome,Approved
Dexpanthenol,DB09357,Gastroparesis,C0152020,Disease or Syndrome,Approved
Dexpanthenol,DB09357,Paralytic Ileus,C0030446,Disease or Syndrome,Approved
Dexpanthenol,DB09357,Contact dermatitis due to Rhus diversiloba,C0263283,Disease or Syndrome,Approved
Dexpanthenol,DB09357,Eczema,C0013595,Disease or Syndrome,Approved
Dexpanthenol,DB09357,Arthropod bite wound,C1444173,Injury or Poisoning,Approved
Norgestrel,DB09389,Menorrhagia,C0025323,Pathologic Function,Approved
Norgestrel,DB09389,Hot flushes,C0600142,Sign or Symptom,Approved
Propoxyphene napsylate,DB09396,Pain,C0030193,Sign or Symptom,Approved
Magnesium chloride,DB09407,Hypomagnesemia,C0151723,Finding,Approved
Sodium phosphate,DB09449,Constipation,C0009806,Sign or Symptom,Approved
Glycerin,DB09462,Constipation,C0009806,Sign or Symptom,Approved
"Sodium phosphate, dibasic, heptahydrate",DB09468,Constipation,C0009806,Sign or Symptom,Approved
"Sodium phosphate, monobasic, anhydrous",DB09469,Constipation,C0009806,Sign or Symptom,Approved
Sodium sulfate,DB09472,Incomplete passage of stool,C0426639,Sign or Symptom,Approved
Enalaprilat,DB09477,Asymptomatic left ventricular systolic dysfunction,C3698411,Pathologic Function,Approved
Enalaprilat,DB09477,Hypertensive disease,C0020538,Disease or Syndrome,Approved
Enalaprilat,DB09477,Congestive heart failure,C0018802,Disease or Syndrome,Approved
Magnesium carbonate,DB09481,Gastroesophageal reflux disease,C0017168,Disease or Syndrome,Approved
Magnesium carbonate,DB09481,Hypomagnesemia,C0151723,Finding,Approved
Magnesium carbonate,DB09481,Heartburn,C0018834,Sign or Symptom,Approved
Magnesium carbonate,DB09481,Peptic Ulcer,C0030920,Disease or Syndrome,Approved
Magnesium carbonate,DB09481,Incomplete passage of stool,C0426639,Sign or Symptom,Approved
Magnesium carbonate,DB09481,Dyspepsia,C0013395,Sign or Symptom,Approved
Magnesium carbonate,DB09481,Constipation,C0009806,Sign or Symptom,Approved
Cysteine hydrochloride,DB09485,Bronchitis,C0006277,Disease or Syndrome,Approved
Cysteine hydrochloride,DB09485,Poisoning by acetaminophen,C0237963,Injury or Poisoning,Approved
Cysteine hydrochloride,DB09485,Amyloidosis,C0002726,Disease or Syndrome,Approved
Cysteine hydrochloride,DB09485,Pulmonary Cystic Fibrosis,C0392164,Disease or Syndrome,Approved
Cysteine hydrochloride,DB09485,Bronchiectasis,C0006267,Disease or Syndrome,Approved
Acrivastine,DB09488,Hay fever,C0018621,Disease or Syndrome,Approved
Acrivastine,DB09488,"Rhinitis, Vasomotor",C0035460,Disease or Syndrome,Approved
Acrivastine,DB09488,Nasal congestion (finding),C0027424,Sign or Symptom,Approved
Acrivastine,DB09488,Rhinorrhea,C1260880,Sign or Symptom,Approved
Acrivastine,DB09488,Allergic Conjunctivitis,C0009766,Disease or Syndrome,Approved
Acrivastine,DB09488,Sneezing,C0037383,Finding,Approved
Acrivastine,DB09488,Common Cold,C0009443,Disease or Syndrome,Approved
Acrivastine,DB09488,Allergic rhinitis (disorder),C2607914,Disease or Syndrome,Approved
Octinoxate,DB09496,Chloasma,C0025218,Disease or Syndrome,Approved
Octinoxate,DB09496,Discoloration of skin,C0151907,Pathologic Function,Approved
Sodium thiosulfate,DB09499,Toxic effect of cyanide,C0238080,Injury or Poisoning,Approved
Simethicone,DB09512,Diaper Rash,C0011974,Disease or Syndrome,Approved
Sodium ferric gluconate complex,DB09517,Iron deficiency anemia,C0162316,Disease or Syndrome,Approved
Sodium ferric gluconate complex,DB09517,Anemia of prematurity,C0158996,Disease or Syndrome,Approved
"Sodium phosphate, monobasic, monohydrate",DB09525,Urinary tract infection,C0042029,Disease or Syndrome,Approved
"Sodium phosphate, monobasic, monohydrate",DB09525,Calcium renal calculus,C1959799,Disease or Syndrome,Approved
"Sodium phosphate, monobasic, monohydrate",DB09525,Incomplete passage of stool,C0426639,Sign or Symptom,Approved
"Sodium phosphate, monobasic, monohydrate",DB09525,Hypophosphatemia,C0085682,Disease or Syndrome,Approved
Hydroquinone,DB09526,Facial hyperpigmentation,C2677857,Finding,Approved
Hydroquinone,DB09526,Discoloration of skin,C0151907,Pathologic Function,Approved
Hydroquinone,DB09526,Chloasma,C0025218,Disease or Syndrome,Approved
Methyl salicylate,DB09543,Back Pain,C0004604,Sign or Symptom,Approved
Methyl salicylate,DB09543,Sprains and Strains,C0038048,Injury or Poisoning,Approved
Methyl salicylate,DB09543,Arthritic pains,C0857177,Sign or Symptom,Approved
Thonzonium bromide,DB09552,Otitis Externa,C0029878,Disease or Syndrome,Approved
Dexchlorpheniramine maleate,DB09555,Symptomatic dermographism,C0343065,Disease or Syndrome,Approved
Dexchlorpheniramine maleate,DB09555,Allergic Conjunctivitis,C0009766,Disease or Syndrome,Approved
Dexchlorpheniramine maleate,DB09555,Urticaria,C0042109,Disease or Syndrome,Approved
Dexchlorpheniramine maleate,DB09555,Pruritus,C0033774,Sign or Symptom,Approved
Dexchlorpheniramine maleate,DB09555,Hay fever,C0018621,Disease or Syndrome,Approved
Dexchlorpheniramine maleate,DB09555,Allergic rhinitis (disorder),C2607914,Disease or Syndrome,Approved
Dexchlorpheniramine maleate,DB09555,"Rhinitis, Vasomotor",C0035460,Disease or Syndrome,Approved
Necitumumab,DB09559,Non-Small Cell Lung Carcinoma,C0007131,Neoplastic Process,Approved
Filgrastim-sndz,DB09560,Chemotherapy-induced neutropenia,C1827687,Pathologic Function,Approved
Filgrastim-sndz,DB09560,Congenital neutropenia,C0340970,Congenital Abnormality,Approved
Filgrastim-sndz,DB09560,Cyclic neutropenia,C0221023,Disease or Syndrome,Approved
Filgrastim-sndz,DB09560,Chronic idiopathic neutropenia,C2267231,Disease or Syndrome,Approved
Insulin Degludec,DB09564,Diabetes Mellitus,C0011849,Disease or Syndrome,Approved
Omega-3-carboxylic acids,DB09568,Hypertriglyceridemia,C0020557,Disease or Syndrome,Approved
Ixazomib,DB09570,Multiple Myeloma,C0026764,Neoplastic Process,Approved
Levomethamphetamine,DB09571,Nasal congestion (finding),C0027424,Sign or Symptom,Approved
Histamine,DB11320,Degenerative polyarthritis,C0029408,Disease or Syndrome,Approved
Selexipag,DB11362,Pulmonary arterial hypertension,C2973725,Disease or Syndrome,Approved
Alectinib,DB11363,Non-Small Cell Lung Carcinoma,C0007131,Neoplastic Process,Approved
Senna glycoside,DB11365,Constipation,C0009806,Sign or Symptom,Approved
Lesinurad,DB11560,Hyperuricemia,C0740394,Disease or Syndrome,Approved
Sebelipase alfa,DB11563,Wolman Disease,C0043208,Disease or Syndrome,Approved
Ixekizumab,DB11569,Chronic small plaque psoriasis,C0406317,Disease or Syndrome,Approved
Elbasvir,DB11574,"Hepatitis C, Chronic",C0524910,Disease or Syndrome,Approved
Grazoprevir,DB11575,"Hepatitis C, Chronic",C0524910,Disease or Syndrome,Approved
Venetoclax,DB11581,Chronic Lymphocytic Leukemia,C0023434,Neoplastic Process,Approved
Thiocolchicoside,DB11582,Muscle Spasticity,C0026838,Sign or Symptom,Approved
Bilastine,DB11591,Urticaria,C0042109,Disease or Syndrome,Approved
Bilastine,DB11591,Allergic rhinitis (disorder),C2607914,Disease or Syndrome,Approved
Atezolizumab,DB11595,"Carcinoma, Transitional Cell",C0007138,Neoplastic Process,Approved
Levoleucovorin,DB11596,Poisoning by sulfadiazine,C0274462,Injury or Poisoning,Approved
Levoleucovorin,DB11596,Methotrexate poisoning,C0568062,Injury or Poisoning,Approved
Levoleucovorin,DB11596,Poisoning by pyrimethamine,C0274478,Injury or Poisoning,Approved
Levoleucovorin,DB11596,"Anemia, Megaloblastic",C0002888,Disease or Syndrome,Approved
Levoleucovorin,DB11596,Folic Acid Deficiency,C0016412,Disease or Syndrome,Approved
Susoctocog alfa,DB11606,"Factor 8 deficiency, acquired",C0272325,Disease or Syndrome,Approved
Eftrenonacog alfa,DB11608,Hemophilia B,C0008533,Disease or Syndrome,Approved
Buprenorphine,DB00921,Heroin Dependence,C0019337,Mental or Behavioral Dysfunction,Terminated
Buprenorphine,DB00921,Opioid-Related Disorders,C0027412,Mental or Behavioral Dysfunction,Terminated
Dextroamphetamine,DB01576,Cocaine-Related Disorders,C0236736,Mental or Behavioral Dysfunction,Terminated
Buprenorphine,DB00921,Heroin Dependence,C0019337,Mental or Behavioral Dysfunction,Terminated
Buprenorphine,DB00921,Opioid-Related Disorders,C0027412,Mental or Behavioral Dysfunction,Terminated
Methotrexate,DB00563,Sensorineural Hearing Loss (disorder),C0018784,Disease or Syndrome,Terminated
Glycine,DB00145,Schizophrenia,C0036341,Mental or Behavioral Dysfunction,Withdrawn
Cycloserine,DB00260,Schizophrenia,C0036341,Mental or Behavioral Dysfunction,Withdrawn
Clozapine,DB00363,Schizophrenia,C0036341,Mental or Behavioral Dysfunction,Withdrawn
Alendronic acid,DB00630,Osteoporosis,C0029456,Disease or Syndrome,Terminated
Zidovudine,DB00495,Kidney Diseases,C0022658,Disease or Syndrome,Withdrawn
Foscarnet,DB00529,Cytomegalovirus Retinitis,C0206178,Disease or Syndrome,Withdrawn
Trimethoprim,DB00440,Pneumocystis jiroveci pneumonia,C1535939,Disease or Syndrome,Terminated
Pentamidine,DB00738,Pneumocystis jiroveci pneumonia,C1535939,Disease or Syndrome,Terminated
Prednisolone,DB00860,Pneumocystis jiroveci pneumonia,C1535939,Disease or Syndrome,Terminated
Methylprednisolone,DB00860,Pneumocystis jiroveci pneumonia,C1535939,Disease or Syndrome,Terminated
Sulfamethoxazole,DB00860,Pneumocystis jiroveci pneumonia,C1535939,Disease or Syndrome,Terminated
Trimetrexate,DB00959,Pneumocystis jiroveci pneumonia,C1535939,Disease or Syndrome,Terminated
Levoleucovorin,DB00959,Pneumocystis jiroveci pneumonia,C1535939,Disease or Syndrome,Terminated
,DB00959,Pneumocystis jiroveci pneumonia,C1535939,Disease or Syndrome,Terminated
,DB01015,Pneumocystis jiroveci pneumonia,C1535939,Disease or Syndrome,Terminated
,DB01157,Pneumocystis jiroveci pneumonia,C1535939,Disease or Syndrome,Terminated
,DB11596,Pneumocystis jiroveci pneumonia,C1535939,Disease or Syndrome,Terminated
Vitamin E,DB00163,Carotid Artery Diseases,C0007273,Disease or Syndrome,Terminated
Vitamin E,DB00163,Intracranial Arteriosclerosis,C0007771,Disease or Syndrome,Terminated
Vitamin E,DB00163,Heart Diseases,C0018799,Disease or Syndrome,Terminated
Vitamin E,DB00163,Atherosclerosis,C0004153,Disease or Syndrome,Terminated
Foscarnet,DB00529,Radiculitis,C0034544,Disease or Syndrome,Withdrawn
Ganciclovir,DB01004,Radiculitis,C0034544,Disease or Syndrome,Withdrawn
Pseudoephedrine,DB00852,Sinusitis,C0037199,Disease or Syndrome,Withdrawn
Cefuroxime,DB01112,Sinusitis,C0037199,Disease or Syndrome,Withdrawn
Ephedrine,DB01112,Sinusitis,C0037199,Disease or Syndrome,Withdrawn
,DB01364,Sinusitis,C0037199,Disease or Syndrome,Withdrawn
Prednisolone,DB00860,Pneumocystis jiroveci pneumonia,C1535939,Disease or Syndrome,Withdrawn
Methylprednisolone,DB00860,Pneumocystis jiroveci pneumonia,C1535939,Disease or Syndrome,Withdrawn
,DB00860,Pneumocystis jiroveci pneumonia,C1535939,Disease or Syndrome,Withdrawn
,DB00959,Pneumocystis jiroveci pneumonia,C1535939,Disease or Syndrome,Withdrawn
,DB00959,Pneumocystis jiroveci pneumonia,C1535939,Disease or Syndrome,Withdrawn
Cidofovir,DB00369,Cytomegalovirus Infections,C0010823,Disease or Syndrome,Withdrawn
Cidofovir,DB00369,Cytomegalovirus Retinitis,C0206178,Disease or Syndrome,Withdrawn
Calcitriol,DB00136,Rickets,C0035579,Disease or Syndrome,Terminated
Daclizumab,DB00111,Aplastic Anemia,C0002874,Disease or Syndrome,Terminated
Daclizumab,DB00111,Pure Red-Cell Aplasia,C0034902,Disease or Syndrome,Terminated
Cyclosporine,DB00091,leukemia,C0023418,Neoplastic Process,Terminated
Methotrexate,DB00563,leukemia,C0023418,Neoplastic Process,Terminated
Pegfilgrastim,DB00019,Mucosa-Associated Lymphoid Tissue Lymphoma,C0242647,Neoplastic Process,Terminated
Oprelvekin,DB00038,Mucosa-Associated Lymphoid Tissue Lymphoma,C0242647,Neoplastic Process,Terminated
Rituximab,DB00073,Mucosa-Associated Lymphoid Tissue Lymphoma,C0242647,Neoplastic Process,Terminated
Pegfilgrastim,DB00019,Monocytoid B-cell lymphoma,C0855139,Neoplastic Process,Terminated
Oprelvekin,DB00038,Monocytoid B-cell lymphoma,C0855139,Neoplastic Process,Terminated
Rituximab,DB00073,Monocytoid B-cell lymphoma,C0855139,Neoplastic Process,Terminated
Pegfilgrastim,DB00019,recurrent grade 1 follicular lymphoma,C0280182,Neoplastic Process,Terminated
Oprelvekin,DB00038,recurrent grade 1 follicular lymphoma,C0280182,Neoplastic Process,Terminated
Rituximab,DB00073,recurrent grade 1 follicular lymphoma,C0280182,Neoplastic Process,Terminated
Pegfilgrastim,DB00019,recurrent grade 2 follicular lymphoma,C0280183,Neoplastic Process,Terminated
Oprelvekin,DB00038,recurrent grade 2 follicular lymphoma,C0280183,Neoplastic Process,Terminated
Rituximab,DB00073,recurrent grade 2 follicular lymphoma,C0280183,Neoplastic Process,Terminated
Pegfilgrastim,DB00019,recurrent grade 3 follicular lymphoma,C0280185,Neoplastic Process,Terminated
Oprelvekin,DB00038,recurrent grade 3 follicular lymphoma,C0280185,Neoplastic Process,Terminated
Rituximab,DB00073,recurrent grade 3 follicular lymphoma,C0280185,Neoplastic Process,Terminated
Pegfilgrastim,DB00019,Marginal zone lymphoma recurrent,C1541273,Neoplastic Process,Terminated
Oprelvekin,DB00038,Marginal zone lymphoma recurrent,C1541273,Neoplastic Process,Terminated
Rituximab,DB00073,Marginal zone lymphoma recurrent,C1541273,Neoplastic Process,Terminated
Pegfilgrastim,DB00019,B-cell small lymphocytic lymphoma recurrent,C0855096,Neoplastic Process,Terminated
Oprelvekin,DB00038,B-cell small lymphocytic lymphoma recurrent,C0855096,Neoplastic Process,Terminated
Rituximab,DB00073,B-cell small lymphocytic lymphoma recurrent,C0855096,Neoplastic Process,Terminated
Pegfilgrastim,DB00019,Splenic Marginal Zone B-Cell Lymphoma,C0349632,Neoplastic Process,Terminated
Oprelvekin,DB00038,Splenic Marginal Zone B-Cell Lymphoma,C0349632,Neoplastic Process,Terminated
Rituximab,DB00073,Splenic Marginal Zone B-Cell Lymphoma,C0349632,Neoplastic Process,Terminated
Cisplatin,DB00515,Malignant neoplasm of lung,C0242379,Neoplastic Process,Terminated
Docetaxel,DB01248,Malignant neoplasm of lung,C0242379,Neoplastic Process,Terminated
Metronidazole,DB00916,"unspecified adult solid tumor, protocol specific",C0279004,Neoplastic Process,Terminated
Cisplatin,DB00515,"unspecified adult solid tumor, protocol specific",C0279004,Neoplastic Process,Terminated
Nitric Oxide,DB00435,Pneumonia,C0032285,Disease or Syndrome,Terminated
Nitric Oxide,DB00435,"Infant, Small for Gestational Age",C0021296,Disease or Syndrome,Terminated
Betamethasone,DB00443,Pregnancy Complications,C0032962,Disease or Syndrome,Terminated
Trastuzumab,DB00072,Cardiotoxicity,C0876994,Injury or Poisoning,Terminated
Dexrazoxane,DB00380,Cardiotoxicity,C0876994,Injury or Poisoning,Terminated
Cyclophosphamide,DB00531,Cardiotoxicity,C0876994,Injury or Poisoning,Terminated
Tamoxifen,DB00675,Cardiotoxicity,C0876994,Injury or Poisoning,Terminated
Doxorubicin,DB00997,Cardiotoxicity,C0876994,Injury or Poisoning,Terminated
Paclitaxel,DB01229,Cardiotoxicity,C0876994,Injury or Poisoning,Terminated
Trastuzumab,DB00072,Inflammatory Breast Carcinoma,C0278601,Neoplastic Process,Terminated
Dexrazoxane,DB00380,Inflammatory Breast Carcinoma,C0278601,Neoplastic Process,Terminated
Cyclophosphamide,DB00531,Inflammatory Breast Carcinoma,C0278601,Neoplastic Process,Terminated
Tamoxifen,DB00675,Inflammatory Breast Carcinoma,C0278601,Neoplastic Process,Terminated
Doxorubicin,DB00997,Inflammatory Breast Carcinoma,C0278601,Neoplastic Process,Terminated
Paclitaxel,DB01229,Inflammatory Breast Carcinoma,C0278601,Neoplastic Process,Terminated
Vincristine,DB00541,leukemia,C0023418,Neoplastic Process,Withdrawn
Daunorubicin,DB00694,leukemia,C0023418,Neoplastic Process,Withdrawn
Hydrocortisone,DB00741,leukemia,C0023418,Neoplastic Process,Withdrawn
Cytarabine,DB00741,leukemia,C0023418,Neoplastic Process,Withdrawn
,DB00987,leukemia,C0023418,Neoplastic Process,Withdrawn
Doxorubicin,DB00997,stage III adult soft tissue sarcoma,C0278663,Neoplastic Process,Withdrawn
Ifosfamide,DB01181,stage III adult soft tissue sarcoma,C0278663,Neoplastic Process,Withdrawn
Doxorubicin,DB00997,recurrent adult soft tissue sarcoma,C0278665,Neoplastic Process,Withdrawn
Ifosfamide,DB01181,recurrent adult soft tissue sarcoma,C0278665,Neoplastic Process,Withdrawn
Doxorubicin,DB00997,"soft tissue sarcoma, adult, stage IVA",C0279771,Neoplastic Process,Withdrawn
Ifosfamide,DB01181,"soft tissue sarcoma, adult, stage IVA",C0279771,Neoplastic Process,Withdrawn
Doxorubicin,DB00997,"soft tissue sarcoma, adult, stage IIB",C0796438,Neoplastic Process,Withdrawn
Ifosfamide,DB01181,"soft tissue sarcoma, adult, stage IIB",C0796438,Neoplastic Process,Withdrawn
Doxorubicin,DB00997,"soft tissue sarcoma, adult, stage IIC",C0796439,Neoplastic Process,Withdrawn
Ifosfamide,DB01181,"soft tissue sarcoma, adult, stage IIC",C0796439,Neoplastic Process,Withdrawn
Temozolomide,DB00853,Cutaneous Melanoma,C0151779,Neoplastic Process,Terminated
Imatinib,DB00619,leukemia,C0023418,Neoplastic Process,Terminated
Thalidomide,DB01041,Malignant tumor of colon,C0007102,Neoplastic Process,Terminated
Dexrazoxane,DB00380,Cardiotoxicity,C0876994,Injury or Poisoning,Terminated
Doxorubicin,DB00997,Cardiotoxicity,C0876994,Injury or Poisoning,Terminated
Levoleucovorin,DB11596,Cardiotoxicity,C0876994,Injury or Poisoning,Terminated
Alendronic acid,DB00630,Secondary malignant neoplasm of bone,C0153690,Neoplastic Process,Terminated
Ketoconazole,DB01026,Secondary malignant neoplasm of bone,C0153690,Neoplastic Process,Terminated
Alendronic acid,DB00630,Adenocarcinoma of prostate,C0007112,Neoplastic Process,Terminated
Ketoconazole,DB01026,Adenocarcinoma of prostate,C0007112,Neoplastic Process,Terminated
Alendronic acid,DB00630,Prostate cancer recurrent,C0278838,Neoplastic Process,Terminated
Ketoconazole,DB01026,Prostate cancer recurrent,C0278838,Neoplastic Process,Terminated
Paclitaxel,DB01229,Neoplasm Metastasis,C0027627,Neoplastic Process,Terminated
Gemcitabine,DB00441,Renal Pelvis and Ureter Urothelial Carcinoma,C0220648,Neoplastic Process,Terminated
Paclitaxel,DB01229,Renal Pelvis and Ureter Urothelial Carcinoma,C0220648,Neoplastic Process,Terminated
Gemcitabine,DB00441,Urethral Carcinoma,C0700101,Neoplastic Process,Terminated
Paclitaxel,DB01229,Urethral Carcinoma,C0700101,Neoplastic Process,Terminated
Imatinib,DB00619,leukemia,C0023418,Neoplastic Process,Terminated
Cytarabine,DB00987,leukemia,C0023418,Neoplastic Process,Terminated
Amifostine,DB01143,Oral Complication,C3898092,Pathologic Function,Terminated
Amifostine,DB01143,Radiation Sickness,C1510432,Injury or Poisoning,Terminated
Carboplatin,DB00958,"unspecified adult solid tumor, protocol specific",C0279004,Neoplastic Process,Terminated
Celecoxib,DB00482,Precancerous Conditions,C0032927,Neoplastic Process,Withdrawn
Doxorubicin,DB00997,Primary Systemic Amyloidosis,C0281479,Neoplastic Process,Terminated
Homoharringtonine,DB04865,leukemia,C0023418,Neoplastic Process,Withdrawn
Metronidazole,DB00916,"unspecified adult solid tumor, protocol specific",C0279004,Neoplastic Process,Terminated
Pentostatin,DB00552,Acute GVH disease,C0856825,Disease or Syndrome,Terminated
Nicotine,DB00184,Malignant neoplasm of lung,C0242379,Neoplastic Process,Terminated
Bupropion,DB01156,Malignant neoplasm of lung,C0242379,Neoplastic Process,Terminated
Sertraline,DB01104,Epilepsy,C0014544,Disease or Syndrome,Terminated
Methylphenidate,DB00422,cognitive/functional effects,C0935657,Finding,Terminated
Methylphenidate,DB00422,Depressive disorder,C0011581,Mental or Behavioral Dysfunction,Terminated
Cisplatin,DB00515,Central Nervous System Neoplasms,C0085136,Neoplastic Process,Terminated
Cyclophosphamide,DB00531,Central Nervous System Neoplasms,C0085136,Neoplastic Process,Terminated
Vincristine,DB00541,Central Nervous System Neoplasms,C0085136,Neoplastic Process,Terminated
Lomustine,DB01206,Central Nervous System Neoplasms,C0085136,Neoplastic Process,Terminated
Cisplatin,DB00515,"Neuroectodermal Tumor, Primitive",C0206663,Neoplastic Process,Terminated
Cyclophosphamide,DB00531,"Neuroectodermal Tumor, Primitive",C0206663,Neoplastic Process,Terminated
Vincristine,DB00541,"Neuroectodermal Tumor, Primitive",C0206663,Neoplastic Process,Terminated
Lomustine,DB01206,"Neuroectodermal Tumor, Primitive",C0206663,Neoplastic Process,Terminated
Irinotecan,DB00762,Malignant tumor of colon,C0007102,Neoplastic Process,Terminated
Gefitinib,DB00317,Squamous cell carcinoma of the hypopharynx stage III,C0280390,Neoplastic Process,Terminated
Cisplatin,DB00515,Squamous cell carcinoma of the hypopharynx stage III,C0280390,Neoplastic Process,Terminated
Gefitinib,DB00317,Laryngeal squamous cell carcinoma stage III,C0280397,Neoplastic Process,Terminated
Cisplatin,DB00515,Laryngeal squamous cell carcinoma stage III,C0280397,Neoplastic Process,Terminated
Gefitinib,DB00317,stage III squamous cell carcinoma of the lip and oral cavity,C0280353,Neoplastic Process,Terminated
Cisplatin,DB00515,stage III squamous cell carcinoma of the lip and oral cavity,C0280353,Neoplastic Process,Terminated
Gefitinib,DB00317,Oropharyngeal squamous cell carcinoma stage III,C0280372,Neoplastic Process,Terminated
Cisplatin,DB00515,Oropharyngeal squamous cell carcinoma stage III,C0280372,Neoplastic Process,Terminated
Gefitinib,DB00317,Squamous cell carcinoma of the hypopharynx stage IV,C0280391,Neoplastic Process,Terminated
Cisplatin,DB00515,Squamous cell carcinoma of the hypopharynx stage IV,C0280391,Neoplastic Process,Terminated
Gefitinib,DB00317,Laryngeal squamous cell carcinoma stage IV,C0280399,Neoplastic Process,Terminated
Cisplatin,DB00515,Laryngeal squamous cell carcinoma stage IV,C0280399,Neoplastic Process,Terminated
Gefitinib,DB00317,stage IV squamous cell carcinoma of the lip and oral cavity,C0280358,Neoplastic Process,Terminated
Cisplatin,DB00515,stage IV squamous cell carcinoma of the lip and oral cavity,C0280358,Neoplastic Process,Terminated
Gefitinib,DB00317,stage IV squamous cell carcinoma of the oropharynx,C0280374,Neoplastic Process,Terminated
Cisplatin,DB00515,stage IV squamous cell carcinoma of the oropharynx,C0280374,Neoplastic Process,Terminated
Celecoxib,DB00482,Malignant tumor of colon,C0007102,Neoplastic Process,Terminated
Eflornithine,DB06243,Malignant tumor of colon,C0007102,Neoplastic Process,Terminated
Celecoxib,DB00482,Adenomatous Polyposis Coli,C0032580,Neoplastic Process,Terminated
Eflornithine,DB06243,Adenomatous Polyposis Coli,C0032580,Neoplastic Process,Terminated
Dexrazoxane,DB00380,Ewings sarcoma,C0553580,Neoplastic Process,Terminated
Cyclophosphamide,DB00531,Ewings sarcoma,C0553580,Neoplastic Process,Terminated
Vincristine,DB00541,Ewings sarcoma,C0553580,Neoplastic Process,Terminated
Doxorubicin,DB00997,Ewings sarcoma,C0553580,Neoplastic Process,Terminated
Celecoxib,DB00482,Neoplasm Metastasis,C0027627,Neoplastic Process,Terminated
Celecoxib,DB00482,Colorectal Neoplasms,C0009404,Neoplastic Process,Terminated
Abatacept,DB01281,Multiple Sclerosis,C0026769,Disease or Syndrome,Terminated
Irinotecan,DB00762,Colorectal Neoplasms,C0009404,Neoplastic Process,Terminated
Irinotecan,DB00762,Diarrhea,C0011991,Sign or Symptom,Terminated
Pegfilgrastim,DB00019,Hemoglobinopathies,C0019045,Disease or Syndrome,Terminated
Pegfilgrastim,DB00019,Thalassemia,C0039730,Disease or Syndrome,Terminated
Trastuzumab,DB00072,Breast cancer recurrent,C0278493,Neoplastic Process,Terminated
Oprelvekin,DB00038,Ulcerative Colitis,C0009324,Disease or Syndrome,Terminated
Oprelvekin,DB00038,Inflammatory Bowel Diseases,C0021390,Disease or Syndrome,Terminated
Isotretinoin,DB00982,Mycosis Fungoides,C0026948,Neoplastic Process,Terminated
Isotretinoin,DB00982,Hematologic Neoplasms,C0376545,Neoplastic Process,Terminated
Bevacizumab,DB00112,Malignant tumor of colon,C0007102,Neoplastic Process,Terminated
Levoleucovorin,DB11596,Malignant tumor of colon,C0007102,Neoplastic Process,Terminated
Carboplatin,DB00958,Non-small cell lung cancer stage IIIB,C0278984,Neoplastic Process,Terminated
Paclitaxel,DB01229,Non-small cell lung cancer stage IIIB,C0278984,Neoplastic Process,Terminated
Carboplatin,DB00958,Non-small cell lung cancer metastatic,C0278987,Neoplastic Process,Terminated
Paclitaxel,DB01229,Non-small cell lung cancer metastatic,C0278987,Neoplastic Process,Terminated
Vinorelbine,DB00361,Non-small cell lung cancer stage IIIB,C0278984,Neoplastic Process,Terminated
Vinblastine,DB00570,Non-small cell lung cancer stage IIIB,C0278984,Neoplastic Process,Terminated
Vinorelbine,DB00361,Non-small cell lung cancer metastatic,C0278987,Neoplastic Process,Terminated
Vinblastine,DB00570,Non-small cell lung cancer metastatic,C0278987,Neoplastic Process,Terminated
Docetaxel,DB01248,thorax/respiratory cancer,C0279170,Neoplastic Process,Withdrawn
Docetaxel,DB01248,adult solid tumor,C0280099,Neoplastic Process,Withdrawn
Docetaxel,DB01248,kidney/urinary cancer,C0279521,Neoplastic Process,Withdrawn
Docetaxel,DB01248,male reproductive cancer,C0699888,Neoplastic Process,Withdrawn
Nitric Oxide,DB00435,Hypoxemia,C0700292,Finding,Terminated
Nitric Oxide,DB00435,"Acidosis, Respiratory",C0001127,Disease or Syndrome,Terminated
Cyclophosphamide,DB00531,Scleroderma,C0011644,Disease or Syndrome,Terminated
Cyclophosphamide,DB00531,Systemic Scleroderma,C0036421,Disease or Syndrome,Terminated
Nitric Oxide,DB00435,Anoxemia,C0003129,Sign or Symptom,Terminated
Cisplatin,DB00515,Malignant neoplasm of lung,C0242379,Neoplastic Process,Terminated
Etoposide,DB00773,Malignant neoplasm of lung,C0242379,Neoplastic Process,Terminated
,DB00773,Malignant neoplasm of lung,C0242379,Neoplastic Process,Terminated
Fluorouracil,DB00544,Solid tumour,C0280100,Neoplastic Process,Terminated
Bortezomib,DB00188,Non-small cell lung cancer metastatic,C0278987,Neoplastic Process,Terminated
Bortezomib,DB00188,Non-small cell lung cancer recurrent,C0278517,Neoplastic Process,Terminated
Micafungin,DB01141,Aspergillosis,C0004030,Disease or Syndrome,Terminated
Decitabine,DB01262,adult acute myeloid leukemia with 11q23 (MLL) abnormalities,C1541334,Neoplastic Process,Terminated
Decitabine,DB01262,adult acute myeloid leukemia with inv(16)(p13;q22),C1541333,Neoplastic Process,Terminated
Decitabine,DB01262,adult acute myeloid leukemia with t(15;17)(q22;q12),C1541335,Neoplastic Process,Terminated
Decitabine,DB01262,adult acute myeloid leukemia with t(16;16)(p13;q22),C1541332,Neoplastic Process,Terminated
Decitabine,DB01262,adult acute myeloid leukemia with t(8;21)(q22;q22),C1541331,Neoplastic Process,Terminated
Decitabine,DB01262,"Leukemia, Myeloid, Chronic, Atypical, BCR-ABL Negative",C1292772,Neoplastic Process,Terminated
Decitabine,DB01262,de novo myelodysplastic syndromes,C0280451,Neoplastic Process,Terminated
Decitabine,DB01262,"Myelodysplastic/myeloproliferative neoplasm, unclassifiable",C1328061,Neoplastic Process,Terminated
Decitabine,DB01262,previously treated myelodysplastic syndromes,C0280744,Neoplastic Process,Terminated
Decitabine,DB01262,recurrent adult acute myeloid leukemia,C0278780,Neoplastic Process,Terminated
Decitabine,DB01262,secondary acute myeloid leukemia,C0280449,Neoplastic Process,Terminated
Decitabine,DB01262,secondary myelodysplastic syndromes,C0280745,Neoplastic Process,Terminated
Decitabine,DB01262,untreated adult acute myeloid leukemia,C0279089,Finding,Terminated
Alemtuzumab,DB00087,Graft failure,C1262018,Pathologic Function,Terminated
Erlotinib,DB00530,adult primary hepatocellular carcinoma,C0279607,Neoplastic Process,Terminated
Erlotinib,DB00530,advanced adult primary liver cancer,C0278774,Neoplastic Process,Terminated
Erlotinib,DB00530,localized unresectable adult primary liver cancer,C0278773,Neoplastic Process,Terminated
Oxaliplatin,DB00526,Colorectal Neoplasms,C0009404,Neoplastic Process,Terminated
Micafungin,DB01141,Invasive Fungal Infections,C1262313,Disease or Syndrome,Terminated
Verteporfin,DB00460,Basal Cell Nevus Syndrome,C0004779,Neoplastic Process,Terminated
Bevacizumab,DB00112,"unspecified adult solid tumor, protocol specific",C0279004,Neoplastic Process,Terminated
Docetaxel,DB01248,"unspecified adult solid tumor, protocol specific",C0279004,Neoplastic Process,Terminated
Aldesleukin,DB00041,childhood chronic myelogenous leukemia,C1327920,Neoplastic Process,Terminated
Aldesleukin,DB00041,Childhood myelodysplastic syndrome,C2347761,Neoplastic Process,Terminated
Aldesleukin,DB00041,recurrent adult acute myeloid leukemia,C0278780,Neoplastic Process,Terminated
Aldesleukin,DB00041,recurrent childhood acute myeloid leukemia,C0278776,Neoplastic Process,Terminated
Aldesleukin,DB00041,chronic myelogenous leukemia in relapse,C0278787,Neoplastic Process,Terminated
Aldesleukin,DB00041,secondary acute myeloid leukemia,C0280449,Neoplastic Process,Terminated
Aldesleukin,DB00041,Acute Myeloid Leukemia Arising from Previous Myelodysplastic Syndrome,C1332153,Neoplastic Process,Terminated
Aldesleukin,DB00041,adult acute myeloid leukemia with 11q23 (MLL) abnormalities,C1541334,Neoplastic Process,Terminated
Aldesleukin,DB00041,adult acute myeloid leukemia with inv(16)(p13;q22),C1541333,Neoplastic Process,Terminated
Aldesleukin,DB00041,adult acute myeloid leukemia with t(15;17)(q22;q12),C1541335,Neoplastic Process,Terminated
Aldesleukin,DB00041,adult acute myeloid leukemia with t(16;16)(p13;q22),C1541332,Neoplastic Process,Terminated
Aldesleukin,DB00041,adult acute myeloid leukemia with t(8;21)(q22;q22),C1541331,Neoplastic Process,Terminated
Gemcitabine,DB00441,Malignant tumor of colon,C0007102,Neoplastic Process,Terminated
Gemcitabine,DB00441,Malignant neoplasm of lung,C0242379,Neoplastic Process,Terminated
Gefitinib,DB00317,Adenocarcinoma of colon,C0338106,Neoplastic Process,Terminated
Fluorouracil,DB00544,Adenocarcinoma of colon,C0338106,Neoplastic Process,Terminated
Irinotecan,DB00762,Adenocarcinoma of colon,C0338106,Neoplastic Process,Terminated
Levoleucovorin,DB11596,Adenocarcinoma of colon,C0338106,Neoplastic Process,Terminated
Gefitinib,DB00317,Adenocarcinoma of rectum,C0149978,Neoplastic Process,Terminated
Fluorouracil,DB00544,Adenocarcinoma of rectum,C0149978,Neoplastic Process,Terminated
Irinotecan,DB00762,Adenocarcinoma of rectum,C0149978,Neoplastic Process,Terminated
Levoleucovorin,DB11596,Adenocarcinoma of rectum,C0149978,Neoplastic Process,Terminated
Gefitinib,DB00317,Mucinous adenocarcinoma of colon,C0279639,Neoplastic Process,Terminated
Fluorouracil,DB00544,Mucinous adenocarcinoma of colon,C0279639,Neoplastic Process,Terminated
Irinotecan,DB00762,Mucinous adenocarcinoma of colon,C0279639,Neoplastic Process,Terminated
Levoleucovorin,DB11596,Mucinous adenocarcinoma of colon,C0279639,Neoplastic Process,Terminated
Gefitinib,DB00317,mucinous adenocarcinoma of rectum,C0279652,Neoplastic Process,Terminated
Fluorouracil,DB00544,mucinous adenocarcinoma of rectum,C0279652,Neoplastic Process,Terminated
Irinotecan,DB00762,mucinous adenocarcinoma of rectum,C0279652,Neoplastic Process,Terminated
Levoleucovorin,DB11596,mucinous adenocarcinoma of rectum,C0279652,Neoplastic Process,Terminated
Gefitinib,DB00317,Colon cancer recurrent,C0278553,Neoplastic Process,Terminated
Fluorouracil,DB00544,Colon cancer recurrent,C0278553,Neoplastic Process,Terminated
Irinotecan,DB00762,Colon cancer recurrent,C0278553,Neoplastic Process,Terminated
Levoleucovorin,DB11596,Colon cancer recurrent,C0278553,Neoplastic Process,Terminated
Gefitinib,DB00317,Recurrent Rectal Cancer,C0278554,Neoplastic Process,Terminated
Fluorouracil,DB00544,Recurrent Rectal Cancer,C0278554,Neoplastic Process,Terminated
Irinotecan,DB00762,Recurrent Rectal Cancer,C0278554,Neoplastic Process,Terminated
Levoleucovorin,DB11596,Recurrent Rectal Cancer,C0278554,Neoplastic Process,Terminated
Gefitinib,DB00317,signet ring adenocarcinoma of the colon,C0279640,Neoplastic Process,Terminated
Fluorouracil,DB00544,signet ring adenocarcinoma of the colon,C0279640,Neoplastic Process,Terminated
Irinotecan,DB00762,signet ring adenocarcinoma of the colon,C0279640,Neoplastic Process,Terminated
Levoleucovorin,DB11596,signet ring adenocarcinoma of the colon,C0279640,Neoplastic Process,Terminated
Gefitinib,DB00317,signet ring adenocarcinoma of the rectum,C0279654,Neoplastic Process,Terminated
Fluorouracil,DB00544,signet ring adenocarcinoma of the rectum,C0279654,Neoplastic Process,Terminated
Irinotecan,DB00762,signet ring adenocarcinoma of the rectum,C0279654,Neoplastic Process,Terminated
Levoleucovorin,DB11596,signet ring adenocarcinoma of the rectum,C0279654,Neoplastic Process,Terminated
Aldesleukin,DB00041,Mycosis fungoides/Sezary syndrome recurrent,C0862200,Neoplastic Process,Terminated
Aldesleukin,DB00041,Cutaneous T-cell lymphoma recurrent,C0278580,Neoplastic Process,Terminated
Aldesleukin,DB00041,Cutaneous T-cell lymphoma stage I,C0278566,Neoplastic Process,Terminated
Aldesleukin,DB00041,Mycosis fungoides/Sezary syndrome stage I,C0862211,Neoplastic Process,Terminated
Aldesleukin,DB00041,Cutaneous T-cell lymphoma stage II,C0278568,Neoplastic Process,Terminated
Aldesleukin,DB00041,Mycosis fungoides/Sezary syndrome stage II,C0862216,Neoplastic Process,Terminated
Aldesleukin,DB00041,Cutaneous T-cell lymphoma stage III,C0278570,Neoplastic Process,Terminated
Aldesleukin,DB00041,Mycosis fungoides/Sezary syndrome stage III,C0862221,Neoplastic Process,Terminated
Aldesleukin,DB00041,Cutaneous T-cell lymphoma stage IV,C0278572,Neoplastic Process,Terminated
Aldesleukin,DB00041,Mycosis fungoides/Sezary syndrome stage IV,C0862226,Neoplastic Process,Terminated
Gemcitabine,DB00441,ovarian neoplasm,C0919267,Neoplastic Process,Terminated
Doxorubicin,DB00997,ovarian neoplasm,C0919267,Neoplastic Process,Terminated
Azathioprine,DB00993,Pulmonary Fibrosis,C0034069,Disease or Syndrome,Terminated
Cyclosporine,DB00091,leukemia,C0023418,Neoplastic Process,Terminated
Mycophenolate mofetil,DB00688,leukemia,C0023418,Neoplastic Process,Terminated
Mycophenolic acid,DB01024,leukemia,C0023418,Neoplastic Process,Terminated
,DB01024,leukemia,C0023418,Neoplastic Process,Terminated
Aldesleukin,DB00041,Neuroblastoma recurrent,C0278695,Neoplastic Process,Terminated
Gemcitabine,DB00441,Malignant neoplasm of lung,C0242379,Neoplastic Process,Withdrawn
Carboplatin,DB00958,Malignant neoplasm of lung,C0242379,Neoplastic Process,Withdrawn
Trastuzumab,DB00072,Breast cancer recurrent,C0278493,Neoplastic Process,Withdrawn
Tamoxifen,DB00675,Breast cancer recurrent,C0278493,Neoplastic Process,Withdrawn
Vinorelbine,DB00361,Malignant neoplasm of lung,C0242379,Neoplastic Process,Withdrawn
Gemcitabine,DB00441,Malignant neoplasm of lung,C0242379,Neoplastic Process,Withdrawn
Fondaparinux sodium,DB00569,Myocardial Infarction,C0027051,Disease or Syndrome,Withdrawn
Gemcitabine,DB00441,stage IV adult Hodgkin's lymphoma,C0278473,Neoplastic Process,Terminated
Gemcitabine,DB00441,stage IV adult immunoblastic large cell lymphoma,C0280177,Neoplastic Process,Terminated
Gemcitabine,DB00441,stage IV adult lymphoblastic lymphoma,C0280178,Neoplastic Process,Terminated
Gemcitabine,DB00441,Adult T-cell lymphoma/leukaemia stage IV,C0280426,Neoplastic Process,Terminated
Gemcitabine,DB00441,Cutaneous T-cell lymphoma stage IV,C0278572,Neoplastic Process,Terminated
Gemcitabine,DB00441,stage IV adult diffuse small cleaved cell lymphoma,C0280173,Neoplastic Process,Terminated
Gemcitabine,DB00441,recurrent grade 3 follicular lymphoma,C0280185,Neoplastic Process,Terminated
Gemcitabine,DB00441,recurrent grade 1 follicular lymphoma,C0280182,Neoplastic Process,Terminated
Gemcitabine,DB00441,recurrent grade 2 follicular lymphoma,C0280183,Neoplastic Process,Terminated
Gemcitabine,DB00441,Mantle cell lymphoma recurrent,C0677725,Neoplastic Process,Terminated
Gemcitabine,DB00441,Marginal zone lymphoma recurrent,C1541273,Neoplastic Process,Terminated
Gemcitabine,DB00441,B-cell small lymphocytic lymphoma recurrent,C0855096,Neoplastic Process,Terminated
Gemcitabine,DB00441,Splenic Marginal Zone B-Cell Lymphoma,C0349632,Neoplastic Process,Terminated
Gemcitabine,DB00441,stage IV adult Burkitt's lymphoma,C0280179,Neoplastic Process,Terminated
Gemcitabine,DB00441,stage IV adult diffuse large cell lymphoma,C0280175,Neoplastic Process,Terminated
Gemcitabine,DB00441,stage IV adult diffuse mixed cell lymphoma,C0280174,Neoplastic Process,Terminated
Gemcitabine,DB00441,stage IV grade 1 follicular lymphoma,C0280169,Neoplastic Process,Terminated
Gemcitabine,DB00441,stage IV grade 2 follicular lymphoma,C0280170,Neoplastic Process,Terminated
Gemcitabine,DB00441,stage IV grade 3 follicular lymphoma,C0280172,Neoplastic Process,Terminated
Gemcitabine,DB00441,Mantle cell lymphoma stage IV,C0677721,Neoplastic Process,Terminated
Gemcitabine,DB00441,Marginal zone lymphoma stage IV,C1541270,Neoplastic Process,Terminated
Gemcitabine,DB00441,B-cell small lymphocytic lymphoma stage IV,C0855101,Neoplastic Process,Terminated
Gemcitabine,DB00441,"unspecified adult solid tumor, protocol specific",C0279004,Neoplastic Process,Terminated
Gemcitabine,DB00441,Mucosa-Associated Lymphoid Tissue Lymphoma,C0242647,Neoplastic Process,Terminated
Gemcitabine,DB00441,Monocytoid B-cell lymphoma,C0855139,Neoplastic Process,Terminated
Gemcitabine,DB00441,recurrent adult Burkitt's lymphoma,C0280192,Neoplastic Process,Terminated
Gemcitabine,DB00441,recurrent adult diffuse large cell lymphoma,C0280188,Neoplastic Process,Terminated
Gemcitabine,DB00441,recurrent adult diffuse mixed cell lymphoma,C0280187,Neoplastic Process,Terminated
Gemcitabine,DB00441,recurrent adult diffuse small cleaved cell lymphoma,C0280186,Neoplastic Process,Terminated
Gemcitabine,DB00441,recurrent adult Hodgkin's lymphoma,C0278530,Neoplastic Process,Terminated
Gemcitabine,DB00441,recurrent adult immunoblastic large cell lymphoma,C0280190,Neoplastic Process,Terminated
Gemcitabine,DB00441,recurrent adult lymphoblastic lymphoma,C0280191,Neoplastic Process,Terminated
Gemcitabine,DB00441,Adult T-cell lymphoma/leukaemia recurrent,C0280427,Neoplastic Process,Terminated
Gemcitabine,DB00441,Cutaneous T-cell lymphoma recurrent,C0278580,Neoplastic Process,Terminated
Rituximab,DB00073,"Lymphoma, Mixed-Cell, Follicular",C0079758,Neoplastic Process,Terminated
Arsenic trioxide,DB01169,Adenocarcinoma Of Esophagus,C0279628,Neoplastic Process,Terminated
Arsenic trioxide,DB01169,Esophageal neoplasm metastatic,C0278562,Neoplastic Process,Terminated
Nitric Oxide,DB00435,Reperfusion Injury,C0035126,Injury or Poisoning,Terminated
Treprostinil,DB00374,Critical limb ischemia,C1142264,Pathologic Function,Terminated
Treprostinil,DB00374,Peripheral Vascular Diseases,C0085096,Disease or Syndrome,Terminated
Treprostinil,DB00374,Foot Ulcer,C0085119,Disease or Syndrome,Terminated
Sulindac,DB00605,Malignant tumor of colon,C0007102,Neoplastic Process,Terminated
Salicylic acid,DB00936,Malignant tumor of colon,C0007102,Neoplastic Process,Terminated
Acetylsalicylic acid,DB00945,Malignant tumor of colon,C0007102,Neoplastic Process,Terminated
Ursodeoxycholic acid,DB01586,Malignant tumor of colon,C0007102,Neoplastic Process,Terminated
Alfuzosin,DB00346,Benign Prostatic Hyperplasia,C1704272,Neoplastic Process,Terminated
Finasteride,DB01216,Benign Prostatic Hyperplasia,C1704272,Neoplastic Process,Terminated
Cisplatin,DB00515,Adenocarcinoma Of Esophagus,C0279628,Neoplastic Process,Terminated
Fluorouracil,DB00544,Adenocarcinoma Of Esophagus,C0279628,Neoplastic Process,Terminated
Cisplatin,DB00515,Adenocarcinoma of the gastroesophageal junction,C1332166,Neoplastic Process,Terminated
Fluorouracil,DB00544,Adenocarcinoma of the gastroesophageal junction,C1332166,Neoplastic Process,Terminated
Cisplatin,DB00515,diffuse adenocarcinoma of the stomach,C0279635,Neoplastic Process,Terminated
Fluorouracil,DB00544,diffuse adenocarcinoma of the stomach,C0279635,Neoplastic Process,Terminated
Cisplatin,DB00515,intestinal adenocarcinoma of the stomach,C0279633,Neoplastic Process,Terminated
Fluorouracil,DB00544,intestinal adenocarcinoma of the stomach,C0279633,Neoplastic Process,Terminated
Cisplatin,DB00515,mixed adenocarcinoma of the stomach,C0279638,Neoplastic Process,Terminated
Fluorouracil,DB00544,mixed adenocarcinoma of the stomach,C0279638,Neoplastic Process,Terminated
Cisplatin,DB00515,Oesophageal carcinoma recurrent,C0854761,Neoplastic Process,Terminated
Fluorouracil,DB00544,Oesophageal carcinoma recurrent,C0854761,Neoplastic Process,Terminated
Cisplatin,DB00515,recurrent gastric cancer,C0278502,Neoplastic Process,Terminated
Fluorouracil,DB00544,recurrent gastric cancer,C0278502,Neoplastic Process,Terminated
Cisplatin,DB00515,Squamous cell carcinoma of esophagus,C0279626,Neoplastic Process,Terminated
Fluorouracil,DB00544,Squamous cell carcinoma of esophagus,C0279626,Neoplastic Process,Terminated
Cisplatin,DB00515,Stage IIIC Gastric Cancer,C2981365,Neoplastic Process,Terminated
Fluorouracil,DB00544,Stage IIIC Gastric Cancer,C2981365,Neoplastic Process,Terminated
Cisplatin,DB00515,Esophageal neoplasm metastatic,C0278562,Neoplastic Process,Terminated
Fluorouracil,DB00544,Esophageal neoplasm metastatic,C0278562,Neoplastic Process,Terminated
Erlotinib,DB00530,Malignant neoplasm of lung,C0242379,Neoplastic Process,Terminated
Carboplatin,DB00958,Malignant neoplasm of lung,C0242379,Neoplastic Process,Terminated
Paclitaxel,DB01229,Malignant neoplasm of lung,C0242379,Neoplastic Process,Terminated
Lamotrigine,DB00555,Bipolar Disorder,C0005586,Mental or Behavioral Dysfunction,Terminated
Prednisolone,DB00860,Chronic myeloproliferative disorder,C1292778,Neoplastic Process,Terminated
Methylprednisolone,DB00860,Chronic myeloproliferative disorder,C1292778,Neoplastic Process,Terminated
Fludarabine,DB00860,Chronic myeloproliferative disorder,C1292778,Neoplastic Process,Terminated
,DB00959,Chronic myeloproliferative disorder,C1292778,Neoplastic Process,Terminated
,DB00959,Chronic myeloproliferative disorder,C1292778,Neoplastic Process,Terminated
,DB00959,Chronic myeloproliferative disorder,C1292778,Neoplastic Process,Terminated
,DB01073,Chronic myeloproliferative disorder,C1292778,Neoplastic Process,Terminated
Prednisolone,DB00860,leukemia,C0023418,Neoplastic Process,Terminated
Methylprednisolone,DB00860,leukemia,C0023418,Neoplastic Process,Terminated
Fludarabine,DB00860,leukemia,C0023418,Neoplastic Process,Terminated
,DB00959,leukemia,C0023418,Neoplastic Process,Terminated
,DB00959,leukemia,C0023418,Neoplastic Process,Terminated
,DB00959,leukemia,C0023418,Neoplastic Process,Terminated
,DB01073,leukemia,C0023418,Neoplastic Process,Terminated
Bortezomib,DB00188,"unspecified adult solid tumor, protocol specific",C0279004,Neoplastic Process,Terminated
Oxaliplatin,DB00526,"unspecified adult solid tumor, protocol specific",C0279004,Neoplastic Process,Terminated
Oxaliplatin,DB00526,Colorectal Neoplasms,C0009404,Neoplastic Process,Terminated
Fluorouracil,DB00544,Colorectal Neoplasms,C0009404,Neoplastic Process,Terminated
Modafinil,DB00745,Postpoliomyelitis Syndrome,C0080040,Disease or Syndrome,Terminated
Armodafinil,DB06413,Postpoliomyelitis Syndrome,C0080040,Disease or Syndrome,Terminated
Treprostinil,DB00374,Peripheral Vascular Diseases,C0085096,Disease or Syndrome,Terminated
Oxaliplatin,DB00526,Recurrent Rectal Cancer,C0278554,Neoplastic Process,Terminated
Fluorouracil,DB00544,Recurrent Rectal Cancer,C0278554,Neoplastic Process,Terminated
Leucovorin,DB00650,Recurrent Rectal Cancer,C0278554,Neoplastic Process,Terminated
Irinotecan,DB00762,Recurrent Rectal Cancer,C0278554,Neoplastic Process,Terminated
Levoleucovorin,DB11596,Recurrent Rectal Cancer,C0278554,Neoplastic Process,Terminated
Oxaliplatin,DB00526,signet ring adenocarcinoma of the rectum,C0279654,Neoplastic Process,Terminated
Fluorouracil,DB00544,signet ring adenocarcinoma of the rectum,C0279654,Neoplastic Process,Terminated
Leucovorin,DB00650,signet ring adenocarcinoma of the rectum,C0279654,Neoplastic Process,Terminated
Irinotecan,DB00762,signet ring adenocarcinoma of the rectum,C0279654,Neoplastic Process,Terminated
Levoleucovorin,DB11596,signet ring adenocarcinoma of the rectum,C0279654,Neoplastic Process,Terminated
Oxaliplatin,DB00526,Stage IIA Rectal Cancer,C3897537,Neoplastic Process,Terminated
Fluorouracil,DB00544,Stage IIA Rectal Cancer,C3897537,Neoplastic Process,Terminated
Leucovorin,DB00650,Stage IIA Rectal Cancer,C3897537,Neoplastic Process,Terminated
Irinotecan,DB00762,Stage IIA Rectal Cancer,C3897537,Neoplastic Process,Terminated
Levoleucovorin,DB11596,Stage IIA Rectal Cancer,C3897537,Neoplastic Process,Terminated
Oxaliplatin,DB00526,Stage IIB Rectal Cancer,C3897536,Neoplastic Process,Terminated
Fluorouracil,DB00544,Stage IIB Rectal Cancer,C3897536,Neoplastic Process,Terminated
Leucovorin,DB00650,Stage IIB Rectal Cancer,C3897536,Neoplastic Process,Terminated
Irinotecan,DB00762,Stage IIB Rectal Cancer,C3897536,Neoplastic Process,Terminated
Levoleucovorin,DB11596,Stage IIB Rectal Cancer,C3897536,Neoplastic Process,Terminated
Oxaliplatin,DB00526,Stage IIC Rectal Cancer,C3897535,Neoplastic Process,Terminated
Fluorouracil,DB00544,Stage IIC Rectal Cancer,C3897535,Neoplastic Process,Terminated
Leucovorin,DB00650,Stage IIC Rectal Cancer,C3897535,Neoplastic Process,Terminated
Irinotecan,DB00762,Stage IIC Rectal Cancer,C3897535,Neoplastic Process,Terminated
Levoleucovorin,DB11596,Stage IIC Rectal Cancer,C3897535,Neoplastic Process,Terminated
Oxaliplatin,DB00526,Stage IIIA Rectal Cancer,C3897531,Neoplastic Process,Terminated
Fluorouracil,DB00544,Stage IIIA Rectal Cancer,C3897531,Neoplastic Process,Terminated
Leucovorin,DB00650,Stage IIIA Rectal Cancer,C3897531,Neoplastic Process,Terminated
Irinotecan,DB00762,Stage IIIA Rectal Cancer,C3897531,Neoplastic Process,Terminated
Levoleucovorin,DB11596,Stage IIIA Rectal Cancer,C3897531,Neoplastic Process,Terminated
Oxaliplatin,DB00526,Stage IIIB Rectal Cancer,C3897528,Neoplastic Process,Terminated
Fluorouracil,DB00544,Stage IIIB Rectal Cancer,C3897528,Neoplastic Process,Terminated
Leucovorin,DB00650,Stage IIIB Rectal Cancer,C3897528,Neoplastic Process,Terminated
Irinotecan,DB00762,Stage IIIB Rectal Cancer,C3897528,Neoplastic Process,Terminated
Levoleucovorin,DB11596,Stage IIIB Rectal Cancer,C3897528,Neoplastic Process,Terminated
Oxaliplatin,DB00526,Stage IIIC Rectal Cancer,C3897525,Neoplastic Process,Terminated
Fluorouracil,DB00544,Stage IIIC Rectal Cancer,C3897525,Neoplastic Process,Terminated
Leucovorin,DB00650,Stage IIIC Rectal Cancer,C3897525,Neoplastic Process,Terminated
Irinotecan,DB00762,Stage IIIC Rectal Cancer,C3897525,Neoplastic Process,Terminated
Levoleucovorin,DB11596,Stage IIIC Rectal Cancer,C3897525,Neoplastic Process,Terminated
Oxaliplatin,DB00526,Stage IVA Rectal Cancer,C3897520,Neoplastic Process,Terminated
Fluorouracil,DB00544,Stage IVA Rectal Cancer,C3897520,Neoplastic Process,Terminated
Leucovorin,DB00650,Stage IVA Rectal Cancer,C3897520,Neoplastic Process,Terminated
Irinotecan,DB00762,Stage IVA Rectal Cancer,C3897520,Neoplastic Process,Terminated
Levoleucovorin,DB11596,Stage IVA Rectal Cancer,C3897520,Neoplastic Process,Terminated
Oxaliplatin,DB00526,Stage IVB Rectal Cancer,C3897513,Neoplastic Process,Terminated
Fluorouracil,DB00544,Stage IVB Rectal Cancer,C3897513,Neoplastic Process,Terminated
Leucovorin,DB00650,Stage IVB Rectal Cancer,C3897513,Neoplastic Process,Terminated
Irinotecan,DB00762,Stage IVB Rectal Cancer,C3897513,Neoplastic Process,Terminated
Levoleucovorin,DB11596,Stage IVB Rectal Cancer,C3897513,Neoplastic Process,Terminated
Oxaliplatin,DB00526,mucinous adenocarcinoma of rectum,C0279652,Neoplastic Process,Terminated
Fluorouracil,DB00544,mucinous adenocarcinoma of rectum,C0279652,Neoplastic Process,Terminated
Leucovorin,DB00650,mucinous adenocarcinoma of rectum,C0279652,Neoplastic Process,Terminated
Irinotecan,DB00762,mucinous adenocarcinoma of rectum,C0279652,Neoplastic Process,Terminated
Levoleucovorin,DB11596,mucinous adenocarcinoma of rectum,C0279652,Neoplastic Process,Terminated
Metronidazole,DB00916,Breast cancer recurrent,C0278493,Neoplastic Process,Terminated
Chlorhexidine,DB00878,Dental caries,C0011334,Disease or Syndrome,Terminated
Sirolimus,DB00877,leukemia,C0023418,Neoplastic Process,Terminated
Everolimus,DB01590,leukemia,C0023418,Neoplastic Process,Terminated
Gefitinib,DB00317,Malignant tumor of colon,C0007102,Neoplastic Process,Terminated
Oxaliplatin,DB00526,Malignant tumor of colon,C0007102,Neoplastic Process,Terminated
Capecitabine,DB01101,Malignant tumor of colon,C0007102,Neoplastic Process,Terminated
Amphetamine,DB00182,Depressive disorder,C0011581,Mental or Behavioral Dysfunction,Terminated
Methylphenidate,DB00422,Depressive disorder,C0011581,Mental or Behavioral Dysfunction,Terminated
Amphetamine,DB00182,Neurotoxicity Syndromes,C0235032,Injury or Poisoning,Terminated
Methylphenidate,DB00422,Neurotoxicity Syndromes,C0235032,Injury or Poisoning,Terminated
Amphetamine,DB00182,"unspecified childhood solid tumor, protocol specific",C0279002,Neoplastic Process,Terminated
Methylphenidate,DB00422,"unspecified childhood solid tumor, protocol specific",C0279002,Neoplastic Process,Terminated
Alemtuzumab,DB00087,Chronic myeloproliferative disorder,C1292778,Neoplastic Process,Terminated
Fludarabine,DB01073,Chronic myeloproliferative disorder,C1292778,Neoplastic Process,Terminated
Alemtuzumab,DB00087,leukemia,C0023418,Neoplastic Process,Terminated
Fludarabine,DB01073,leukemia,C0023418,Neoplastic Process,Terminated
Romidepsin,DB06176,Renal Pelvis and Ureter Urothelial Carcinoma,C0220648,Neoplastic Process,Terminated
Romidepsin,DB06176,Urethral Carcinoma,C0700101,Neoplastic Process,Terminated
Erlotinib,DB00530,Stage IA Non-Small Cell Lung Carcinoma,C1336119,Neoplastic Process,Terminated
Erlotinib,DB00530,Stage IB Non-Small Cell Lung Carcinoma,C1336139,Neoplastic Process,Terminated
Erlotinib,DB00530,Stage IIA Non-Small Cell Lung Carcinoma,C1336167,Neoplastic Process,Terminated
Erlotinib,DB00530,Stage IIB Non-Small Cell Lung Carcinoma,C1336190,Neoplastic Process,Terminated
Erlotinib,DB00530,Non-small cell lung cancer stage IIIA,C0278983,Neoplastic Process,Terminated
Bevacizumab,DB00112,Adenocarcinoma of colon,C0338106,Neoplastic Process,Terminated
Oxaliplatin,DB00526,Adenocarcinoma of colon,C0338106,Neoplastic Process,Terminated
Fluorouracil,DB00544,Adenocarcinoma of colon,C0338106,Neoplastic Process,Terminated
Leucovorin,DB00544,Adenocarcinoma of colon,C0338106,Neoplastic Process,Terminated
Capecitabine,DB00650,Adenocarcinoma of colon,C0338106,Neoplastic Process,Terminated
Levoleucovorin,DB01101,Adenocarcinoma of colon,C0338106,Neoplastic Process,Terminated
,DB11596,Adenocarcinoma of colon,C0338106,Neoplastic Process,Terminated
Bevacizumab,DB00112,Adenocarcinoma of rectum,C0149978,Neoplastic Process,Terminated
Oxaliplatin,DB00526,Adenocarcinoma of rectum,C0149978,Neoplastic Process,Terminated
Fluorouracil,DB00544,Adenocarcinoma of rectum,C0149978,Neoplastic Process,Terminated
Leucovorin,DB00544,Adenocarcinoma of rectum,C0149978,Neoplastic Process,Terminated
Capecitabine,DB00650,Adenocarcinoma of rectum,C0149978,Neoplastic Process,Terminated
Levoleucovorin,DB01101,Adenocarcinoma of rectum,C0149978,Neoplastic Process,Terminated
,DB11596,Adenocarcinoma of rectum,C0149978,Neoplastic Process,Terminated
Bevacizumab,DB00112,Colon cancer recurrent,C0278553,Neoplastic Process,Terminated
Oxaliplatin,DB00526,Colon cancer recurrent,C0278553,Neoplastic Process,Terminated
Fluorouracil,DB00544,Colon cancer recurrent,C0278553,Neoplastic Process,Terminated
Leucovorin,DB00544,Colon cancer recurrent,C0278553,Neoplastic Process,Terminated
Capecitabine,DB00650,Colon cancer recurrent,C0278553,Neoplastic Process,Terminated
Levoleucovorin,DB01101,Colon cancer recurrent,C0278553,Neoplastic Process,Terminated
,DB11596,Colon cancer recurrent,C0278553,Neoplastic Process,Terminated
Bevacizumab,DB00112,Recurrent Rectal Cancer,C0278554,Neoplastic Process,Terminated
Oxaliplatin,DB00526,Recurrent Rectal Cancer,C0278554,Neoplastic Process,Terminated
Fluorouracil,DB00544,Recurrent Rectal Cancer,C0278554,Neoplastic Process,Terminated
Leucovorin,DB00544,Recurrent Rectal Cancer,C0278554,Neoplastic Process,Terminated
Capecitabine,DB00650,Recurrent Rectal Cancer,C0278554,Neoplastic Process,Terminated
Levoleucovorin,DB01101,Recurrent Rectal Cancer,C0278554,Neoplastic Process,Terminated
,DB11596,Recurrent Rectal Cancer,C0278554,Neoplastic Process,Terminated
Oxaliplatin,DB00526,Secondary malignant neoplasm of liver,C0494165,Neoplastic Process,Terminated
Fluorouracil,DB00544,Secondary malignant neoplasm of liver,C0494165,Neoplastic Process,Terminated
Capecitabine,DB00544,Secondary malignant neoplasm of liver,C0494165,Neoplastic Process,Terminated
,DB01101,Secondary malignant neoplasm of liver,C0494165,Neoplastic Process,Terminated
Oxaliplatin,DB00526,Colon cancer recurrent,C0278553,Neoplastic Process,Terminated
Fluorouracil,DB00544,Colon cancer recurrent,C0278553,Neoplastic Process,Terminated
Capecitabine,DB00544,Colon cancer recurrent,C0278553,Neoplastic Process,Terminated
,DB01101,Colon cancer recurrent,C0278553,Neoplastic Process,Terminated
Oxaliplatin,DB00526,Recurrent Rectal Cancer,C0278554,Neoplastic Process,Terminated
Fluorouracil,DB00544,Recurrent Rectal Cancer,C0278554,Neoplastic Process,Terminated
Capecitabine,DB00544,Recurrent Rectal Cancer,C0278554,Neoplastic Process,Terminated
,DB01101,Recurrent Rectal Cancer,C0278554,Neoplastic Process,Terminated
Oxaliplatin,DB00526,Malignant tumor of colon,C0007102,Neoplastic Process,Withdrawn
Irinotecan,DB00762,Malignant tumor of colon,C0007102,Neoplastic Process,Withdrawn
Levoleucovorin,DB11596,Malignant tumor of colon,C0007102,Neoplastic Process,Withdrawn
Gefitinib,DB00317,Malignant neoplasm of lung,C0242379,Neoplastic Process,Terminated
Triptorelin,DB06825,Drug toxicity,C0013221,Injury or Poisoning,Terminated
Fluorouracil,DB00544,Biliary Tract Cancer,C0750952,Neoplastic Process,Terminated
Celecoxib,DB00482,Malignant tumor of colon,C0007102,Neoplastic Process,Terminated
Capsaicin,DB06774,Peripheral Neuropathy,C0031117,Disease or Syndrome,Terminated
Capsaicin,DB06774,Pain,C0030193,Sign or Symptom,Terminated
Gefitinib,DB00317,Recurrent Head and Neck Carcinoma,C1335703,Neoplastic Process,Terminated
Docetaxel,DB01248,Recurrent Head and Neck Carcinoma,C1335703,Neoplastic Process,Terminated
Gefitinib,DB00317,Head and neck cancer metastatic,C0744619,Neoplastic Process,Terminated
Docetaxel,DB01248,Head and neck cancer metastatic,C0744619,Neoplastic Process,Terminated
Metronidazole,DB00916,Small cell lung cancer extensive stage,C0278726,Neoplastic Process,Terminated
Docetaxel,DB01248,Small cell lung cancer extensive stage,C0278726,Neoplastic Process,Terminated
Metronidazole,DB00916,Colon cancer recurrent,C0278553,Neoplastic Process,Terminated
Docetaxel,DB01248,Colon cancer recurrent,C0278553,Neoplastic Process,Terminated
Metronidazole,DB00916,Non-small cell lung cancer recurrent,C0278517,Neoplastic Process,Terminated
Docetaxel,DB01248,Non-small cell lung cancer recurrent,C0278517,Neoplastic Process,Terminated
Metronidazole,DB00916,Recurrent Rectal Cancer,C0278554,Neoplastic Process,Terminated
Docetaxel,DB01248,Recurrent Rectal Cancer,C0278554,Neoplastic Process,Terminated
Metronidazole,DB00916,Small cell lung cancer recurrent,C0278727,Neoplastic Process,Terminated
Docetaxel,DB01248,Small cell lung cancer recurrent,C0278727,Neoplastic Process,Terminated
Metronidazole,DB00916,Non-small cell lung cancer metastatic,C0278987,Neoplastic Process,Terminated
Docetaxel,DB01248,Non-small cell lung cancer metastatic,C0278987,Neoplastic Process,Terminated
Romidepsin,DB06176,Ovarian epithelial cancer recurrent,C0278689,Neoplastic Process,Terminated
Romidepsin,DB06176,Glucagonoma,C0017689,Neoplastic Process,Terminated
Romidepsin,DB06176,insulinoma,C0021670,Neoplastic Process,Terminated
Romidepsin,DB06176,pancreatic polypeptide tumor,C1882278,Neoplastic Process,Terminated
Romidepsin,DB06176,Carcinoid tumor of lung,C0280089,Neoplastic Process,Terminated
Romidepsin,DB06176,recurrent gastrointestinal carcinoid tumor,C0278750,Neoplastic Process,Terminated
Romidepsin,DB06176,recurrent islet cell carcinoma,C0278843,Neoplastic Process,Terminated
Romidepsin,DB06176,regional gastrointestinal carcinoid tumor,C0278748,Neoplastic Process,Terminated
Valsartan,DB00177,Kidney Diseases,C0022658,Disease or Syndrome,Withdrawn
Capsaicin,DB06774,Diabetic Neuropathies,C0011882,Disease or Syndrome,Terminated
Capsaicin,DB06774,Diabetes Mellitus,C0011849,Disease or Syndrome,Terminated
Capsaicin,DB06774,Polyneuropathy,C0152025,Disease or Syndrome,Terminated
Capsaicin,DB06774,Herpes zoster disease,C0019360,Disease or Syndrome,Terminated
Capsaicin,DB06774,Pain,C0030193,Sign or Symptom,Terminated
Capsaicin,DB06774,Peripheral Neuropathy,C0031117,Disease or Syndrome,Terminated
Metronidazole,DB00916,Melanoma recurrent,C0278884,Neoplastic Process,Terminated
Doxorubicin,DB00997,recurrent adult soft tissue sarcoma,C0278665,Neoplastic Process,Terminated
Thalidomide,DB01041,recurrent adult soft tissue sarcoma,C0278665,Neoplastic Process,Terminated
Ifosfamide,DB01181,recurrent adult soft tissue sarcoma,C0278665,Neoplastic Process,Terminated
Doxorubicin,DB00997,stage I adult soft tissue sarcoma,C0278661,Neoplastic Process,Terminated
Thalidomide,DB01041,stage I adult soft tissue sarcoma,C0278661,Neoplastic Process,Terminated
Ifosfamide,DB01181,stage I adult soft tissue sarcoma,C0278661,Neoplastic Process,Terminated
Doxorubicin,DB00997,stage II adult soft tissue sarcoma,C0278662,Neoplastic Process,Terminated
Thalidomide,DB01041,stage II adult soft tissue sarcoma,C0278662,Neoplastic Process,Terminated
Ifosfamide,DB01181,stage II adult soft tissue sarcoma,C0278662,Neoplastic Process,Terminated
Doxorubicin,DB00997,stage III adult soft tissue sarcoma,C0278663,Neoplastic Process,Terminated
Thalidomide,DB01041,stage III adult soft tissue sarcoma,C0278663,Neoplastic Process,Terminated
Ifosfamide,DB01181,stage III adult soft tissue sarcoma,C0278663,Neoplastic Process,Terminated
Rituximab,DB00073,contiguous stage II adult diffuse large cell lymphoma,C0677695,Neoplastic Process,Terminated
Cyclophosphamide,DB00531,contiguous stage II adult diffuse large cell lymphoma,C0677695,Neoplastic Process,Terminated
Vincristine,DB00541,contiguous stage II adult diffuse large cell lymphoma,C0677695,Neoplastic Process,Terminated
Doxorubicin,DB00997,contiguous stage II adult diffuse large cell lymphoma,C0677695,Neoplastic Process,Terminated
Rituximab,DB00073,Mucosa-Associated Lymphoid Tissue Lymphoma,C0242647,Neoplastic Process,Terminated
Cyclophosphamide,DB00531,Mucosa-Associated Lymphoid Tissue Lymphoma,C0242647,Neoplastic Process,Terminated
Vincristine,DB00541,Mucosa-Associated Lymphoid Tissue Lymphoma,C0242647,Neoplastic Process,Terminated
Doxorubicin,DB00997,Mucosa-Associated Lymphoid Tissue Lymphoma,C0242647,Neoplastic Process,Terminated
Rituximab,DB00073,Monocytoid B-cell lymphoma,C0855139,Neoplastic Process,Terminated
Cyclophosphamide,DB00531,Monocytoid B-cell lymphoma,C0855139,Neoplastic Process,Terminated
Vincristine,DB00541,Monocytoid B-cell lymphoma,C0855139,Neoplastic Process,Terminated
Doxorubicin,DB00997,Monocytoid B-cell lymphoma,C0855139,Neoplastic Process,Terminated
Rituximab,DB00073,noncontiguous stage II adult diffuse large cell lymphoma,C0677709,Neoplastic Process,Terminated
Cyclophosphamide,DB00531,noncontiguous stage II adult diffuse large cell lymphoma,C0677709,Neoplastic Process,Terminated
Vincristine,DB00541,noncontiguous stage II adult diffuse large cell lymphoma,C0677709,Neoplastic Process,Terminated
Doxorubicin,DB00997,noncontiguous stage II adult diffuse large cell lymphoma,C0677709,Neoplastic Process,Terminated
Rituximab,DB00073,Splenic Marginal Zone B-Cell Lymphoma,C0349632,Neoplastic Process,Terminated
Cyclophosphamide,DB00531,Splenic Marginal Zone B-Cell Lymphoma,C0349632,Neoplastic Process,Terminated
Vincristine,DB00541,Splenic Marginal Zone B-Cell Lymphoma,C0349632,Neoplastic Process,Terminated
Doxorubicin,DB00997,Splenic Marginal Zone B-Cell Lymphoma,C0349632,Neoplastic Process,Terminated
Rituximab,DB00073,stage I adult diffuse large cell lymphoma,C0279960,Neoplastic Process,Terminated
Cyclophosphamide,DB00531,stage I adult diffuse large cell lymphoma,C0279960,Neoplastic Process,Terminated
Vincristine,DB00541,stage I adult diffuse large cell lymphoma,C0279960,Neoplastic Process,Terminated
Doxorubicin,DB00997,stage I adult diffuse large cell lymphoma,C0279960,Neoplastic Process,Terminated
Rituximab,DB00073,Malignant lymphoma of testis,C0349644,Neoplastic Process,Terminated
Cyclophosphamide,DB00531,Malignant lymphoma of testis,C0349644,Neoplastic Process,Terminated
Vincristine,DB00541,Malignant lymphoma of testis,C0349644,Neoplastic Process,Terminated
Doxorubicin,DB00997,Malignant lymphoma of testis,C0349644,Neoplastic Process,Terminated
Ifosfamide,DB01181,"unspecified adult solid tumor, protocol specific",C0279004,Neoplastic Process,Terminated
Vitamin C,DB00126,refractory plasma cell neoplasm,C0278620,Neoplastic Process,Withdrawn
Melphalan,DB01042,refractory plasma cell neoplasm,C0278620,Neoplastic Process,Withdrawn
Arsenic trioxide,DB01169,refractory plasma cell neoplasm,C0278620,Neoplastic Process,Withdrawn
Oxaliplatin,DB00526,"unspecified adult solid tumor, protocol specific",C0279004,Neoplastic Process,Terminated
Rituximab,DB00073,leukemia,C0023418,Neoplastic Process,Terminated
Rituximab,DB00073,Lymphoproliferative Disorders,C0024314,Neoplastic Process,Terminated
Topotecan,DB01030,Malignant neoplasm of lung,C0242379,Neoplastic Process,Terminated
Sirolimus,DB00877,Rheumatoid Arthritis,C0003873,Disease or Syndrome,Terminated
Everolimus,DB01590,Rheumatoid Arthritis,C0003873,Disease or Syndrome,Terminated
Pegfilgrastim,DB00019,Central Nervous System Neoplasms,C0085136,Neoplastic Process,Terminated
Topotecan,DB01030,Central Nervous System Neoplasms,C0085136,Neoplastic Process,Terminated
Vancomycin,DB00512,Bacteremia,C0004610,Disease or Syndrome,Terminated
Linezolid,DB00601,Bacteremia,C0004610,Disease or Syndrome,Terminated
Cefazolin,DB01327,Bacteremia,C0004610,Disease or Syndrome,Terminated
Vancomycin,DB00512,Gram-Positive Bacterial Infections,C0085426,Disease or Syndrome,Terminated
Linezolid,DB00601,Gram-Positive Bacterial Infections,C0085426,Disease or Syndrome,Terminated
Cefazolin,DB01327,Gram-Positive Bacterial Infections,C0085426,Disease or Syndrome,Terminated
Niacin,DB00627,"Kidney Failure, Chronic",C0022661,Disease or Syndrome,Terminated
Sorafenib,DB00398,Conventional (Clear Cell) Renal Cell Carcinoma,C0279702,Neoplastic Process,Terminated
Nicotinamide,DB02701,Conventional (Clear Cell) Renal Cell Carcinoma,C0279702,Neoplastic Process,Terminated
Rituximab,DB00073,recurrent grade 1 follicular lymphoma,C0280182,Neoplastic Process,Terminated
Fludarabine,DB01073,recurrent grade 1 follicular lymphoma,C0280182,Neoplastic Process,Terminated
Romidepsin,DB06176,recurrent grade 1 follicular lymphoma,C0280182,Neoplastic Process,Terminated
Rituximab,DB00073,recurrent grade 2 follicular lymphoma,C0280183,Neoplastic Process,Terminated
Fludarabine,DB01073,recurrent grade 2 follicular lymphoma,C0280183,Neoplastic Process,Terminated
Romidepsin,DB06176,recurrent grade 2 follicular lymphoma,C0280183,Neoplastic Process,Terminated
Rituximab,DB00073,B-cell small lymphocytic lymphoma recurrent,C0855096,Neoplastic Process,Terminated
Fludarabine,DB01073,B-cell small lymphocytic lymphoma recurrent,C0855096,Neoplastic Process,Terminated
Romidepsin,DB06176,B-cell small lymphocytic lymphoma recurrent,C0855096,Neoplastic Process,Terminated
Infliximab,DB00065,Berylliosis,C0005138,Injury or Poisoning,Terminated
Vorinostat,DB02546,Multiple Myeloma,C0026764,Neoplastic Process,Terminated
Trimethoprim,DB00440,HIV Infections,C0019693,Disease or Syndrome,Terminated
Isoniazid,DB00951,HIV Infections,C0019693,Disease or Syndrome,Terminated
Sulfamethoxazole,DB01015,HIV Infections,C0019693,Disease or Syndrome,Terminated
Trimethoprim,DB00440,Tuberculosis,C0041296,Disease or Syndrome,Terminated
Isoniazid,DB00951,Tuberculosis,C0041296,Disease or Syndrome,Terminated
Sulfamethoxazole,DB01015,Tuberculosis,C0041296,Disease or Syndrome,Terminated
Exemestane,DB00990,Breast cancer stage II,C0278486,Neoplastic Process,Withdrawn
Lenalidomide,DB00480,Reflex Sympathetic Dystrophy,C0034931,Disease or Syndrome,Terminated
Thalidomide,DB01041,Reflex Sympathetic Dystrophy,C0034931,Disease or Syndrome,Terminated
Alemtuzumab,DB00087,"Lymphoma, Non-Hodgkin",C0024305,Neoplastic Process,Terminated
Trastuzumab,DB00072,Breast cancer recurrent,C0278493,Neoplastic Process,Terminated
Imatinib,DB00619,chronic myelogenous leukemia in relapse,C0278787,Neoplastic Process,Terminated
Sirolimus,DB00877,chronic myelogenous leukemia in relapse,C0278787,Neoplastic Process,Terminated
Everolimus,DB01590,chronic myelogenous leukemia in relapse,C0278787,Neoplastic Process,Terminated
Lopinavir,DB01601,Human immunodeficiency virus I infection,C0276500,Disease or Syndrome,Terminated
Rituximab,DB00073,contiguous stage II adult diffuse large cell lymphoma,C0677695,Neoplastic Process,Terminated
Cyclophosphamide,DB00531,contiguous stage II adult diffuse large cell lymphoma,C0677695,Neoplastic Process,Terminated
Vincristine,DB00541,contiguous stage II adult diffuse large cell lymphoma,C0677695,Neoplastic Process,Terminated
Prednisone,DB00635,contiguous stage II adult diffuse large cell lymphoma,C0677695,Neoplastic Process,Terminated
Doxorubicin,DB00997,contiguous stage II adult diffuse large cell lymphoma,C0677695,Neoplastic Process,Terminated
Rituximab,DB00073,noncontiguous stage II adult diffuse large cell lymphoma,C0677709,Neoplastic Process,Terminated
Cyclophosphamide,DB00531,noncontiguous stage II adult diffuse large cell lymphoma,C0677709,Neoplastic Process,Terminated
Vincristine,DB00541,noncontiguous stage II adult diffuse large cell lymphoma,C0677709,Neoplastic Process,Terminated
Prednisone,DB00635,noncontiguous stage II adult diffuse large cell lymphoma,C0677709,Neoplastic Process,Terminated
Doxorubicin,DB00997,noncontiguous stage II adult diffuse large cell lymphoma,C0677709,Neoplastic Process,Terminated
Rituximab,DB00073,stage III adult diffuse large cell lymphoma,C0280162,Neoplastic Process,Terminated
Cyclophosphamide,DB00531,stage III adult diffuse large cell lymphoma,C0280162,Neoplastic Process,Terminated
Vincristine,DB00541,stage III adult diffuse large cell lymphoma,C0280162,Neoplastic Process,Terminated
Prednisone,DB00635,stage III adult diffuse large cell lymphoma,C0280162,Neoplastic Process,Terminated
Doxorubicin,DB00997,stage III adult diffuse large cell lymphoma,C0280162,Neoplastic Process,Terminated
Rituximab,DB00073,stage IV adult diffuse large cell lymphoma,C0280175,Neoplastic Process,Terminated
Cyclophosphamide,DB00531,stage IV adult diffuse large cell lymphoma,C0280175,Neoplastic Process,Terminated
Vincristine,DB00541,stage IV adult diffuse large cell lymphoma,C0280175,Neoplastic Process,Terminated
Prednisone,DB00635,stage IV adult diffuse large cell lymphoma,C0280175,Neoplastic Process,Terminated
Doxorubicin,DB00997,stage IV adult diffuse large cell lymphoma,C0280175,Neoplastic Process,Terminated
Bevacizumab,DB00112,Colorectal Neoplasms,C0009404,Neoplastic Process,Terminated
Irinotecan,DB00762,Colorectal Neoplasms,C0009404,Neoplastic Process,Terminated
Bevacizumab,DB00112,Liver neoplasms,C0023903,Neoplastic Process,Terminated
Irinotecan,DB00762,Liver neoplasms,C0023903,Neoplastic Process,Terminated
Ezetimibe,DB00973,"Lipid Metabolism, Inborn Errors",C0023772,Disease or Syndrome,Terminated
Clofarabine,DB00631,leukemia,C0023418,Neoplastic Process,Terminated
Sirolimus,DB00877,Multiple Sclerosis,C0026769,Disease or Syndrome,Terminated
Everolimus,DB01590,Multiple Sclerosis,C0026769,Disease or Syndrome,Terminated
Erlotinib,DB00530,Metastatic malignant neoplasm to brain,C0220650,Neoplastic Process,Terminated
Temozolomide,DB00853,Metastatic malignant neoplasm to brain,C0220650,Neoplastic Process,Terminated
Erlotinib,DB00530,Non-small cell lung cancer recurrent,C0278517,Neoplastic Process,Terminated
Temozolomide,DB00853,Non-small cell lung cancer recurrent,C0278517,Neoplastic Process,Terminated
Erlotinib,DB00530,Non-small cell lung cancer metastatic,C0278987,Neoplastic Process,Terminated
Temozolomide,DB00853,Non-small cell lung cancer metastatic,C0278987,Neoplastic Process,Terminated
Bortezomib,DB00188,adult grade III lymphomatoid granulomatosis,C1541468,Neoplastic Process,Terminated
Bortezomib,DB00188,Ki-1+ Anaplastic Large Cell Lymphoma,C0206180,Neoplastic Process,Terminated
Bortezomib,DB00188,Angioimmunoblastic Lymphadenopathy,C0020981,Neoplastic Process,Terminated
Bortezomib,DB00188,Mucosa-Associated Lymphoid Tissue Lymphoma,C0242647,Neoplastic Process,Terminated
Bortezomib,DB00188,Monocytoid B-cell lymphoma,C0855139,Neoplastic Process,Terminated
Bortezomib,DB00188,recurrent adult Burkitt's lymphoma,C0280192,Neoplastic Process,Terminated
Bortezomib,DB00188,recurrent adult diffuse large cell lymphoma,C0280188,Neoplastic Process,Terminated
Bortezomib,DB00188,Cutaneous T-cell lymphoma recurrent,C0278580,Neoplastic Process,Terminated
Bortezomib,DB00188,recurrent grade 1 follicular lymphoma,C0280182,Neoplastic Process,Terminated
Bortezomib,DB00188,recurrent grade 2 follicular lymphoma,C0280183,Neoplastic Process,Terminated
Bortezomib,DB00188,recurrent grade 3 follicular lymphoma,C0280185,Neoplastic Process,Terminated
Bortezomib,DB00188,Mantle cell lymphoma recurrent,C0677725,Neoplastic Process,Terminated
Bortezomib,DB00188,Marginal zone lymphoma recurrent,C1541273,Neoplastic Process,Terminated
Bortezomib,DB00188,Mycosis fungoides/Sezary syndrome recurrent,C0862200,Neoplastic Process,Terminated
Bortezomib,DB00188,B-cell small lymphocytic lymphoma recurrent,C0855096,Neoplastic Process,Terminated
Bortezomib,DB00188,stage III adult Burkitt's lymphoma,C0280166,Neoplastic Process,Terminated
Bortezomib,DB00188,stage III adult diffuse large cell lymphoma,C0280162,Neoplastic Process,Terminated
Bortezomib,DB00188,stage III adult diffuse mixed cell lymphoma,C0280161,Neoplastic Process,Terminated
Bortezomib,DB00188,stage III adult diffuse small cleaved cell lymphoma,C0280160,Neoplastic Process,Terminated
Bortezomib,DB00188,stage III adult Hodgkin's lymphoma,C0278472,Neoplastic Process,Terminated
Bortezomib,DB00188,stage III adult immunoblastic large cell lymphoma,C0280164,Neoplastic Process,Terminated
Bortezomib,DB00188,stage III adult lymphoblastic lymphoma,C0280165,Neoplastic Process,Terminated
Bortezomib,DB00188,Adult T-cell lymphoma/leukaemia stage III,C0280425,Neoplastic Process,Terminated
Bortezomib,DB00188,Cutaneous T-cell lymphoma stage III,C0278570,Neoplastic Process,Terminated
Bortezomib,DB00188,stage III grade 1 follicular lymphoma,C0280156,Neoplastic Process,Terminated
Bortezomib,DB00188,stage III grade 2 follicular lymphoma,C0280157,Neoplastic Process,Terminated
Bortezomib,DB00188,stage III grade 3 follicular lymphoma,C0280159,Neoplastic Process,Terminated
Bortezomib,DB00188,Mantle cell lymphoma stage III,C0677714,Neoplastic Process,Terminated
Bortezomib,DB00188,Marginal zone lymphoma stage III,C1541269,Neoplastic Process,Terminated
Bortezomib,DB00188,Mycosis fungoides/Sezary syndrome stage III,C0862221,Neoplastic Process,Terminated
Bortezomib,DB00188,B-cell small lymphocytic lymphoma stage III,C0855100,Neoplastic Process,Terminated
Bortezomib,DB00188,stage IV adult Burkitt's lymphoma,C0280179,Neoplastic Process,Terminated
Bortezomib,DB00188,stage IV adult diffuse large cell lymphoma,C0280175,Neoplastic Process,Terminated
Bortezomib,DB00188,stage IV adult diffuse mixed cell lymphoma,C0280174,Neoplastic Process,Terminated
Bortezomib,DB00188,stage IV adult diffuse small cleaved cell lymphoma,C0280173,Neoplastic Process,Terminated
Bortezomib,DB00188,stage IV adult Hodgkin's lymphoma,C0278473,Neoplastic Process,Terminated
Bortezomib,DB00188,stage IV adult immunoblastic large cell lymphoma,C0280177,Neoplastic Process,Terminated
Bortezomib,DB00188,stage IV adult lymphoblastic lymphoma,C0280178,Neoplastic Process,Terminated
Bortezomib,DB00188,Adult T-cell lymphoma/leukaemia stage IV,C0280426,Neoplastic Process,Terminated
Bortezomib,DB00188,Cutaneous T-cell lymphoma stage IV,C0278572,Neoplastic Process,Terminated
Bortezomib,DB00188,AIDS-related peripheral/systemic lymphoma,C0281240,Neoplastic Process,Terminated
Bortezomib,DB00188,stage IV grade 1 follicular lymphoma,C0280169,Neoplastic Process,Terminated
Bortezomib,DB00188,stage IV grade 2 follicular lymphoma,C0280170,Neoplastic Process,Terminated
Bortezomib,DB00188,stage IV grade 3 follicular lymphoma,C0280172,Neoplastic Process,Terminated
Bortezomib,DB00188,Mantle cell lymphoma stage IV,C0677721,Neoplastic Process,Terminated
Bortezomib,DB00188,Marginal zone lymphoma stage IV,C1541270,Neoplastic Process,Terminated
Bortezomib,DB00188,Mycosis fungoides/Sezary syndrome stage IV,C0862226,Neoplastic Process,Terminated
Bortezomib,DB00188,B-cell small lymphocytic lymphoma stage IV,C0855101,Neoplastic Process,Terminated
Bortezomib,DB00188,"unspecified adult solid tumor, protocol specific",C0279004,Neoplastic Process,Terminated
Bortezomib,DB00188,recurrent adult diffuse mixed cell lymphoma,C0280187,Neoplastic Process,Terminated
Bortezomib,DB00188,recurrent adult diffuse small cleaved cell lymphoma,C0280186,Neoplastic Process,Terminated
Bortezomib,DB00188,recurrent adult grade III lymphomatoid granulomatosis,C1541469,Neoplastic Process,Terminated
Bortezomib,DB00188,recurrent adult Hodgkin's lymphoma,C0278530,Neoplastic Process,Terminated
Bortezomib,DB00188,recurrent adult immunoblastic large cell lymphoma,C0280190,Neoplastic Process,Terminated
Bortezomib,DB00188,recurrent adult lymphoblastic lymphoma,C0280191,Neoplastic Process,Terminated
Bortezomib,DB00188,Adult T-cell lymphoma/leukaemia recurrent,C0280427,Neoplastic Process,Terminated
Sorafenib,DB00398,Anaplastic thyroid carcinoma,C0238461,Neoplastic Process,Terminated
Nicotinamide,DB02701,Anaplastic thyroid carcinoma,C0238461,Neoplastic Process,Terminated
Sorafenib,DB00398,insular thyroid cancer,C1134506,Neoplastic Process,Terminated
Nicotinamide,DB02701,insular thyroid cancer,C1134506,Neoplastic Process,Terminated
Sorafenib,DB00398,Recurrent Thyroid Carcinoma,C0278861,Neoplastic Process,Terminated
Nicotinamide,DB02701,Recurrent Thyroid Carcinoma,C0278861,Neoplastic Process,Terminated
Sorafenib,DB00398,stage III follicular thyroid cancer,C0279178,Neoplastic Process,Terminated
Nicotinamide,DB02701,stage III follicular thyroid cancer,C0279178,Neoplastic Process,Terminated
Sorafenib,DB00398,stage III papillary thyroid cancer,C0279179,Neoplastic Process,Terminated
Nicotinamide,DB02701,stage III papillary thyroid cancer,C0279179,Neoplastic Process,Terminated
Sorafenib,DB00398,stage IV follicular thyroid cancer,C0278854,Neoplastic Process,Terminated
Nicotinamide,DB02701,stage IV follicular thyroid cancer,C0278854,Neoplastic Process,Terminated
Sorafenib,DB00398,Metastatic papillary thyroid carcinoma,C0278851,Neoplastic Process,Terminated
Nicotinamide,DB02701,Metastatic papillary thyroid carcinoma,C0278851,Neoplastic Process,Terminated
Sirolimus,DB00877,recurrent adult diffuse large cell lymphoma,C0280188,Neoplastic Process,Terminated
Everolimus,DB01590,recurrent adult diffuse large cell lymphoma,C0280188,Neoplastic Process,Terminated
Sirolimus,DB00877,recurrent adult Hodgkin's lymphoma,C0278530,Neoplastic Process,Terminated
Everolimus,DB01590,recurrent adult Hodgkin's lymphoma,C0278530,Neoplastic Process,Terminated
Sirolimus,DB00877,Chronic lymphocytic leukaemia refractory,C0278791,Neoplastic Process,Terminated
Everolimus,DB01590,Chronic lymphocytic leukaemia refractory,C0278791,Neoplastic Process,Terminated
Romidepsin,DB06176,melanoma,C0025202,Neoplastic Process,Terminated
Ciprofloxacin,DB00537,Fever,C0015967,Finding,Terminated
Bortezomib,DB00188,Malignant neoplasm of stomach,C0024623,Neoplastic Process,Terminated
Levoleucovorin,DB11596,Malignant neoplasm of stomach,C0024623,Neoplastic Process,Terminated
Venlafaxine,DB00285,Anxiety Disorders,C0003469,Mental or Behavioral Dysfunction,Terminated
Metronidazole,DB00916,Bladder Adenocarcinoma,C0279682,Neoplastic Process,Terminated
Metronidazole,DB00916,Bladder Squamous Cell Carcinoma,C0279681,Neoplastic Process,Terminated
Metronidazole,DB00916,Transitional cell carcinoma of bladder,C0279680,Neoplastic Process,Terminated
Metronidazole,DB00916,Bladder cancer recurrent,C0278827,Neoplastic Process,Terminated
Metronidazole,DB00916,Bladder cancer stage II,C0278823,Neoplastic Process,Terminated
Metronidazole,DB00916,Bladder cancer stage III,C0278824,Neoplastic Process,Terminated
Infliximab,DB00065,Giant Cell Arteritis,C0039483,Disease or Syndrome,Terminated
Sirolimus,DB00877,Neoplasm Metastasis,C0027627,Neoplastic Process,Terminated
Letrozole,DB01006,Neoplasm Metastasis,C0027627,Neoplastic Process,Terminated
Everolimus,DB01590,Neoplasm Metastasis,C0027627,Neoplastic Process,Terminated
Gemcitabine,DB00441,Meningitis,C0025289,Disease or Syndrome,Terminated
Abciximab,DB00054,Brain Ischemia,C0007786,Disease or Syndrome,Terminated
Abciximab,DB00054,Acute Disease,C0001314,Disease or Syndrome,Terminated
Cisplatin,DB00515,extragonadal germ cell tumor,C0262963,Neoplastic Process,Terminated
Vinblastine,DB00570,extragonadal germ cell tumor,C0262963,Neoplastic Process,Terminated
Ifosfamide,DB01181,extragonadal germ cell tumor,C0262963,Neoplastic Process,Terminated
Paclitaxel,DB01229,extragonadal germ cell tumor,C0262963,Neoplastic Process,Terminated
Vinblastine,DB00570,Testicular Germ Cell Tumor,C1336708,Neoplastic Process,Terminated
Paclitaxel,DB01229,Testicular Germ Cell Tumor,C1336708,Neoplastic Process,Terminated
Celecoxib,DB00482,High-Grade Squamous Intraepithelial Lesions,C0333875,Neoplastic Process,Withdrawn
Gemcitabine,DB00441,"unspecified adult solid tumor, protocol specific",C0279004,Neoplastic Process,Withdrawn
Thalidomide,DB01041,Stomatitis,C0038362,Disease or Syndrome,Terminated
Sorafenib,DB00398,Anaplastic thyroid carcinoma,C0238461,Neoplastic Process,Terminated
Nicotinamide,DB02701,Anaplastic thyroid carcinoma,C0238461,Neoplastic Process,Terminated
Sorafenib,DB00398,Recurrent Thyroid Carcinoma,C0278861,Neoplastic Process,Terminated
Nicotinamide,DB02701,Recurrent Thyroid Carcinoma,C0278861,Neoplastic Process,Terminated
Cyclophosphamide,DB00531,"Leukemia, Myelocytic, Acute",C0023467,Neoplastic Process,Terminated
Fludarabine,DB01073,"Leukemia, Myelocytic, Acute",C0023467,Neoplastic Process,Terminated
Bortezomib,DB00188,Bronchioloalveolar Adenocarcinoma,C0007120,Neoplastic Process,Terminated
Rituximab,DB00073,Atypical Burkitt's lymphoma,C1629504,Disease or Syndrome,Terminated
Cyclophosphamide,DB00531,Atypical Burkitt's lymphoma,C1629504,Disease or Syndrome,Terminated
Vincristine,DB00541,Atypical Burkitt's lymphoma,C1629504,Disease or Syndrome,Terminated
Methotrexate,DB00563,Atypical Burkitt's lymphoma,C1629504,Disease or Syndrome,Terminated
Etoposide,DB00773,Atypical Burkitt's lymphoma,C1629504,Disease or Syndrome,Terminated
Cytarabine,DB00987,Atypical Burkitt's lymphoma,C1629504,Disease or Syndrome,Terminated
Doxorubicin,DB00997,Atypical Burkitt's lymphoma,C1629504,Disease or Syndrome,Terminated
Ifosfamide,DB01181,Atypical Burkitt's lymphoma,C1629504,Disease or Syndrome,Terminated
Tacrolimus,DB00864,Graft-vs-Host Disease,C0018133,Disease or Syndrome,Terminated
Sirolimus,DB00877,Graft-vs-Host Disease,C0018133,Disease or Syndrome,Terminated
Everolimus,DB01590,Graft-vs-Host Disease,C0018133,Disease or Syndrome,Terminated
Sorafenib,DB00398,Conventional (Clear Cell) Renal Cell Carcinoma,C0279702,Neoplastic Process,Terminated
Nicotinamide,DB02701,Conventional (Clear Cell) Renal Cell Carcinoma,C0279702,Neoplastic Process,Terminated
Bevacizumab,DB00112,Adenocarcinoma,C0001418,Neoplastic Process,Terminated
Oxaliplatin,DB00526,Adenocarcinoma,C0001418,Neoplastic Process,Terminated
Fluorouracil,DB00544,Adenocarcinoma,C0001418,Neoplastic Process,Terminated
Irinotecan,DB00544,Adenocarcinoma,C0001418,Neoplastic Process,Terminated
Capecitabine,DB00762,Adenocarcinoma,C0001418,Neoplastic Process,Terminated
,DB01101,Adenocarcinoma,C0001418,Neoplastic Process,Terminated
Bevacizumab,DB00112,adult acute basophilic leukemia,C0279631,Neoplastic Process,Terminated
Cytarabine,DB00987,adult acute basophilic leukemia,C0279631,Neoplastic Process,Terminated
Idarubicin,DB01177,adult acute basophilic leukemia,C0279631,Neoplastic Process,Terminated
Bevacizumab,DB00112,adult acute eosinophilic leukemia,C0279630,Neoplastic Process,Terminated
Cytarabine,DB00987,adult acute eosinophilic leukemia,C0279630,Neoplastic Process,Terminated
Idarubicin,DB01177,adult acute eosinophilic leukemia,C0279630,Neoplastic Process,Terminated
Bevacizumab,DB00112,adult acute megakaryoblastic leukemia (M7),C0279632,Neoplastic Process,Terminated
Cytarabine,DB00987,adult acute megakaryoblastic leukemia (M7),C0279632,Neoplastic Process,Terminated
Idarubicin,DB01177,adult acute megakaryoblastic leukemia (M7),C0279632,Neoplastic Process,Terminated
Bevacizumab,DB00112,adult acute minimally differentiated myeloid leukemia (M0),C0281641,Neoplastic Process,Terminated
Cytarabine,DB00987,adult acute minimally differentiated myeloid leukemia (M0),C0281641,Neoplastic Process,Terminated
Idarubicin,DB01177,adult acute minimally differentiated myeloid leukemia (M0),C0281641,Neoplastic Process,Terminated
Bevacizumab,DB00112,adult acute monoblastic leukemia (M5a),C0279629,Neoplastic Process,Terminated
Cytarabine,DB00987,adult acute monoblastic leukemia (M5a),C0279629,Neoplastic Process,Terminated
Idarubicin,DB01177,adult acute monoblastic leukemia (M5a),C0279629,Neoplastic Process,Terminated
Bevacizumab,DB00112,adult acute monocytic leukemia (M5b),C0280634,Neoplastic Process,Terminated
Cytarabine,DB00987,adult acute monocytic leukemia (M5b),C0280634,Neoplastic Process,Terminated
Idarubicin,DB01177,adult acute monocytic leukemia (M5b),C0280634,Neoplastic Process,Terminated
Bevacizumab,DB00112,adult acute myeloblastic leukemia with maturation (M2),C0279624,Neoplastic Process,Terminated
Cytarabine,DB00987,adult acute myeloblastic leukemia with maturation (M2),C0279624,Neoplastic Process,Terminated
Idarubicin,DB01177,adult acute myeloblastic leukemia with maturation (M2),C0279624,Neoplastic Process,Terminated
Bevacizumab,DB00112,Adult Acute Myeloid Leukemia without Maturation,C0279623,Neoplastic Process,Terminated
Cytarabine,DB00987,Adult Acute Myeloid Leukemia without Maturation,C0279623,Neoplastic Process,Terminated
Idarubicin,DB01177,Adult Acute Myeloid Leukemia without Maturation,C0279623,Neoplastic Process,Terminated
Bevacizumab,DB00112,adult acute myeloid leukemia with 11q23 (MLL) abnormalities,C1541334,Neoplastic Process,Terminated
Cytarabine,DB00987,adult acute myeloid leukemia with 11q23 (MLL) abnormalities,C1541334,Neoplastic Process,Terminated
Idarubicin,DB01177,adult acute myeloid leukemia with 11q23 (MLL) abnormalities,C1541334,Neoplastic Process,Terminated
Bevacizumab,DB00112,adult acute myelomonocytic leukemia (M4),C0279627,Neoplastic Process,Terminated
Cytarabine,DB00987,adult acute myelomonocytic leukemia (M4),C0279627,Neoplastic Process,Terminated
Idarubicin,DB01177,adult acute myelomonocytic leukemia (M4),C0279627,Neoplastic Process,Terminated
Bevacizumab,DB00112,adult erythroleukemia (M6a),C1541339,Neoplastic Process,Terminated
Cytarabine,DB00987,adult erythroleukemia (M6a),C1541339,Neoplastic Process,Terminated
Idarubicin,DB01177,adult erythroleukemia (M6a),C1541339,Neoplastic Process,Terminated
Bevacizumab,DB00112,adult pure erythroid leukemia (M6b),C1541340,Neoplastic Process,Terminated
Cytarabine,DB00987,adult pure erythroid leukemia (M6b),C1541340,Neoplastic Process,Terminated
Idarubicin,DB01177,adult pure erythroid leukemia (M6b),C1541340,Neoplastic Process,Terminated
Bevacizumab,DB00112,childhood acute basophilic leukemia,C0279649,Neoplastic Process,Terminated
Cytarabine,DB00987,childhood acute basophilic leukemia,C0279649,Neoplastic Process,Terminated
Idarubicin,DB01177,childhood acute basophilic leukemia,C0279649,Neoplastic Process,Terminated
Bevacizumab,DB00112,childhood acute eosinophilic leukemia,C0279648,Neoplastic Process,Terminated
Cytarabine,DB00987,childhood acute eosinophilic leukemia,C0279648,Neoplastic Process,Terminated
Idarubicin,DB01177,childhood acute eosinophilic leukemia,C0279648,Neoplastic Process,Terminated
Bevacizumab,DB00112,childhood acute erythroleukemia (M6),C0279647,Neoplastic Process,Terminated
Cytarabine,DB00987,childhood acute erythroleukemia (M6),C0279647,Neoplastic Process,Terminated
Idarubicin,DB01177,childhood acute erythroleukemia (M6),C0279647,Neoplastic Process,Terminated
Bevacizumab,DB00112,childhood acute megakaryocytic leukemia (M7),C0279650,Neoplastic Process,Terminated
Cytarabine,DB00987,childhood acute megakaryocytic leukemia (M7),C0279650,Neoplastic Process,Terminated
Idarubicin,DB01177,childhood acute megakaryocytic leukemia (M7),C0279650,Neoplastic Process,Terminated
Bevacizumab,DB00112,childhood acute myeloblastic leukemia with maturation (M2),C0279636,Neoplastic Process,Terminated
Cytarabine,DB00987,childhood acute myeloblastic leukemia with maturation (M2),C0279636,Neoplastic Process,Terminated
Idarubicin,DB01177,childhood acute myeloblastic leukemia with maturation (M2),C0279636,Neoplastic Process,Terminated
Bevacizumab,DB00112,childhood acute myeloblastic leukemia without maturation (M1),C0279634,Neoplastic Process,Terminated
Cytarabine,DB00987,childhood acute myeloblastic leukemia without maturation (M1),C0279634,Neoplastic Process,Terminated
Idarubicin,DB01177,childhood acute myeloblastic leukemia without maturation (M1),C0279634,Neoplastic Process,Terminated
Bevacizumab,DB00112,childhood acute myelomonocytic leukemia (M4),C0279644,Neoplastic Process,Terminated
Cytarabine,DB00987,childhood acute myelomonocytic leukemia (M4),C0279644,Neoplastic Process,Terminated
Idarubicin,DB01177,childhood acute myelomonocytic leukemia (M4),C0279644,Neoplastic Process,Terminated
Bevacizumab,DB00112,secondary acute myeloid leukemia,C0280449,Neoplastic Process,Terminated
Cytarabine,DB00987,secondary acute myeloid leukemia,C0280449,Neoplastic Process,Terminated
Idarubicin,DB01177,secondary acute myeloid leukemia,C0280449,Neoplastic Process,Terminated
Bevacizumab,DB00112,untreated adult acute myeloid leukemia,C0279089,Finding,Terminated
Cytarabine,DB00987,untreated adult acute myeloid leukemia,C0279089,Finding,Terminated
Idarubicin,DB01177,untreated adult acute myeloid leukemia,C0279089,Finding,Terminated
Bevacizumab,DB00112,untreated childhood acute myeloid leukemia and other myeloid malignancies,C0279090,Neoplastic Process,Terminated
Cytarabine,DB00987,untreated childhood acute myeloid leukemia and other myeloid malignancies,C0279090,Neoplastic Process,Terminated
Idarubicin,DB01177,untreated childhood acute myeloid leukemia and other myeloid malignancies,C0279090,Neoplastic Process,Terminated
Cidofovir,DB00369,BK virus nephropathy,C1697878,Disease or Syndrome,Terminated
Sildenafil,DB00203,Pre-Eclampsia,C0032914,Pathologic Function,Terminated
Alefacept,DB00092,Lichen Planus,C0023646,Disease or Syndrome,Terminated
Rituximab,DB00073,Waldenstrom Macroglobulinemia,C0024419,Neoplastic Process,Terminated
Lenalidomide,DB00480,Waldenstrom Macroglobulinemia,C0024419,Neoplastic Process,Terminated
Thalidomide,DB01041,Waldenstrom Macroglobulinemia,C0024419,Neoplastic Process,Terminated
Amlodipine,DB00381,Chronic heart failure,C0264716,Disease or Syndrome,Suspended
Memantine,DB01043,Schizophrenia,C0036341,Mental or Behavioral Dysfunction,Terminated
Pioglitazone,DB01132,HIV-Associated Lipodystrophy Syndrome,C1136321,Disease or Syndrome,Terminated
Memantine,DB01043,Chronic schizophrenia,C0221765,Mental or Behavioral Dysfunction,Terminated
Mycophenolate mofetil,DB00688,Evidence of liver transplantation,C0940823,Acquired Abnormality,Terminated
Tacrolimus,DB00864,Evidence of liver transplantation,C0940823,Acquired Abnormality,Terminated
Mycophenolic acid,DB01024,Evidence of liver transplantation,C0940823,Acquired Abnormality,Terminated
,DB01024,Evidence of liver transplantation,C0940823,Acquired Abnormality,Terminated
Cyclophosphamide,DB00531,"Leukemia, Myelocytic, Acute",C0023467,Neoplastic Process,Terminated
Clonidine,DB00575,Treatment related secondary malignancy,C0877578,Neoplastic Process,Withdrawn
Octreotide,DB00104,Proliferative diabetic retinopathy,C0154830,Disease or Syndrome,Terminated
Oxaliplatin,DB00526,Colonic Neoplasms,C0009375,Neoplastic Process,Terminated
Irinotecan,DB00762,Colonic Neoplasms,C0009375,Neoplastic Process,Terminated
Oxaliplatin,DB00526,Rectal Neoplasms,C0034885,Neoplastic Process,Terminated
Irinotecan,DB00762,Rectal Neoplasms,C0034885,Neoplastic Process,Terminated
Oxaliplatin,DB00526,Appendiceal Neoplasms,C0003614,Neoplastic Process,Terminated
Irinotecan,DB00762,Appendiceal Neoplasms,C0003614,Neoplastic Process,Terminated
Oxaliplatin,DB00526,Peritoneal Neoplasms,C0031149,Neoplastic Process,Terminated
Irinotecan,DB00762,Peritoneal Neoplasms,C0031149,Neoplastic Process,Terminated
Oxaliplatin,DB00526,Endocrine Gland Neoplasms,C0014132,Neoplastic Process,Terminated
Irinotecan,DB00762,Endocrine Gland Neoplasms,C0014132,Neoplastic Process,Terminated
Estradiol,DB00783,Malignant epithelial neoplasm of female breast,C3163805,Neoplastic Process,Terminated
Fulvestrant,DB00947,Malignant epithelial neoplasm of female breast,C3163805,Neoplastic Process,Terminated
Rituximab,DB00073,Primary Effusion Lymphoma,C1292753,Neoplastic Process,Terminated
Doxorubicin,DB00997,Primary Effusion Lymphoma,C1292753,Neoplastic Process,Terminated
Rituximab,DB00073,"Malignant lymphoma, lymphocytic, intermediate differentiation, diffuse",C0334634,Neoplastic Process,Terminated
Fludarabine,DB01073,"Malignant lymphoma, lymphocytic, intermediate differentiation, diffuse",C0334634,Neoplastic Process,Terminated
Mitoxantrone,DB01204,"Malignant lymphoma, lymphocytic, intermediate differentiation, diffuse",C0334634,Neoplastic Process,Terminated
Gemcitabine,DB00441,Carcinoma of unknown primary,C0220647,Neoplastic Process,Terminated
Fluorouracil,DB00544,Carcinoma of unknown primary,C0220647,Neoplastic Process,Terminated
Carboplatin,DB00958,Carcinoma of unknown primary,C0220647,Neoplastic Process,Terminated
Capecitabine,DB01101,Carcinoma of unknown primary,C0220647,Neoplastic Process,Terminated
Cisplatin,DB00515,Esophageal Neoplasms,C0014859,Neoplastic Process,Terminated
Methotrexate,DB00563,Urticaria,C0042109,Disease or Syndrome,Terminated
Donepezil,DB00843,Schizophrenia,C0036341,Mental or Behavioral Dysfunction,Terminated
Alemtuzumab,DB00087,"Leukemia, Myelocytic, Acute",C0023467,Neoplastic Process,Withdrawn
Simvastatin,DB00641,Depressive disorder,C0011581,Mental or Behavioral Dysfunction,Terminated
Simvastatin,DB00641,Coronary Artery Disease,C1956346,Disease or Syndrome,Terminated
Sertraline,DB01104,Coronary Artery Disease,C1956346,Disease or Syndrome,Terminated
Omeprazole,DB00338,Nausea,C0027497,Sign or Symptom,Terminated
Esomeprazole,DB00736,Nausea,C0027497,Sign or Symptom,Terminated
Erythropoietin,DB00016,Malignant neoplasm of gastrointestinal tract,C0685938,Neoplastic Process,Terminated
Pentoxifylline,DB00806,"Hepatitis, Alcoholic",C0019187,Disease or Syndrome,Terminated
Dexamethasone,DB01234,Malignant neoplasm of lung,C0242379,Neoplastic Process,Terminated
,DB01234,Malignant neoplasm of lung,C0242379,Neoplastic Process,Terminated
Salicylic acid,DB00936,Adenomatous polyp of colon,C0850572,Neoplastic Process,Terminated
Acetylsalicylic acid,DB00945,Adenomatous polyp of colon,C0850572,Neoplastic Process,Terminated
Cyclophosphamide,DB00531,long-term effects secondary to cancer therapy in children,C0280954,Finding,Suspended
Mannitol,DB00742,long-term effects secondary to cancer therapy in children,C0280954,Finding,Suspended
Etoposide,DB00773,long-term effects secondary to cancer therapy in children,C0280954,Finding,Suspended
Carboplatin,DB00773,long-term effects secondary to cancer therapy in children,C0280954,Finding,Suspended
Acetylcysteine,DB00958,long-term effects secondary to cancer therapy in children,C0280954,Finding,Suspended
Sodium thiosulfate,DB06151,long-term effects secondary to cancer therapy in children,C0280954,Finding,Suspended
,DB09499,long-term effects secondary to cancer therapy in children,C0280954,Finding,Suspended
Ganciclovir,DB01004,Cytomegalovirus Infections,C0010823,Disease or Syndrome,Terminated
Valganciclovir,DB01610,Cytomegalovirus Infections,C0010823,Disease or Syndrome,Terminated
,DB01234,Multiple Myeloma,C0026764,Neoplastic Process,Withdrawn
Rituximab,DB00073,"Purpura, Thrombotic Thrombocytopenic",C0034155,Disease or Syndrome,Withdrawn
Atorvastatin,DB01076,Inflammation,C0021368,Pathologic Function,Terminated
Levofloxacin,DB01137,"Lymphoma, Non-Hodgkin",C0024305,Neoplastic Process,Terminated
Ofloxacin,DB01165,"Lymphoma, Non-Hodgkin",C0024305,Neoplastic Process,Terminated
,DB01234,"Lymphoma, Non-Hodgkin",C0024305,Neoplastic Process,Terminated
Capecitabine,DB01101,Malignant tumor of colon,C0007102,Neoplastic Process,Terminated
Tenecteplase,DB00031,Pulmonary Embolism,C0034065,Disease or Syndrome,Terminated
Nandrolone phenpropionate,DB00984,Malnutrition,C0162429,Disease or Syndrome,Terminated
Nandrolone decanoate,DB08804,Malnutrition,C0162429,Disease or Syndrome,Terminated
Nandrolone phenpropionate,DB00984,Critical Illness,C0010340,Disease or Syndrome,Terminated
Nandrolone decanoate,DB08804,Critical Illness,C0010340,Disease or Syndrome,Terminated
Azacitidine,DB00928,leukemia,C0023418,Neoplastic Process,Terminated
Arsenic trioxide,DB01169,leukemia,C0023418,Neoplastic Process,Terminated
Topiramate,DB00273,Obesity,C0028754,Disease or Syndrome,Terminated
Topiramate,DB00273,Obesity,C0028754,Disease or Syndrome,Terminated
Topiramate,DB00273,Hyperlipidemia,C0020473,Disease or Syndrome,Terminated
Topiramate,DB00273,Hypertriglyceridemia,C0020557,Disease or Syndrome,Terminated
Belinostat,DB05015,"Lymphoma, T-Cell, Cutaneous",C0079773,Neoplastic Process,Terminated
Belinostat,DB05015,"Lymphoma, Non-Hodgkin",C0024305,Neoplastic Process,Terminated
Rituximab,DB00073,Immune thrombocytopenic purpura,C0398650,Disease or Syndrome,Terminated
Methylphenidate,DB00422,Asthenia,C0004093,Sign or Symptom,Terminated
Arsenic trioxide,DB01169,MYELODYSPLASTIC SYNDROME,C3463824,Neoplastic Process,Terminated
Pemetrexed,DB00642,Malignant neoplasm of lung,C0242379,Neoplastic Process,Terminated
Simvastatin,DB00641,Dyslipidemias,C0242339,Disease or Syndrome,Terminated
Atorvastatin,DB01076,Dyslipidemias,C0242339,Disease or Syndrome,Terminated
Simvastatin,DB00641,Hyperlipidemia,C0020473,Disease or Syndrome,Terminated
Atorvastatin,DB01076,Hyperlipidemia,C0020473,Disease or Syndrome,Terminated
Simvastatin,DB00641,Hyperlipidemia,C0020473,Disease or Syndrome,Terminated
Atorvastatin,DB01076,Hyperlipidemia,C0020473,Disease or Syndrome,Terminated
Simvastatin,DB00641,Dyslipidemias,C0242339,Disease or Syndrome,Terminated
Ezetimibe,DB00973,Dyslipidemias,C0242339,Disease or Syndrome,Terminated
Atorvastatin,DB01076,Dyslipidemias,C0242339,Disease or Syndrome,Terminated
Erythropoietin,DB00016,Chemotherapy-induced peripheral neuropathy,C3873567,Disease or Syndrome,Terminated
Diclofenac,DB00586,Non-cyclical mastalgia,C0405473,Sign or Symptom,Terminated
Octreotide,DB00104,Diabetic Retinopathy,C0011884,Disease or Syndrome,Terminated
Bupropion,DB01156,Tobacco Dependence,C0040332,Mental or Behavioral Dysfunction,Terminated
Imatinib,DB00619,Chronic myeloproliferative disorder,C1292778,Neoplastic Process,Terminated
Floxuridine,DB00322,Malignant tumor of colon,C0007102,Neoplastic Process,Terminated
Oxaliplatin,DB00526,Malignant tumor of colon,C0007102,Neoplastic Process,Terminated
Capecitabine,DB00544,Malignant tumor of colon,C0007102,Neoplastic Process,Terminated
,DB01101,Malignant tumor of colon,C0007102,Neoplastic Process,Terminated
Aldesleukin,DB00041,"Lymphoma, Non-Hodgkin",C0024305,Neoplastic Process,Terminated
Mitomycin,DB00305,Malignant tumor of colon,C0007102,Neoplastic Process,Terminated
Irinotecan,DB00762,Malignant tumor of colon,C0007102,Neoplastic Process,Terminated
Ganciclovir,DB01004,Cytomegalovirus Infections,C0010823,Disease or Syndrome,Terminated
Valganciclovir,DB01610,Cytomegalovirus Infections,C0010823,Disease or Syndrome,Terminated
Toremifene,DB00539,"Neoplasms, Hormone-Dependent",C0027661,Neoplastic Process,Terminated
Letrozole,DB01006,"Neoplasms, Hormone-Dependent",C0027661,Neoplastic Process,Terminated
Clofarabine,DB00631,Multiple Myeloma,C0026764,Neoplastic Process,Terminated
Rituximab,DB00073,leukemia,C0023418,Neoplastic Process,Terminated
Ritonavir,DB00503,HIV-1 infection,C2363741,Disease or Syndrome,Terminated
Pemetrexed,DB00642,Lung Neoplasms,C0024121,Neoplastic Process,Terminated
Pemetrexed,DB00642,Malignant neoplasm of lung,C0242379,Neoplastic Process,Terminated
Etodolac,DB00749,Multiple Myeloma,C0026764,Neoplastic Process,Terminated
Labetalol,DB00598,Pregnancy associated hypertension,C0852036,Pathologic Function,Suspended
Magnesium Sulfate,DB00653,Pregnancy associated hypertension,C0852036,Pathologic Function,Suspended
Labetalol,DB00598,hypertension chronic,C0745114,Finding,Suspended
Magnesium Sulfate,DB00653,hypertension chronic,C0745114,Finding,Suspended
Topiramate,DB00273,Metabolic Syndrome X,C0524620,Disease or Syndrome,Suspended
Cisplatin,DB00515,Non-Small Cell Lung Carcinoma,C0007131,Neoplastic Process,Terminated
Hydroxocobalamin,DB00200,Cerebral Edema,C0006114,Pathologic Function,Terminated
Bevacizumab,DB00112,Malignant neoplasm of lung,C0242379,Neoplastic Process,Terminated
Carboplatin,DB00958,Malignant neoplasm of lung,C0242379,Neoplastic Process,Terminated
Docetaxel,DB01248,Malignant neoplasm of lung,C0242379,Neoplastic Process,Terminated
Methamphetamine,DB01577,Depressive disorder,C0011581,Mental or Behavioral Dysfunction,Terminated
Methamphetamine,DB01577,Sexually Transmitted Diseases,C0036916,Disease or Syndrome,Terminated
Topotecan,DB01030,Malignant neoplasm of lung,C0242379,Neoplastic Process,Terminated
Topotecan,DB01030,"unspecified adult solid tumor, protocol specific",C0279004,Neoplastic Process,Terminated
Carboplatin,DB00958,Malignant neoplasm of lung,C0242379,Neoplastic Process,Terminated
Paclitaxel,DB01229,Malignant neoplasm of lung,C0242379,Neoplastic Process,Terminated
Modafinil,DB00745,Pain,C0030193,Sign or Symptom,Terminated
Armodafinil,DB06413,Pain,C0030193,Sign or Symptom,Terminated
Gemcitabine,DB00441,leukemia,C0023418,Neoplastic Process,Terminated
Mitoxantrone,DB01204,leukemia,C0023418,Neoplastic Process,Terminated
Leuprolide,DB00007,Multiple Myeloma,C0026764,Neoplastic Process,Terminated
Leuprolide,DB00007,"Malignant lymphoma, lymphocytic, intermediate differentiation, diffuse",C0334634,Neoplastic Process,Terminated
Lidocaine,DB00281,Carpal Tunnel Syndrome,C0007286,Disease or Syndrome,Terminated
Cyclosporine,DB00091,"Leukemia, Large Granular Lymphocytic",C1522378,Neoplastic Process,Terminated
Darbepoetin alfa,DB00012,Chronic Kidney Diseases,C1561643,Disease or Syndrome,Terminated
Dacarbazine,DB00851,Glioblastoma,C0017636,Neoplastic Process,Terminated
Temozolomide,DB00853,Glioblastoma,C0017636,Neoplastic Process,Terminated
Dacarbazine,DB00851,gliosarcoma,C0206726,Neoplastic Process,Terminated
Temozolomide,DB00853,gliosarcoma,C0206726,Neoplastic Process,Terminated
Micafungin,DB01141,invasive aspergillosis,C0238013,Disease or Syndrome,Terminated
Pregabalin,DB00230,Epilepsy,C0014544,Disease or Syndrome,Terminated
Fenofibrate,DB01039,Obesity,C0028754,Disease or Syndrome,Withdrawn
Cyclosporine,DB00091,"Hepatitis C, Chronic",C0524910,Disease or Syndrome,Terminated
Cyclosporine,DB00091,Evidence of liver transplantation,C0940823,Acquired Abnormality,Terminated
Erlotinib,DB00530,Malignant neoplasm of lung,C0242379,Neoplastic Process,Withdrawn
Temozolomide,DB00853,Malignant neoplasm of lung,C0242379,Neoplastic Process,Withdrawn
Clopidogrel,DB00758,Atherosclerosis,C0004153,Disease or Syndrome,Terminated
Cangrelor,DB06441,Atherosclerosis,C0004153,Disease or Syndrome,Terminated
Cyclophosphamide,DB00531,Myelofibrosis due to another disorder,C0242006,Disease or Syndrome,Terminated
Mycophenolate mofetil,DB00688,Myelofibrosis due to another disorder,C0242006,Disease or Syndrome,Terminated
Mycophenolic acid,DB01024,Myelofibrosis due to another disorder,C0242006,Disease or Syndrome,Terminated
Fludarabine,DB01024,Myelofibrosis due to another disorder,C0242006,Disease or Syndrome,Terminated
,DB01073,Myelofibrosis due to another disorder,C0242006,Disease or Syndrome,Terminated
Cyclophosphamide,DB00531,leukemia,C0023418,Neoplastic Process,Terminated
Mycophenolate mofetil,DB00688,leukemia,C0023418,Neoplastic Process,Terminated
Mycophenolic acid,DB01024,leukemia,C0023418,Neoplastic Process,Terminated
Fludarabine,DB01024,leukemia,C0023418,Neoplastic Process,Terminated
,DB01073,leukemia,C0023418,Neoplastic Process,Terminated
Infliximab,DB00065,Toxic Epidermal Necrolysis,C0014518,Disease or Syndrome,Withdrawn
Trastuzumab,DB00072,Neoplasm Metastasis,C0027627,Neoplastic Process,Terminated
Doxorubicin,DB00997,Neoplasm Metastasis,C0027627,Neoplastic Process,Terminated
Docetaxel,DB01248,Neoplasm Metastasis,C0027627,Neoplastic Process,Terminated
Peginterferon alfa-2b,DB00022,Liver Cirrhosis,C0023890,Disease or Syndrome,Withdrawn
Cyclosporine,DB00091,Psoriasis,C0033860,Disease or Syndrome,Withdrawn
Salmon Calcitonin,DB00017,Degenerative polyarthritis,C0029408,Disease or Syndrome,Terminated
Methadone,DB00333,Pain,C0030193,Sign or Symptom,Terminated
Imatinib,DB00619,leukemia,C0023418,Neoplastic Process,Terminated
Dasatinib,DB01254,leukemia,C0023418,Neoplastic Process,Terminated
Doxorubicin,DB00997,ovarian neoplasm,C0919267,Neoplastic Process,Terminated
Methadone,DB00333,Pain,C0030193,Sign or Symptom,Terminated
Reboxetine,DB00234,Pain,C0030193,Sign or Symptom,Terminated
Irinotecan,DB00762,Astrocytoma,C0004114,Neoplastic Process,Terminated
Sirolimus,DB00877,Non-Small Cell Lung Carcinoma,C0007131,Neoplastic Process,Withdrawn
Donepezil,DB00843,Advanced cancer,C0877373,Neoplastic Process,Terminated
Pregabalin,DB00230,Herpes zoster disease,C0019360,Disease or Syndrome,Terminated
Pemetrexed,DB00642,Esophageal Neoplasms,C0014859,Neoplastic Process,Terminated
Carboplatin,DB00958,Esophageal Neoplasms,C0014859,Neoplastic Process,Terminated
Romidepsin,DB06176,recurrent adult diffuse large cell lymphoma,C0280188,Neoplastic Process,Terminated
Romidepsin,DB06176,Mantle cell lymphoma recurrent,C0677725,Neoplastic Process,Terminated
Infliximab,DB00065,Lupus Nephritis,C0024143,Disease or Syndrome,Terminated
Azathioprine,DB00993,Lupus Nephritis,C0024143,Disease or Syndrome,Terminated
Bevacizumab,DB00112,Colorectal Neoplasms,C0009404,Neoplastic Process,Terminated
Azacitidine,DB00928,Chronic myeloproliferative disorder,C1292778,Neoplastic Process,Terminated
Azacitidine,DB00928,Myelofibrosis due to another disorder,C0242006,Disease or Syndrome,Terminated
Nitazoxanide,DB00507,Clostridium difficile infection,C0343386,Disease or Syndrome,Terminated
Vancomycin,DB00512,Clostridium difficile infection,C0343386,Disease or Syndrome,Terminated
Nitazoxanide,DB00507,Clostridium Infections,C0009062,Disease or Syndrome,Terminated
Vancomycin,DB00512,Clostridium Infections,C0009062,Disease or Syndrome,Terminated
Hydroxyurea,DB01005,Pulmonary Hypertension,C0020542,Pathologic Function,Terminated
Mitomycin,DB00305,Urinary Bladder Diseases,C0005686,Disease or Syndrome,Terminated
Mitomycin,DB00305,Bladder Neoplasm,C0005695,Neoplastic Process,Terminated
Mitomycin,DB00305,Malignant neoplasm of urinary bladder,C0005684,Neoplastic Process,Terminated
Mitomycin,DB00305,Urologic Diseases,C0042075,Disease or Syndrome,Terminated
Mitomycin,DB00305,Urologic Neoplasms,C0042076,Neoplastic Process,Terminated
Everolimus,DB01590,Malignant tumor of colon,C0007102,Neoplastic Process,Terminated
Teriparatide,DB06285,Myelofibrosis,C0026987,Neoplastic Process,Terminated
Cisplatin,DB00515,untreated childhood medulloblastoma,C0338341,Finding,Suspended
Cyclophosphamide,DB00531,untreated childhood medulloblastoma,C0338341,Finding,Suspended
Vincristine,DB00541,untreated childhood medulloblastoma,C0338341,Finding,Suspended
Carboplatin,DB00958,untreated childhood medulloblastoma,C0338341,Finding,Suspended
Isotretinoin,DB00982,untreated childhood medulloblastoma,C0338341,Finding,Suspended
Cisplatin,DB00515,untreated childhood supratentorial primitive neuroectodermal tumors,C0338333,Neoplastic Process,Suspended
Cyclophosphamide,DB00531,untreated childhood supratentorial primitive neuroectodermal tumors,C0338333,Neoplastic Process,Suspended
Vincristine,DB00541,untreated childhood supratentorial primitive neuroectodermal tumors,C0338333,Neoplastic Process,Suspended
Carboplatin,DB00958,untreated childhood supratentorial primitive neuroectodermal tumors,C0338333,Neoplastic Process,Suspended
Isotretinoin,DB00982,untreated childhood supratentorial primitive neuroectodermal tumors,C0338333,Neoplastic Process,Suspended
Cisplatin,DB00515,Malignant neoplasm of lung,C0242379,Neoplastic Process,Terminated
Pemetrexed,DB00642,Malignant neoplasm of lung,C0242379,Neoplastic Process,Terminated
Bevacizumab,DB00112,Malignant tumor of colon,C0007102,Neoplastic Process,Terminated
Oxaliplatin,DB00526,Malignant tumor of colon,C0007102,Neoplastic Process,Terminated
Capecitabine,DB00544,Malignant tumor of colon,C0007102,Neoplastic Process,Terminated
,DB01101,Malignant tumor of colon,C0007102,Neoplastic Process,Terminated
Bevacizumab,DB00112,Secondary malignant neoplasm of liver,C0494165,Neoplastic Process,Terminated
Oxaliplatin,DB00526,Secondary malignant neoplasm of liver,C0494165,Neoplastic Process,Terminated
Fluorouracil,DB00544,Secondary malignant neoplasm of liver,C0494165,Neoplastic Process,Terminated
Capecitabine,DB00544,Secondary malignant neoplasm of liver,C0494165,Neoplastic Process,Terminated
,DB01101,Secondary malignant neoplasm of liver,C0494165,Neoplastic Process,Terminated
Simvastatin,DB00641,Diabetes Mellitus,C0011849,Disease or Syndrome,Terminated
Ezetimibe,DB00973,Diabetes Mellitus,C0011849,Disease or Syndrome,Terminated
Atorvastatin,DB01076,Diabetes Mellitus,C0011849,Disease or Syndrome,Terminated
Trastuzumab,DB00072,cognitive/functional effects,C0935657,Finding,Withdrawn
Methotrexate,DB00563,cognitive/functional effects,C0935657,Finding,Withdrawn
Carboplatin,DB00958,cognitive/functional effects,C0935657,Finding,Withdrawn
Sodium thiosulfate,DB09499,cognitive/functional effects,C0935657,Finding,Withdrawn
Valproic Acid,DB00313,Locally advanced breast cancer,C3495949,Neoplastic Process,Terminated
Hydralazine,DB01275,Locally advanced breast cancer,C3495949,Neoplastic Process,Terminated
Heparin,DB01109,Diabetic Angiopathies,C0011875,Disease or Syndrome,Terminated
Pegfilgrastim,DB00019,Multiple Myeloma,C0026764,Neoplastic Process,Terminated
Cocaine,DB00907,Cocaine Dependence,C0600427,Mental or Behavioral Dysfunction,Terminated
Vigabatrin,DB01080,Cocaine Dependence,C0600427,Mental or Behavioral Dysfunction,Terminated
Cetuximab,DB00002,Multiple Myeloma,C0026764,Neoplastic Process,Terminated
,DB01234,Multiple Myeloma,C0026764,Neoplastic Process,Terminated
Scopolamine,DB00747,Unipolar Depression,C0041696,Mental or Behavioral Dysfunction,Terminated
Fluorouracil,DB00544,Esophageal Neoplasms,C0014859,Neoplastic Process,Terminated
Carboplatin,DB00544,Esophageal Neoplasms,C0014859,Neoplastic Process,Terminated
Capecitabine,DB00958,Esophageal Neoplasms,C0014859,Neoplastic Process,Terminated
,DB01101,Esophageal Neoplasms,C0014859,Neoplastic Process,Terminated
Fluorouracil,DB00544,Adenocarcinoma,C0001418,Neoplastic Process,Terminated
Carboplatin,DB00544,Adenocarcinoma,C0001418,Neoplastic Process,Terminated
Capecitabine,DB00958,Adenocarcinoma,C0001418,Neoplastic Process,Terminated
,DB01101,Adenocarcinoma,C0001418,Neoplastic Process,Terminated
Bevacizumab,DB00112,Adenocarcinoma of lung (disorder),C0152013,Neoplastic Process,Terminated
Carboplatin,DB00958,Adenocarcinoma of lung (disorder),C0152013,Neoplastic Process,Terminated
Paclitaxel,DB01229,Adenocarcinoma of lung (disorder),C0152013,Neoplastic Process,Terminated
Bevacizumab,DB00112,Large cell carcinoma of lung,C0345958,Neoplastic Process,Terminated
Carboplatin,DB00958,Large cell carcinoma of lung,C0345958,Neoplastic Process,Terminated
Paclitaxel,DB01229,Large cell carcinoma of lung,C0345958,Neoplastic Process,Terminated
Bevacizumab,DB00112,Non-small cell lung cancer stage II,C0278505,Neoplastic Process,Terminated
Carboplatin,DB00958,Non-small cell lung cancer stage II,C0278505,Neoplastic Process,Terminated
Paclitaxel,DB01229,Non-small cell lung cancer stage II,C0278505,Neoplastic Process,Terminated
Bevacizumab,DB00112,Non-small cell lung cancer stage IIIA,C0278983,Neoplastic Process,Terminated
Carboplatin,DB00958,Non-small cell lung cancer stage IIIA,C0278983,Neoplastic Process,Terminated
Paclitaxel,DB01229,Non-small cell lung cancer stage IIIA,C0278983,Neoplastic Process,Terminated
Imatinib,DB00619,Choroidal retinal neovascularization,C0271066,Disease or Syndrome,Withdrawn
Imatinib,DB00619,Choroidal Neovascularization,C0600518,Pathologic Function,Withdrawn
Bevacizumab,DB00112,Malignant neoplasm of lung,C0242379,Neoplastic Process,Terminated
Folic Acid,DB00158,Malignant neoplasm of lung,C0242379,Neoplastic Process,Terminated
Hydroxocobalamin,DB00200,Malignant neoplasm of lung,C0242379,Neoplastic Process,Terminated
Pemetrexed,DB00642,Malignant neoplasm of lung,C0242379,Neoplastic Process,Terminated
Carboplatin,DB00958,Malignant neoplasm of lung,C0242379,Neoplastic Process,Terminated
Cisplatin,DB00515,Squamous cell carcinoma,C0007137,Neoplastic Process,Terminated
Fluorouracil,DB00544,Squamous cell carcinoma,C0007137,Neoplastic Process,Terminated
Docetaxel,DB01248,Squamous cell carcinoma,C0007137,Neoplastic Process,Terminated
Imatinib,DB00619,Metastatic melanoma,C0278883,Neoplastic Process,Terminated
Sirolimus,DB00877,Metastatic melanoma,C0278883,Neoplastic Process,Terminated
Everolimus,DB01590,Metastatic melanoma,C0278883,Neoplastic Process,Terminated
Metoprolol,DB00264,Cardiac Arrest,C0018790,Disease or Syndrome,Terminated
Metoprolol,DB00264,Sudden Cardiac Death,C0085298,Pathologic Function,Terminated
Metoprolol,DB00264,Ventricular Fibrillation,C0042510,Disease or Syndrome,Terminated
Cetuximab,DB00002,Colorectal Neoplasms,C0009404,Neoplastic Process,Terminated
Irinotecan,DB00762,Colorectal Neoplasms,C0009404,Neoplastic Process,Terminated
Minocycline,DB01017,Carotid Stenosis,C0007282,Disease or Syndrome,Terminated
Lithium,DB01356,Major Depressive Disorder,C1269683,Mental or Behavioral Dysfunction,Terminated
Azacitidine,DB00928,Multiple Myeloma,C0026764,Neoplastic Process,Terminated
Salbutamol,DB01001,Status Asthmaticus,C0038218,Disease or Syndrome,Terminated
Aminosalicylic Acid,DB00233,Crohn Disease,C0010346,Disease or Syndrome,Terminated
Alemtuzumab,DB00087,leukemia,C0023418,Neoplastic Process,Terminated
Fludarabine,DB01073,leukemia,C0023418,Neoplastic Process,Terminated
Bevacizumab,DB00112,Malignant neoplasm of lung,C0242379,Neoplastic Process,Withdrawn
Bortezomib,DB00188,Malignant neoplasm of lung,C0242379,Neoplastic Process,Withdrawn
Rituximab,DB00073,B-Cell Lymphomas,C0079731,Neoplastic Process,Terminated
Bortezomib,DB00188,B-Cell Lymphomas,C0079731,Neoplastic Process,Terminated
Cyclophosphamide,DB00531,B-Cell Lymphomas,C0079731,Neoplastic Process,Terminated
Dexamethasone,DB01234,B-Cell Lymphomas,C0079731,Neoplastic Process,Terminated
,DB01234,B-Cell Lymphomas,C0079731,Neoplastic Process,Terminated
Cytarabine,DB00987,leukemia,C0023418,Neoplastic Process,Withdrawn
Prednisone,DB00635,Multiple Myeloma,C0026764,Neoplastic Process,Terminated
Defibrotide,DB04932,Multiple Myeloma,C0026764,Neoplastic Process,Terminated
Peginterferon alfa-2b,DB00022,leukemia,C0023418,Neoplastic Process,Terminated
Imatinib,DB00619,leukemia,C0023418,Neoplastic Process,Terminated
Azacitidine,DB00928,leukemia,C0023418,Neoplastic Process,Terminated
Sorafenib,DB00398,Non-Small Cell Lung Carcinoma,C0007131,Neoplastic Process,Terminated
Cisplatin,DB00515,Non-Small Cell Lung Carcinoma,C0007131,Neoplastic Process,Terminated
Etoposide,DB00773,Non-Small Cell Lung Carcinoma,C0007131,Neoplastic Process,Terminated
,DB00773,Non-Small Cell Lung Carcinoma,C0007131,Neoplastic Process,Terminated
Gabapentin,DB00996,Chronic intractable pain,C0476481,Sign or Symptom,Terminated
Abatacept,DB01281,Crohn Disease,C0010346,Disease or Syndrome,Terminated
Sirolimus,DB00877,Malignant neoplasm of lung,C0242379,Neoplastic Process,Terminated
Docetaxel,DB01248,Malignant neoplasm of lung,C0242379,Neoplastic Process,Terminated
Everolimus,DB01590,Malignant neoplasm of lung,C0242379,Neoplastic Process,Terminated
Rituximab,DB00073,Lupus Nephritis,C0024143,Disease or Syndrome,Withdrawn
Bevacizumab,DB00112,Non-Small Cell Lung Carcinoma,C0007131,Neoplastic Process,Terminated
Erlotinib,DB00530,adult brain tumor,C0220624,Neoplastic Process,Terminated
Topotecan,DB01030,Neuroblastoma,C0027819,Neoplastic Process,Withdrawn
Fentanyl,DB00813,Chronic pain,C0150055,Sign or Symptom,Terminated
Fentanyl,DB00813,Breakthrough Pain,C1135120,Sign or Symptom,Terminated
Citalopram,DB00215,Malignant tumor of colon,C0007102,Neoplastic Process,Terminated
Citalopram,DB00215,Malignant neoplasm of stomach,C0024623,Neoplastic Process,Terminated
Citalopram,DB00215,Malignant neoplasm of lung,C0242379,Neoplastic Process,Terminated
Dacarbazine,DB00851,Astrocytoma,C0004114,Neoplastic Process,Terminated
Temozolomide,DB00853,Astrocytoma,C0004114,Neoplastic Process,Terminated
Dacarbazine,DB00851,Mixed Oligodendroglioma-Astrocytoma,C0280793,Neoplastic Process,Terminated
Temozolomide,DB00853,Mixed Oligodendroglioma-Astrocytoma,C0280793,Neoplastic Process,Terminated
Sunitinib,DB01268,Acute Undifferentiated Leukemia,C0280141,Neoplastic Process,Terminated
Sunitinib,DB01268,adult acute lymphoblastic leukemia in remission,C0279095,Neoplastic Process,Terminated
Sunitinib,DB01268,adult acute myeloid leukemia in remission,C0279094,Neoplastic Process,Terminated
Sunitinib,DB01268,adult acute myeloid leukemia with 11q23 (MLL) abnormalities,C1541334,Neoplastic Process,Terminated
Sunitinib,DB01268,adult acute myeloid leukemia with inv(16)(p13;q22),C1541333,Neoplastic Process,Terminated
Sunitinib,DB01268,adult acute myeloid leukemia with t(15;17)(q22;q12),C1541335,Neoplastic Process,Terminated
Sunitinib,DB01268,adult acute myeloid leukemia with t(16;16)(p13;q22),C1541332,Neoplastic Process,Terminated
Sunitinib,DB01268,adult acute myeloid leukemia with t(8;21)(q22;q22),C1541331,Neoplastic Process,Terminated
Sunitinib,DB01268,"Leukemia, Myeloid, Chronic, Atypical, BCR-ABL Negative",C1292772,Neoplastic Process,Terminated
Sunitinib,DB01268,"Leukemia, Myelomonocytic, Chronic",C0023480,Neoplastic Process,Terminated
Sunitinib,DB01268,"Leukemia, Mast-Cell",C0023461,Neoplastic Process,Terminated
Sunitinib,DB01268,meningeal chronic myelogenous leukemia,C0279083,Neoplastic Process,Terminated
Sunitinib,DB01268,Primary Myelofibrosis,C0001815,Neoplastic Process,Terminated
Sunitinib,DB01268,"progressive hairy cell leukemia, initial treatment",C0279779,Neoplastic Process,Terminated
Sunitinib,DB01268,Prolymphocytic Leukemia,C0023486,Neoplastic Process,Terminated
Sunitinib,DB01268,recurrent adult acute lymphoblastic leukemia,C0278785,Neoplastic Process,Terminated
Sunitinib,DB01268,recurrent adult acute myeloid leukemia,C0278780,Neoplastic Process,Terminated
Sunitinib,DB01268,Chronic lymphocytic leukaemia refractory,C0278791,Neoplastic Process,Terminated
Sunitinib,DB01268,Hairy cell leukaemia recurrent,C0279780,Neoplastic Process,Terminated
Sunitinib,DB01268,chronic myelogenous leukemia in relapse,C0278787,Neoplastic Process,Terminated
Sunitinib,DB01268,secondary acute myeloid leukemia,C0280449,Neoplastic Process,Terminated
Sunitinib,DB01268,Chronic lymphocytic leukaemia stage 1,C0278767,Neoplastic Process,Terminated
Sunitinib,DB01268,Chronic lymphocytic leukaemia stage 2,C0854803,Neoplastic Process,Terminated
Sunitinib,DB01268,Chronic lymphocytic leukaemia stage 3,C0278769,Neoplastic Process,Terminated
Sunitinib,DB01268,Chronic lymphocytic leukaemia stage 4,C0854804,Neoplastic Process,Terminated
Sunitinib,DB01268,T-Cell Large Granular Lymphocyte Leukemia,C1955861,Neoplastic Process,Terminated
Sunitinib,DB01268,untreated adult acute lymphoblastic leukemia,C0279088,Finding,Terminated
Sunitinib,DB01268,untreated adult acute myeloid leukemia,C0279089,Finding,Terminated
Sunitinib,DB01268,untreated hairy cell leukemia,C0279778,Finding,Terminated
Phenylephrine,DB00388,Fecal Incontinence,C0015732,Disease or Syndrome,Withdrawn
Oxymetazoline,DB00935,Fecal Incontinence,C0015732,Disease or Syndrome,Withdrawn
Losartan,DB00678,Prehypertension,C1696708,Disease or Syndrome,Terminated
Hydrochlorothiazide,DB00999,Prehypertension,C1696708,Disease or Syndrome,Terminated
Losartan,DB00678,Prediabetes syndrome,C0362046,Disease or Syndrome,Terminated
Hydrochlorothiazide,DB00999,Prediabetes syndrome,C0362046,Disease or Syndrome,Terminated
Methylprednisolone,DB00860,Multiple Sclerosis,C0026769,Disease or Syndrome,Terminated
,DB00959,Multiple Sclerosis,C0026769,Disease or Syndrome,Terminated
Gemcitabine,DB00441,cervical cancer,C4048328,Neoplastic Process,Terminated
Lidocaine,DB00281,Overactive Bladder,C0878773,Disease or Syndrome,Terminated
Bevacizumab,DB00112,Non-Small Cell Lung Carcinoma,C0007131,Neoplastic Process,Terminated
Carboplatin,DB00958,Non-Small Cell Lung Carcinoma,C0007131,Neoplastic Process,Terminated
Sunitinib,DB01268,Non-Small Cell Lung Carcinoma,C0007131,Neoplastic Process,Terminated
Ketoprofen,DB01009,Tendinitis,C0039503,Disease or Syndrome,Terminated
Ketoprofen,DB01009,Bursitis,C0006444,Disease or Syndrome,Terminated
Flucloxacillin,DB00301,Chronic Kidney Diseases,C1561643,Disease or Syndrome,Suspended
Salbutamol,DB01001,"Respiratory Distress Syndrome, Adult",C0035222,Disease or Syndrome,Terminated
Sunitinib,DB01268,Pancreatic Endocrine Carcinoma,C1328479,Neoplastic Process,Terminated
Sunitinib,DB01268,Pancreatic carcinoma,C0235974,Neoplastic Process,Terminated
Dutasteride,DB01126,Benign Prostatic Hyperplasia,C1704272,Neoplastic Process,Terminated
Imatinib,DB00619,Malignant Peripheral Nerve Sheath Tumor,C0751690,Neoplastic Process,Terminated
Lorazepam,DB00186,Nausea,C0027497,Sign or Symptom,Terminated
Ondansetron,DB00904,Nausea,C0027497,Sign or Symptom,Terminated
Promethazine,DB01069,Nausea,C0027497,Sign or Symptom,Terminated
Diphenhydramine,DB01075,Nausea,C0027497,Sign or Symptom,Terminated
Dexamethasone,DB01234,Nausea,C0027497,Sign or Symptom,Terminated
,DB01234,Nausea,C0027497,Sign or Symptom,Terminated
Lorazepam,DB00186,Vomiting,C0042963,Sign or Symptom,Terminated
Ondansetron,DB00904,Vomiting,C0042963,Sign or Symptom,Terminated
Promethazine,DB01069,Vomiting,C0042963,Sign or Symptom,Terminated
Diphenhydramine,DB01075,Vomiting,C0042963,Sign or Symptom,Terminated
Dexamethasone,DB01234,Vomiting,C0042963,Sign or Symptom,Terminated
,DB01234,Vomiting,C0042963,Sign or Symptom,Terminated
Lorazepam,DB00186,"unspecified childhood solid tumor, protocol specific",C0279002,Neoplastic Process,Terminated
Ondansetron,DB00904,"unspecified childhood solid tumor, protocol specific",C0279002,Neoplastic Process,Terminated
Promethazine,DB01069,"unspecified childhood solid tumor, protocol specific",C0279002,Neoplastic Process,Terminated
Diphenhydramine,DB01075,"unspecified childhood solid tumor, protocol specific",C0279002,Neoplastic Process,Terminated
Dexamethasone,DB01234,"unspecified childhood solid tumor, protocol specific",C0279002,Neoplastic Process,Terminated
,DB01234,"unspecified childhood solid tumor, protocol specific",C0279002,Neoplastic Process,Terminated
Benzylpenicillin,DB01053,Psoriasis,C0033860,Disease or Syndrome,Terminated
Procaine benzylpenicillin,DB01053,Psoriasis,C0033860,Disease or Syndrome,Terminated
Benzathine benzylpenicillin,DB01053,Psoriasis,C0033860,Disease or Syndrome,Terminated
,DB09320,Psoriasis,C0033860,Disease or Syndrome,Terminated
,DB09323,Psoriasis,C0033860,Disease or Syndrome,Terminated
Cyclophosphamide,DB00531,Lupus Nephritis,C0024143,Disease or Syndrome,Terminated
Mycophenolate mofetil,DB00688,Lupus Nephritis,C0024143,Disease or Syndrome,Terminated
Prednisolone,DB00860,Lupus Nephritis,C0024143,Disease or Syndrome,Terminated
Azathioprine,DB00993,Lupus Nephritis,C0024143,Disease or Syndrome,Terminated
Mycophenolic acid,DB01024,Lupus Nephritis,C0024143,Disease or Syndrome,Terminated
,DB01024,Lupus Nephritis,C0024143,Disease or Syndrome,Terminated
Cisplatin,DB00515,Squamous cell carcinoma,C0007137,Neoplastic Process,Terminated
Mometasone,DB00764,Sinusitis,C0037199,Disease or Syndrome,Terminated
Clavulanate,DB00766,Sinusitis,C0037199,Disease or Syndrome,Terminated
Amoxicillin,DB01060,Sinusitis,C0037199,Disease or Syndrome,Terminated
Rituximab,DB00073,Churg-Strauss Syndrome,C0008728,Disease or Syndrome,Terminated
Carboplatin,DB00958,Fallopian Tube Neoplasms,C0015558,Neoplastic Process,Terminated
Paclitaxel,DB01229,Fallopian Tube Neoplasms,C0015558,Neoplastic Process,Terminated
Carboplatin,DB00958,ovarian neoplasm,C0919267,Neoplastic Process,Terminated
Paclitaxel,DB01229,ovarian neoplasm,C0919267,Neoplastic Process,Terminated
Sunitinib,DB01268,Recurrent disease,C0277556,Disease or Syndrome,Terminated
Folic Acid,DB00158,Infertility,C0021359,Pathologic Function,Terminated
Anastrozole,DB01217,Obesity,C0028754,Disease or Syndrome,Terminated
Sorafenib,DB00398,"unspecified adult solid tumor, protocol specific",C0279004,Neoplastic Process,Terminated
Nicotinamide,DB02701,"unspecified adult solid tumor, protocol specific",C0279004,Neoplastic Process,Terminated
Sodium phenylbutyrate,DB06819,"Muscular Atrophy, Spinal, Type II",C0393538,Disease or Syndrome,Terminated
Sodium phenylbutyrate,DB06819,Juvenile Spinal Muscular Atrophy,C0152109,Disease or Syndrome,Terminated
Asparaginase,DB00023,recurrent childhood acute lymphoblastic leukemia,C0278519,Neoplastic Process,Terminated
Pegaspargase,DB00059,recurrent childhood acute lymphoblastic leukemia,C0278519,Neoplastic Process,Terminated
Doxorubicin,DB00997,recurrent childhood acute lymphoblastic leukemia,C0278519,Neoplastic Process,Terminated
Dexamethasone,DB01234,recurrent childhood acute lymphoblastic leukemia,C0278519,Neoplastic Process,Terminated
,DB01234,recurrent childhood acute lymphoblastic leukemia,C0278519,Neoplastic Process,Terminated
Carboplatin,DB00958,Non-Small Cell Lung Carcinoma,C0007131,Neoplastic Process,Terminated
Olanzapine,DB00334,Schizoaffective Disorder,C0036337,Mental or Behavioral Dysfunction,Withdrawn
Daptomycin,DB00080,"Skin Diseases, Infectious",C0037278,Disease or Syndrome,Terminated
Vancomycin,DB00512,"Skin Diseases, Infectious",C0037278,Disease or Syndrome,Terminated
Teicoplanin,DB06149,"Skin Diseases, Infectious",C0037278,Disease or Syndrome,Terminated
Daptomycin,DB00080,Soft Tissue Infections,C0149778,Disease or Syndrome,Terminated
Vancomycin,DB00512,Soft Tissue Infections,C0149778,Disease or Syndrome,Terminated
Teicoplanin,DB06149,Soft Tissue Infections,C0149778,Disease or Syndrome,Terminated
Atorvastatin,DB01076,Venous Thromboembolism,C1861172,Pathologic Function,Terminated
Ropivacaine,DB00296,Phantom Limb Syndrome,C0031315,Disease or Syndrome,Terminated
Darbepoetin alfa,DB00012,Chronic Kidney Diseases,C1561643,Disease or Syndrome,Terminated
Darbepoetin alfa,DB00012,Kidney Diseases,C0022658,Disease or Syndrome,Terminated
Mycophenolate mofetil,DB00688,Interstitial Cystitis,C0282488,Disease or Syndrome,Terminated
Mycophenolic acid,DB01024,Interstitial Cystitis,C0282488,Disease or Syndrome,Terminated
,DB01024,Interstitial Cystitis,C0282488,Disease or Syndrome,Terminated
Mycophenolate mofetil,DB00688,Painful Bladder Syndrome,C1720830,Disease or Syndrome,Terminated
Mycophenolic acid,DB01024,Painful Bladder Syndrome,C1720830,Disease or Syndrome,Terminated
,DB01024,Painful Bladder Syndrome,C1720830,Disease or Syndrome,Terminated
Dapsone,DB00250,Pemphigus Vulgaris,C0030809,Disease or Syndrome,Terminated
Mycophenolate mofetil,DB00688,"Lupus Erythematosus, Systemic",C0024141,Disease or Syndrome,Terminated
Mycophenolic acid,DB01024,"Lupus Erythematosus, Systemic",C0024141,Disease or Syndrome,Terminated
Abatacept,DB01024,"Lupus Erythematosus, Systemic",C0024141,Disease or Syndrome,Terminated
,DB01281,"Lupus Erythematosus, Systemic",C0024141,Disease or Syndrome,Terminated
Ciprofloxacin,DB00537,Inflammation,C0021368,Pathologic Function,Terminated
Triamcinolone,DB00620,Inflammation,C0021368,Pathologic Function,Terminated
,DB00620,Inflammation,C0021368,Pathologic Function,Terminated
,DB00620,Inflammation,C0021368,Pathologic Function,Terminated
Ciprofloxacin,DB00537,Bacterial Infections,C0004623,Disease or Syndrome,Terminated
Triamcinolone,DB00620,Bacterial Infections,C0004623,Disease or Syndrome,Terminated
,DB00620,Bacterial Infections,C0004623,Disease or Syndrome,Terminated
,DB00620,Bacterial Infections,C0004623,Disease or Syndrome,Terminated
Belinostat,DB05015,Multiple Myeloma,C0026764,Neoplastic Process,Terminated
Hydroxyprogesterone caproate,DB06789,Premature Birth,C0151526,Finding,Terminated
Hydroxyprogesterone caproate,DB06789,transvaginal ultrasound: length of cervix,C2145605,Finding,Terminated
Lidocaine,DB00281,Vulvar Vestibulitis,C0269084,Disease or Syndrome,Terminated
Chloroquine,DB00608,Malaria,C0024530,Disease or Syndrome,Suspended
Erythropoietin,DB00016,Kidney Failure,C0035078,Disease or Syndrome,Terminated
Alemtuzumab,DB00087,leukemia,C0023418,Neoplastic Process,Terminated
Pentostatin,DB00552,leukemia,C0023418,Neoplastic Process,Terminated
Rosiglitazone,DB00412,Chronic Kidney Diseases,C1561643,Disease or Syndrome,Terminated
Alfuzosin,DB00346,Urinary Retention,C0080274,Finding,Terminated
Omeprazole,DB00338,Solid tumour,C0280100,Neoplastic Process,Withdrawn
Midazolam,DB00683,Solid tumour,C0280100,Neoplastic Process,Withdrawn
Bevacizumab,DB00112,Esophageal Neoplasms,C0014859,Neoplastic Process,Terminated
Erlotinib,DB00530,Esophageal Neoplasms,C0014859,Neoplastic Process,Terminated
Bevacizumab,DB00112,Esophageal Diseases,C0014852,Disease or Syndrome,Terminated
Erlotinib,DB00530,Esophageal Diseases,C0014852,Disease or Syndrome,Terminated
Flibanserin,DB04908,Psychosexual Disorders,C0033953,Mental or Behavioral Dysfunction,Terminated
Vincristine,DB00541,Multiple Myeloma,C0026764,Neoplastic Process,Terminated
,DB01234,Multiple Myeloma,C0026764,Neoplastic Process,Terminated
Methamphetamine,DB01577,Anxiety,C0003467,Mental or Behavioral Dysfunction,Withdrawn
Methamphetamine,DB01577,Substance Dependence,C0038580,Mental or Behavioral Dysfunction,Withdrawn
Sildenafil,DB00203,Coronary Artery Vasospasm,C0010073,Disease or Syndrome,Suspended
Tolterodine,DB01036,Overactive Bladder,C0878773,Disease or Syndrome,Terminated
Tolterodine,DB01036,Urinary Incontinence,C0042024,Pathologic Function,Terminated
Sodium phenylbutyrate,DB06819,HMN (Hereditary Motor Neuropathy) Proximal Type I,C0043116,Disease or Syndrome,Terminated
Rituximab,DB00073,B-Cell Lymphomas,C0079731,Neoplastic Process,Terminated
Rituximab,DB00073,"Lymphoma, Diffuse",C3714542,Neoplastic Process,Terminated
Rimonabant,DB06155,Microalbuminuria,C0730345,Finding,Terminated
Rimonabant,DB06155,Dyslipidemias,C0242339,Disease or Syndrome,Terminated
Gemcitabine,DB00441,Unknown Primary Tumors,C0087135,Neoplastic Process,Withdrawn
Cisplatin,DB00515,Unknown Primary Tumors,C0087135,Neoplastic Process,Withdrawn
Paclitaxel,DB01229,Unknown Primary Tumors,C0087135,Neoplastic Process,Withdrawn
Cyclosporine,DB00091,Corneal Diseases,C0010034,Disease or Syndrome,Terminated
Carboplatin,DB00958,Non-Small Cell Lung Carcinoma,C0007131,Neoplastic Process,Terminated
Mycophenolate mofetil,DB00688,Lupus Nephritis,C0024143,Disease or Syndrome,Terminated
Mycophenolic acid,DB01024,Lupus Nephritis,C0024143,Disease or Syndrome,Terminated
,DB01024,Lupus Nephritis,C0024143,Disease or Syndrome,Terminated
Oxaliplatin,DB00526,Malignant neoplasm of stomach,C0024623,Neoplastic Process,Suspended
Tretinoin,DB00755,Neuroblastoma,C0027819,Neoplastic Process,Terminated
Isotretinoin,DB00982,Neuroblastoma,C0027819,Neoplastic Process,Terminated
Piracetam,DB09210,"Epilepsy, Post-Traumatic",C0014557,Injury or Poisoning,Terminated
Levonorgestrel,DB00367,Hereditary Nonpolyposis Colorectal Cancer,C1333990,Neoplastic Process,Terminated
Norgestrel,DB09389,Hereditary Nonpolyposis Colorectal Cancer,C1333990,Neoplastic Process,Terminated
Quetiapine,DB01224,Methamphetamine dependence,C1533217,Mental or Behavioral Dysfunction,Terminated
Methamphetamine,DB01577,Methamphetamine dependence,C1533217,Mental or Behavioral Dysfunction,Terminated
Ticlopidine,DB00208,Acute Coronary Syndrome,C0948089,Disease or Syndrome,Terminated
Salicylic acid,DB00936,Acute Coronary Syndrome,C0948089,Disease or Syndrome,Terminated
Acetylsalicylic acid,DB00945,Acute Coronary Syndrome,C0948089,Disease or Syndrome,Terminated
Ticlopidine,DB00208,Myocardial Infarction,C0027051,Disease or Syndrome,Terminated
Clopidogrel,DB00758,Myocardial Infarction,C0027051,Disease or Syndrome,Terminated
Gemcitabine,DB00441,Carcinoma,C0007097,Neoplastic Process,Terminated
Bexarotene,DB00307,Schizophrenia,C0036341,Mental or Behavioral Dysfunction,Withdrawn
Bexarotene,DB00307,Schizoaffective Disorder,C0036337,Mental or Behavioral Dysfunction,Withdrawn
Methadone,DB00333,Pain,C0030193,Sign or Symptom,Terminated
Cyclosporine,DB00091,Myeloid Leukemia,C0023470,Neoplastic Process,Terminated
Mycophenolate mofetil,DB00688,Myeloid Leukemia,C0023470,Neoplastic Process,Terminated
Mycophenolic acid,DB01024,Myeloid Leukemia,C0023470,Neoplastic Process,Terminated
Cyclosporine,DB00091,leukemia,C0023418,Neoplastic Process,Terminated
Mycophenolate mofetil,DB00688,leukemia,C0023418,Neoplastic Process,Terminated
Mycophenolic acid,DB01024,leukemia,C0023418,Neoplastic Process,Terminated
Omeprazole,DB00338,Laryngeal Diseases,C0023051,Disease or Syndrome,Withdrawn
Esomeprazole,DB00736,Laryngeal Diseases,C0023051,Disease or Syndrome,Withdrawn
Finasteride,DB01216,Benign Prostatic Hyperplasia,C1704272,Neoplastic Process,Withdrawn
Cisplatin,DB00515,Malignant neoplasm of stomach,C0024623,Neoplastic Process,Terminated
Alemtuzumab,DB00087,leukemia,C0023418,Neoplastic Process,Terminated
Cyclophosphamide,DB00531,leukemia,C0023418,Neoplastic Process,Terminated
Busulfan,DB01008,leukemia,C0023418,Neoplastic Process,Terminated
Bevacizumab,DB00112,Renal Cell Carcinoma,C0007134,Neoplastic Process,Withdrawn
Temozolomide,DB00853,Cutaneous Melanoma,C0151779,Neoplastic Process,Terminated
Carboplatin,DB00958,Cutaneous Melanoma,C0151779,Neoplastic Process,Terminated
Paclitaxel,DB01229,Cutaneous Melanoma,C0151779,Neoplastic Process,Terminated
Ketamine,DB01221,Traumatic Brain Injury,C0876926,Injury or Poisoning,Withdrawn
Rituximab,DB00073,Chronic rejection of renal transplant,C0403592,Disease or Syndrome,Terminated
Celecoxib,DB00482,Malignant neoplasm of lung,C0242379,Neoplastic Process,Terminated
Pemetrexed,DB00642,Malignant neoplasm of lung,C0242379,Neoplastic Process,Terminated
Docetaxel,DB01248,Malignant neoplasm of lung,C0242379,Neoplastic Process,Terminated
Sunitinib,DB01268,Kaposi's sarcoma classical type,C0279084,Neoplastic Process,Withdrawn
Ethanol,DB00898,Pancreatic Cyst,C0030283,Disease or Syndrome,Terminated
Bevacizumab,DB00112,Malignant tumor of colon,C0007102,Neoplastic Process,Terminated
Oxaliplatin,DB00526,Malignant tumor of colon,C0007102,Neoplastic Process,Terminated
Methylprednisolone,DB00860,"Lupus Erythematosus, Systemic",C0024141,Disease or Syndrome,Terminated
,DB00959,"Lupus Erythematosus, Systemic",C0024141,Disease or Syndrome,Terminated
Trastuzumab,DB00072,Advanced breast cancer,C3495917,Neoplastic Process,Terminated
Etoposide,DB00773,Neuroblastoma,C0027819,Neoplastic Process,Terminated
Carboplatin,DB00958,Neuroblastoma,C0027819,Neoplastic Process,Terminated
Melphalan,DB01042,Neuroblastoma,C0027819,Neoplastic Process,Terminated
Prednisolone,DB00860,Lupus Nephritis,C0024143,Disease or Syndrome,Withdrawn
Methylprednisolone,DB00860,Lupus Nephritis,C0024143,Disease or Syndrome,Withdrawn
,DB00860,Lupus Nephritis,C0024143,Disease or Syndrome,Withdrawn
,DB00959,Lupus Nephritis,C0024143,Disease or Syndrome,Withdrawn
,DB00959,Lupus Nephritis,C0024143,Disease or Syndrome,Withdrawn
Nicotine,DB00184,Postoperative Nausea and Vomiting,C0520909,Sign or Symptom,Terminated
Sirolimus,DB00877,Hepatitis C recurrent,C2938989,Disease or Syndrome,Terminated
Everolimus,DB01590,Hepatitis C recurrent,C2938989,Disease or Syndrome,Terminated
Penicillamine,DB00859,Lead Poisoning,C0023176,Injury or Poisoning,Withdrawn
Imatinib,DB00619,Pulmonary Hypertension,C0020542,Pathologic Function,Terminated
Topiramate,DB00273,Epilepsy,C0014544,Disease or Syndrome,Terminated
Piracetam,DB09210,Epilepsy,C0014544,Disease or Syndrome,Terminated
Erlotinib,DB00530,Malignant neoplasm of lung,C0242379,Neoplastic Process,Terminated
,DB01234,Multiple Myeloma,C0026764,Neoplastic Process,Terminated
Methadone,DB00333,Pain,C0030193,Sign or Symptom,Terminated
Cisplatin,DB00515,Primary peritoneal carcinoma,C1514428,Neoplastic Process,Terminated
Paclitaxel,DB01229,Primary peritoneal carcinoma,C1514428,Neoplastic Process,Terminated
,DB01234,Multiple Myeloma,C0026764,Neoplastic Process,Withdrawn
Gemcitabine,DB00441,Pancreatic Neoplasm,C0030297,Neoplastic Process,Terminated
Belimumab,DB08879,Rheumatoid Arthritis,C0003873,Disease or Syndrome,Terminated
Clofarabine,DB00631,leukemia,C0023418,Neoplastic Process,Terminated
,DB01234,Multiple Myeloma,C0026764,Neoplastic Process,Terminated
Bevacizumab,DB00112,Malignant tumor of colon,C0007102,Neoplastic Process,Terminated
Vidarabine,DB00194,"Lymphoma, Non-Hodgkin",C0024305,Neoplastic Process,Terminated
Fludarabine,DB01073,"Lymphoma, Non-Hodgkin",C0024305,Neoplastic Process,Terminated
Peginterferon alfa-2b,DB00022,Solid tumour,C0280100,Neoplastic Process,Terminated
Imatinib,DB00619,Solid tumour,C0280100,Neoplastic Process,Terminated
Docetaxel,DB01248,Malignant neoplasm of lung,C0242379,Neoplastic Process,Terminated
Paclitaxel,DB01229,"Mammary Carcinoma, Human",C1257930,Neoplastic Process,Terminated
Capecitabine,DB01101,Malignant tumor of colon,C0007102,Neoplastic Process,Terminated
Vancomycin,DB00512,"Pneumonia, Ventilator-Associated",C1701940,Disease or Syndrome,Terminated
Milrinone,DB00235,Congenital Heart Defects,C0018798,Congenital Abnormality,Terminated
Sorafenib,DB00398,Malignant neoplasm of lung,C0242379,Neoplastic Process,Terminated
Nitric Oxide,DB00435,Varicose Ulcer,C0042344,Disease or Syndrome,Terminated
Carboplatin,DB00958,Malignant neoplasm of lung,C0242379,Neoplastic Process,Terminated
Paclitaxel,DB01229,Malignant neoplasm of lung,C0242379,Neoplastic Process,Terminated
Cisplatin,DB00515,Esophageal Neoplasms,C0014859,Neoplastic Process,Terminated
Fluorouracil,DB00544,Esophageal Neoplasms,C0014859,Neoplastic Process,Terminated
Progesterone,DB00396,Premature Birth,C0151526,Finding,Terminated
Tadalafil,DB00820,Priapism,C0033117,Disease or Syndrome,Terminated
Cisplatin,DB00515,Adenocarcinoma Of Esophagus,C0279628,Neoplastic Process,Terminated
Cisplatin,DB00515,Squamous cell carcinoma,C0007137,Neoplastic Process,Terminated
Dasatinib,DB01234,Multiple Myeloma,C0026764,Neoplastic Process,Terminated
,DB01254,Multiple Myeloma,C0026764,Neoplastic Process,Terminated
Mycophenolate mofetil,DB00688,Lupus Nephritis,C0024143,Disease or Syndrome,Terminated
Mycophenolic acid,DB01024,Lupus Nephritis,C0024143,Disease or Syndrome,Terminated
,DB01024,Lupus Nephritis,C0024143,Disease or Syndrome,Terminated
Aminolevulinic acid,DB00855,"Leukoplakia, Oral",C0023532,Neoplastic Process,Terminated
Dacarbazine,DB00851,Adenocarcinoma,C0001418,Neoplastic Process,Terminated
Temozolomide,DB00853,Adenocarcinoma,C0001418,Neoplastic Process,Terminated
Dacarbazine,DB00851,"Carcinoma, Large Cell",C0206704,Neoplastic Process,Terminated
Temozolomide,DB00853,"Carcinoma, Large Cell",C0206704,Neoplastic Process,Terminated
Alprostadil,DB00770,Pulmonary Hypertension,C0020542,Pathologic Function,Withdrawn
Erythropoietin,DB00016,Brain Injuries,C0270611,Injury or Poisoning,Terminated
Erythropoietin,DB00016,Ventricular hemorrhage,C0240059,Pathologic Function,Terminated
Erythropoietin,DB00016,"Leukomalacia, Periventricular",C0023529,Disease or Syndrome,Terminated
Prednisone,DB00635,Adenocarcinoma of prostate,C0007112,Neoplastic Process,Withdrawn
Docetaxel,DB01248,Adenocarcinoma of prostate,C0007112,Neoplastic Process,Withdrawn
Phenylacetic acid,DB09269,Hepatic Encephalopathy,C0019151,Disease or Syndrome,Terminated
Fluticasone Propionate,DB00588,Bronchiolitis,C0006271,Disease or Syndrome,Terminated
Teriparatide,DB06285,Osteoporosis,C0029456,Disease or Syndrome,Withdrawn
Fondaparinux sodium,DB00569,Malignant neoplasm of ovary,C1140680,Neoplastic Process,Withdrawn
Busulfan,DB01008,Retinoblastoma,C0035335,Neoplastic Process,Terminated
Ifosfamide,DB01181,Retinoblastoma,C0035335,Neoplastic Process,Terminated
Lithium,DB01356,Canavan Disease,C0206307,Disease or Syndrome,Withdrawn
Parecoxib,DB08439,Pain,C0030193,Sign or Symptom,Terminated
Etoposide,DB00773,"Leukemia, Myelocytic, Acute",C0023467,Neoplastic Process,Terminated
Mitoxantrone,DB00773,"Leukemia, Myelocytic, Acute",C0023467,Neoplastic Process,Terminated
,DB01204,"Leukemia, Myelocytic, Acute",C0023467,Neoplastic Process,Terminated
Nelfinavir,DB00220,Diarrhea,C0011991,Sign or Symptom,Terminated
Zidovudine,DB00495,Diarrhea,C0011991,Sign or Symptom,Terminated
Lamivudine,DB00709,Diarrhea,C0011991,Sign or Symptom,Terminated
Calcium carbonate,DB06724,Diarrhea,C0011991,Sign or Symptom,Terminated
Simvastatin,DB00641,Atherosclerosis,C0004153,Disease or Syndrome,Terminated
Ezetimibe,DB00973,Atherosclerosis,C0004153,Disease or Syndrome,Terminated
Doxorubicin,DB00997,ovarian neoplasm,C0919267,Neoplastic Process,Terminated
Paclitaxel,DB01229,ovarian neoplasm,C0919267,Neoplastic Process,Terminated
Lenalidomide,DB00480,T-Cell Lymphoma,C0079772,Neoplastic Process,Terminated
Thalidomide,DB01041,T-Cell Lymphoma,C0079772,Neoplastic Process,Terminated
Vorinostat,DB02546,adult acute megakaryoblastic leukemia (M7),C0279632,Neoplastic Process,Terminated
Vorinostat,DB02546,adult acute minimally differentiated myeloid leukemia (M0),C0281641,Neoplastic Process,Terminated
Vorinostat,DB02546,adult acute monoblastic leukemia (M5a),C0279629,Neoplastic Process,Terminated
Vorinostat,DB02546,adult acute monocytic leukemia (M5b),C0280634,Neoplastic Process,Terminated
Vorinostat,DB02546,adult acute myeloblastic leukemia with maturation (M2),C0279624,Neoplastic Process,Terminated
Vorinostat,DB02546,Adult Acute Myeloid Leukemia without Maturation,C0279623,Neoplastic Process,Terminated
Vorinostat,DB02546,adult acute myeloid leukemia with 11q23 (MLL) abnormalities,C1541334,Neoplastic Process,Terminated
Vorinostat,DB02546,adult acute myeloid leukemia with inv(16)(p13;q22),C1541333,Neoplastic Process,Terminated
Vorinostat,DB02546,adult acute myeloid leukemia with t(16;16)(p13;q22),C1541332,Neoplastic Process,Terminated
Vorinostat,DB02546,adult acute myeloid leukemia with t(8;21)(q22;q22),C1541331,Neoplastic Process,Terminated
Vorinostat,DB02546,adult acute myelomonocytic leukemia (M4),C0279627,Neoplastic Process,Terminated
Vorinostat,DB02546,adult erythroleukemia (M6a),C1541339,Neoplastic Process,Terminated
Vorinostat,DB02546,adult pure erythroid leukemia (M6b),C1541340,Neoplastic Process,Terminated
Vorinostat,DB02546,untreated adult acute myeloid leukemia,C0279089,Finding,Terminated
Morphine,DB00295,Advanced cancer,C0877373,Neoplastic Process,Terminated
Methadone,DB00333,Advanced cancer,C0877373,Neoplastic Process,Terminated
Morphine,DB00295,Solid tumour,C0280100,Neoplastic Process,Terminated
Methadone,DB00333,Solid tumour,C0280100,Neoplastic Process,Terminated
Aldesleukin,DB00041,leukemia,C0023418,Neoplastic Process,Terminated
Rituximab,DB00073,leukemia,C0023418,Neoplastic Process,Terminated
Fludarabine,DB01073,leukemia,C0023418,Neoplastic Process,Terminated
Teriparatide,DB06285,Hypocalcemia,C0020598,Disease or Syndrome,Terminated
Cyclophosphamide,DB00531,leukemia,C0023418,Neoplastic Process,Terminated
Clofarabine,DB00631,leukemia,C0023418,Neoplastic Process,Terminated
Cyclophosphamide,DB00531,Hodgkin Disease,C0019829,Neoplastic Process,Terminated
Clofarabine,DB00631,Hodgkin Disease,C0019829,Neoplastic Process,Terminated
Clofarabine,DB00631,Multiple Myeloma,C0026764,Neoplastic Process,Terminated
Reboxetine,DB00234,Diabetic Neuropathies,C0011882,Disease or Syndrome,Terminated
Irinotecan,DB00762,Malignant tumor of colon,C0007102,Neoplastic Process,Terminated
Oxaliplatin,DB00526,Malignant tumor of colon,C0007102,Neoplastic Process,Terminated
Capecitabine,DB01101,Malignant tumor of colon,C0007102,Neoplastic Process,Terminated
Iloprost,DB01088,Systemic Scleroderma,C0036421,Disease or Syndrome,Terminated
Cetuximab,DB00002,Esophageal carcinoma,C0152018,Neoplastic Process,Withdrawn
Bevacizumab,DB00112,Esophageal carcinoma,C0152018,Neoplastic Process,Withdrawn
Bevacizumab,DB00112,Renal Cell Carcinoma,C0007134,Neoplastic Process,Terminated
Zonisamide,DB00909,Epilepsy,C0014544,Disease or Syndrome,Terminated
Mesalazine,DB00244,Diverticulitis,C0012813,Disease or Syndrome,Terminated
Lenalidomide,DB00480,Advanced cancer,C0877373,Neoplastic Process,Terminated
Thalidomide,DB01041,Advanced cancer,C0877373,Neoplastic Process,Terminated
Lenalidomide,DB00480,Pain,C0030193,Sign or Symptom,Terminated
Thalidomide,DB01041,Pain,C0030193,Sign or Symptom,Terminated
Alemtuzumab,DB00087,"Lupus Erythematosus, Systemic",C0024141,Disease or Syndrome,Terminated
Busulfan,DB01008,"Lupus Erythematosus, Systemic",C0024141,Disease or Syndrome,Terminated
Fludarabine,DB01073,"Lupus Erythematosus, Systemic",C0024141,Disease or Syndrome,Terminated
Alemtuzumab,DB00087,Systemic Scleroderma,C0036421,Disease or Syndrome,Terminated
Busulfan,DB01008,Systemic Scleroderma,C0036421,Disease or Syndrome,Terminated
Fludarabine,DB01073,Systemic Scleroderma,C0036421,Disease or Syndrome,Terminated
Adalimumab,DB00051,Sarcoidosis,C0036202,Disease or Syndrome,Withdrawn
Propranolol,DB00571,Cocaine Dependence,C0600427,Mental or Behavioral Dysfunction,Terminated
Lovastatin,DB00227,Severe persistent asthma,C1960048,Disease or Syndrome,Withdrawn
Pramipexole,DB00413,Fibromyalgia,C0016053,Disease or Syndrome,Terminated
Nitroprusside,DB00325,Sarcopenia,C0872084,Disease or Syndrome,Terminated
Adalimumab,DB00051,Pyoderma Gangrenosum,C0085652,Disease or Syndrome,Withdrawn
Alfuzosin,DB00346,Multiple Sclerosis,C0026769,Disease or Syndrome,Terminated
Alfuzosin,DB00346,Bladder dysfunction,C0232841,Pathologic Function,Terminated
Pioglitazone,DB01132,Amyotrophic Lateral Sclerosis,C0002736,Disease or Syndrome,Terminated
Zonisamide,DB00909,Epilepsy,C0014544,Disease or Syndrome,Terminated
Ziprasidone,DB00246,Schizoaffective Disorder,C0036337,Mental or Behavioral Dysfunction,Terminated
Citalopram,DB00215,Sleeplessness,C0917801,Sign or Symptom,Terminated
Bevacizumab,DB00112,Malignant tumor of colon,C0007102,Neoplastic Process,Terminated
Oxaliplatin,DB00526,Malignant tumor of colon,C0007102,Neoplastic Process,Terminated
Irinotecan,DB00544,Malignant tumor of colon,C0007102,Neoplastic Process,Terminated
Capecitabine,DB00762,Malignant tumor of colon,C0007102,Neoplastic Process,Terminated
,DB01101,Malignant tumor of colon,C0007102,Neoplastic Process,Terminated
Pyrimethamine,DB00205,"Malaria, antepartum",C0747820,Disease or Syndrome,Terminated
Sulfadoxine,DB01299,"Malaria, antepartum",C0747820,Disease or Syndrome,Terminated
Treprostinil,DB00374,Hamman-Rich syndrome,C0085786,Disease or Syndrome,Terminated
Treprostinil,DB00374,Pulmonary Hypertension,C0020542,Pathologic Function,Terminated
Pemetrexed,DB00642,Primary central nervous system lymphoma,C0280803,Neoplastic Process,Withdrawn
Lenalidomide,DB00480,Adult T-Cell Lymphoma/Leukemia,C0023493,Neoplastic Process,Terminated
Thalidomide,DB01041,Adult T-Cell Lymphoma/Leukemia,C0023493,Neoplastic Process,Terminated
Lenalidomide,DB00480,Angioimmunoblastic Lymphadenopathy,C0020981,Neoplastic Process,Terminated
Thalidomide,DB01041,Angioimmunoblastic Lymphadenopathy,C0020981,Neoplastic Process,Terminated
Lenalidomide,DB00480,Ki-1+ Anaplastic Large Cell Lymphoma,C0206180,Neoplastic Process,Terminated
Thalidomide,DB01041,Ki-1+ Anaplastic Large Cell Lymphoma,C0206180,Neoplastic Process,Terminated
Salmon Calcitonin,DB00017,Degenerative polyarthritis,C0029408,Disease or Syndrome,Terminated
Testosterone,DB00624,Hypogonadism,C0020619,Disease or Syndrome,Withdrawn
Methyltestosterone,DB00624,Hypogonadism,C0020619,Disease or Syndrome,Withdrawn
,DB00624,Hypogonadism,C0020619,Disease or Syndrome,Withdrawn
,DB06710,Hypogonadism,C0020619,Disease or Syndrome,Withdrawn
Aldesleukin,DB00041,Cutaneous Melanoma,C0151779,Neoplastic Process,Terminated
Fludarabine,DB01073,Cutaneous Melanoma,C0151779,Neoplastic Process,Terminated
Aldesleukin,DB00041,"unspecified adult solid tumor, protocol specific",C0279004,Neoplastic Process,Terminated
Fludarabine,DB01073,"unspecified adult solid tumor, protocol specific",C0279004,Neoplastic Process,Terminated
Temozolomide,DB00853,Glioblastoma,C0017636,Neoplastic Process,Withdrawn
Aminolevulinic acid,DB00855,Cervical Intraepithelial Neoplasia,C0206708,Neoplastic Process,Terminated
Riboflavin,DB00140,progressive keratoconus,C2114756,Disease or Syndrome,Withdrawn
Riboflavin,DB00140,Corneal ectasia,C0155135,Disease or Syndrome,Withdrawn
Peginterferon alfa-2b,DB00022,"unspecified adult solid tumor, protocol specific",C0279004,Neoplastic Process,Terminated
Decitabine,DB01262,"unspecified adult solid tumor, protocol specific",C0279004,Neoplastic Process,Terminated
Heparin,DB01109,Burn injury,C0006434,Injury or Poisoning,Withdrawn
Bisoprolol,DB00612,Chronic Obstructive Airway Disease,C0024117,Disease or Syndrome,Terminated
Calfactant,DB06415,"Respiratory Distress Syndrome, Adult",C0035222,Disease or Syndrome,Terminated
Exenatide,DB01276,Diabetes Mellitus,C0011849,Disease or Syndrome,Terminated
Bevacizumab,DB00112,Colorectal Carcinoma,C0009402,Neoplastic Process,Withdrawn
Folic Acid,DB00158,Colorectal Carcinoma,C0009402,Neoplastic Process,Withdrawn
Levoleucovorin,DB11596,Colorectal Carcinoma,C0009402,Neoplastic Process,Withdrawn
Bevacizumab,DB00112,Secondary malignant neoplasm of liver,C0494165,Neoplastic Process,Withdrawn
Folic Acid,DB00158,Secondary malignant neoplasm of liver,C0494165,Neoplastic Process,Withdrawn
Levoleucovorin,DB11596,Secondary malignant neoplasm of liver,C0494165,Neoplastic Process,Withdrawn
Ethanol,DB00898,Pregnancy in Adolescence,C0032968,Finding,Terminated
Mefloquine,DB00358,"Leukoencephalopathy, Progressive Multifocal",C0023524,Disease or Syndrome,Terminated
Exemestane,DB00990,Advanced breast cancer,C3495917,Neoplastic Process,Terminated
Tenofovir,DB00300,Hepatitis B,C0019163,Disease or Syndrome,Terminated
,DB00300,Hepatitis B,C0019163,Disease or Syndrome,Terminated
Nitric Oxide,DB00435,MRSA - Methicillin resistant Staphylococcus aureus infection,C0343401,Disease or Syndrome,Terminated
Alemtuzumab,DB00087,leukemia,C0023418,Neoplastic Process,Terminated
Vidarabine,DB00194,leukemia,C0023418,Neoplastic Process,Terminated
Cyclophosphamide,DB00531,leukemia,C0023418,Neoplastic Process,Terminated
Busulfan,DB01008,leukemia,C0023418,Neoplastic Process,Terminated
Fludarabine,DB01073,leukemia,C0023418,Neoplastic Process,Terminated
Thiotepa,DB04572,leukemia,C0023418,Neoplastic Process,Terminated
Alemtuzumab,DB00087,Neuroblastoma,C0027819,Neoplastic Process,Terminated
Vidarabine,DB00194,Neuroblastoma,C0027819,Neoplastic Process,Terminated
Busulfan,DB01008,Neuroblastoma,C0027819,Neoplastic Process,Terminated
Fludarabine,DB01073,Neuroblastoma,C0027819,Neoplastic Process,Terminated
Thiotepa,DB04572,Neuroblastoma,C0027819,Neoplastic Process,Terminated
Alemtuzumab,DB00087,Immunologic Deficiency Syndromes,C0021051,Disease or Syndrome,Terminated
Vidarabine,DB00194,Immunologic Deficiency Syndromes,C0021051,Disease or Syndrome,Terminated
Cyclophosphamide,DB00531,Immunologic Deficiency Syndromes,C0021051,Disease or Syndrome,Terminated
Busulfan,DB01008,Immunologic Deficiency Syndromes,C0021051,Disease or Syndrome,Terminated
Fludarabine,DB01073,Immunologic Deficiency Syndromes,C0021051,Disease or Syndrome,Terminated
Thiotepa,DB04572,Immunologic Deficiency Syndromes,C0021051,Disease or Syndrome,Terminated
Erlotinib,DB00530,Malignant neoplasm of lung,C0242379,Neoplastic Process,Terminated
Dasatinib,DB01254,Malignant neoplasm of lung,C0242379,Neoplastic Process,Terminated
Dasatinib,DB01254,Non-Small Cell Lung Carcinoma,C0007131,Neoplastic Process,Terminated
Nitric Oxide,DB00435,Chronic ulcer of lower extremity,C0263560,Disease or Syndrome,Terminated
Budesonide,DB00741,Inflammatory Bowel Diseases,C0021390,Disease or Syndrome,Terminated
,DB01222,Inflammatory Bowel Diseases,C0021390,Disease or Syndrome,Terminated
Budesonide,DB00741,Ulcerative Colitis,C0009324,Disease or Syndrome,Terminated
,DB01222,Ulcerative Colitis,C0009324,Disease or Syndrome,Terminated
Anidulafungin,DB00362,Fungemia,C0085082,Disease or Syndrome,Terminated
Caspofungin,DB00520,Fungemia,C0085082,Disease or Syndrome,Terminated
Anidulafungin,DB00362,Candidiasis,C0006840,Disease or Syndrome,Terminated
Caspofungin,DB00520,Candidiasis,C0006840,Disease or Syndrome,Terminated
Vidarabine,DB00194,Myeloproliferative disease,C0027022,Neoplastic Process,Terminated
Mycophenolate mofetil,DB00688,Myeloproliferative disease,C0027022,Neoplastic Process,Terminated
Tacrolimus,DB00864,Myeloproliferative disease,C0027022,Neoplastic Process,Terminated
Mycophenolic acid,DB01024,Myeloproliferative disease,C0027022,Neoplastic Process,Terminated
Melphalan,DB01024,Myeloproliferative disease,C0027022,Neoplastic Process,Terminated
Fludarabine,DB01042,Myeloproliferative disease,C0027022,Neoplastic Process,Terminated
,DB01073,Myeloproliferative disease,C0027022,Neoplastic Process,Terminated
Vidarabine,DB00194,leukemia,C0023418,Neoplastic Process,Terminated
Mycophenolate mofetil,DB00688,leukemia,C0023418,Neoplastic Process,Terminated
Tacrolimus,DB00864,leukemia,C0023418,Neoplastic Process,Terminated
Mycophenolic acid,DB01024,leukemia,C0023418,Neoplastic Process,Terminated
Melphalan,DB01024,leukemia,C0023418,Neoplastic Process,Terminated
Fludarabine,DB01042,leukemia,C0023418,Neoplastic Process,Terminated
,DB01073,leukemia,C0023418,Neoplastic Process,Terminated
Budesonide,DB01222,Radiation proctitis,C0400827,Pathologic Function,Terminated
Colchicine,DB01394,"Hepatitis C, Chronic",C0524910,Disease or Syndrome,Terminated
Pegfilgrastim,DB00019,Non-Small Cell Lung Carcinoma,C0007131,Neoplastic Process,Terminated
Erlotinib,DB00530,Meningeal Carcinomatosis,C0220654,Neoplastic Process,Terminated
Cycloserine,DB00260,Smoker,C0337664,Finding,Withdrawn
Clofarabine,DB00631,adult acute myeloid leukemia in remission,C0279094,Neoplastic Process,Terminated
Cytarabine,DB00987,adult acute myeloid leukemia in remission,C0279094,Neoplastic Process,Terminated
Clofarabine,DB00631,adult acute myeloid leukemia with 11q23 (MLL) abnormalities,C1541334,Neoplastic Process,Terminated
Cytarabine,DB00987,adult acute myeloid leukemia with 11q23 (MLL) abnormalities,C1541334,Neoplastic Process,Terminated
Clofarabine,DB00631,adult acute myeloid leukemia with inv(16)(p13;q22),C1541333,Neoplastic Process,Terminated
Cytarabine,DB00987,adult acute myeloid leukemia with inv(16)(p13;q22),C1541333,Neoplastic Process,Terminated
Clofarabine,DB00631,adult acute myeloid leukemia with t(15;17)(q22;q12),C1541335,Neoplastic Process,Terminated
Cytarabine,DB00987,adult acute myeloid leukemia with t(15;17)(q22;q12),C1541335,Neoplastic Process,Terminated
Clofarabine,DB00631,adult acute myeloid leukemia with t(16;16)(p13;q22),C1541332,Neoplastic Process,Terminated
Cytarabine,DB00987,adult acute myeloid leukemia with t(16;16)(p13;q22),C1541332,Neoplastic Process,Terminated
Clofarabine,DB00631,adult acute myeloid leukemia with t(8;21)(q22;q22),C1541331,Neoplastic Process,Terminated
Cytarabine,DB00987,adult acute myeloid leukemia with t(8;21)(q22;q22),C1541331,Neoplastic Process,Terminated
Clofarabine,DB00631,recurrent adult acute myeloid leukemia,C0278780,Neoplastic Process,Terminated
Cytarabine,DB00987,recurrent adult acute myeloid leukemia,C0278780,Neoplastic Process,Terminated
Topiramate,DB00273,"Alcoholic Intoxication, Chronic",C0001973,Mental or Behavioral Dysfunction,Terminated
Zonisamide,DB00909,"Alcoholic Intoxication, Chronic",C0001973,Mental or Behavioral Dysfunction,Terminated
Piracetam,DB09210,"Alcoholic Intoxication, Chronic",C0001973,Mental or Behavioral Dysfunction,Terminated
Voriconazole,DB00582,invasive aspergillosis,C0238013,Disease or Syndrome,Terminated
Sevelamer,DB00658,Chronic Kidney Diseases,C1561643,Disease or Syndrome,Terminated
Sevelamer,DB00658,Hyperphosphatemia (disorder),C0085681,Disease or Syndrome,Terminated
Busulfan,DB01008,Refractory Brain Neoplasm,C2347923,Neoplastic Process,Withdrawn
Rituximab,DB00073,leukemia,C0023418,Neoplastic Process,Withdrawn
Lenalidomide,DB00480,leukemia,C0023418,Neoplastic Process,Withdrawn
Paroxetine,DB00715,Anxiety Disorders,C0003469,Mental or Behavioral Dysfunction,Terminated
Floxuridine,DB00322,Malignant neoplasm of stomach,C0024623,Neoplastic Process,Terminated
Cisplatin,DB00515,Malignant neoplasm of stomach,C0024623,Neoplastic Process,Terminated
Irinotecan,DB00544,Malignant neoplasm of stomach,C0024623,Neoplastic Process,Terminated
Capecitabine,DB00762,Malignant neoplasm of stomach,C0024623,Neoplastic Process,Terminated
,DB01101,Malignant neoplasm of stomach,C0024623,Neoplastic Process,Terminated
Amphotericin B,DB00681,"Meningitis, Cryptococcal",C0085436,Disease or Syndrome,Terminated
Flucytosine,DB01099,"Meningitis, Cryptococcal",C0085436,Disease or Syndrome,Terminated
Glycine betaine,DB06756,"Hepatitis C, Chronic",C0524910,Disease or Syndrome,Terminated
Ampicillin,DB00415,Chorioamnionitis,C0008495,Pathologic Function,Suspended
Sulbactam,DB09324,Chorioamnionitis,C0008495,Pathologic Function,Suspended
Valsartan,DB00177,Oxidative Stress,C0242606,Cell or Molecular Dysfunction,Terminated
Ramipril,DB00178,Oxidative Stress,C0242606,Cell or Molecular Dysfunction,Terminated
Valsartan,DB00177,Endothelial dysfunction,C0856169,Disease or Syndrome,Terminated
Ramipril,DB00178,Endothelial dysfunction,C0856169,Disease or Syndrome,Terminated
Bevacizumab,DB00112,Biliary Tract Cancer,C0750952,Neoplastic Process,Terminated
Pregabalin,DB00230,Spinal Cord Injuries,C0037929,Injury or Poisoning,Terminated
Pregabalin,DB00230,Pain,C0030193,Sign or Symptom,Terminated
Prednisone,DB00635,Adenocarcinoma of prostate,C0007112,Neoplastic Process,Terminated
Sunitinib,DB01268,Adenocarcinoma of prostate,C0007112,Neoplastic Process,Terminated
Prednisone,DB00635,Prostate cancer recurrent,C0278838,Neoplastic Process,Terminated
Sunitinib,DB01268,Prostate cancer recurrent,C0278838,Neoplastic Process,Terminated
Pregabalin,DB00230,Orofacial Pain,C0178782,Sign or Symptom,Terminated
Thiamine,DB00152,Hyperemesis Gravidarum,C0020450,Sign or Symptom,Terminated
Promethazine,DB01069,Hyperemesis Gravidarum,C0020450,Sign or Symptom,Terminated
Diphenhydramine,DB01075,Hyperemesis Gravidarum,C0020450,Sign or Symptom,Terminated
Modafinil,DB00745,Methamphetamine dependence,C1533217,Mental or Behavioral Dysfunction,Terminated
Methamphetamine,DB01577,Methamphetamine dependence,C1533217,Mental or Behavioral Dysfunction,Terminated
Armodafinil,DB06413,Methamphetamine dependence,C1533217,Mental or Behavioral Dysfunction,Terminated
Dasatinib,DB01254,Malignant neoplasm of lung,C0242379,Neoplastic Process,Terminated
Risperidone,DB00734,Schizoaffective Disorder,C0036337,Mental or Behavioral Dysfunction,Terminated
Quetiapine,DB01224,Schizoaffective Disorder,C0036337,Mental or Behavioral Dysfunction,Terminated
Aripiprazole,DB01238,Schizoaffective Disorder,C0036337,Mental or Behavioral Dysfunction,Terminated
Risperidone,DB00734,Bipolar I disorder,C0853193,Mental or Behavioral Dysfunction,Terminated
Quetiapine,DB01224,Bipolar I disorder,C0853193,Mental or Behavioral Dysfunction,Terminated
Aripiprazole,DB01238,Bipolar I disorder,C0853193,Mental or Behavioral Dysfunction,Terminated
Pregabalin,DB00230,Vulvodynia,C0406670,Disease or Syndrome,Terminated
Pregabalin,DB00230,Vulvar Vestibulitis,C0269084,Disease or Syndrome,Terminated
Prednisone,DB00635,Multiple Myeloma,C0026764,Neoplastic Process,Terminated
Vorinostat,DB02546,Multiple Myeloma,C0026764,Neoplastic Process,Terminated
Zoledronic acid,DB00399,Adenocarcinoma,C0001418,Neoplastic Process,Terminated
Linezolid,DB00601,"Skin Diseases, Infectious",C0037278,Disease or Syndrome,Terminated
Quetiapine,DB01224,Major Depressive Disorder,C1269683,Mental or Behavioral Dysfunction,Terminated
Quetiapine,DB01224,Generalized Anxiety Disorder,C0270549,Mental or Behavioral Dysfunction,Terminated
Cisplatin,DB00515,Epithelial ovarian cancer,C0677886,Neoplastic Process,Terminated
Temozolomide,DB00853,Mixed Oligodendroglioma-Astrocytoma,C0280793,Neoplastic Process,Terminated
Mifepristone,DB00834,"Affective Disorders, Psychotic",C0001723,Mental or Behavioral Dysfunction,Terminated
Rituximab,DB00073,Lymphoproliferative Disorders,C0024314,Neoplastic Process,Terminated
Bortezomib,DB00188,Lymphoproliferative Disorders,C0024314,Neoplastic Process,Terminated
Dacarbazine,DB00851,Glioblastoma,C0017636,Neoplastic Process,Terminated
Temozolomide,DB00853,Glioblastoma,C0017636,Neoplastic Process,Terminated
Dasatinib,DB01254,Glioblastoma,C0017636,Neoplastic Process,Terminated
Dacarbazine,DB00851,CNS disorder,C0007682,Disease or Syndrome,Terminated
Temozolomide,DB00853,CNS disorder,C0007682,Disease or Syndrome,Terminated
Dasatinib,DB01254,CNS disorder,C0007682,Disease or Syndrome,Terminated
Dacarbazine,DB00851,Brain Diseases,C0006111,Disease or Syndrome,Terminated
Temozolomide,DB00853,Brain Diseases,C0006111,Disease or Syndrome,Terminated
Dasatinib,DB01254,Brain Diseases,C0006111,Disease or Syndrome,Terminated
Cetuximab,DB00002,metastatic squamous neck cancer with occult primary squamous cell carcinoma,C0279696,Neoplastic Process,Terminated
Sunitinib,DB01268,metastatic squamous neck cancer with occult primary squamous cell carcinoma,C0279696,Neoplastic Process,Terminated
Cetuximab,DB00002,recurrent metastatic squamous neck cancer with occult primary,C0279100,Neoplastic Process,Terminated
Sunitinib,DB01268,recurrent metastatic squamous neck cancer with occult primary,C0279100,Neoplastic Process,Terminated
Cetuximab,DB00002,Recurrent Salivary Gland Cancer,C0278993,Neoplastic Process,Terminated
Sunitinib,DB01268,Recurrent Salivary Gland Cancer,C0278993,Neoplastic Process,Terminated
Cetuximab,DB00002,Squamous cell carcinoma of the hypopharynx recurrent,C0280392,Neoplastic Process,Terminated
Sunitinib,DB01268,Squamous cell carcinoma of the hypopharynx recurrent,C0280392,Neoplastic Process,Terminated
Cetuximab,DB00002,Laryngeal squamous cell carcinoma recurrent,C0280401,Neoplastic Process,Terminated
Sunitinib,DB01268,Laryngeal squamous cell carcinoma recurrent,C0280401,Neoplastic Process,Terminated
Cetuximab,DB00002,recurrent squamous cell carcinoma of the lip and oral cavity,C0280363,Neoplastic Process,Terminated
Sunitinib,DB01268,recurrent squamous cell carcinoma of the lip and oral cavity,C0280363,Neoplastic Process,Terminated
Cetuximab,DB00002,Nasopharyngeal squamous cell carcinoma recurrent,C0280386,Neoplastic Process,Terminated
Sunitinib,DB01268,Nasopharyngeal squamous cell carcinoma recurrent,C0280386,Neoplastic Process,Terminated
Cetuximab,DB00002,Oropharyngeal squamous cell carcinoma recurrent,C0280376,Neoplastic Process,Terminated
Sunitinib,DB01268,Oropharyngeal squamous cell carcinoma recurrent,C0280376,Neoplastic Process,Terminated
Cetuximab,DB00002,recurrent squamous cell carcinoma of the paranasal sinus and nasal cavity,C0280419,Neoplastic Process,Terminated
Sunitinib,DB01268,recurrent squamous cell carcinoma of the paranasal sinus and nasal cavity,C0280419,Neoplastic Process,Terminated
Cetuximab,DB00002,Laryngeal verrucous carcinoma recurrent,C0280402,Neoplastic Process,Terminated
Sunitinib,DB01268,Laryngeal verrucous carcinoma recurrent,C0280402,Neoplastic Process,Terminated
Cetuximab,DB00002,Verrucous carcinoma of the oral cavity recurrent,C0280365,Neoplastic Process,Terminated
Sunitinib,DB01268,Verrucous carcinoma of the oral cavity recurrent,C0280365,Neoplastic Process,Terminated
Cetuximab,DB00002,squamous cell carcinoma of salivary gland,C0279697,Neoplastic Process,Terminated
Sunitinib,DB01268,squamous cell carcinoma of salivary gland,C0279697,Neoplastic Process,Terminated
Cetuximab,DB00002,Salivary gland cancer stage III,C0278991,Neoplastic Process,Terminated
Sunitinib,DB01268,Salivary gland cancer stage III,C0278991,Neoplastic Process,Terminated
Cetuximab,DB00002,Squamous cell carcinoma of the hypopharynx stage III,C0280390,Neoplastic Process,Terminated
Sunitinib,DB01268,Squamous cell carcinoma of the hypopharynx stage III,C0280390,Neoplastic Process,Terminated
Cetuximab,DB00002,Laryngeal squamous cell carcinoma stage III,C0280397,Neoplastic Process,Terminated
Sunitinib,DB01268,Laryngeal squamous cell carcinoma stage III,C0280397,Neoplastic Process,Terminated
Cetuximab,DB00002,stage III squamous cell carcinoma of the lip and oral cavity,C0280353,Neoplastic Process,Terminated
Sunitinib,DB01268,stage III squamous cell carcinoma of the lip and oral cavity,C0280353,Neoplastic Process,Terminated
Cetuximab,DB00002,Nasopharyngeal squamous cell carcinoma stage III,C0280382,Neoplastic Process,Terminated
Sunitinib,DB01268,Nasopharyngeal squamous cell carcinoma stage III,C0280382,Neoplastic Process,Terminated
Cetuximab,DB00002,Oropharyngeal squamous cell carcinoma stage III,C0280372,Neoplastic Process,Terminated
Sunitinib,DB01268,Oropharyngeal squamous cell carcinoma stage III,C0280372,Neoplastic Process,Terminated
Cetuximab,DB00002,stage III squamous cell carcinoma of the paranasal sinus and nasal cavity,C0280411,Neoplastic Process,Terminated
Sunitinib,DB01268,stage III squamous cell carcinoma of the paranasal sinus and nasal cavity,C0280411,Neoplastic Process,Terminated
Cetuximab,DB00002,Laryngeal verrucous carcinoma stage III,C0280398,Neoplastic Process,Terminated
Sunitinib,DB01268,Laryngeal verrucous carcinoma stage III,C0280398,Neoplastic Process,Terminated
Cetuximab,DB00002,Verrucous carcinoma of the oral cavity stage III,C0280355,Neoplastic Process,Terminated
Sunitinib,DB01268,Verrucous carcinoma of the oral cavity stage III,C0280355,Neoplastic Process,Terminated
Cetuximab,DB00002,Salivary gland cancer stage IV,C0278992,Neoplastic Process,Terminated
Sunitinib,DB01268,Salivary gland cancer stage IV,C0278992,Neoplastic Process,Terminated
Cetuximab,DB00002,Squamous cell carcinoma of the hypopharynx stage IV,C0280391,Neoplastic Process,Terminated
Sunitinib,DB01268,Squamous cell carcinoma of the hypopharynx stage IV,C0280391,Neoplastic Process,Terminated
Cetuximab,DB00002,Laryngeal squamous cell carcinoma stage IV,C0280399,Neoplastic Process,Terminated
Sunitinib,DB01268,Laryngeal squamous cell carcinoma stage IV,C0280399,Neoplastic Process,Terminated
Cetuximab,DB00002,stage IV squamous cell carcinoma of the lip and oral cavity,C0280358,Neoplastic Process,Terminated
Sunitinib,DB01268,stage IV squamous cell carcinoma of the lip and oral cavity,C0280358,Neoplastic Process,Terminated
Cetuximab,DB00002,Nasopharyngeal squamous cell carcinoma stage IV,C0280384,Neoplastic Process,Terminated
Sunitinib,DB01268,Nasopharyngeal squamous cell carcinoma stage IV,C0280384,Neoplastic Process,Terminated
Cetuximab,DB00002,stage IV squamous cell carcinoma of the oropharynx,C0280374,Neoplastic Process,Terminated
Sunitinib,DB01268,stage IV squamous cell carcinoma of the oropharynx,C0280374,Neoplastic Process,Terminated
Cetuximab,DB00002,stage IV squamous cell carcinoma of the paranasal sinus and nasal cavity,C0280415,Neoplastic Process,Terminated
Sunitinib,DB01268,stage IV squamous cell carcinoma of the paranasal sinus and nasal cavity,C0280415,Neoplastic Process,Terminated
Cetuximab,DB00002,Laryngeal verrucous carcinoma stage IV,C0280400,Neoplastic Process,Terminated
Sunitinib,DB01268,Laryngeal verrucous carcinoma stage IV,C0280400,Neoplastic Process,Terminated
Cetuximab,DB00002,Verrucous carcinoma of the oral cavity stage IV,C0280360,Neoplastic Process,Terminated
Sunitinib,DB01268,Verrucous carcinoma of the oral cavity stage IV,C0280360,Neoplastic Process,Terminated
Cetuximab,DB00002,untreated metastatic squamous neck cancer with occult primary,C0279099,Neoplastic Process,Terminated
Sunitinib,DB01268,untreated metastatic squamous neck cancer with occult primary,C0279099,Neoplastic Process,Terminated
Sorafenib,DB00398,Colorectal Neoplasms,C0009404,Neoplastic Process,Terminated
Oxaliplatin,DB00526,Colorectal Neoplasms,C0009404,Neoplastic Process,Terminated
Irinotecan,DB00762,Colorectal Neoplasms,C0009404,Neoplastic Process,Terminated
Oxytocin,DB00107,"Fetal Membranes, Premature Rupture",C0015944,Pathologic Function,Terminated
Lamotrigine,DB00555,Bipolar Disorder,C0005586,Mental or Behavioral Dysfunction,Terminated
Zoledronic acid,DB00399,Giant Cell Tumor of Bone,C0206638,Neoplastic Process,Terminated
Panobinostat,DB06603,Non-Small Cell Lung Carcinoma,C0007131,Neoplastic Process,Terminated
Cetuximab,DB00002,Neoplasm Metastasis,C0027627,Neoplastic Process,Terminated
Sunitinib,DB01268,cognitive/functional effects,C0935657,Finding,Terminated
Sunitinib,DB01268,"unspecified adult solid tumor, protocol specific",C0279004,Neoplastic Process,Terminated
Cisplatin,DB00515,Nausea and vomiting,C0027498,Sign or Symptom,Withdrawn
Ondansetron,DB00904,Nausea and vomiting,C0027498,Sign or Symptom,Withdrawn
Dexamethasone,DB01234,Nausea and vomiting,C0027498,Sign or Symptom,Withdrawn
,DB01234,Nausea and vomiting,C0027498,Sign or Symptom,Withdrawn
Vincristine,DB00541,Adult Kidney Wilms Tumor,C1332219,Neoplastic Process,Suspended
Etoposide,DB00773,Adult Kidney Wilms Tumor,C1332219,Neoplastic Process,Suspended
Dactinomycin,DB00773,Adult Kidney Wilms Tumor,C1332219,Neoplastic Process,Suspended
Doxorubicin,DB00970,Adult Kidney Wilms Tumor,C1332219,Neoplastic Process,Suspended
,DB00997,Adult Kidney Wilms Tumor,C1332219,Neoplastic Process,Suspended
Vincristine,DB00541,Beckwith-Wiedemann Syndrome,C0004903,Disease or Syndrome,Suspended
Etoposide,DB00773,Beckwith-Wiedemann Syndrome,C0004903,Disease or Syndrome,Suspended
Dactinomycin,DB00773,Beckwith-Wiedemann Syndrome,C0004903,Disease or Syndrome,Suspended
Doxorubicin,DB00970,Beckwith-Wiedemann Syndrome,C0004903,Disease or Syndrome,Suspended
,DB00997,Beckwith-Wiedemann Syndrome,C0004903,Disease or Syndrome,Suspended
Vincristine,DB00541,Childhood Kidney Wilms Tumor,C1333015,Neoplastic Process,Suspended
Etoposide,DB00773,Childhood Kidney Wilms Tumor,C1333015,Neoplastic Process,Suspended
Dactinomycin,DB00773,Childhood Kidney Wilms Tumor,C1333015,Neoplastic Process,Suspended
Doxorubicin,DB00970,Childhood Kidney Wilms Tumor,C1333015,Neoplastic Process,Suspended
,DB00997,Childhood Kidney Wilms Tumor,C1333015,Neoplastic Process,Suspended
Vincristine,DB00541,Diffuse Hyperplastic Perilobar Nephroblastomatosis,C1880323,Disease or Syndrome,Suspended
Etoposide,DB00773,Diffuse Hyperplastic Perilobar Nephroblastomatosis,C1880323,Disease or Syndrome,Suspended
Dactinomycin,DB00773,Diffuse Hyperplastic Perilobar Nephroblastomatosis,C1880323,Disease or Syndrome,Suspended
Doxorubicin,DB00970,Diffuse Hyperplastic Perilobar Nephroblastomatosis,C1880323,Disease or Syndrome,Suspended
,DB00997,Diffuse Hyperplastic Perilobar Nephroblastomatosis,C1880323,Disease or Syndrome,Suspended
Vincristine,DB00541,Congenital hemihypertrophy,C0332890,Congenital Abnormality,Suspended
Etoposide,DB00773,Congenital hemihypertrophy,C0332890,Congenital Abnormality,Suspended
Dactinomycin,DB00773,Congenital hemihypertrophy,C0332890,Congenital Abnormality,Suspended
Doxorubicin,DB00970,Congenital hemihypertrophy,C0332890,Congenital Abnormality,Suspended
,DB00997,Congenital hemihypertrophy,C0332890,Congenital Abnormality,Suspended
Vincristine,DB00541,stage I Wilms' tumor,C0278711,Neoplastic Process,Suspended
Etoposide,DB00773,stage I Wilms' tumor,C0278711,Neoplastic Process,Suspended
Dactinomycin,DB00773,stage I Wilms' tumor,C0278711,Neoplastic Process,Suspended
Doxorubicin,DB00970,stage I Wilms' tumor,C0278711,Neoplastic Process,Suspended
,DB00997,stage I Wilms' tumor,C0278711,Neoplastic Process,Suspended
Vincristine,DB00541,stage II Wilms' tumor,C0278712,Neoplastic Process,Suspended
Etoposide,DB00773,stage II Wilms' tumor,C0278712,Neoplastic Process,Suspended
Dactinomycin,DB00773,stage II Wilms' tumor,C0278712,Neoplastic Process,Suspended
Doxorubicin,DB00970,stage II Wilms' tumor,C0278712,Neoplastic Process,Suspended
,DB00997,stage II Wilms' tumor,C0278712,Neoplastic Process,Suspended
Vincristine,DB00541,stage III Wilms' tumor,C0278713,Neoplastic Process,Suspended
Etoposide,DB00773,stage III Wilms' tumor,C0278713,Neoplastic Process,Suspended
Dactinomycin,DB00773,stage III Wilms' tumor,C0278713,Neoplastic Process,Suspended
Doxorubicin,DB00970,stage III Wilms' tumor,C0278713,Neoplastic Process,Suspended
,DB00997,stage III Wilms' tumor,C0278713,Neoplastic Process,Suspended
Vincristine,DB00541,stage IV Wilms' tumor,C0278714,Neoplastic Process,Suspended
Etoposide,DB00773,stage IV Wilms' tumor,C0278714,Neoplastic Process,Suspended
Dactinomycin,DB00773,stage IV Wilms' tumor,C0278714,Neoplastic Process,Suspended
Doxorubicin,DB00970,stage IV Wilms' tumor,C0278714,Neoplastic Process,Suspended
,DB00997,stage IV Wilms' tumor,C0278714,Neoplastic Process,Suspended
Vincristine,DB00541,stage V Wilms' tumor,C0278715,Neoplastic Process,Suspended
Etoposide,DB00773,stage V Wilms' tumor,C0278715,Neoplastic Process,Suspended
Dactinomycin,DB00773,stage V Wilms' tumor,C0278715,Neoplastic Process,Suspended
Doxorubicin,DB00970,stage V Wilms' tumor,C0278715,Neoplastic Process,Suspended
,DB00997,stage V Wilms' tumor,C0278715,Neoplastic Process,Suspended
Gemcitabine,DB00441,Malignant neoplasm of lung,C0242379,Neoplastic Process,Withdrawn
Carboplatin,DB00958,Malignant neoplasm of lung,C0242379,Neoplastic Process,Withdrawn
Dexamethasone,DB01234,Acute fungal otitis externa,C0728738,Disease or Syndrome,Terminated
,DB01234,Acute fungal otitis externa,C0728738,Disease or Syndrome,Terminated
Haloperidol,DB00502,Delirium,C0011206,Mental or Behavioral Dysfunction,Terminated
Quetiapine,DB00502,Delirium,C0011206,Mental or Behavioral Dysfunction,Terminated
,DB01224,Delirium,C0011206,Mental or Behavioral Dysfunction,Terminated
Cetuximab,DB00002,Colorectal cancer metastatic,C0948380,Neoplastic Process,Withdrawn
Fluorouracil,DB00544,Colorectal cancer metastatic,C0948380,Neoplastic Process,Withdrawn
Capecitabine,DB01101,Colorectal cancer metastatic,C0948380,Neoplastic Process,Withdrawn
Denileukin diftitox,DB00004,Melanoma recurrent,C0278884,Neoplastic Process,Terminated
Aldesleukin,DB00041,Melanoma recurrent,C0278884,Neoplastic Process,Terminated
Denileukin diftitox,DB00004,malignant melanoma of skin stage III,C0278882,Neoplastic Process,Terminated
Aldesleukin,DB00041,malignant melanoma of skin stage III,C0278882,Neoplastic Process,Terminated
Sunitinib,DB01268,Malignant neoplasm of lung,C0242379,Neoplastic Process,Terminated
Oxaliplatin,DB00526,Colorectal Neoplasms,C0009404,Neoplastic Process,Terminated
Fluorouracil,DB00544,Colorectal Neoplasms,C0009404,Neoplastic Process,Terminated
Capecitabine,DB00544,Colorectal Neoplasms,C0009404,Neoplastic Process,Terminated
,DB01101,Colorectal Neoplasms,C0009404,Neoplastic Process,Terminated
Methylprednisolone,DB00860,Multiple Sclerosis,C0026769,Disease or Syndrome,Terminated
,DB00959,Multiple Sclerosis,C0026769,Disease or Syndrome,Terminated
Midazolam,DB00683,Pain,C0030193,Sign or Symptom,Terminated
Carboplatin,DB00958,ovarian neoplasm,C0919267,Neoplastic Process,Terminated
Paclitaxel,DB01229,ovarian neoplasm,C0919267,Neoplastic Process,Terminated
Alemtuzumab,DB00087,B-cell small lymphocytic lymphoma recurrent,C0855096,Neoplastic Process,Terminated
Bendamustine,DB06769,B-cell small lymphocytic lymphoma recurrent,C0855096,Neoplastic Process,Terminated
Alemtuzumab,DB00087,Chronic lymphocytic leukaemia refractory,C0278791,Neoplastic Process,Terminated
Bendamustine,DB06769,Chronic lymphocytic leukaemia refractory,C0278791,Neoplastic Process,Terminated
Alemtuzumab,DB00087,Chronic lymphocytic leukaemia stage 3,C0278769,Neoplastic Process,Terminated
Bendamustine,DB06769,Chronic lymphocytic leukaemia stage 3,C0278769,Neoplastic Process,Terminated
Alemtuzumab,DB00087,B-cell small lymphocytic lymphoma stage III,C0855100,Neoplastic Process,Terminated
Bendamustine,DB06769,B-cell small lymphocytic lymphoma stage III,C0855100,Neoplastic Process,Terminated
Alemtuzumab,DB00087,Chronic lymphocytic leukaemia stage 4,C0854804,Neoplastic Process,Terminated
Bendamustine,DB06769,Chronic lymphocytic leukaemia stage 4,C0854804,Neoplastic Process,Terminated
Alemtuzumab,DB00087,B-cell small lymphocytic lymphoma stage IV,C0855101,Neoplastic Process,Terminated
Bendamustine,DB06769,B-cell small lymphocytic lymphoma stage IV,C0855101,Neoplastic Process,Terminated
Cyproheptadine,DB00434,leukemia,C0023418,Neoplastic Process,Terminated
Cyproheptadine,DB00434,Malnutrition,C0162429,Disease or Syndrome,Terminated
Cyproheptadine,DB00434,"unspecified childhood solid tumor, protocol specific",C0279002,Neoplastic Process,Terminated
Cyproheptadine,DB00434,Body Weight Changes,C0005911,Finding,Terminated
Erlotinib,DB00530,Neuroendocrine Tumors,C0206754,Neoplastic Process,Terminated
Pertuzumab,DB06366,Neuroendocrine Tumors,C0206754,Neoplastic Process,Terminated
Erlotinib,DB00530,Adrenal Gland Neoplasms,C0001624,Neoplastic Process,Terminated
Pertuzumab,DB06366,Adrenal Gland Neoplasms,C0001624,Neoplastic Process,Terminated
Erlotinib,DB00530,Neuroblastoma,C0027819,Neoplastic Process,Terminated
Pertuzumab,DB06366,Neuroblastoma,C0027819,Neoplastic Process,Terminated
Erlotinib,DB00530,Multiple Endocrine Neoplasia,C0027662,Neoplastic Process,Terminated
Pertuzumab,DB06366,Multiple Endocrine Neoplasia,C0027662,Neoplastic Process,Terminated
Bevacizumab,DB00112,Intracranial Meningioma,C0349604,Neoplastic Process,Terminated
Sirolimus,DB00877,Intracranial Meningioma,C0349604,Neoplastic Process,Terminated
Everolimus,DB01590,Intracranial Meningioma,C0349604,Neoplastic Process,Terminated
Lovastatin,DB00227,melanoma,C0025202,Neoplastic Process,Withdrawn
Darbepoetin alfa,DB00012,Chronic Kidney Diseases,C1561643,Disease or Syndrome,Terminated
Lenalidomide,DB00480,Renal Cell Carcinoma,C0007134,Neoplastic Process,Terminated
Thalidomide,DB01041,Renal Cell Carcinoma,C0007134,Neoplastic Process,Terminated
Palonosetron,DB00377,Nausea,C0027497,Sign or Symptom,Terminated
Palonosetron,DB00377,Vomiting,C0042963,Sign or Symptom,Terminated
Oxycodone,DB00497,Degenerative polyarthritis,C0029408,Disease or Syndrome,Terminated
Norepinephrine,DB00368,"orthostatic; hypotension, neurogenic",C1400301,Pathologic Function,Terminated
Droxidopa,DB06262,"orthostatic; hypotension, neurogenic",C1400301,Pathologic Function,Terminated
Norepinephrine,DB00368,Chronic Fatigue Syndrome,C0015674,Disease or Syndrome,Terminated
Droxidopa,DB06262,Chronic Fatigue Syndrome,C0015674,Disease or Syndrome,Terminated
Tramadol,DB00193,Premature Ejaculation,C0033038,Pathologic Function,Terminated
Modafinil,DB00745,Traumatic Brain Injury,C0876926,Injury or Poisoning,Terminated
Armodafinil,DB06413,Traumatic Brain Injury,C0876926,Injury or Poisoning,Terminated
Tramadol,DB00193,Premature Ejaculation,C0033038,Pathologic Function,Terminated
Cyclophosphamide,DB00531,Solid tumour,C0280100,Neoplastic Process,Terminated
Vincristine,DB00541,Solid tumour,C0280100,Neoplastic Process,Terminated
Irinotecan,DB00762,Solid tumour,C0280100,Neoplastic Process,Terminated
Etoposide,DB00773,Solid tumour,C0280100,Neoplastic Process,Terminated
Temozolomide,DB00853,Solid tumour,C0280100,Neoplastic Process,Terminated
Doxorubicin,DB00997,Solid tumour,C0280100,Neoplastic Process,Terminated
Ifosfamide,DB01181,Solid tumour,C0280100,Neoplastic Process,Terminated
Cyclophosphamide,DB00531,Kidney Neoplasm,C0022665,Neoplastic Process,Terminated
Vincristine,DB00541,Kidney Neoplasm,C0022665,Neoplastic Process,Terminated
Irinotecan,DB00762,Kidney Neoplasm,C0022665,Neoplastic Process,Terminated
Etoposide,DB00773,Kidney Neoplasm,C0022665,Neoplastic Process,Terminated
Temozolomide,DB00853,Kidney Neoplasm,C0022665,Neoplastic Process,Terminated
Doxorubicin,DB00997,Kidney Neoplasm,C0022665,Neoplastic Process,Terminated
Ifosfamide,DB01181,Kidney Neoplasm,C0022665,Neoplastic Process,Terminated
Irinotecan,DB00762,Neuroblastoma,C0027819,Neoplastic Process,Terminated
Etoposide,DB00773,Neuroblastoma,C0027819,Neoplastic Process,Terminated
Temozolomide,DB00853,Neuroblastoma,C0027819,Neoplastic Process,Terminated
Ifosfamide,DB01181,Neuroblastoma,C0027819,Neoplastic Process,Terminated
Clindamycin,DB01190,Malaria,C0024530,Disease or Syndrome,Withdrawn
Vardenafil,DB00862,Cystic Fibrosis,C0010674,Disease or Syndrome,Suspended
,DB01234,Multiple Myeloma,C0026764,Neoplastic Process,Terminated
Erlotinib,DB00530,Psoriasis,C0033860,Disease or Syndrome,Withdrawn
Bevacizumab,DB00112,Non-Small Cell Lung Carcinoma,C0007131,Neoplastic Process,Terminated
Cisplatin,DB00515,Non-Small Cell Lung Carcinoma,C0007131,Neoplastic Process,Terminated
Triptorelin,DB06825,Infertility,C0021359,Pathologic Function,Terminated
Sorafenib,DB00398,Liver cell carcinoma non-resectable,C1112459,Neoplastic Process,Terminated
Sorafenib,DB00398,Hepatoma recurrent,C0861876,Neoplastic Process,Terminated
Sorafenib,DB00398,Neoplasms by Histologic Type,C0027652,Neoplastic Process,Terminated
Sorafenib,DB00398,Carcinoma,C0007097,Neoplastic Process,Terminated
Sorafenib,DB00398,Liver neoplasms,C0023903,Neoplastic Process,Terminated
Sorafenib,DB00398,Adenocarcinoma,C0001418,Neoplastic Process,Terminated
Sorafenib,DB00398,"Neoplasms, Glandular and Epithelial",C0027660,Neoplastic Process,Terminated
Cetuximab,DB00002,Colorectal cancer metastatic,C0948380,Neoplastic Process,Terminated
Irinotecan,DB00762,Colorectal cancer metastatic,C0948380,Neoplastic Process,Terminated
Carboplatin,DB00958,Epithelial ovarian cancer,C0677886,Neoplastic Process,Withdrawn
Paclitaxel,DB01229,Epithelial ovarian cancer,C0677886,Neoplastic Process,Withdrawn
Azacitidine,DB00928,leukemia,C0023418,Neoplastic Process,Terminated
Danazol,DB01406,Dyskeratosis Congenita,C0265965,Disease or Syndrome,Terminated
Indomethacin,DB00328,Gout acute,C2062908,Disease or Syndrome,Withdrawn
Apremilast,DB05676,Gout acute,C2062908,Disease or Syndrome,Withdrawn
Cetuximab,DB00002,Malignant neoplasm of lung,C0242379,Neoplastic Process,Withdrawn
Carboplatin,DB00958,Malignant neoplasm of lung,C0242379,Neoplastic Process,Withdrawn
Ramipril,DB00178,Low density lipoprotein increased,C0549399,Finding,Terminated
Simvastatin,DB00641,Low density lipoprotein increased,C0549399,Finding,Terminated
Salicylic acid,DB00936,Low density lipoprotein increased,C0549399,Finding,Terminated
Acetylsalicylic acid,DB00945,Low density lipoprotein increased,C0549399,Finding,Terminated
Simvastatin,DB00641,Hypertensive disease,C0020538,Disease or Syndrome,Terminated
Salicylic acid,DB00936,Hypertensive disease,C0020538,Disease or Syndrome,Terminated
Acetylsalicylic acid,DB00945,Hypertensive disease,C0020538,Disease or Syndrome,Terminated
Magnesium Sulfate,DB00653,Pain,C0030193,Sign or Symptom,Terminated
Aminosalicylic Acid,DB00233,Ulcerative Colitis,C0009324,Disease or Syndrome,Terminated
Prednisone,DB00635,"Myasthenia Gravis, Ocular",C0751340,Disease or Syndrome,Terminated
Bevacizumab,DB00112,Non-small cell lung cancer recurrent,C0278517,Neoplastic Process,Terminated
Erlotinib,DB00530,Non-small cell lung cancer recurrent,C0278517,Neoplastic Process,Terminated
Carboplatin,DB00958,Non-small cell lung cancer recurrent,C0278517,Neoplastic Process,Terminated
Paclitaxel,DB01229,Non-small cell lung cancer recurrent,C0278517,Neoplastic Process,Terminated
Bevacizumab,DB00112,Non-small cell lung cancer metastatic,C0278987,Neoplastic Process,Terminated
Erlotinib,DB00530,Non-small cell lung cancer metastatic,C0278987,Neoplastic Process,Terminated
Carboplatin,DB00958,Non-small cell lung cancer metastatic,C0278987,Neoplastic Process,Terminated
Paclitaxel,DB01229,Non-small cell lung cancer metastatic,C0278987,Neoplastic Process,Terminated
Carboplatin,DB00958,ovarian neoplasm,C0919267,Neoplastic Process,Terminated
Vorinostat,DB02546,ovarian neoplasm,C0919267,Neoplastic Process,Terminated
Hydroxyurea,DB01005,"Fibromatosis, Aggressive",C0079218,Neoplastic Process,Withdrawn
Hydroxyurea,DB01005,Fibromatosis,C0016048,Neoplastic Process,Withdrawn
Cisplatin,DB00515,Small cell carcinoma of lung,C0149925,Neoplastic Process,Terminated
Carboplatin,DB00773,Small cell carcinoma of lung,C0149925,Neoplastic Process,Terminated
,DB00958,Small cell carcinoma of lung,C0149925,Neoplastic Process,Terminated
Irinotecan,DB00762,Malignant tumor of colon,C0007102,Neoplastic Process,Terminated
Asparaginase,DB00023,leukemia,C0023418,Neoplastic Process,Terminated
Pegaspargase,DB00059,leukemia,C0023418,Neoplastic Process,Terminated
Cyclophosphamide,DB00531,leukemia,C0023418,Neoplastic Process,Terminated
Vincristine,DB00541,leukemia,C0023418,Neoplastic Process,Terminated
Methotrexate,DB00563,leukemia,C0023418,Neoplastic Process,Terminated
Imatinib,DB00619,leukemia,C0023418,Neoplastic Process,Terminated
Prednisolone,DB00860,leukemia,C0023418,Neoplastic Process,Terminated
Methylprednisolone,DB00860,leukemia,C0023418,Neoplastic Process,Terminated
Doxorubicin,DB00860,leukemia,C0023418,Neoplastic Process,Terminated
Dexamethasone,DB00959,leukemia,C0023418,Neoplastic Process,Terminated
,DB00959,leukemia,C0023418,Neoplastic Process,Terminated
,DB00959,leukemia,C0023418,Neoplastic Process,Terminated
,DB00997,leukemia,C0023418,Neoplastic Process,Terminated
,DB01234,leukemia,C0023418,Neoplastic Process,Terminated
Metoprolol,DB00264,Obesity,C0028754,Disease or Syndrome,Terminated
Pregabalin,DB00230,Chronic pain,C0150055,Sign or Symptom,Withdrawn
Artesunate,DB09274,Plasmodium falciparum infection,C0858318,Disease or Syndrome,Terminated
Darbepoetin alfa,DB00012,Cancer anemia,C1536115,Disease or Syndrome,Terminated
Darbepoetin alfa,DB00012,Carcinoma,C0007097,Neoplastic Process,Terminated
Erlotinib,DB00530,Squamous cell carcinoma,C0007137,Neoplastic Process,Terminated
Sirolimus,DB00877,Squamous cell carcinoma,C0007137,Neoplastic Process,Terminated
Everolimus,DB01590,Squamous cell carcinoma,C0007137,Neoplastic Process,Terminated
Sitagliptin,DB01261,Renal Insufficiency,C1565489,Disease or Syndrome,Terminated
Bevacizumab,DB00112,Malignant tumor of colon,C0007102,Neoplastic Process,Suspended
Hydroxychloroquine,DB01611,Malignant tumor of colon,C0007102,Neoplastic Process,Suspended
Warfarin,DB00682,Hamman-Rich syndrome,C0085786,Disease or Syndrome,Terminated
Riluzole,DB00740,"unspecified adult solid tumor, protocol specific",C0279004,Neoplastic Process,Terminated
Bevacizumab,DB00112,Hemangioblastoma,C0206734,Neoplastic Process,Terminated
Bevacizumab,DB00112,Von Hippel-Lindau Syndrome,C0019562,Disease or Syndrome,Terminated
Dopamine,DB00988,Malignant Carcinoid Syndrome,C0024586,Disease or Syndrome,Terminated
Somatostatin,DB09099,Malignant Carcinoid Syndrome,C0024586,Disease or Syndrome,Terminated
Cytarabine,DB00987,leukemia,C0023418,Neoplastic Process,Terminated
Idarubicin,DB01177,leukemia,C0023418,Neoplastic Process,Terminated
Cyclophosphamide,DB00531,Lupus Nephritis,C0024143,Disease or Syndrome,Terminated
Mycophenolate mofetil,DB00688,Lupus Nephritis,C0024143,Disease or Syndrome,Terminated
Mycophenolic acid,DB01024,Lupus Nephritis,C0024143,Disease or Syndrome,Terminated
,DB01024,Lupus Nephritis,C0024143,Disease or Syndrome,Terminated
Irinotecan,DB00762,Malignant tumor of colon,C0007102,Neoplastic Process,Terminated
Gemcitabine,DB00441,Ovarian Diseases,C0029928,Disease or Syndrome,Terminated
Carboplatin,DB00958,Ovarian Diseases,C0029928,Disease or Syndrome,Terminated
Doxorubicin,DB00997,Ovarian Diseases,C0029928,Disease or Syndrome,Terminated
Gemcitabine,DB00441,ovarian neoplasm,C0919267,Neoplastic Process,Terminated
Carboplatin,DB00958,ovarian neoplasm,C0919267,Neoplastic Process,Terminated
Doxorubicin,DB00997,ovarian neoplasm,C0919267,Neoplastic Process,Terminated
Gemcitabine,DB00441,Carcinoma,C0007097,Neoplastic Process,Terminated
Carboplatin,DB00958,Carcinoma,C0007097,Neoplastic Process,Terminated
Doxorubicin,DB00997,Carcinoma,C0007097,Neoplastic Process,Terminated
Valproic Acid,DB00313,High Grade Sarcoma,C1334008,Neoplastic Process,Terminated
Sirolimus,DB00877,Hormone refractory prostate cancer,C1328504,Neoplastic Process,Terminated
Bicalutamide,DB01128,Hormone refractory prostate cancer,C1328504,Neoplastic Process,Terminated
Everolimus,DB01590,Hormone refractory prostate cancer,C1328504,Neoplastic Process,Terminated
Cisplatin,DB00515,Cervical carcinoma stage IB,C0278582,Neoplastic Process,Withdrawn
Cisplatin,DB00515,Cervix carcinoma stage III,C0278577,Neoplastic Process,Withdrawn
Atomoxetine,DB00289,Methamphetamine dependence,C1533217,Mental or Behavioral Dysfunction,Terminated
Methamphetamine,DB01577,Methamphetamine dependence,C1533217,Mental or Behavioral Dysfunction,Terminated
Atomoxetine,DB00289,Methamphetamine abuse,C1456624,Mental or Behavioral Dysfunction,Terminated
Methamphetamine,DB01577,Methamphetamine abuse,C1456624,Mental or Behavioral Dysfunction,Terminated
Hydrocortisone,DB00741,"Pneumonia, Viral",C0032310,Disease or Syndrome,Terminated
,DB00741,"Pneumonia, Viral",C0032310,Disease or Syndrome,Terminated
Choline,DB00122,leukemia,C0023418,Neoplastic Process,Terminated
Dexamethasone,DB01234,leukemia,C0023418,Neoplastic Process,Terminated
,DB01234,leukemia,C0023418,Neoplastic Process,Terminated
Sirolimus,DB00877,Polycystic Kidney Diseases,C0022680,Disease or Syndrome,Terminated
Everolimus,DB01590,Polycystic Kidney Diseases,C0022680,Disease or Syndrome,Terminated
Carboplatin,DB00958,Breast cancer recurrent,C0278493,Neoplastic Process,Terminated
Paclitaxel,DB01229,Breast cancer recurrent,C0278493,Neoplastic Process,Terminated
Thalidomide,DB01041,"Malignant lymphoma, lymphocytic, intermediate differentiation, diffuse",C0334634,Neoplastic Process,Terminated
Lenalidomide,DB00480,"Lymphoma, Non-Hodgkin",C0024305,Neoplastic Process,Terminated
Thalidomide,DB01041,"Lymphoma, Non-Hodgkin",C0024305,Neoplastic Process,Terminated
Rosuvastatin,DB01098,Malignant tumor of colon,C0007102,Neoplastic Process,Terminated
Rosuvastatin,DB01098,Precancerous Conditions,C0032927,Neoplastic Process,Terminated
Dopamine,DB00988,Acromegaly,C0001206,Disease or Syndrome,Terminated
Somatostatin,DB09099,Acromegaly,C0001206,Disease or Syndrome,Terminated
Topotecan,DB01030,Recurrent Primary Peritoneal Carcinoma,C3897731,Neoplastic Process,Suspended
Irinotecan,DB00762,Malignant glioma of brain,C0349541,Neoplastic Process,Terminated
Pegfilgrastim,DB00019,Lymphoma,C0024299,Neoplastic Process,Terminated
Cyclophosphamide,DB00531,Non-Small Cell Lung Carcinoma,C0007131,Neoplastic Process,Terminated
Oxycodone,DB00497,Constipation,C0009806,Sign or Symptom,Terminated
Naloxone,DB01183,Constipation,C0009806,Sign or Symptom,Terminated
Oxycodone,DB00497,Pain,C0030193,Sign or Symptom,Terminated
Dexmedetomidine,DB00633,Traumatic Brain Injury,C0876926,Injury or Poisoning,Withdrawn
Fentanyl,DB00813,Traumatic Brain Injury,C0876926,Injury or Poisoning,Withdrawn
Propofol,DB00818,Traumatic Brain Injury,C0876926,Injury or Poisoning,Withdrawn
Acetaminophen,DB00316,Cardiac Arrhythmia,C0003811,Finding,Withdrawn
Phenylephrine,DB00388,Cardiac Arrhythmia,C0003811,Finding,Withdrawn
Oxymetazoline,DB00935,Cardiac Arrhythmia,C0003811,Finding,Withdrawn
Dimetindene,DB08801,Cardiac Arrhythmia,C0003811,Finding,Withdrawn
Acetylcysteine,DB06151,Bulimia Nervosa,C2267227,Mental or Behavioral Dysfunction,Terminated
Warfarin,DB00682,Pulmonary Hypertension,C0020542,Pathologic Function,Terminated
Norepinephrine,DB00368,Psychosexual Disorders,C0033953,Mental or Behavioral Dysfunction,Terminated
Flibanserin,DB04908,Psychosexual Disorders,C0033953,Mental or Behavioral Dysfunction,Terminated
Norepinephrine,DB00368,Depressive disorder,C0011581,Mental or Behavioral Dysfunction,Terminated
Flibanserin,DB04908,Depressive disorder,C0011581,Mental or Behavioral Dysfunction,Terminated
Prednisolone,DB00860,Clinically isolated syndrome,C2921627,Disease or Syndrome,Suspended
Methylprednisolone,DB00860,Clinically isolated syndrome,C2921627,Disease or Syndrome,Suspended
,DB00860,Clinically isolated syndrome,C2921627,Disease or Syndrome,Suspended
,DB00959,Clinically isolated syndrome,C2921627,Disease or Syndrome,Suspended
,DB00959,Clinically isolated syndrome,C2921627,Disease or Syndrome,Suspended
Lenalidomide,DB00480,Malignant tumor of colon,C0007102,Neoplastic Process,Terminated
Thalidomide,DB01041,Malignant tumor of colon,C0007102,Neoplastic Process,Terminated
Mesalazine,DB00244,Diverticulitis,C0012813,Disease or Syndrome,Terminated
Rituximab,DB00073,Metastatic melanoma,C0278883,Neoplastic Process,Terminated
Prednisolone,DB00860,Chronic graft-versus-host disease,C0867389,Disease or Syndrome,Withdrawn
Methylprednisolone,DB00860,Chronic graft-versus-host disease,C0867389,Disease or Syndrome,Withdrawn
Panobinostat,DB00860,Chronic graft-versus-host disease,C0867389,Disease or Syndrome,Withdrawn
,DB00959,Chronic graft-versus-host disease,C0867389,Disease or Syndrome,Withdrawn
,DB00959,Chronic graft-versus-host disease,C0867389,Disease or Syndrome,Withdrawn
,DB00959,Chronic graft-versus-host disease,C0867389,Disease or Syndrome,Withdrawn
,DB06603,Chronic graft-versus-host disease,C0867389,Disease or Syndrome,Withdrawn
Propranolol,DB00571,Recurrent respiratory papillomatosis,C1168198,Neoplastic Process,Withdrawn
Simvastatin,DB00641,Pneumonia,C0032285,Disease or Syndrome,Terminated
Cefixime,DB00671,Uterine Cervicitis,C0007860,Disease or Syndrome,Terminated
Clofarabine,DB00631,"Leukemia, Myelocytic, Acute",C0023467,Neoplastic Process,Withdrawn
Tretinoin,DB00755,"Leukemia, Myelocytic, Acute",C0023467,Neoplastic Process,Withdrawn
Azacitidine,DB00928,"Leukemia, Myelocytic, Acute",C0023467,Neoplastic Process,Withdrawn
Paclitaxel,DB01229,Pain,C0030193,Sign or Symptom,Terminated
Paclitaxel,DB01229,"unspecified adult solid tumor, protocol specific",C0279004,Neoplastic Process,Terminated
Dexmedetomidine,DB00633,Respiratory Failure,C1145670,Disease or Syndrome,Terminated
Rituximab,DB00073,Chronic lymphocytic leukaemia stage 4,C0854804,Neoplastic Process,Terminated
Cyclophosphamide,DB00531,Chronic lymphocytic leukaemia stage 4,C0854804,Neoplastic Process,Terminated
Rituximab,DB00073,B-cell small lymphocytic lymphoma stage IV,C0855101,Neoplastic Process,Terminated
Cyclophosphamide,DB00531,B-cell small lymphocytic lymphoma stage IV,C0855101,Neoplastic Process,Terminated
Rituximab,DB00073,Prolymphocytic Leukemia,C0023486,Neoplastic Process,Terminated
Cyclophosphamide,DB00531,Prolymphocytic Leukemia,C0023486,Neoplastic Process,Terminated
Rituximab,DB00073,B-cell small lymphocytic lymphoma recurrent,C0855096,Neoplastic Process,Terminated
Cyclophosphamide,DB00531,B-cell small lymphocytic lymphoma recurrent,C0855096,Neoplastic Process,Terminated
Rituximab,DB00073,Chronic lymphocytic leukaemia refractory,C0278791,Neoplastic Process,Terminated
Cyclophosphamide,DB00531,Chronic lymphocytic leukaemia refractory,C0278791,Neoplastic Process,Terminated
Rituximab,DB00073,Chronic lymphocytic leukaemia stage 1,C0278767,Neoplastic Process,Terminated
Cyclophosphamide,DB00531,Chronic lymphocytic leukaemia stage 1,C0278767,Neoplastic Process,Terminated
Rituximab,DB00073,B-cell small lymphocytic lymphoma stage I,C0855098,Neoplastic Process,Terminated
Cyclophosphamide,DB00531,B-cell small lymphocytic lymphoma stage I,C0855098,Neoplastic Process,Terminated
Rituximab,DB00073,Chronic lymphocytic leukaemia stage 2,C0854803,Neoplastic Process,Terminated
Cyclophosphamide,DB00531,Chronic lymphocytic leukaemia stage 2,C0854803,Neoplastic Process,Terminated
Rituximab,DB00073,B-cell small lymphocytic lymphoma stage II,C0855099,Neoplastic Process,Terminated
Cyclophosphamide,DB00531,B-cell small lymphocytic lymphoma stage II,C0855099,Neoplastic Process,Terminated
Rituximab,DB00073,Chronic lymphocytic leukaemia stage 3,C0278769,Neoplastic Process,Terminated
Cyclophosphamide,DB00531,Chronic lymphocytic leukaemia stage 3,C0278769,Neoplastic Process,Terminated
Rituximab,DB00073,B-cell small lymphocytic lymphoma stage III,C0855100,Neoplastic Process,Terminated
Cyclophosphamide,DB00531,B-cell small lymphocytic lymphoma stage III,C0855100,Neoplastic Process,Terminated
Fenofibrate,DB01039,Coronary Arteriosclerosis,C0010054,Disease or Syndrome,Terminated
Atorvastatin,DB01076,Coronary Arteriosclerosis,C0010054,Disease or Syndrome,Terminated
Rifampicin,DB01045,"Diabetes Mellitus, Non-Insulin-Dependent",C0011860,Disease or Syndrome,Terminated
Sildenafil,DB00203,Persistent Fetal Circulation Syndrome,C0031190,Disease or Syndrome,Terminated
Sildenafil,DB00203,Hypoxic respiratory failure,C3805211,Disease or Syndrome,Terminated
Ibuprofen,DB01050,Patent ductus arteriosus,C0013274,Congenital Abnormality,Withdrawn
Simvastatin,DB00641,Cystic Fibrosis,C0010674,Disease or Syndrome,Withdrawn
Voriconazole,DB00582,Candidiasis,C0006840,Disease or Syndrome,Terminated
Venlafaxine,DB00285,Depressive disorder,C0011581,Mental or Behavioral Dysfunction,Terminated
Cisplatin,DB00515,Carcinomatosis of peritoneal cavity,C0346990,Neoplastic Process,Terminated
Cisplatin,DB00515,Malignant neoplasm of gastrointestinal tract,C0685938,Neoplastic Process,Terminated
Cisplatin,DB00515,Mesothelioma malignant advanced,C0278752,Neoplastic Process,Withdrawn
Pemetrexed,DB00642,Mesothelioma malignant advanced,C0278752,Neoplastic Process,Withdrawn
Cisplatin,DB00515,"Epithelioid mesothelioma, malignant",C0862312,Neoplastic Process,Withdrawn
Pemetrexed,DB00642,"Epithelioid mesothelioma, malignant",C0862312,Neoplastic Process,Withdrawn
Cisplatin,DB00515,Mesothelioma malignant recurrent,C0278753,Neoplastic Process,Withdrawn
Pemetrexed,DB00642,Mesothelioma malignant recurrent,C0278753,Neoplastic Process,Withdrawn
Cisplatin,DB00515,Sarcomatoid Mesothelioma,C0334513,Neoplastic Process,Withdrawn
Pemetrexed,DB00642,Sarcomatoid Mesothelioma,C0334513,Neoplastic Process,Withdrawn
Ziprasidone,DB00246,Bipolar Disorder,C0005586,Mental or Behavioral Dysfunction,Terminated
Lovastatin,DB00227,Smith-Lemli-Opitz Syndrome,C0175694,Disease or Syndrome,Withdrawn
Lovastatin,DB00227,"Chondrodysplasia punctata, X-linked dominant type",C0282102,Disease or Syndrome,Withdrawn
Omeprazole,DB00338,Helicobacter pylori infection,C0850666,Disease or Syndrome,Terminated
Gemcitabine,DB00441,Colorectal cancer metastatic,C0948380,Neoplastic Process,Terminated
Pemetrexed,DB00642,Colorectal cancer metastatic,C0948380,Neoplastic Process,Terminated
Erythromycin,DB00199,Gastroparesis,C0152020,Disease or Syndrome,Terminated
Naltrexone,DB00199,Gastroparesis,C0152020,Disease or Syndrome,Terminated
Methylnaltrexone,DB00704,Gastroparesis,C0152020,Disease or Syndrome,Terminated
,DB06800,Gastroparesis,C0152020,Disease or Syndrome,Terminated
Bevacizumab,DB00112,Colorectal Carcinoma,C0009402,Neoplastic Process,Terminated
Edetic Acid,DB00974,Acetaminophen overdose,C0572025,Injury or Poisoning,Terminated
Acetylcysteine,DB06151,Acetaminophen overdose,C0572025,Injury or Poisoning,Terminated
Lapatinib,DB01259,Neoplasm Metastasis,C0027627,Neoplastic Process,Terminated
Vorinostat,DB02546,Neoplasm Metastasis,C0027627,Neoplastic Process,Terminated
Goserelin,DB00014,HER2/Neu Negative,C2348908,Finding,Terminated
Exemestane,DB00990,HER2/Neu Negative,C2348908,Finding,Terminated
Goserelin,DB00014,Carcinoma of Male Breast,C0238033,Neoplastic Process,Terminated
Exemestane,DB00990,Carcinoma of Male Breast,C0238033,Neoplastic Process,Terminated
Dextroamphetamine,DB01576,Depressive disorder,C0011581,Mental or Behavioral Dysfunction,Terminated
Carboplatin,DB00958,Hepatobiliary neoplasm,C0854196,Neoplastic Process,Terminated
Amitriptyline,DB00321,Transformed migraine,C1960870,Disease or Syndrome,Terminated
Cyclobenzaprine,DB00924,Transformed migraine,C1960870,Disease or Syndrome,Terminated
Aminolevulinic acid,DB00855,adult anaplastic astrocytoma,C0280483,Neoplastic Process,Terminated
Aminolevulinic acid,DB00855,adult anaplastic oligodendroglioma,C0280790,Neoplastic Process,Terminated
Aminolevulinic acid,DB00855,adult giant cell glioblastoma,C1541316,Neoplastic Process,Terminated
Aminolevulinic acid,DB00855,adult glioblastoma,C0278878,Neoplastic Process,Terminated
Aminolevulinic acid,DB00855,adult gliosarcoma,C1541317,Neoplastic Process,Terminated
Aminolevulinic acid,DB00855,Adult Mixed Glioma,C3900099,Neoplastic Process,Terminated
Aminolevulinic acid,DB00855,recurrent adult brain tumor,C0278786,Neoplastic Process,Terminated
Vitamin C,DB00126,Adenocarcinoma,C0001418,Neoplastic Process,Suspended
Vitamin C,DB00126,Carcinoma,C0007097,Neoplastic Process,Suspended
Vitamin C,DB00126,Multiple Myeloma,C0026764,Neoplastic Process,Suspended
Vitamin C,DB00126,Desmoplastic Small Round Cell Tumor,C0281508,Neoplastic Process,Suspended
Atorvastatin,DB01076,Acute Coronary Syndrome,C0948089,Disease or Syndrome,Terminated
Tolbutamide,DB01124,Advanced cancer,C0877373,Neoplastic Process,Terminated
Lidocaine,DB00281,Pain,C0030193,Sign or Symptom,Terminated
Lidocaine,DB00281,Chronic pain,C0150055,Sign or Symptom,Terminated
Peginterferon alfa-2a,DB00008,Hepatitis C,C0019196,Disease or Syndrome,Suspended
Ribavirin,DB00811,Hepatitis C,C0019196,Disease or Syndrome,Suspended
Docetaxel,DB01248,Urologic Neoplasms,C0042076,Neoplastic Process,Terminated
Anidulafungin,DB00362,Aspergillosis,C0004030,Disease or Syndrome,Withdrawn
Voriconazole,DB00582,Aspergillosis,C0004030,Disease or Syndrome,Withdrawn
Anidulafungin,DB00362,Invasive Pulmonary Aspergillosis,C0276653,Disease or Syndrome,Withdrawn
Anidulafungin,DB00362,Neuroaspergillosis,C0752342,Disease or Syndrome,Withdrawn
Voriconazole,DB00582,Neuroaspergillosis,C0752342,Disease or Syndrome,Withdrawn
Cisplatin,DB00515,Small cell carcinoma of lung,C0149925,Neoplastic Process,Terminated
Pemetrexed,DB00642,Small cell carcinoma of lung,C0149925,Neoplastic Process,Terminated
Rasagiline,DB01367,Progressive supranuclear palsy,C0038868,Disease or Syndrome,Terminated
Nicardipine,DB00622,Cerebral Hemorrhage,C2937358,Finding,Suspended
Celecoxib,DB00482,Malignant neoplasm of ovary,C1140680,Neoplastic Process,Terminated
Methotrexate,DB00563,Malignant neoplasm of ovary,C1140680,Neoplastic Process,Terminated
Methotrexate,DB00563,"Neoplasm, Residual",C0242596,Neoplastic Process,Terminated
Clofarabine,DB00631,"Neoplasm, Residual",C0242596,Neoplastic Process,Terminated
Cytarabine,DB00987,"Neoplasm, Residual",C0242596,Neoplastic Process,Terminated
Cisplatin,DB00515,Squamous cell carcinoma,C0007137,Neoplastic Process,Terminated
Cisplatin,DB00515,Malignant neoplasm of lung,C0242379,Neoplastic Process,Withdrawn
Etoposide,DB00773,Malignant neoplasm of lung,C0242379,Neoplastic Process,Withdrawn
Panobinostat,DB00773,Malignant neoplasm of lung,C0242379,Neoplastic Process,Withdrawn
,DB06603,Malignant neoplasm of lung,C0242379,Neoplastic Process,Withdrawn
Aldesleukin,DB00041,Metastatic melanoma,C0278883,Neoplastic Process,Terminated
Aldesleukin,DB00041,Renal cancer metastatic,C0919976,Neoplastic Process,Terminated
Pioglitazone,DB01132,Endometriosis,C0014175,Disease or Syndrome,Withdrawn
Pegaspargase,DB00059,"Leukemia, Lymphocytic, Acute, L1",C0023452,Neoplastic Process,Terminated
Vincristine,DB00541,"Leukemia, Lymphocytic, Acute, L1",C0023452,Neoplastic Process,Terminated
Methotrexate,DB00563,"Leukemia, Lymphocytic, Acute, L1",C0023452,Neoplastic Process,Terminated
Prednisone,DB00635,"Leukemia, Lymphocytic, Acute, L1",C0023452,Neoplastic Process,Terminated
Alefacept,DB00092,"transplant; failure, kidney",C1404117,Pathologic Function,Terminated
Sirolimus,DB00877,Mucosal Melanoma,C3898222,Neoplastic Process,Terminated
Everolimus,DB01590,Mucosal Melanoma,C3898222,Neoplastic Process,Terminated
Sirolimus,DB00877,Melanoma recurrent,C0278884,Neoplastic Process,Terminated
Everolimus,DB01590,Melanoma recurrent,C0278884,Neoplastic Process,Terminated
Zoledronic acid,DB00399,Multiple Sclerosis,C0026769,Disease or Syndrome,Terminated
Oxaliplatin,DB00526,Colorectal Carcinoma,C0009402,Neoplastic Process,Withdrawn
Oxaliplatin,DB00526,Malignant tumor of colon,C0007102,Neoplastic Process,Withdrawn
Clomifene,DB00624,Hypogonadotropic hypogonadism,C0271623,Disease or Syndrome,Terminated
Methyltestosterone,DB00624,Hypogonadotropic hypogonadism,C0271623,Disease or Syndrome,Terminated
,DB00882,Hypogonadotropic hypogonadism,C0271623,Disease or Syndrome,Terminated
,DB06710,Hypogonadotropic hypogonadism,C0271623,Disease or Syndrome,Terminated
Pramlintide,DB01278,Diabetes Mellitus,C0011849,Disease or Syndrome,Withdrawn
Bortezomib,DB00188,leukemia,C0023418,Neoplastic Process,Withdrawn
Teriparatide,DB06285,Post-surgical hypoparathyroidism,C0342341,Disease or Syndrome,Terminated
Valproic Acid,DB00313,"unspecified childhood solid tumor, protocol specific",C0279002,Neoplastic Process,Terminated
Sirolimus,DB00877,"unspecified childhood solid tumor, protocol specific",C0279002,Neoplastic Process,Terminated
Everolimus,DB01590,"unspecified childhood solid tumor, protocol specific",C0279002,Neoplastic Process,Terminated
Valproic Acid,DB00313,Neuroblastoma,C0027819,Neoplastic Process,Terminated
Sirolimus,DB00877,Neuroblastoma,C0027819,Neoplastic Process,Terminated
Everolimus,DB01590,Neuroblastoma,C0027819,Neoplastic Process,Terminated
Miltefosine,DB09031,Chronic urticaria,C0263338,Disease or Syndrome,Terminated
Gemcitabine,DB00441,Biliary Tract Cancer,C0750952,Neoplastic Process,Terminated
Arsenic trioxide,DB01169,Endometrial Carcinoma,C0476089,Neoplastic Process,Terminated
Carboplatin,DB00958,Non-Small Cell Lung Carcinoma,C0007131,Neoplastic Process,Withdrawn
Latanoprost,DB00654,"Glaucoma, Primary Open Angle",C0339573,Disease or Syndrome,Terminated
Mesalazine,DB00244,Proctitis,C0033246,Disease or Syndrome,Terminated
Sirolimus,DB00877,Brain Stem Neoplasms,C0677866,Neoplastic Process,Withdrawn
Everolimus,DB01590,Brain Stem Neoplasms,C0677866,Neoplastic Process,Withdrawn
Cyclophosphamide,DB00531,secondary acute myeloid leukemia,C0280449,Neoplastic Process,Terminated
Busulfan,DB01008,secondary acute myeloid leukemia,C0280449,Neoplastic Process,Terminated
Bevacizumab,DB00112,adult anaplastic astrocytoma,C0280483,Neoplastic Process,Terminated
Bevacizumab,DB00112,adult anaplastic oligodendroglioma,C0280790,Neoplastic Process,Terminated
Bevacizumab,DB00112,adult giant cell glioblastoma,C1541316,Neoplastic Process,Terminated
Bevacizumab,DB00112,adult glioblastoma,C0278878,Neoplastic Process,Terminated
Bevacizumab,DB00112,adult gliosarcoma,C1541317,Neoplastic Process,Terminated
Bevacizumab,DB00112,recurrent adult brain tumor,C0278786,Neoplastic Process,Terminated
Sunitinib,DB01268,Neuroendocrine Tumors,C0206754,Neoplastic Process,Terminated
Sunitinib,DB01268,advanced disease,C0679246,Finding,Terminated
Cisplatin,DB00515,Malignant neoplasm of lung,C0242379,Neoplastic Process,Terminated
Etoposide,DB00773,Malignant neoplasm of lung,C0242379,Neoplastic Process,Terminated
Aldesleukin,DB00041,Malignant tumor of colon,C0007102,Neoplastic Process,Terminated
Vidarabine,DB00194,Malignant tumor of colon,C0007102,Neoplastic Process,Terminated
Cyclophosphamide,DB00531,Malignant tumor of colon,C0007102,Neoplastic Process,Terminated
Fludarabine,DB01073,Malignant tumor of colon,C0007102,Neoplastic Process,Terminated
Aldesleukin,DB00041,Malignant neoplasm of stomach,C0024623,Neoplastic Process,Terminated
Vidarabine,DB00194,Malignant neoplasm of stomach,C0024623,Neoplastic Process,Terminated
Cyclophosphamide,DB00531,Malignant neoplasm of stomach,C0024623,Neoplastic Process,Terminated
Fludarabine,DB01073,Malignant neoplasm of stomach,C0024623,Neoplastic Process,Terminated
Aldesleukin,DB00041,Malignant neoplasm of lung,C0242379,Neoplastic Process,Terminated
Vidarabine,DB00194,Malignant neoplasm of lung,C0242379,Neoplastic Process,Terminated
Cyclophosphamide,DB00531,Malignant neoplasm of lung,C0242379,Neoplastic Process,Terminated
Fludarabine,DB01073,Malignant neoplasm of lung,C0242379,Neoplastic Process,Terminated
Aldesleukin,DB00041,"unspecified adult solid tumor, protocol specific",C0279004,Neoplastic Process,Terminated
Vidarabine,DB00194,"unspecified adult solid tumor, protocol specific",C0279004,Neoplastic Process,Terminated
Cyclophosphamide,DB00531,"unspecified adult solid tumor, protocol specific",C0279004,Neoplastic Process,Terminated
Fludarabine,DB01073,"unspecified adult solid tumor, protocol specific",C0279004,Neoplastic Process,Terminated
Duloxetine,DB00476,Traumatic Brain Injury,C0876926,Injury or Poisoning,Terminated
Duloxetine,DB00476,Depressive disorder,C0011581,Mental or Behavioral Dysfunction,Terminated
Doxorubicin,DB00997,Hormone-Resistant Prostate Cancer,C3898877,Finding,Suspended
Doxorubicin,DB00997,Prostate cancer recurrent,C0278838,Neoplastic Process,Suspended
Cisplatin,DB00515,Secondary malignant neoplasm of lung,C0153676,Neoplastic Process,Terminated
Etoposide,DB00773,Secondary malignant neoplasm of lung,C0153676,Neoplastic Process,Terminated
Doxorubicin,DB00773,Secondary malignant neoplasm of lung,C0153676,Neoplastic Process,Terminated
Ifosfamide,DB00997,Secondary malignant neoplasm of lung,C0153676,Neoplastic Process,Terminated
,DB01181,Secondary malignant neoplasm of lung,C0153676,Neoplastic Process,Terminated
Amlodipine,DB00381,Cardiovascular event,C1320716,Finding,Terminated
Hydrochlorothiazide,DB00999,Cardiovascular event,C1320716,Finding,Terminated
Aprepitant,DB00673,Nausea,C0027497,Sign or Symptom,Suspended
Fosaprepitant,DB00673,Nausea,C0027497,Sign or Symptom,Suspended
,DB06717,Nausea,C0027497,Sign or Symptom,Suspended
Aprepitant,DB00673,Vomiting,C0042963,Sign or Symptom,Suspended
Fosaprepitant,DB00673,Vomiting,C0042963,Sign or Symptom,Suspended
,DB06717,Vomiting,C0042963,Sign or Symptom,Suspended
Erlotinib,DB00530,Ependymoma,C0014474,Neoplastic Process,Terminated
Sitagliptin,DB01261,Cystic Fibrosis,C0010674,Disease or Syndrome,Terminated
Etomidate,DB00292,Hypertensive disease,C0020538,Disease or Syndrome,Withdrawn
Propofol,DB00818,Hypertensive disease,C0020538,Disease or Syndrome,Withdrawn
Memantine,DB01043,Glioblastoma,C0017636,Neoplastic Process,Terminated
Etoposide,DB00773,adult acute basophilic leukemia,C0279631,Neoplastic Process,Terminated
Azacitidine,DB00773,adult acute basophilic leukemia,C0279631,Neoplastic Process,Terminated
Mitoxantrone,DB00928,adult acute basophilic leukemia,C0279631,Neoplastic Process,Terminated
,DB01204,adult acute basophilic leukemia,C0279631,Neoplastic Process,Terminated
Etoposide,DB00773,adult acute eosinophilic leukemia,C0279630,Neoplastic Process,Terminated
Azacitidine,DB00773,adult acute eosinophilic leukemia,C0279630,Neoplastic Process,Terminated
Mitoxantrone,DB00928,adult acute eosinophilic leukemia,C0279630,Neoplastic Process,Terminated
,DB01204,adult acute eosinophilic leukemia,C0279630,Neoplastic Process,Terminated
Etoposide,DB00773,adult acute myeloid leukemia in remission,C0279094,Neoplastic Process,Terminated
Azacitidine,DB00773,adult acute myeloid leukemia in remission,C0279094,Neoplastic Process,Terminated
Mitoxantrone,DB00928,adult acute myeloid leukemia in remission,C0279094,Neoplastic Process,Terminated
,DB01204,adult acute myeloid leukemia in remission,C0279094,Neoplastic Process,Terminated
Etoposide,DB00773,Adult Acute Myeloid Leukemia with inv(16)(p13.1q22); CBFB-MYH11,C2825114,Neoplastic Process,Terminated
Azacitidine,DB00773,Adult Acute Myeloid Leukemia with inv(16)(p13.1q22); CBFB-MYH11,C2825114,Neoplastic Process,Terminated
Mitoxantrone,DB00928,Adult Acute Myeloid Leukemia with inv(16)(p13.1q22); CBFB-MYH11,C2825114,Neoplastic Process,Terminated
,DB01204,Adult Acute Myeloid Leukemia with inv(16)(p13.1q22); CBFB-MYH11,C2825114,Neoplastic Process,Terminated
Etoposide,DB00773,Adult Acute Myeloid Leukemia with t(8;21)(q22;q22); RUNX1-RUNX1T1,C2347540,Neoplastic Process,Terminated
Azacitidine,DB00773,Adult Acute Myeloid Leukemia with t(8;21)(q22;q22); RUNX1-RUNX1T1,C2347540,Neoplastic Process,Terminated
Mitoxantrone,DB00928,Adult Acute Myeloid Leukemia with t(8;21)(q22;q22); RUNX1-RUNX1T1,C2347540,Neoplastic Process,Terminated
,DB01204,Adult Acute Myeloid Leukemia with t(8;21)(q22;q22); RUNX1-RUNX1T1,C2347540,Neoplastic Process,Terminated
Etoposide,DB00773,untreated adult acute myeloid leukemia,C0279089,Finding,Terminated
Azacitidine,DB00773,untreated adult acute myeloid leukemia,C0279089,Finding,Terminated
Mitoxantrone,DB00928,untreated adult acute myeloid leukemia,C0279089,Finding,Terminated
,DB01204,untreated adult acute myeloid leukemia,C0279089,Finding,Terminated
Etoposide,DB00773,Adult Erythroleukemia,C2347748,Neoplastic Process,Terminated
Azacitidine,DB00773,Adult Erythroleukemia,C2347748,Neoplastic Process,Terminated
Mitoxantrone,DB00928,Adult Erythroleukemia,C2347748,Neoplastic Process,Terminated
,DB01204,Adult Erythroleukemia,C2347748,Neoplastic Process,Terminated
Etoposide,DB00773,Adult Pure Erythroid Leukemia,C2347753,Neoplastic Process,Terminated
Azacitidine,DB00773,Adult Pure Erythroid Leukemia,C2347753,Neoplastic Process,Terminated
Mitoxantrone,DB00928,Adult Pure Erythroid Leukemia,C2347753,Neoplastic Process,Terminated
,DB01204,Adult Pure Erythroid Leukemia,C2347753,Neoplastic Process,Terminated
Etoposide,DB00773,Alkylating Agent-Related Acute Myeloid Leukemia,C1332233,Neoplastic Process,Terminated
Azacitidine,DB00773,Alkylating Agent-Related Acute Myeloid Leukemia,C1332233,Neoplastic Process,Terminated
Mitoxantrone,DB00928,Alkylating Agent-Related Acute Myeloid Leukemia,C1332233,Neoplastic Process,Terminated
,DB01204,Alkylating Agent-Related Acute Myeloid Leukemia,C1332233,Neoplastic Process,Terminated
Etoposide,DB00773,recurrent adult acute myeloid leukemia,C0278780,Neoplastic Process,Terminated
Azacitidine,DB00773,recurrent adult acute myeloid leukemia,C0278780,Neoplastic Process,Terminated
Mitoxantrone,DB00928,recurrent adult acute myeloid leukemia,C0278780,Neoplastic Process,Terminated
,DB01204,recurrent adult acute myeloid leukemia,C0278780,Neoplastic Process,Terminated
Etoposide,DB00773,secondary acute myeloid leukemia,C0280449,Neoplastic Process,Terminated
Azacitidine,DB00773,secondary acute myeloid leukemia,C0280449,Neoplastic Process,Terminated
Mitoxantrone,DB00928,secondary acute myeloid leukemia,C0280449,Neoplastic Process,Terminated
,DB01204,secondary acute myeloid leukemia,C0280449,Neoplastic Process,Terminated
Amphotericin B,DB00681,Lung transplant recipient,C2063401,Finding,Suspended
Ramipril,DB00178,"unspecified adult solid tumor, protocol specific",C0279004,Neoplastic Process,Terminated
Benazepril,DB00542,"unspecified adult solid tumor, protocol specific",C0279004,Neoplastic Process,Terminated
Losartan,DB00678,"unspecified adult solid tumor, protocol specific",C0279004,Neoplastic Process,Terminated
Lisinopril,DB00722,"unspecified adult solid tumor, protocol specific",C0279004,Neoplastic Process,Terminated
Sirolimus,DB00877,Multiple Myeloma,C0026764,Neoplastic Process,Withdrawn
Everolimus,DB01590,Multiple Myeloma,C0026764,Neoplastic Process,Withdrawn
Cyclophosphamide,DB00531,"Polyradiculoneuropathy, Chronic Inflammatory Demyelinating",C0393819,Disease or Syndrome,Withdrawn
Denileukin diftitox,DB00004,Multiple Myeloma,C0026764,Neoplastic Process,Terminated
Cyclophosphamide,DB00531,Malignant neoplasm of skin,C0007114,Neoplastic Process,Terminated
Fludarabine,DB01073,Malignant neoplasm of skin,C0007114,Neoplastic Process,Terminated
Cyclophosphamide,DB00531,Metastatic melanoma,C0278883,Neoplastic Process,Terminated
Fludarabine,DB01073,Metastatic melanoma,C0278883,Neoplastic Process,Terminated
Infliximab,DB00065,Stevens-Johnson Syndrome,C0038325,Disease or Syndrome,Withdrawn
Norepinephrine,DB00368,Septic Shock,C0036983,Pathologic Function,Terminated
Terlipressin,DB02638,Septic Shock,C0036983,Pathologic Function,Terminated
Norepinephrine,DB00368,Radiodermatitis,C0034561,Injury or Poisoning,Terminated
Irinotecan,DB00762,Secondary malignant neoplasm of liver,C0494165,Neoplastic Process,Terminated
Irinotecan,DB00762,Mucinous adenocarcinoma of colon,C0279639,Neoplastic Process,Terminated
Irinotecan,DB00762,mucinous adenocarcinoma of rectum,C0279652,Neoplastic Process,Terminated
Irinotecan,DB00762,Colon cancer recurrent,C0278553,Neoplastic Process,Terminated
Irinotecan,DB00762,Recurrent Rectal Cancer,C0278554,Neoplastic Process,Terminated
Irinotecan,DB00762,signet ring adenocarcinoma of the colon,C0279640,Neoplastic Process,Terminated
Irinotecan,DB00762,signet ring adenocarcinoma of the rectum,C0279654,Neoplastic Process,Terminated
Lapatinib,DB01259,melanoma,C0025202,Neoplastic Process,Terminated
Aldesleukin,DB00041,Stage IV Skin Melanoma,C1321872,Neoplastic Process,Terminated
Cyclophosphamide,DB00531,Stage IV Skin Melanoma,C1321872,Neoplastic Process,Terminated
Fludarabine,DB01073,Stage IV Skin Melanoma,C1321872,Neoplastic Process,Terminated
Lenalidomide,DB00480,Chronic lymphocytic leukaemia stage 3,C0278769,Neoplastic Process,Withdrawn
Lenalidomide,DB00480,Chronic lymphocytic leukaemia stage 4,C0854804,Neoplastic Process,Withdrawn
Cholecalciferol,DB00169,Hyperlipidemia,C0020473,Disease or Syndrome,Withdrawn
Sirolimus,DB00877,Liver neoplasms,C0023903,Neoplastic Process,Withdrawn
Doxorubicin,DB00997,Liver neoplasms,C0023903,Neoplastic Process,Withdrawn
Everolimus,DB01590,Liver neoplasms,C0023903,Neoplastic Process,Withdrawn
Varenicline,DB01273,Drug Dependence,C1510472,Mental or Behavioral Dysfunction,Withdrawn
Niacin,DB00627,Primary hypercholesterolemia,C0342879,Disease or Syndrome,Terminated
Simvastatin,DB00641,Primary hypercholesterolemia,C0342879,Disease or Syndrome,Terminated
Nicotinamide,DB02701,Primary hypercholesterolemia,C0342879,Disease or Syndrome,Terminated
Niacin,DB00627,Dyslipidemias,C0242339,Disease or Syndrome,Terminated
Simvastatin,DB00641,Dyslipidemias,C0242339,Disease or Syndrome,Terminated
Nicotinamide,DB02701,Dyslipidemias,C0242339,Disease or Syndrome,Terminated
Bevacizumab,DB00112,Colorectal cancer metastatic,C0948380,Neoplastic Process,Withdrawn
Oxaliplatin,DB00526,Colorectal cancer metastatic,C0948380,Neoplastic Process,Withdrawn
Fluorouracil,DB00544,Colorectal cancer metastatic,C0948380,Neoplastic Process,Withdrawn
Irinotecan,DB00762,Colorectal cancer metastatic,C0948380,Neoplastic Process,Withdrawn
Capecitabine,DB01101,Colorectal cancer metastatic,C0948380,Neoplastic Process,Withdrawn
Ropivacaine,DB00296,Other reconstructive surgery,C0418696,Injury or Poisoning,Withdrawn
Clonidine,DB00575,Other reconstructive surgery,C0418696,Injury or Poisoning,Withdrawn
Tacrolimus,DB00864,function of renal transplant,C2170323,Pathologic Function,Terminated
Thalidomide,DB01041,Rheumatoid Arthritis,C0003873,Disease or Syndrome,Terminated
Apremilast,DB05676,Rheumatoid Arthritis,C0003873,Disease or Syndrome,Terminated
Bupivacaine,DB00297,Fracture of lower leg,C1542178,Injury or Poisoning,Withdrawn
Levobupivacaine,DB01002,Fracture of lower leg,C1542178,Injury or Poisoning,Withdrawn
Gemcitabine,DB00441,advanced adult primary liver cancer,C0278774,Neoplastic Process,Terminated
Cisplatin,DB00515,advanced adult primary liver cancer,C0278774,Neoplastic Process,Terminated
Gemcitabine,DB00441,localized unresectable adult primary liver cancer,C0278773,Neoplastic Process,Terminated
Cisplatin,DB00515,localized unresectable adult primary liver cancer,C0278773,Neoplastic Process,Terminated
Gemcitabine,DB00441,Transitional cell cancer of renal pelvis and ureter metastatic,C0279937,Neoplastic Process,Terminated
Cisplatin,DB00515,Transitional cell cancer of renal pelvis and ureter metastatic,C0279937,Neoplastic Process,Terminated
Gemcitabine,DB00441,Regional Urothelial Carcinoma of the Renal Pelvis and Ureter,C0280281,Neoplastic Process,Terminated
Cisplatin,DB00515,Regional Urothelial Carcinoma of the Renal Pelvis and Ureter,C0280281,Neoplastic Process,Terminated
Gemcitabine,DB00441,Bladder cancer stage III,C0278824,Neoplastic Process,Terminated
Cisplatin,DB00515,Bladder cancer stage III,C0278824,Neoplastic Process,Terminated
Gemcitabine,DB00441,Pancreatic carcinoma stage III,C1167722,Neoplastic Process,Terminated
Cisplatin,DB00515,Pancreatic carcinoma stage III,C1167722,Neoplastic Process,Terminated
Gemcitabine,DB00441,Non-small cell lung cancer stage IIIA,C0278983,Neoplastic Process,Terminated
Cisplatin,DB00515,Non-small cell lung cancer stage IIIA,C0278983,Neoplastic Process,Terminated
Gemcitabine,DB00441,Non-small cell lung cancer metastatic,C0278987,Neoplastic Process,Terminated
Cisplatin,DB00515,Non-small cell lung cancer metastatic,C0278987,Neoplastic Process,Terminated
Gemcitabine,DB00441,Stage IV Pancreatic Cancer,C1167725,Neoplastic Process,Terminated
Cisplatin,DB00515,Stage IV Pancreatic Cancer,C1167725,Neoplastic Process,Terminated
Gemcitabine,DB00441,unresectable extrahepatic bile duct cancer,C0278811,Neoplastic Process,Terminated
Cisplatin,DB00515,unresectable extrahepatic bile duct cancer,C0278811,Neoplastic Process,Terminated
Gemcitabine,DB00441,unresectable gallbladder cancer,C0278807,Neoplastic Process,Terminated
Cisplatin,DB00515,unresectable gallbladder cancer,C0278807,Neoplastic Process,Terminated
Gemcitabine,DB00441,ovarian neoplasm,C0919267,Neoplastic Process,Terminated
Carboplatin,DB00958,ovarian neoplasm,C0919267,Neoplastic Process,Terminated
Doxorubicin,DB00997,ovarian neoplasm,C0919267,Neoplastic Process,Terminated
Paclitaxel,DB01229,ovarian neoplasm,C0919267,Neoplastic Process,Terminated
Gemcitabine,DB00441,Fallopian Tube Neoplasms,C0015558,Neoplastic Process,Terminated
Carboplatin,DB00958,Fallopian Tube Neoplasms,C0015558,Neoplastic Process,Terminated
Doxorubicin,DB00997,Fallopian Tube Neoplasms,C0015558,Neoplastic Process,Terminated
Paclitaxel,DB01229,Fallopian Tube Neoplasms,C0015558,Neoplastic Process,Terminated
Tacrolimus,DB00864,Lupus Nephritis,C0024143,Disease or Syndrome,Withdrawn
Temozolomide,DB00853,Melanoma recurrent,C0278884,Neoplastic Process,Suspended
Carboplatin,DB00958,ovarian neoplasm,C0919267,Neoplastic Process,Terminated
Doxorubicin,DB00997,ovarian neoplasm,C0919267,Neoplastic Process,Terminated
Nintedanib,DB09079,ovarian neoplasm,C0919267,Neoplastic Process,Terminated
Bortezomib,DB00188,multiple myeloma in relapse,C2349261,Neoplastic Process,Withdrawn
Dexamethasone,DB01234,multiple myeloma in relapse,C2349261,Neoplastic Process,Withdrawn
,DB01234,multiple myeloma in relapse,C2349261,Neoplastic Process,Withdrawn
,DB01234,Multiple Myeloma,C0026764,Neoplastic Process,Withdrawn
Milnacipran,DB04896,Primary fibromyalgia syndrome,C0521517,Disease or Syndrome,Terminated
Cholecalciferol,DB00169,"Hyperparathyroidism, Primary",C0221002,Disease or Syndrome,Withdrawn
Cholecalciferol,DB00169,Hypercalcemia,C0020437,Disease or Syndrome,Withdrawn
Cyclophosphamide,DB00531,Ewings sarcoma,C0553580,Neoplastic Process,Terminated
Vincristine,DB00541,Ewings sarcoma,C0553580,Neoplastic Process,Terminated
Irinotecan,DB00762,Ewings sarcoma,C0553580,Neoplastic Process,Terminated
Temozolomide,DB00853,Ewings sarcoma,C0553580,Neoplastic Process,Terminated
Doxorubicin,DB00997,Ewings sarcoma,C0553580,Neoplastic Process,Terminated
Cisplatin,DB00515,Adenocarcinoma,C0001418,Neoplastic Process,Withdrawn
Cisplatin,DB00515,Carcinoma,C0007097,Neoplastic Process,Withdrawn
Bortezomib,DB00188,"Lymphoma, Non-Hodgkin",C0024305,Neoplastic Process,Terminated
Etoposide,DB00773,"Lymphoma, Non-Hodgkin",C0024305,Neoplastic Process,Terminated
Carboplatin,DB00773,"Lymphoma, Non-Hodgkin",C0024305,Neoplastic Process,Terminated
Ifosfamide,DB00958,"Lymphoma, Non-Hodgkin",C0024305,Neoplastic Process,Terminated
,DB01181,"Lymphoma, Non-Hodgkin",C0024305,Neoplastic Process,Terminated
Sirolimus,DB00877,Pemphigus,C0030807,Disease or Syndrome,Terminated
Everolimus,DB01590,Pemphigus,C0030807,Disease or Syndrome,Terminated
Dexamethasone,DB01234,Liver Cirrhosis,C0023890,Disease or Syndrome,Terminated
,DB01234,Liver Cirrhosis,C0023890,Disease or Syndrome,Terminated
Heparin,DB01109,Coronary Artery Disease,C1956346,Disease or Syndrome,Terminated
Gefitinib,DB00317,Glioblastoma,C0017636,Neoplastic Process,Terminated
Bevacizumab,DB00112,Secondary malignant neoplasm of liver,C0494165,Neoplastic Process,Terminated
Oxaliplatin,DB00526,Secondary malignant neoplasm of liver,C0494165,Neoplastic Process,Terminated
Fluorouracil,DB00544,Secondary malignant neoplasm of liver,C0494165,Neoplastic Process,Terminated
Irinotecan,DB00762,Secondary malignant neoplasm of liver,C0494165,Neoplastic Process,Terminated
Levoleucovorin,DB11596,Secondary malignant neoplasm of liver,C0494165,Neoplastic Process,Terminated
Bevacizumab,DB00112,Colon cancer recurrent,C0278553,Neoplastic Process,Terminated
Oxaliplatin,DB00526,Colon cancer recurrent,C0278553,Neoplastic Process,Terminated
Fluorouracil,DB00544,Colon cancer recurrent,C0278553,Neoplastic Process,Terminated
Irinotecan,DB00762,Colon cancer recurrent,C0278553,Neoplastic Process,Terminated
Levoleucovorin,DB11596,Colon cancer recurrent,C0278553,Neoplastic Process,Terminated
Bevacizumab,DB00112,Recurrent Rectal Cancer,C0278554,Neoplastic Process,Terminated
Oxaliplatin,DB00526,Recurrent Rectal Cancer,C0278554,Neoplastic Process,Terminated
Fluorouracil,DB00544,Recurrent Rectal Cancer,C0278554,Neoplastic Process,Terminated
Irinotecan,DB00762,Recurrent Rectal Cancer,C0278554,Neoplastic Process,Terminated
Levoleucovorin,DB11596,Recurrent Rectal Cancer,C0278554,Neoplastic Process,Terminated
Bevacizumab,DB00112,Stage IVA Colon Cancer,C3897082,Neoplastic Process,Terminated
Oxaliplatin,DB00526,Stage IVA Colon Cancer,C3897082,Neoplastic Process,Terminated
Fluorouracil,DB00544,Stage IVA Colon Cancer,C3897082,Neoplastic Process,Terminated
Irinotecan,DB00762,Stage IVA Colon Cancer,C3897082,Neoplastic Process,Terminated
Levoleucovorin,DB11596,Stage IVA Colon Cancer,C3897082,Neoplastic Process,Terminated
Bevacizumab,DB00112,Stage IVA Rectal Cancer,C3897520,Neoplastic Process,Terminated
Oxaliplatin,DB00526,Stage IVA Rectal Cancer,C3897520,Neoplastic Process,Terminated
Fluorouracil,DB00544,Stage IVA Rectal Cancer,C3897520,Neoplastic Process,Terminated
Irinotecan,DB00762,Stage IVA Rectal Cancer,C3897520,Neoplastic Process,Terminated
Levoleucovorin,DB11596,Stage IVA Rectal Cancer,C3897520,Neoplastic Process,Terminated
Bevacizumab,DB00112,Stage IVB Colon Cancer,C3897517,Neoplastic Process,Terminated
Oxaliplatin,DB00526,Stage IVB Colon Cancer,C3897517,Neoplastic Process,Terminated
Fluorouracil,DB00544,Stage IVB Colon Cancer,C3897517,Neoplastic Process,Terminated
Irinotecan,DB00762,Stage IVB Colon Cancer,C3897517,Neoplastic Process,Terminated
Levoleucovorin,DB11596,Stage IVB Colon Cancer,C3897517,Neoplastic Process,Terminated
Bevacizumab,DB00112,Stage IVB Rectal Cancer,C3897513,Neoplastic Process,Terminated
Oxaliplatin,DB00526,Stage IVB Rectal Cancer,C3897513,Neoplastic Process,Terminated
Fluorouracil,DB00544,Stage IVB Rectal Cancer,C3897513,Neoplastic Process,Terminated
Irinotecan,DB00762,Stage IVB Rectal Cancer,C3897513,Neoplastic Process,Terminated
Levoleucovorin,DB11596,Stage IVB Rectal Cancer,C3897513,Neoplastic Process,Terminated
Propofol,DB00818,leukemia,C0023418,Neoplastic Process,Withdrawn
Erythromycin,DB00199,Gastroparesis,C0152020,Disease or Syndrome,Terminated
,DB00199,Gastroparesis,C0152020,Disease or Syndrome,Terminated
Buprenorphine,DB00921,Other acute postoperative pain,C1719392,Disease or Syndrome,Withdrawn
Buprenorphine,DB00921,INTUBATION ENDOTRACHEAL PROLONGED,C0745398,Finding,Withdrawn
Cyclosporine,DB00091,Lupus Nephritis,C0024143,Disease or Syndrome,Withdrawn
Mycophenolate mofetil,DB00688,Lupus Nephritis,C0024143,Disease or Syndrome,Withdrawn
Mycophenolic acid,DB01024,Lupus Nephritis,C0024143,Disease or Syndrome,Withdrawn
,DB01024,Lupus Nephritis,C0024143,Disease or Syndrome,Withdrawn
Nicotine,DB00184,Tobacco Dependence,C0040332,Mental or Behavioral Dysfunction,Terminated
Fluvoxamine,DB00176,Solid tumour,C0280100,Neoplastic Process,Terminated
Methylphenidate,DB00422,"central nervous system tumor, pediatric",C1377665,Neoplastic Process,Terminated
Modafinil,DB00745,"central nervous system tumor, pediatric",C1377665,Neoplastic Process,Terminated
Armodafinil,DB06413,"central nervous system tumor, pediatric",C1377665,Neoplastic Process,Terminated
Ethanol,DB00898,Alcohol problem,C0549393,Mental or Behavioral Dysfunction,Terminated
Ethanol,DB00898,AOD misuse,C0678254,Mental or Behavioral Dysfunction,Terminated
Gemcitabine,DB00441,Non-small cell lung cancer stage III,C0278506,Neoplastic Process,Withdrawn
Pemetrexed,DB00642,Non-small cell lung cancer stage III,C0278506,Neoplastic Process,Withdrawn
Etoposide,DB00773,Non-small cell lung cancer stage III,C0278506,Neoplastic Process,Withdrawn
Carboplatin,DB00958,Non-small cell lung cancer metastatic,C0278987,Neoplastic Process,Terminated
,DB01234,Multiple Myeloma,C0026764,Neoplastic Process,Terminated
Irinotecan,DB00762,Advanced cancer,C0877373,Neoplastic Process,Terminated
Sirolimus,DB00877,Advanced cancer,C0877373,Neoplastic Process,Terminated
Everolimus,DB01590,Advanced cancer,C0877373,Neoplastic Process,Terminated
Isotretinoin,DB00982,Neuroblastoma,C0027819,Neoplastic Process,Withdrawn
Milnacipran,DB04896,"Fibromyalgia, Primary",C0751152,Disease or Syndrome,Terminated
Norepinephrine,DB00368,"Gait Disorders, Neurologic",C0751830,Disease or Syndrome,Withdrawn
Droxidopa,DB06262,"Gait Disorders, Neurologic",C0751830,Disease or Syndrome,Withdrawn
Amikacin,DB00479,Cystic Fibrosis,C0010674,Disease or Syndrome,Withdrawn
Nifedipine,DB01115,Threatened premature labor,C0473390,Pathologic Function,Withdrawn
Gemcitabine,DB00441,Bladder Neoplasm,C0005695,Neoplastic Process,Terminated
Lenalidomide,DB00480,Bladder Neoplasm,C0005695,Neoplastic Process,Terminated
Cisplatin,DB00515,Bladder Neoplasm,C0005695,Neoplastic Process,Terminated
Thalidomide,DB01041,Bladder Neoplasm,C0005695,Neoplastic Process,Terminated
Atomoxetine,DB00289,alcohol sensitivity,C0678306,Finding,Terminated
Heparin,DB01109,Malignant Childhood Neoplasm,C0278704,Neoplastic Process,Terminated
Heparin,DB01109,Aplastic Anemia,C0002874,Disease or Syndrome,Terminated
Heparin,DB01109,Metabolic Diseases,C0025517,Disease or Syndrome,Terminated
Cisplatin,DB00515,Carcinoma,C0007097,Neoplastic Process,Withdrawn
Tacrolimus,DB00864,Lupus Nephritis,C0024143,Disease or Syndrome,Terminated
Leflunomide,DB01097,Lupus Nephritis,C0024143,Disease or Syndrome,Terminated
Teriflunomide,DB08880,Lupus Nephritis,C0024143,Disease or Syndrome,Terminated
Melatonin,DB01065,Depressive disorder,C0011581,Mental or Behavioral Dysfunction,Terminated
Prednisone,DB00635,Polymyalgia Rheumatica,C0032533,Disease or Syndrome,Terminated
Prednisone,DB00635,Inflammatory disorder,C1290884,Disease or Syndrome,Terminated
Bevacizumab,DB00112,Malignant tumor of colon,C0007102,Neoplastic Process,Withdrawn
Irinotecan,DB00762,Colorectal Neoplasms,C0009404,Neoplastic Process,Terminated
Cyclosporine,DB00091,adult acute monocytic leukemia (M5b),C0280634,Neoplastic Process,Terminated
Pravastatin,DB00175,adult acute monocytic leukemia (M5b),C0280634,Neoplastic Process,Terminated
Etoposide,DB00773,adult acute monocytic leukemia (M5b),C0280634,Neoplastic Process,Terminated
Mitoxantrone,DB00773,adult acute monocytic leukemia (M5b),C0280634,Neoplastic Process,Terminated
,DB01204,adult acute monocytic leukemia (M5b),C0280634,Neoplastic Process,Terminated
Cyclosporine,DB00091,adult acute myeloblastic leukemia with maturation (M2),C0279624,Neoplastic Process,Terminated
Pravastatin,DB00175,adult acute myeloblastic leukemia with maturation (M2),C0279624,Neoplastic Process,Terminated
Etoposide,DB00773,adult acute myeloblastic leukemia with maturation (M2),C0279624,Neoplastic Process,Terminated
Mitoxantrone,DB00773,adult acute myeloblastic leukemia with maturation (M2),C0279624,Neoplastic Process,Terminated
,DB01204,adult acute myeloblastic leukemia with maturation (M2),C0279624,Neoplastic Process,Terminated
Cyclosporine,DB00091,Adult Acute Myeloid Leukemia without Maturation,C0279623,Neoplastic Process,Terminated
Pravastatin,DB00175,Adult Acute Myeloid Leukemia without Maturation,C0279623,Neoplastic Process,Terminated
Etoposide,DB00773,Adult Acute Myeloid Leukemia without Maturation,C0279623,Neoplastic Process,Terminated
Mitoxantrone,DB00773,Adult Acute Myeloid Leukemia without Maturation,C0279623,Neoplastic Process,Terminated
,DB01204,Adult Acute Myeloid Leukemia without Maturation,C0279623,Neoplastic Process,Terminated
Cyclosporine,DB00091,adult acute myeloid leukemia with 11q23 (MLL) abnormalities,C1541334,Neoplastic Process,Terminated
Pravastatin,DB00175,adult acute myeloid leukemia with 11q23 (MLL) abnormalities,C1541334,Neoplastic Process,Terminated
Etoposide,DB00773,adult acute myeloid leukemia with 11q23 (MLL) abnormalities,C1541334,Neoplastic Process,Terminated
Mitoxantrone,DB00773,adult acute myeloid leukemia with 11q23 (MLL) abnormalities,C1541334,Neoplastic Process,Terminated
,DB01204,adult acute myeloid leukemia with 11q23 (MLL) abnormalities,C1541334,Neoplastic Process,Terminated
Cyclosporine,DB00091,adult acute myeloid leukemia with inv(16)(p13;q22),C1541333,Neoplastic Process,Terminated
Pravastatin,DB00175,adult acute myeloid leukemia with inv(16)(p13;q22),C1541333,Neoplastic Process,Terminated
Etoposide,DB00773,adult acute myeloid leukemia with inv(16)(p13;q22),C1541333,Neoplastic Process,Terminated
Mitoxantrone,DB00773,adult acute myeloid leukemia with inv(16)(p13;q22),C1541333,Neoplastic Process,Terminated
,DB01204,adult acute myeloid leukemia with inv(16)(p13;q22),C1541333,Neoplastic Process,Terminated
Cyclosporine,DB00091,adult acute myeloid leukemia with t(16;16)(p13;q22),C1541332,Neoplastic Process,Terminated
Pravastatin,DB00175,adult acute myeloid leukemia with t(16;16)(p13;q22),C1541332,Neoplastic Process,Terminated
Etoposide,DB00773,adult acute myeloid leukemia with t(16;16)(p13;q22),C1541332,Neoplastic Process,Terminated
Mitoxantrone,DB00773,adult acute myeloid leukemia with t(16;16)(p13;q22),C1541332,Neoplastic Process,Terminated
,DB01204,adult acute myeloid leukemia with t(16;16)(p13;q22),C1541332,Neoplastic Process,Terminated
Cyclosporine,DB00091,adult acute myeloid leukemia with t(8;21)(q22;q22),C1541331,Neoplastic Process,Terminated
Pravastatin,DB00175,adult acute myeloid leukemia with t(8;21)(q22;q22),C1541331,Neoplastic Process,Terminated
Etoposide,DB00773,adult acute myeloid leukemia with t(8;21)(q22;q22),C1541331,Neoplastic Process,Terminated
Mitoxantrone,DB00773,adult acute myeloid leukemia with t(8;21)(q22;q22),C1541331,Neoplastic Process,Terminated
,DB01204,adult acute myeloid leukemia with t(8;21)(q22;q22),C1541331,Neoplastic Process,Terminated
Cyclosporine,DB00091,adult acute myelomonocytic leukemia (M4),C0279627,Neoplastic Process,Terminated
Pravastatin,DB00175,adult acute myelomonocytic leukemia (M4),C0279627,Neoplastic Process,Terminated
Etoposide,DB00773,adult acute myelomonocytic leukemia (M4),C0279627,Neoplastic Process,Terminated
Mitoxantrone,DB00773,adult acute myelomonocytic leukemia (M4),C0279627,Neoplastic Process,Terminated
,DB01204,adult acute myelomonocytic leukemia (M4),C0279627,Neoplastic Process,Terminated
Cyclosporine,DB00091,adult acute megakaryoblastic leukemia (M7),C0279632,Neoplastic Process,Terminated
Pravastatin,DB00175,adult acute megakaryoblastic leukemia (M7),C0279632,Neoplastic Process,Terminated
Etoposide,DB00773,adult acute megakaryoblastic leukemia (M7),C0279632,Neoplastic Process,Terminated
Mitoxantrone,DB00773,adult acute megakaryoblastic leukemia (M7),C0279632,Neoplastic Process,Terminated
,DB01204,adult acute megakaryoblastic leukemia (M7),C0279632,Neoplastic Process,Terminated
Cyclosporine,DB00091,adult acute minimally differentiated myeloid leukemia (M0),C0281641,Neoplastic Process,Terminated
Pravastatin,DB00175,adult acute minimally differentiated myeloid leukemia (M0),C0281641,Neoplastic Process,Terminated
Etoposide,DB00773,adult acute minimally differentiated myeloid leukemia (M0),C0281641,Neoplastic Process,Terminated
Mitoxantrone,DB00773,adult acute minimally differentiated myeloid leukemia (M0),C0281641,Neoplastic Process,Terminated
,DB01204,adult acute minimally differentiated myeloid leukemia (M0),C0281641,Neoplastic Process,Terminated
Cyclosporine,DB00091,adult acute monoblastic leukemia (M5a),C0279629,Neoplastic Process,Terminated
Pravastatin,DB00175,adult acute monoblastic leukemia (M5a),C0279629,Neoplastic Process,Terminated
Etoposide,DB00773,adult acute monoblastic leukemia (M5a),C0279629,Neoplastic Process,Terminated
Mitoxantrone,DB00773,adult acute monoblastic leukemia (M5a),C0279629,Neoplastic Process,Terminated
,DB01204,adult acute monoblastic leukemia (M5a),C0279629,Neoplastic Process,Terminated
Cyclosporine,DB00091,adult erythroleukemia (M6a),C1541339,Neoplastic Process,Terminated
Pravastatin,DB00175,adult erythroleukemia (M6a),C1541339,Neoplastic Process,Terminated
Etoposide,DB00773,adult erythroleukemia (M6a),C1541339,Neoplastic Process,Terminated
Mitoxantrone,DB00773,adult erythroleukemia (M6a),C1541339,Neoplastic Process,Terminated
,DB01204,adult erythroleukemia (M6a),C1541339,Neoplastic Process,Terminated
Cyclosporine,DB00091,adult pure erythroid leukemia (M6b),C1541340,Neoplastic Process,Terminated
Pravastatin,DB00175,adult pure erythroid leukemia (M6b),C1541340,Neoplastic Process,Terminated
Etoposide,DB00773,adult pure erythroid leukemia (M6b),C1541340,Neoplastic Process,Terminated
Mitoxantrone,DB00773,adult pure erythroid leukemia (M6b),C1541340,Neoplastic Process,Terminated
,DB01204,adult pure erythroid leukemia (M6b),C1541340,Neoplastic Process,Terminated
Cyclosporine,DB00091,recurrent adult acute myeloid leukemia,C0278780,Neoplastic Process,Terminated
Pravastatin,DB00175,recurrent adult acute myeloid leukemia,C0278780,Neoplastic Process,Terminated
Etoposide,DB00773,recurrent adult acute myeloid leukemia,C0278780,Neoplastic Process,Terminated
Mitoxantrone,DB00773,recurrent adult acute myeloid leukemia,C0278780,Neoplastic Process,Terminated
,DB01204,recurrent adult acute myeloid leukemia,C0278780,Neoplastic Process,Terminated
Clonidine,DB00575,Neonatal Abstinence Syndrome,C0027609,Disease or Syndrome,Terminated
Niacin,DB00627,Primary hypercholesterolemia,C0342879,Disease or Syndrome,Terminated
Simvastatin,DB00641,Primary hypercholesterolemia,C0342879,Disease or Syndrome,Terminated
Nicotinamide,DB02701,Primary hypercholesterolemia,C0342879,Disease or Syndrome,Terminated
Erlotinib,DB00530,recurrent metastatic squamous neck cancer with occult primary,C0279100,Neoplastic Process,Withdrawn
Sirolimus,DB00877,recurrent metastatic squamous neck cancer with occult primary,C0279100,Neoplastic Process,Withdrawn
Everolimus,DB01590,recurrent metastatic squamous neck cancer with occult primary,C0279100,Neoplastic Process,Withdrawn
Erlotinib,DB00530,Recurrent Salivary Gland Cancer,C0278993,Neoplastic Process,Withdrawn
Sirolimus,DB00877,Recurrent Salivary Gland Cancer,C0278993,Neoplastic Process,Withdrawn
Everolimus,DB01590,Recurrent Salivary Gland Cancer,C0278993,Neoplastic Process,Withdrawn
Erlotinib,DB00530,Squamous cell carcinoma of the hypopharynx recurrent,C0280392,Neoplastic Process,Withdrawn
Sirolimus,DB00877,Squamous cell carcinoma of the hypopharynx recurrent,C0280392,Neoplastic Process,Withdrawn
Everolimus,DB01590,Squamous cell carcinoma of the hypopharynx recurrent,C0280392,Neoplastic Process,Withdrawn
Erlotinib,DB00530,Laryngeal squamous cell carcinoma recurrent,C0280401,Neoplastic Process,Withdrawn
Sirolimus,DB00877,Laryngeal squamous cell carcinoma recurrent,C0280401,Neoplastic Process,Withdrawn
Everolimus,DB01590,Laryngeal squamous cell carcinoma recurrent,C0280401,Neoplastic Process,Withdrawn
Erlotinib,DB00530,recurrent squamous cell carcinoma of the lip and oral cavity,C0280363,Neoplastic Process,Withdrawn
Sirolimus,DB00877,recurrent squamous cell carcinoma of the lip and oral cavity,C0280363,Neoplastic Process,Withdrawn
Everolimus,DB01590,recurrent squamous cell carcinoma of the lip and oral cavity,C0280363,Neoplastic Process,Withdrawn
Erlotinib,DB00530,Oropharyngeal squamous cell carcinoma recurrent,C0280376,Neoplastic Process,Withdrawn
Sirolimus,DB00877,Oropharyngeal squamous cell carcinoma recurrent,C0280376,Neoplastic Process,Withdrawn
Everolimus,DB01590,Oropharyngeal squamous cell carcinoma recurrent,C0280376,Neoplastic Process,Withdrawn
Erlotinib,DB00530,recurrent squamous cell carcinoma of the paranasal sinus and nasal cavity,C0280419,Neoplastic Process,Withdrawn
Sirolimus,DB00877,recurrent squamous cell carcinoma of the paranasal sinus and nasal cavity,C0280419,Neoplastic Process,Withdrawn
Everolimus,DB01590,recurrent squamous cell carcinoma of the paranasal sinus and nasal cavity,C0280419,Neoplastic Process,Withdrawn
Erlotinib,DB00530,Laryngeal verrucous carcinoma recurrent,C0280402,Neoplastic Process,Withdrawn
Sirolimus,DB00877,Laryngeal verrucous carcinoma recurrent,C0280402,Neoplastic Process,Withdrawn
Everolimus,DB01590,Laryngeal verrucous carcinoma recurrent,C0280402,Neoplastic Process,Withdrawn
Erlotinib,DB00530,Verrucous carcinoma of the oral cavity recurrent,C0280365,Neoplastic Process,Withdrawn
Sirolimus,DB00877,Verrucous carcinoma of the oral cavity recurrent,C0280365,Neoplastic Process,Withdrawn
Everolimus,DB01590,Verrucous carcinoma of the oral cavity recurrent,C0280365,Neoplastic Process,Withdrawn
Erlotinib,DB00530,squamous cell carcinoma of salivary gland,C0279697,Neoplastic Process,Withdrawn
Sirolimus,DB00877,squamous cell carcinoma of salivary gland,C0279697,Neoplastic Process,Withdrawn
Everolimus,DB01590,squamous cell carcinoma of salivary gland,C0279697,Neoplastic Process,Withdrawn
Letrozole,DB01006,HER-2 positive breast cancer,C1699634,Neoplastic Process,Withdrawn
Lapatinib,DB01259,HER-2 positive breast cancer,C1699634,Neoplastic Process,Withdrawn
Ramipril,DB00178,Low density lipoprotein increased,C0549399,Finding,Terminated
Simvastatin,DB00641,Low density lipoprotein increased,C0549399,Finding,Terminated
Salicylic acid,DB00936,Low density lipoprotein increased,C0549399,Finding,Terminated
Acetylsalicylic acid,DB00945,Low density lipoprotein increased,C0549399,Finding,Terminated
Busulfan,DB01008,Hematological Disease,C0018939,Disease or Syndrome,Terminated
Melphalan,DB01042,Hematological Disease,C0018939,Disease or Syndrome,Terminated
Fludarabine,DB01073,Hematological Disease,C0018939,Disease or Syndrome,Terminated
Metformin,DB00331,Squamous cell carcinoma,C0007137,Neoplastic Process,Terminated
Paclitaxel,DB01229,Squamous cell carcinoma,C0007137,Neoplastic Process,Terminated
Aminolevulinic acid,DB00855,Astrocytoma,C0004114,Neoplastic Process,Terminated
Aminolevulinic acid,DB00855,Malignant Glioma,C0555198,Neoplastic Process,Terminated
Aminolevulinic acid,DB00855,Glioblastoma,C0017636,Neoplastic Process,Terminated
Magnesium Sulfate,DB00653,Traumatic Brain Injury,C0876926,Injury or Poisoning,Terminated
Cyclosporine,DB00091,Bronchiolitis Obliterans,C0006272,Disease or Syndrome,Terminated
Vitamin E,DB00163,Nonalcoholic Steatohepatitis,C3241937,Disease or Syndrome,Withdrawn
Pentoxifylline,DB00806,Nonalcoholic Steatohepatitis,C3241937,Disease or Syndrome,Withdrawn
Vigabatrin,DB01080,"Alcoholic Intoxication, Chronic",C0001973,Mental or Behavioral Dysfunction,Terminated
Vigabatrin,DB01080,Cocaine Dependence,C0600427,Mental or Behavioral Dysfunction,Terminated
Sirolimus,DB00877,Non-small cell lung cancer recurrent,C0278517,Neoplastic Process,Withdrawn
Everolimus,DB01590,Non-small cell lung cancer recurrent,C0278517,Neoplastic Process,Withdrawn
Sodium aurothiomalate,DB09276,Non-small cell lung cancer recurrent,C0278517,Neoplastic Process,Withdrawn
Sirolimus,DB00877,Non-small cell lung cancer stage IIIA,C0278983,Neoplastic Process,Withdrawn
Everolimus,DB01590,Non-small cell lung cancer stage IIIA,C0278983,Neoplastic Process,Withdrawn
Sodium aurothiomalate,DB09276,Non-small cell lung cancer stage IIIA,C0278983,Neoplastic Process,Withdrawn
Sirolimus,DB00877,Non-small cell lung cancer metastatic,C0278987,Neoplastic Process,Withdrawn
Everolimus,DB01590,Non-small cell lung cancer metastatic,C0278987,Neoplastic Process,Withdrawn
Sodium aurothiomalate,DB09276,Non-small cell lung cancer metastatic,C0278987,Neoplastic Process,Withdrawn
Sirolimus,DB00877,"unspecified adult solid tumor, protocol specific",C0279004,Neoplastic Process,Withdrawn
Everolimus,DB01590,"unspecified adult solid tumor, protocol specific",C0279004,Neoplastic Process,Withdrawn
Sodium aurothiomalate,DB09276,"unspecified adult solid tumor, protocol specific",C0279004,Neoplastic Process,Withdrawn
Imatinib,DB00619,recurrent adult acute lymphoblastic leukemia,C0278785,Neoplastic Process,Terminated
Vorinostat,DB02546,adult anaplastic astrocytoma,C0280483,Neoplastic Process,Terminated
Vorinostat,DB02546,adult anaplastic oligodendroglioma,C0280790,Neoplastic Process,Terminated
Vorinostat,DB02546,adult giant cell glioblastoma,C1541316,Neoplastic Process,Terminated
Vorinostat,DB02546,adult glioblastoma,C0278878,Neoplastic Process,Terminated
Vorinostat,DB02546,adult gliosarcoma,C1541317,Neoplastic Process,Terminated
Vorinostat,DB02546,Adult Mixed Glioma,C3900099,Neoplastic Process,Terminated
Docetaxel,DB01248,Bladder cancer stage III,C0278824,Neoplastic Process,Terminated
Lapatinib,DB01259,Bladder cancer stage III,C0278824,Neoplastic Process,Terminated
Sevoflurane,DB01236,Brain Injuries,C0270611,Injury or Poisoning,Terminated
Tadalafil,DB00820,Multiple Myeloma,C0026764,Neoplastic Process,Terminated
,DB01234,Multiple Myeloma,C0026764,Neoplastic Process,Terminated
Sildenafil,DB00203,Persistent Fetal Circulation Syndrome,C0031190,Disease or Syndrome,Withdrawn
Melphalan,DB01042,Hodgkin Disease,C0019829,Neoplastic Process,Terminated
Fludarabine,DB01073,Hodgkin Disease,C0019829,Neoplastic Process,Terminated
Melphalan,DB01042,"Lymphoma, Non-Hodgkin",C0024305,Neoplastic Process,Terminated
Fludarabine,DB01073,"Lymphoma, Non-Hodgkin",C0024305,Neoplastic Process,Terminated
Bortezomib,DB00188,Disorder of transplanted kidney,C1261281,Pathologic Function,Terminated
Domperidone,DB01184,Gastroparesis,C0152020,Disease or Syndrome,Withdrawn
Irinotecan,DB00762,Malignant tumor of colon,C0007102,Neoplastic Process,Terminated
Irinotecan,DB00762,Adenocarcinoma of large intestine,C1319315,Neoplastic Process,Terminated
Midazolam,DB00683,Traumatic Brain Injury,C0876926,Injury or Poisoning,Withdrawn
Chloral hydrate,DB01563,Traumatic Brain Injury,C0876926,Injury or Poisoning,Withdrawn
Bosentan,DB00559,Persistent Fetal Circulation Syndrome,C0031190,Disease or Syndrome,Terminated
Formoterol,DB00983,Chronic Obstructive Airway Disease,C0024117,Disease or Syndrome,Terminated
Peginterferon alfa-2a,DB00008,leukemia,C0023418,Neoplastic Process,Terminated
Bortezomib,DB00188,recurrent adult diffuse large cell lymphoma,C0280188,Neoplastic Process,Terminated
Bortezomib,DB00188,recurrent grade 1 follicular lymphoma,C0280182,Neoplastic Process,Terminated
Bortezomib,DB00188,recurrent grade 2 follicular lymphoma,C0280183,Neoplastic Process,Terminated
Bortezomib,DB00188,recurrent grade 3 follicular lymphoma,C0280185,Neoplastic Process,Terminated
Bortezomib,DB00188,Mantle cell lymphoma recurrent,C0677725,Neoplastic Process,Terminated
Oxytocin,DB00107,Dystocia,C0013418,Finding,Terminated
Sunitinib,DB01268,Plexiform Neurofibroma,C0206728,Neoplastic Process,Suspended
Modafinil,DB00745,Malignant Glioma,C0555198,Neoplastic Process,Terminated
Temozolomide,DB00853,Malignant Glioma,C0555198,Neoplastic Process,Terminated
Armodafinil,DB06413,Malignant Glioma,C0555198,Neoplastic Process,Terminated
Bevacizumab,DB00112,Malignant tumor of colon,C0007102,Neoplastic Process,Terminated
Leucovorin,DB00650,Malignant tumor of colon,C0007102,Neoplastic Process,Terminated
Irinotecan,DB00762,Malignant tumor of colon,C0007102,Neoplastic Process,Terminated
Levoleucovorin,DB11596,Malignant tumor of colon,C0007102,Neoplastic Process,Terminated
Norepinephrine,DB00368,Alopecia,C0002170,Disease or Syndrome,Terminated
Norepinephrine,DB00368,Radiodermatitis,C0034561,Injury or Poisoning,Terminated
Testosterone,DB00624,hormone deficiency,C0599750,Disease or Syndrome,Terminated
Methyltestosterone,DB00624,hormone deficiency,C0599750,Disease or Syndrome,Terminated
,DB00624,hormone deficiency,C0599750,Disease or Syndrome,Terminated
,DB06710,hormone deficiency,C0599750,Disease or Syndrome,Terminated
Dutasteride,DB01126,Adenocarcinoma of prostate,C0007112,Neoplastic Process,Withdrawn
Goserelin,DB00014,Oestrogen receptor positive breast cancer,C2938924,Neoplastic Process,Terminated
Letrozole,DB01006,Oestrogen receptor positive breast cancer,C2938924,Neoplastic Process,Terminated
Anastrozole,DB01217,Oestrogen receptor positive breast cancer,C2938924,Neoplastic Process,Terminated
Goserelin,DB00014,Breast cancer stage II,C0278486,Neoplastic Process,Terminated
Letrozole,DB01006,Breast cancer stage II,C0278486,Neoplastic Process,Terminated
Anastrozole,DB01217,Breast cancer stage II,C0278486,Neoplastic Process,Terminated
Niacin,DB00627,Psoriasis,C0033860,Disease or Syndrome,Suspended
Calcipotriol,DB02300,Psoriasis,C0033860,Disease or Syndrome,Suspended
Nicotinamide,DB02701,Psoriasis,C0033860,Disease or Syndrome,Suspended
Riboflavin,DB00140,Pathological Dilatation,C0012359,Pathologic Function,Terminated
Gemcitabine,DB00441,leiomyosarcoma,C0023269,Neoplastic Process,Terminated
Docetaxel,DB01248,leiomyosarcoma,C0023269,Neoplastic Process,Terminated
Lenalidomide,DB00480,leukemia,C0023418,Neoplastic Process,Terminated
Thalidomide,DB01041,leukemia,C0023418,Neoplastic Process,Terminated
Glycine,DB00145,Cystic Fibrosis,C0010674,Disease or Syndrome,Terminated
Mycophenolate mofetil,DB00688,Lupus Nephritis,C0024143,Disease or Syndrome,Terminated
Mycophenolic acid,DB01024,Lupus Nephritis,C0024143,Disease or Syndrome,Terminated
,DB01024,Lupus Nephritis,C0024143,Disease or Syndrome,Terminated
Methylphenidate,DB00422,Traumatic Brain Injury,C0876926,Injury or Poisoning,Terminated
Galantamine,DB00674,Traumatic Brain Injury,C0876926,Injury or Poisoning,Terminated
Cisplatin,DB00515,Malignant neoplasm of lung,C0242379,Neoplastic Process,Withdrawn
Etoposide,DB00773,Malignant neoplasm of lung,C0242379,Neoplastic Process,Withdrawn
Rituximab,DB00073,adult nasal type extranodal NK/T-cell lymphoma,C1879279,Neoplastic Process,Terminated
Lenalidomide,DB00480,adult nasal type extranodal NK/T-cell lymphoma,C1879279,Neoplastic Process,Terminated
Thalidomide,DB01041,adult nasal type extranodal NK/T-cell lymphoma,C1879279,Neoplastic Process,Terminated
Rituximab,DB00073,Ki-1+ Anaplastic Large Cell Lymphoma,C0206180,Neoplastic Process,Terminated
Lenalidomide,DB00480,Ki-1+ Anaplastic Large Cell Lymphoma,C0206180,Neoplastic Process,Terminated
Thalidomide,DB01041,Ki-1+ Anaplastic Large Cell Lymphoma,C0206180,Neoplastic Process,Terminated
Rituximab,DB00073,Angioimmunoblastic Lymphadenopathy,C0020981,Neoplastic Process,Terminated
Lenalidomide,DB00480,Angioimmunoblastic Lymphadenopathy,C0020981,Neoplastic Process,Terminated
Thalidomide,DB01041,Angioimmunoblastic Lymphadenopathy,C0020981,Neoplastic Process,Terminated
Rituximab,DB00073,Cutaneous B-Cell Non-Hodgkin Lymphoma,C1511566,Neoplastic Process,Terminated
Lenalidomide,DB00480,Cutaneous B-Cell Non-Hodgkin Lymphoma,C1511566,Neoplastic Process,Terminated
Thalidomide,DB01041,Cutaneous B-Cell Non-Hodgkin Lymphoma,C1511566,Neoplastic Process,Terminated
Rituximab,DB00073,Mucosa-Associated Lymphoid Tissue Lymphoma,C0242647,Neoplastic Process,Terminated
Lenalidomide,DB00480,Mucosa-Associated Lymphoid Tissue Lymphoma,C0242647,Neoplastic Process,Terminated
Thalidomide,DB01041,Mucosa-Associated Lymphoid Tissue Lymphoma,C0242647,Neoplastic Process,Terminated
Rituximab,DB00073,Hepatosplenic T-cell lymphoma,C1333984,Neoplastic Process,Terminated
Lenalidomide,DB00480,Hepatosplenic T-cell lymphoma,C1333984,Neoplastic Process,Terminated
Thalidomide,DB01041,Hepatosplenic T-cell lymphoma,C1333984,Neoplastic Process,Terminated
Rituximab,DB00073,Monocytoid B-cell lymphoma,C0855139,Neoplastic Process,Terminated
Lenalidomide,DB00480,Monocytoid B-cell lymphoma,C0855139,Neoplastic Process,Terminated
Thalidomide,DB01041,Monocytoid B-cell lymphoma,C0855139,Neoplastic Process,Terminated
Rituximab,DB00073,Peripheral T-Cell Lymphoma,C0079774,Neoplastic Process,Terminated
Lenalidomide,DB00480,Peripheral T-Cell Lymphoma,C0079774,Neoplastic Process,Terminated
Thalidomide,DB01041,Peripheral T-Cell Lymphoma,C0079774,Neoplastic Process,Terminated
Rituximab,DB00073,Prolymphocytic Leukemia,C0023486,Neoplastic Process,Terminated
Lenalidomide,DB00480,Prolymphocytic Leukemia,C0023486,Neoplastic Process,Terminated
Thalidomide,DB01041,Prolymphocytic Leukemia,C0023486,Neoplastic Process,Terminated
Rituximab,DB00073,recurrent adult Burkitt's lymphoma,C0280192,Neoplastic Process,Terminated
Lenalidomide,DB00480,recurrent adult Burkitt's lymphoma,C0280192,Neoplastic Process,Terminated
Thalidomide,DB01041,recurrent adult Burkitt's lymphoma,C0280192,Neoplastic Process,Terminated
Rituximab,DB00073,recurrent adult diffuse large cell lymphoma,C0280188,Neoplastic Process,Terminated
Lenalidomide,DB00480,recurrent adult diffuse large cell lymphoma,C0280188,Neoplastic Process,Terminated
Thalidomide,DB01041,recurrent adult diffuse large cell lymphoma,C0280188,Neoplastic Process,Terminated
Rituximab,DB00073,recurrent adult diffuse mixed cell lymphoma,C0280187,Neoplastic Process,Terminated
Lenalidomide,DB00480,recurrent adult diffuse mixed cell lymphoma,C0280187,Neoplastic Process,Terminated
Thalidomide,DB01041,recurrent adult diffuse mixed cell lymphoma,C0280187,Neoplastic Process,Terminated
Rituximab,DB00073,recurrent adult diffuse small cleaved cell lymphoma,C0280186,Neoplastic Process,Terminated
Lenalidomide,DB00480,recurrent adult diffuse small cleaved cell lymphoma,C0280186,Neoplastic Process,Terminated
Thalidomide,DB01041,recurrent adult diffuse small cleaved cell lymphoma,C0280186,Neoplastic Process,Terminated
Rituximab,DB00073,recurrent grade 1 follicular lymphoma,C0280182,Neoplastic Process,Terminated
Lenalidomide,DB00480,recurrent grade 1 follicular lymphoma,C0280182,Neoplastic Process,Terminated
Thalidomide,DB01041,recurrent grade 1 follicular lymphoma,C0280182,Neoplastic Process,Terminated
Rituximab,DB00073,recurrent grade 2 follicular lymphoma,C0280183,Neoplastic Process,Terminated
Lenalidomide,DB00480,recurrent grade 2 follicular lymphoma,C0280183,Neoplastic Process,Terminated
Thalidomide,DB01041,recurrent grade 2 follicular lymphoma,C0280183,Neoplastic Process,Terminated
Rituximab,DB00073,recurrent grade 3 follicular lymphoma,C0280185,Neoplastic Process,Terminated
Lenalidomide,DB00480,recurrent grade 3 follicular lymphoma,C0280185,Neoplastic Process,Terminated
Thalidomide,DB01041,recurrent grade 3 follicular lymphoma,C0280185,Neoplastic Process,Terminated
Rituximab,DB00073,Mantle cell lymphoma recurrent,C0677725,Neoplastic Process,Terminated
Lenalidomide,DB00480,Mantle cell lymphoma recurrent,C0677725,Neoplastic Process,Terminated
Thalidomide,DB01041,Mantle cell lymphoma recurrent,C0677725,Neoplastic Process,Terminated
Rituximab,DB00073,Marginal zone lymphoma recurrent,C1541273,Neoplastic Process,Terminated
Lenalidomide,DB00480,Marginal zone lymphoma recurrent,C1541273,Neoplastic Process,Terminated
Thalidomide,DB01041,Marginal zone lymphoma recurrent,C1541273,Neoplastic Process,Terminated
Rituximab,DB00073,Mycosis fungoides/Sezary syndrome recurrent,C0862200,Neoplastic Process,Terminated
Lenalidomide,DB00480,Mycosis fungoides/Sezary syndrome recurrent,C0862200,Neoplastic Process,Terminated
Thalidomide,DB01041,Mycosis fungoides/Sezary syndrome recurrent,C0862200,Neoplastic Process,Terminated
Rituximab,DB00073,B-cell small lymphocytic lymphoma recurrent,C0855096,Neoplastic Process,Terminated
Lenalidomide,DB00480,B-cell small lymphocytic lymphoma recurrent,C0855096,Neoplastic Process,Terminated
Thalidomide,DB01041,B-cell small lymphocytic lymphoma recurrent,C0855096,Neoplastic Process,Terminated
Rituximab,DB00073,Chronic lymphocytic leukaemia refractory,C0278791,Neoplastic Process,Terminated
Lenalidomide,DB00480,Chronic lymphocytic leukaemia refractory,C0278791,Neoplastic Process,Terminated
Thalidomide,DB01041,Chronic lymphocytic leukaemia refractory,C0278791,Neoplastic Process,Terminated
Rituximab,DB00073,Hairy cell leukaemia recurrent,C0279780,Neoplastic Process,Terminated
Lenalidomide,DB00480,Hairy cell leukaemia recurrent,C0279780,Neoplastic Process,Terminated
Thalidomide,DB01041,Hairy cell leukaemia recurrent,C0279780,Neoplastic Process,Terminated
Rituximab,DB00073,Small Intestinal Lymphoma,C0278805,Neoplastic Process,Terminated
Lenalidomide,DB00480,Small Intestinal Lymphoma,C0278805,Neoplastic Process,Terminated
Thalidomide,DB01041,Small Intestinal Lymphoma,C0278805,Neoplastic Process,Terminated
Rituximab,DB00073,Splenic Marginal Zone B-Cell Lymphoma,C0349632,Neoplastic Process,Terminated
Lenalidomide,DB00480,Splenic Marginal Zone B-Cell Lymphoma,C0349632,Neoplastic Process,Terminated
Thalidomide,DB01041,Splenic Marginal Zone B-Cell Lymphoma,C0349632,Neoplastic Process,Terminated
Rituximab,DB00073,T-Cell Large Granular Lymphocyte Leukemia,C1955861,Neoplastic Process,Terminated
Lenalidomide,DB00480,T-Cell Large Granular Lymphocyte Leukemia,C1955861,Neoplastic Process,Terminated
Thalidomide,DB01041,T-Cell Large Granular Lymphocyte Leukemia,C1955861,Neoplastic Process,Terminated
Rituximab,DB00073,Malignant lymphoma of testis,C0349644,Neoplastic Process,Terminated
Lenalidomide,DB00480,Malignant lymphoma of testis,C0349644,Neoplastic Process,Terminated
Thalidomide,DB01041,Malignant lymphoma of testis,C0349644,Neoplastic Process,Terminated
Rituximab,DB00073,recurrent adult grade III lymphomatoid granulomatosis,C1541469,Neoplastic Process,Terminated
Lenalidomide,DB00480,recurrent adult grade III lymphomatoid granulomatosis,C1541469,Neoplastic Process,Terminated
Thalidomide,DB01041,recurrent adult grade III lymphomatoid granulomatosis,C1541469,Neoplastic Process,Terminated
Rituximab,DB00073,recurrent adult immunoblastic large cell lymphoma,C0280190,Neoplastic Process,Terminated
Lenalidomide,DB00480,recurrent adult immunoblastic large cell lymphoma,C0280190,Neoplastic Process,Terminated
Thalidomide,DB01041,recurrent adult immunoblastic large cell lymphoma,C0280190,Neoplastic Process,Terminated
Rituximab,DB00073,recurrent adult lymphoblastic lymphoma,C0280191,Neoplastic Process,Terminated
Lenalidomide,DB00480,recurrent adult lymphoblastic lymphoma,C0280191,Neoplastic Process,Terminated
Thalidomide,DB01041,recurrent adult lymphoblastic lymphoma,C0280191,Neoplastic Process,Terminated
Rituximab,DB00073,Adult T-cell lymphoma/leukaemia recurrent,C0280427,Neoplastic Process,Terminated
Lenalidomide,DB00480,Adult T-cell lymphoma/leukaemia recurrent,C0280427,Neoplastic Process,Terminated
Thalidomide,DB01041,Adult T-cell lymphoma/leukaemia recurrent,C0280427,Neoplastic Process,Terminated
Rituximab,DB00073,Cutaneous T-cell lymphoma recurrent,C0278580,Neoplastic Process,Terminated
Lenalidomide,DB00480,Cutaneous T-cell lymphoma recurrent,C0278580,Neoplastic Process,Terminated
Thalidomide,DB01041,Cutaneous T-cell lymphoma recurrent,C0278580,Neoplastic Process,Terminated
Sildenafil,DB00203,Respiratory Failure,C1145670,Disease or Syndrome,Terminated
Sildenafil,DB00203,Persistent pulmonary hypertension,C1135361,Disease or Syndrome,Terminated
Prednisolone,DB00860,Microscopic Polyarteritis,C2347126,Disease or Syndrome,Terminated
Methylprednisolone,DB00860,Microscopic Polyarteritis,C2347126,Disease or Syndrome,Terminated
,DB00860,Microscopic Polyarteritis,C2347126,Disease or Syndrome,Terminated
,DB00959,Microscopic Polyarteritis,C2347126,Disease or Syndrome,Terminated
,DB00959,Microscopic Polyarteritis,C2347126,Disease or Syndrome,Terminated
Omeprazole,DB00338,Dyspepsia,C0013395,Sign or Symptom,Suspended
Atomoxetine,DB00289,Craving for alcohol,C0556385,Finding,Terminated
Atomoxetine,DB00289,Mood swings,C0085633,Mental or Behavioral Dysfunction,Terminated
Bevacizumab,DB00112,Glioblastoma,C0017636,Neoplastic Process,Withdrawn
Bevacizumab,DB00112,Brain Neoplasms,C0006118,Neoplastic Process,Withdrawn
Timolol,DB00373,Strawberry nevus of skin,C0206733,Neoplastic Process,Withdrawn
Mupirocin,DB00410,Strawberry nevus of skin,C0206733,Neoplastic Process,Withdrawn
Cisplatin,DB00515,Non-small cell lung cancer recurrent,C0278517,Neoplastic Process,Terminated
Etoposide,DB00773,Non-small cell lung cancer recurrent,C0278517,Neoplastic Process,Terminated
,DB00773,Non-small cell lung cancer recurrent,C0278517,Neoplastic Process,Terminated
Cisplatin,DB00515,Stage IIB Non-Small Cell Lung Carcinoma,C1336190,Neoplastic Process,Terminated
Etoposide,DB00773,Stage IIB Non-Small Cell Lung Carcinoma,C1336190,Neoplastic Process,Terminated
,DB00773,Stage IIB Non-Small Cell Lung Carcinoma,C1336190,Neoplastic Process,Terminated
Cisplatin,DB00515,Non-small cell lung cancer stage IIIA,C0278983,Neoplastic Process,Terminated
Etoposide,DB00773,Non-small cell lung cancer stage IIIA,C0278983,Neoplastic Process,Terminated
,DB00773,Non-small cell lung cancer stage IIIA,C0278983,Neoplastic Process,Terminated
Alitretinoin,DB00523,"Lupus Erythematosus, Cutaneous",C0024137,Disease or Syndrome,Terminated
Tretinoin,DB00755,"Lupus Erythematosus, Cutaneous",C0024137,Disease or Syndrome,Terminated
Melphalan,DB01042,Retinoblastoma,C0035335,Neoplastic Process,Terminated
Bevacizumab,DB00112,Anaplastic astrocytoma,C0334579,Neoplastic Process,Suspended
Carboplatin,DB00958,Anaplastic astrocytoma,C0334579,Neoplastic Process,Suspended
Anastrozole,DB01217,Oestrogen receptor positive breast cancer,C2938924,Neoplastic Process,Terminated
Anastrozole,DB01217,Breast cancer recurrent,C0278493,Neoplastic Process,Terminated
Anastrozole,DB01217,Breast cancer stage II,C0278486,Neoplastic Process,Terminated
Verapamil,DB00661,Classical phenylketonuria,C0751434,Disease or Syndrome,Terminated
Carboplatin,DB00958,Adenocarcinoma Of Esophagus,C0279628,Neoplastic Process,Terminated
Paclitaxel,DB01229,Adenocarcinoma Of Esophagus,C0279628,Neoplastic Process,Terminated
Lapatinib,DB01259,Adenocarcinoma Of Esophagus,C0279628,Neoplastic Process,Terminated
Carboplatin,DB00958,Adenocarcinoma of the gastroesophageal junction,C1332166,Neoplastic Process,Terminated
Paclitaxel,DB01229,Adenocarcinoma of the gastroesophageal junction,C1332166,Neoplastic Process,Terminated
Lapatinib,DB01259,Adenocarcinoma of the gastroesophageal junction,C1332166,Neoplastic Process,Terminated
Doxycycline,DB00254,Colorectal Carcinoma,C0009402,Neoplastic Process,Terminated
Hydroxychloroquine,DB01611,Secondary malignant neoplasm of bone,C0153690,Neoplastic Process,Terminated
Hydroxychloroquine,DB01611,"unspecified adult solid tumor, protocol specific",C0279004,Neoplastic Process,Terminated
Trastuzumab,DB00072,HER-2 positive breast cancer,C1699634,Neoplastic Process,Terminated
Carboplatin,DB00958,HER-2 positive breast cancer,C1699634,Neoplastic Process,Terminated
Oxaliplatin,DB00526,Nasopharyngeal carcinoma,C2931822,Neoplastic Process,Terminated
Cyclophosphamide,DB00531,Glioblastoma,C0017636,Neoplastic Process,Terminated
Imiquimod,DB00724,Glioblastoma,C0017636,Neoplastic Process,Terminated
Tigecycline,DB00560,Dialysis Catheter Infection,C1400574,Disease or Syndrome,Terminated
Heparin,DB01109,Dialysis Catheter Infection,C1400574,Disease or Syndrome,Terminated
Milnacipran,DB04896,Irritable Bowel Syndrome,C0022104,Disease or Syndrome,Terminated
Doxorubicin,DB00997,colon cancer liver metastasis,C0742558,Neoplastic Process,Terminated
Lansoprazole,DB00448,Eosinophilic esophagitis,C0341106,Disease or Syndrome,Withdrawn
Lansoprazole,DB00448,Deglutition Disorders,C0011168,Disease or Syndrome,Withdrawn
Pregabalin,DB00230,Neuralgia,C0027796,Sign or Symptom,Terminated
Tenofovir,DB00300,HIV-1 infection,C2363741,Disease or Syndrome,Terminated
Efavirenz,DB00625,HIV-1 infection,C2363741,Disease or Syndrome,Terminated
Lamivudine,DB00709,HIV-1 infection,C2363741,Disease or Syndrome,Terminated
Tacrolimus,DB00864,Acute leukemia in remission,C0686586,Neoplastic Process,Terminated
Sirolimus,DB00877,Acute leukemia in remission,C0686586,Neoplastic Process,Terminated
Everolimus,DB01590,Acute leukemia in remission,C0686586,Neoplastic Process,Terminated
Doxorubicin,DB00997,Solid tumour,C0280100,Neoplastic Process,Withdrawn
Diclofenac,DB00586,"Kidney Failure, Chronic",C0022661,Disease or Syndrome,Terminated
Lumiracoxib,DB01283,"Kidney Failure, Chronic",C0022661,Disease or Syndrome,Terminated
Spironolactone,DB00421,Type 2 diabetes mellitus with established diabetic nephropathy,C0837031,Disease or Syndrome,Terminated
Paromomycin,DB01421,"Leishmaniasis, Cutaneous",C0023283,Disease or Syndrome,Terminated
Citalopram,DB00215,Anxiety,C0003467,Mental or Behavioral Dysfunction,Withdrawn
Vorinostat,DB02546,"Malignant lymphoma, lymphocytic, intermediate differentiation, diffuse",C0334634,Neoplastic Process,Terminated
Ezogabine,DB04953,Epilepsy,C0014544,Disease or Syndrome,Terminated
Vorinostat,DB01234,Multiple Myeloma,C0026764,Neoplastic Process,Withdrawn
,DB02546,Multiple Myeloma,C0026764,Neoplastic Process,Withdrawn
Ketamine,DB01221,Bipolar Disorder,C0005586,Mental or Behavioral Dysfunction,Suspended
Atorvastatin,DB01076,"Diabetes Mellitus, Non-Insulin-Dependent",C0011860,Disease or Syndrome,Terminated
Bortezomib,DB00188,Malignant tumor of colon,C0007102,Neoplastic Process,Terminated
Bexarotene,DB00307,Solid tumour,C0280100,Neoplastic Process,Terminated
Bexarotene,DB00307,Multiple Myeloma,C0026764,Neoplastic Process,Terminated
Fludarabine,DB01073,"Leukemia, Myelocytic, Acute",C0023467,Neoplastic Process,Withdrawn
Lidocaine,DB00281,Interstitial Cystitis,C0282488,Disease or Syndrome,Terminated
Sirolimus,DB00877,Endocrine Breast Diseases,C1449718,Disease or Syndrome,Terminated
Letrozole,DB01006,Endocrine Breast Diseases,C1449718,Disease or Syndrome,Terminated
Lapatinib,DB01259,Endocrine Breast Diseases,C1449718,Disease or Syndrome,Terminated
Everolimus,DB01590,Endocrine Breast Diseases,C1449718,Disease or Syndrome,Terminated
Sirolimus,DB00877,Neoplasm Metastasis,C0027627,Neoplastic Process,Terminated
Letrozole,DB01006,Neoplasm Metastasis,C0027627,Neoplastic Process,Terminated
Lapatinib,DB01259,Neoplasm Metastasis,C0027627,Neoplastic Process,Terminated
Everolimus,DB01590,Neoplasm Metastasis,C0027627,Neoplastic Process,Terminated
Bevacizumab,DB00112,Metastatic melanoma,C0278883,Neoplastic Process,Terminated
Pravastatin,DB00175,HIV-1 infection,C2363741,Disease or Syndrome,Withdrawn
Tenofovir,DB00300,HIV-1 infection,C2363741,Disease or Syndrome,Withdrawn
Emtricitabine,DB00300,HIV-1 infection,C2363741,Disease or Syndrome,Withdrawn
,DB00879,HIV-1 infection,C2363741,Disease or Syndrome,Withdrawn
Irinotecan,DB00762,Neuroblastoma,C0027819,Neoplastic Process,Terminated
Dacarbazine,DB00851,Neuroblastoma,C0027819,Neoplastic Process,Terminated
Temozolomide,DB00853,Neuroblastoma,C0027819,Neoplastic Process,Terminated
Bevacizumab,DB00112,Secondary malignant neoplasm of liver,C0494165,Neoplastic Process,Terminated
Cholecalciferol,DB00169,Adult Acute Myeloid Leukemia without Maturation,C0279623,Neoplastic Process,Terminated
Cholecalciferol,DB00169,adult acute myeloid leukemia with 11q23 (MLL) abnormalities,C1541334,Neoplastic Process,Terminated
Cholecalciferol,DB00169,adult acute myeloid leukemia with inv(16)(p13;q22),C1541333,Neoplastic Process,Terminated
Cholecalciferol,DB00169,adult acute myeloid leukemia with t(16;16)(p13;q22),C1541332,Neoplastic Process,Terminated
Cholecalciferol,DB00169,adult acute myeloid leukemia with t(8;21)(q22;q22),C1541331,Neoplastic Process,Terminated
Cholecalciferol,DB00169,adult acute myelomonocytic leukemia (M4),C0279627,Neoplastic Process,Terminated
Cholecalciferol,DB00169,adult erythroleukemia (M6a),C1541339,Neoplastic Process,Terminated
Cholecalciferol,DB00169,adult pure erythroid leukemia (M6b),C1541340,Neoplastic Process,Terminated
Cholecalciferol,DB00169,untreated adult acute myeloid leukemia,C0279089,Finding,Terminated
Cholecalciferol,DB00169,adult acute megakaryoblastic leukemia (M7),C0279632,Neoplastic Process,Terminated
Cholecalciferol,DB00169,adult acute monoblastic leukemia (M5a),C0279629,Neoplastic Process,Terminated
Cholecalciferol,DB00169,adult acute monocytic leukemia (M5b),C0280634,Neoplastic Process,Terminated
Cholecalciferol,DB00169,adult acute myeloblastic leukemia with maturation (M2),C0279624,Neoplastic Process,Terminated
Aripiprazole,DB01238,Bipolar Disorder,C0005586,Mental or Behavioral Dysfunction,Terminated
Aripiprazole,DB01238,"Depressive episode, unspecified",C0349217,Mental or Behavioral Dysfunction,Terminated
Alemtuzumab,DB00087,leukemia,C0023418,Neoplastic Process,Terminated
Methotrexate,DB00563,leukemia,C0023418,Neoplastic Process,Terminated
Tacrolimus,DB00864,leukemia,C0023418,Neoplastic Process,Terminated
Melphalan,DB01042,leukemia,C0023418,Neoplastic Process,Terminated
Fludarabine,DB01073,leukemia,C0023418,Neoplastic Process,Terminated
Azacitidine,DB00928,leukemia,C0023418,Neoplastic Process,Terminated
Cyclophosphamide,DB00531,Metastatic melanoma,C0278883,Neoplastic Process,Terminated
Vinblastine,DB00570,Metastatic melanoma,C0278883,Neoplastic Process,Terminated
Vorinostat,DB02546,Multiple Myeloma,C0026764,Neoplastic Process,Withdrawn
Pioglitazone,DB01132,Opioid-Related Disorders,C0027412,Mental or Behavioral Dysfunction,Terminated
Testosterone,DB00624,Multiple Sclerosis,C0026769,Disease or Syndrome,Terminated
Methyltestosterone,DB00624,Multiple Sclerosis,C0026769,Disease or Syndrome,Terminated
,DB00624,Multiple Sclerosis,C0026769,Disease or Syndrome,Terminated
,DB06710,Multiple Sclerosis,C0026769,Disease or Syndrome,Terminated
Erlotinib,DB00530,Non-small cell lung cancer recurrent,C0278517,Neoplastic Process,Suspended
Erlotinib,DB00530,Non-small cell lung cancer metastatic,C0278987,Neoplastic Process,Suspended
Pegfilgrastim,DB00019,Multiple Myeloma,C0026764,Neoplastic Process,Terminated
Hydroxychloroquine,DB01611,"Kidney Failure, Chronic",C0022661,Disease or Syndrome,Terminated
Penciclovir,DB00299,Meniere Disease,C0025281,Disease or Syndrome,Terminated
Famciclovir,DB00426,Meniere Disease,C0025281,Disease or Syndrome,Terminated
Vitamin C,DB00126,Disorder of vitamin C,C1272557,Disease or Syndrome,Withdrawn
Vitamin C,DB00126,Growth Hormone Secretion Abnormality,C3536718,Disease or Syndrome,Withdrawn
Sirolimus,DB00877,Acinar cell carcinoma of pancreas,C0279661,Neoplastic Process,Suspended
Everolimus,DB01590,Acinar cell carcinoma of pancreas,C0279661,Neoplastic Process,Suspended
Sirolimus,DB00877,duct cell adenocarcinoma of the pancreas,C0279176,Neoplastic Process,Suspended
Everolimus,DB01590,duct cell adenocarcinoma of the pancreas,C0279176,Neoplastic Process,Suspended
Sirolimus,DB00877,Pancreatic carcinoma recurrent,C0854777,Neoplastic Process,Suspended
Everolimus,DB01590,Pancreatic carcinoma recurrent,C0854777,Neoplastic Process,Suspended
Sirolimus,DB00877,Stage IV Pancreatic Cancer,C1167725,Neoplastic Process,Suspended
Everolimus,DB01590,Stage IV Pancreatic Cancer,C1167725,Neoplastic Process,Suspended
Sirolimus,DB00877,"unspecified adult solid tumor, protocol specific",C0279004,Neoplastic Process,Suspended
Everolimus,DB01590,"unspecified adult solid tumor, protocol specific",C0279004,Neoplastic Process,Suspended
Bupivacaine,DB00297,Shoulder Pain,C0037011,Finding,Withdrawn
Dexamethasone,DB01234,Shoulder Pain,C0037011,Finding,Withdrawn
,DB01234,Shoulder Pain,C0037011,Finding,Withdrawn
Bupivacaine,DB00297,Shoulder Injuries,C0149776,Injury or Poisoning,Withdrawn
Dexamethasone,DB01234,Shoulder Injuries,C0149776,Injury or Poisoning,Withdrawn
,DB01234,Shoulder Injuries,C0149776,Injury or Poisoning,Withdrawn
Bupivacaine,DB00297,Disorder of shoulder,C1290859,Disease or Syndrome,Withdrawn
Dexamethasone,DB01234,Disorder of shoulder,C1290859,Disease or Syndrome,Withdrawn
,DB01234,Disorder of shoulder,C1290859,Disease or Syndrome,Withdrawn
Bupivacaine,DB00297,Disorder of rotator cuff,C1532240,Disease or Syndrome,Withdrawn
Dexamethasone,DB01234,Disorder of rotator cuff,C1532240,Disease or Syndrome,Withdrawn
,DB01234,Disorder of rotator cuff,C1532240,Disease or Syndrome,Withdrawn
Bupivacaine,DB00297,Disorder of tendon of biceps,C1996944,Disease or Syndrome,Withdrawn
Dexamethasone,DB01234,Disorder of tendon of biceps,C1996944,Disease or Syndrome,Withdrawn
,DB01234,Disorder of tendon of biceps,C1996944,Disease or Syndrome,Withdrawn
L-Carnitine,DB00583,Ulcerative Colitis,C0009324,Disease or Syndrome,Terminated
Rituximab,DB00073,contiguous stage II adult diffuse large cell lymphoma,C0677695,Neoplastic Process,Withdrawn
Cyclophosphamide,DB00531,contiguous stage II adult diffuse large cell lymphoma,C0677695,Neoplastic Process,Withdrawn
Vincristine,DB00541,contiguous stage II adult diffuse large cell lymphoma,C0677695,Neoplastic Process,Withdrawn
Doxorubicin,DB00997,contiguous stage II adult diffuse large cell lymphoma,C0677695,Neoplastic Process,Withdrawn
Rituximab,DB00073,noncontiguous stage II adult diffuse large cell lymphoma,C0677709,Neoplastic Process,Withdrawn
Cyclophosphamide,DB00531,noncontiguous stage II adult diffuse large cell lymphoma,C0677709,Neoplastic Process,Withdrawn
Vincristine,DB00541,noncontiguous stage II adult diffuse large cell lymphoma,C0677709,Neoplastic Process,Withdrawn
Doxorubicin,DB00997,noncontiguous stage II adult diffuse large cell lymphoma,C0677709,Neoplastic Process,Withdrawn
Rituximab,DB00073,stage I adult diffuse large cell lymphoma,C0279960,Neoplastic Process,Withdrawn
Cyclophosphamide,DB00531,stage I adult diffuse large cell lymphoma,C0279960,Neoplastic Process,Withdrawn
Vincristine,DB00541,stage I adult diffuse large cell lymphoma,C0279960,Neoplastic Process,Withdrawn
Doxorubicin,DB00997,stage I adult diffuse large cell lymphoma,C0279960,Neoplastic Process,Withdrawn
Rituximab,DB00073,stage III adult diffuse large cell lymphoma,C0280162,Neoplastic Process,Withdrawn
Cyclophosphamide,DB00531,stage III adult diffuse large cell lymphoma,C0280162,Neoplastic Process,Withdrawn
Vincristine,DB00541,stage III adult diffuse large cell lymphoma,C0280162,Neoplastic Process,Withdrawn
Doxorubicin,DB00997,stage III adult diffuse large cell lymphoma,C0280162,Neoplastic Process,Withdrawn
Rituximab,DB00073,stage IV adult diffuse large cell lymphoma,C0280175,Neoplastic Process,Withdrawn
Cyclophosphamide,DB00531,stage IV adult diffuse large cell lymphoma,C0280175,Neoplastic Process,Withdrawn
Vincristine,DB00541,stage IV adult diffuse large cell lymphoma,C0280175,Neoplastic Process,Withdrawn
Doxorubicin,DB00997,stage IV adult diffuse large cell lymphoma,C0280175,Neoplastic Process,Withdrawn
Atorvastatin,DB01076,Psoriasis,C0033860,Disease or Syndrome,Withdrawn
Panobinostat,DB06603,Malignant neoplasm of stomach stage IV,C0278498,Neoplastic Process,Terminated
Bevacizumab,DB00112,colon cancer liver metastasis,C0742558,Neoplastic Process,Withdrawn
Imiquimod,DB00724,melanoma,C0025202,Neoplastic Process,Terminated
Temozolomide,DB00853,melanoma,C0025202,Neoplastic Process,Terminated
Norepinephrine,DB00368,Radiodermatitis,C0034561,Injury or Poisoning,Withdrawn
Eptifibatide,DB00063,Pneumonia,C0032285,Disease or Syndrome,Suspended
Heparin,DB01109,Pneumonia,C0032285,Disease or Syndrome,Suspended
Tamsulosin,DB00706,Benign Prostatic Hyperplasia,C1704272,Neoplastic Process,Terminated
Finasteride,DB01216,Benign Prostatic Hyperplasia,C1704272,Neoplastic Process,Terminated
Cyclophosphamide,DB00531,leukemia,C0023418,Neoplastic Process,Terminated
Mycophenolate mofetil,DB00688,leukemia,C0023418,Neoplastic Process,Terminated
Tacrolimus,DB00864,leukemia,C0023418,Neoplastic Process,Terminated
Mycophenolic acid,DB01024,leukemia,C0023418,Neoplastic Process,Terminated
,DB01024,leukemia,C0023418,Neoplastic Process,Terminated
Cyclophosphamide,DB00531,Hodgkin Disease,C0019829,Neoplastic Process,Terminated
Mycophenolate mofetil,DB00688,Hodgkin Disease,C0019829,Neoplastic Process,Terminated
Tacrolimus,DB00864,Hodgkin Disease,C0019829,Neoplastic Process,Terminated
Mycophenolic acid,DB01024,Hodgkin Disease,C0019829,Neoplastic Process,Terminated
,DB01024,Hodgkin Disease,C0019829,Neoplastic Process,Terminated
Erythromycin,DB00199,Preterm premature rupture of membranes (disorder),C0729264,Pathologic Function,Withdrawn
,DB00199,Preterm premature rupture of membranes (disorder),C0729264,Pathologic Function,Withdrawn
Cisplatin,DB00515,Multiple Myeloma,C0026764,Neoplastic Process,Terminated
Etoposide,DB00773,Multiple Myeloma,C0026764,Neoplastic Process,Terminated
Doxorubicin,DB00773,Multiple Myeloma,C0026764,Neoplastic Process,Terminated
Thalidomide,DB00997,Multiple Myeloma,C0026764,Neoplastic Process,Terminated
Melphalan,DB01041,Multiple Myeloma,C0026764,Neoplastic Process,Terminated
Dexamethasone,DB01042,Multiple Myeloma,C0026764,Neoplastic Process,Terminated
,DB01234,Multiple Myeloma,C0026764,Neoplastic Process,Terminated
,DB01234,Multiple Myeloma,C0026764,Neoplastic Process,Terminated
Imatinib,DB00619,Scleroderma,C0011644,Disease or Syndrome,Terminated
Paclitaxel,DB01229,Solid tumour,C0280100,Neoplastic Process,Terminated
Torasemide,DB00214,Renal Insufficiency,C1565489,Disease or Syndrome,Terminated
Furosemide,DB00695,Renal Insufficiency,C1565489,Disease or Syndrome,Terminated
Varenicline,DB01273,Nicotine Dependence,C0028043,Mental or Behavioral Dysfunction,Terminated
Alendronic acid,DB00630,Osteoporosis,C0029456,Disease or Syndrome,Withdrawn
Calcium carbonate,DB06724,Osteoporosis,C0029456,Disease or Syndrome,Withdrawn
Acetaminophen,DB00316,Headache,C0018681,Sign or Symptom,Terminated
Salicylic acid,DB00936,Headache,C0018681,Sign or Symptom,Terminated
Acetylsalicylic acid,DB00945,Headache,C0018681,Sign or Symptom,Terminated
Loperamide,DB00836,Clostridium difficile diarrhea,C0235952,Disease or Syndrome,Terminated
Exenatide,DB01276,Septic Shock,C0036983,Pathologic Function,Withdrawn
Exenatide,DB01276,Inflammation,C0021368,Pathologic Function,Withdrawn
Memantine,DB01043,Asperger Syndrome,C0236792,Mental or Behavioral Dysfunction,Terminated
Fluconazole,DB00196,CRYPTOCOCCAL INFECTION DISSEMINATED,C0742909,Disease or Syndrome,Terminated
Flucytosine,DB01099,CRYPTOCOCCAL INFECTION DISSEMINATED,C0742909,Disease or Syndrome,Terminated
Metformin,DB00331,Prostate carcinoma,C0600139,Neoplastic Process,Withdrawn
Simvastatin,DB00641,Prostate carcinoma,C0600139,Neoplastic Process,Withdrawn
Dexmedetomidine,DB00633,"Subarachnoid Hemorrhage, Aneurysmal",C0751530,Pathologic Function,Terminated
Carboplatin,DB00958,Malignant neoplasm of lung,C0242379,Neoplastic Process,Withdrawn
Docetaxel,DB01248,Malignant neoplasm of lung,C0242379,Neoplastic Process,Withdrawn
Carboplatin,DB00958,Chemotherapeutic Agent Toxicity,C1707372,Finding,Withdrawn
Docetaxel,DB01248,Chemotherapeutic Agent Toxicity,C1707372,Finding,Withdrawn
Cisplatin,DB00515,Non-Small Cell Lung Carcinoma,C0007131,Neoplastic Process,Terminated
Etoposide,DB00773,Non-Small Cell Lung Carcinoma,C0007131,Neoplastic Process,Terminated
,DB00773,Non-Small Cell Lung Carcinoma,C0007131,Neoplastic Process,Terminated
Rasburicase,DB00049,adult acute myeloid leukemia with t(16;16)(p13;q22),C1541332,Neoplastic Process,Terminated
Allopurinol,DB00437,adult acute myeloid leukemia with t(16;16)(p13;q22),C1541332,Neoplastic Process,Terminated
Rasburicase,DB00049,adult acute myeloid leukemia with t(8;21)(q22;q22),C1541331,Neoplastic Process,Terminated
Allopurinol,DB00437,adult acute myeloid leukemia with t(8;21)(q22;q22),C1541331,Neoplastic Process,Terminated
Rasburicase,DB00049,contiguous stage II adult Burkitt's lymphoma,C0677696,Neoplastic Process,Terminated
Allopurinol,DB00437,contiguous stage II adult Burkitt's lymphoma,C0677696,Neoplastic Process,Terminated
Rasburicase,DB00049,de novo myelodysplastic syndromes,C0280451,Neoplastic Process,Terminated
Allopurinol,DB00437,de novo myelodysplastic syndromes,C0280451,Neoplastic Process,Terminated
Rasburicase,DB00049,noncontiguous stage II adult Burkitt's lymphoma,C0677710,Neoplastic Process,Terminated
Allopurinol,DB00437,noncontiguous stage II adult Burkitt's lymphoma,C0677710,Neoplastic Process,Terminated
Rasburicase,DB00049,previously treated myelodysplastic syndromes,C0280744,Neoplastic Process,Terminated
Allopurinol,DB00437,previously treated myelodysplastic syndromes,C0280744,Neoplastic Process,Terminated
Rasburicase,DB00049,recurrent adult acute lymphoblastic leukemia,C0278785,Neoplastic Process,Terminated
Allopurinol,DB00437,recurrent adult acute lymphoblastic leukemia,C0278785,Neoplastic Process,Terminated
Rasburicase,DB00049,recurrent adult acute myeloid leukemia,C0278780,Neoplastic Process,Terminated
Allopurinol,DB00437,recurrent adult acute myeloid leukemia,C0278780,Neoplastic Process,Terminated
Rasburicase,DB00049,recurrent adult Burkitt's lymphoma,C0280192,Neoplastic Process,Terminated
Allopurinol,DB00437,recurrent adult Burkitt's lymphoma,C0280192,Neoplastic Process,Terminated
Rasburicase,DB00049,stage I adult Burkitt's lymphoma,C0279963,Neoplastic Process,Terminated
Allopurinol,DB00437,stage I adult Burkitt's lymphoma,C0279963,Neoplastic Process,Terminated
Rasburicase,DB00049,stage III adult Burkitt's lymphoma,C0280166,Neoplastic Process,Terminated
Allopurinol,DB00437,stage III adult Burkitt's lymphoma,C0280166,Neoplastic Process,Terminated
Rasburicase,DB00049,stage IV adult Burkitt's lymphoma,C0280179,Neoplastic Process,Terminated
Allopurinol,DB00437,stage IV adult Burkitt's lymphoma,C0280179,Neoplastic Process,Terminated
Rasburicase,DB00049,untreated adult acute lymphoblastic leukemia,C0279088,Finding,Terminated
Allopurinol,DB00437,untreated adult acute lymphoblastic leukemia,C0279088,Finding,Terminated
Rasburicase,DB00049,untreated adult acute myeloid leukemia,C0279089,Finding,Terminated
Allopurinol,DB00437,untreated adult acute myeloid leukemia,C0279089,Finding,Terminated
Rasburicase,DB00049,adult acute myeloid leukemia with 11q23 (MLL) abnormalities,C1541334,Neoplastic Process,Terminated
Allopurinol,DB00437,adult acute myeloid leukemia with 11q23 (MLL) abnormalities,C1541334,Neoplastic Process,Terminated
Rasburicase,DB00049,adult acute myeloid leukemia with inv(16)(p13;q22),C1541333,Neoplastic Process,Terminated
Allopurinol,DB00437,adult acute myeloid leukemia with inv(16)(p13;q22),C1541333,Neoplastic Process,Terminated
Rasburicase,DB00049,adult acute myeloid leukemia with t(15;17)(q22;q12),C1541335,Neoplastic Process,Terminated
Allopurinol,DB00437,adult acute myeloid leukemia with t(15;17)(q22;q12),C1541335,Neoplastic Process,Terminated
Ketoconazole,DB01026,Granulosa cell tumor of the ovary,C1370419,Neoplastic Process,Terminated
Bupivacaine,DB00297,Chronic pain,C0150055,Sign or Symptom,Terminated
Adalimumab,DB00051,Inflammatory disease of mucous membrane,C0333355,Pathologic Function,Terminated
L-Carnitine,DB00583,Ulcerative Colitis,C0009324,Disease or Syndrome,Terminated
Imatinib,DB00619,Pulmonary Hypertension,C0020542,Pathologic Function,Withdrawn
Carvedilol,DB01136,Pulmonary Hypertension,C0020542,Pathologic Function,Withdrawn
L-Carnitine,DB00583,Postpoliomyelitis Syndrome,C0080040,Disease or Syndrome,Withdrawn
Aminolevulinic acid,DB00855,adult giant cell glioblastoma,C1541316,Neoplastic Process,Terminated
Aminolevulinic acid,DB00855,adult glioblastoma,C0278878,Neoplastic Process,Terminated
Aminolevulinic acid,DB00855,adult gliosarcoma,C1541317,Neoplastic Process,Terminated
Aminolevulinic acid,DB00855,recurrent adult brain tumor,C0278786,Neoplastic Process,Terminated
Ropivacaine,DB00296,Appendicitis,C0003615,Disease or Syndrome,Terminated
Tobramycin,DB00684,"Pneumonia, Bacterial",C0004626,Disease or Syndrome,Terminated
Meropenem,DB00760,"Pneumonia, Bacterial",C0004626,Disease or Syndrome,Terminated
Methylprednisolone,DB00860,Rheumatoid Arthritis,C0003873,Disease or Syndrome,Terminated
Dipyridamole,DB00860,Rheumatoid Arthritis,C0003873,Disease or Syndrome,Terminated
,DB00959,Rheumatoid Arthritis,C0003873,Disease or Syndrome,Terminated
,DB00959,Rheumatoid Arthritis,C0003873,Disease or Syndrome,Terminated
,DB00975,Rheumatoid Arthritis,C0003873,Disease or Syndrome,Terminated
Pentoxifylline,DB00806,"Diabetes Mellitus, Insulin-Dependent",C0011854,Disease or Syndrome,Terminated
Gemcitabine,DB00441,"unspecified adult solid tumor, protocol specific",C0279004,Neoplastic Process,Terminated
Hydrocortisone,DB00741,Phobic anxiety disorder,C0349231,Mental or Behavioral Dysfunction,Terminated
,DB00741,Phobic anxiety disorder,C0349231,Mental or Behavioral Dysfunction,Terminated
Glucagon recombinant,DB00040,Short Bowel Syndrome,C0036992,Disease or Syndrome,Terminated
Zonisamide,DB00909,alcohol use disorder,C0001956,Mental or Behavioral Dysfunction,Terminated
Zonisamide,DB00909,Bipolar Disorder,C0005586,Mental or Behavioral Dysfunction,Terminated
Ganirelix,DB06785,Infertility,C0021359,Pathologic Function,Withdrawn
Rivaroxaban,DB06228,Heparin-induced thrombocytopenia,C0272285,Disease or Syndrome,Terminated
Folic Acid,DB00158,Pervasive Development Disorder,C0524528,Mental or Behavioral Dysfunction,Terminated
Leucovorin,DB00650,Pervasive Development Disorder,C0524528,Mental or Behavioral Dysfunction,Terminated
Levoleucovorin,DB11596,Pervasive Development Disorder,C0524528,Mental or Behavioral Dysfunction,Terminated
Methamphetamine,DB01577,Methamphetamine dependence,C1533217,Mental or Behavioral Dysfunction,Withdrawn
Methamphetamine,DB01577,Methamphetamine abuse,C1456624,Mental or Behavioral Dysfunction,Withdrawn
Ertapenem,DB00303,Endometritis,C0014179,Disease or Syndrome,Terminated
Finasteride,DB01216,Retinal Diseases,C0035309,Disease or Syndrome,Terminated
Cetuximab,DB00002,Malignant neoplasm of stomach,C0024623,Neoplastic Process,Terminated
Cisplatin,DB00515,Malignant neoplasm of stomach,C0024623,Neoplastic Process,Terminated
Capsaicin,DB06774,Hyperalgesia,C0020429,Sign or Symptom,Terminated
Capsaicin,DB06774,Allodynia,C0458247,Finding,Terminated
Capsaicin,DB06774,Pain,C0030193,Sign or Symptom,Terminated
Timolol,DB00373,"Optic Neuropathy, Ischemic",C0155305,Disease or Syndrome,Withdrawn
Timolol,DB00373,Anterior Ischemic Optic Neuropathy,C0751711,Disease or Syndrome,Withdrawn
Letrozole,DB01006,"Medical abortion, complete or unspecified, without complication",C0495144,Pathologic Function,Terminated
Trilostane,DB01108,"Medical abortion, complete or unspecified, without complication",C0495144,Pathologic Function,Terminated
Misoprostol,DB00929,Missed abortion,C0000814,Disease or Syndrome,Suspended
Mefloquine,DB00358,Malaria,C0024530,Disease or Syndrome,Terminated
,DB01234,Multiple Myeloma,C0026764,Neoplastic Process,Withdrawn
Folic Acid,DB00158,Secondary malignant neoplasm of liver,C0494165,Neoplastic Process,Withdrawn
Oxaliplatin,DB00526,Secondary malignant neoplasm of liver,C0494165,Neoplastic Process,Withdrawn
Levoleucovorin,DB11596,Secondary malignant neoplasm of liver,C0494165,Neoplastic Process,Withdrawn
Udenafil,DB06267,"Heart Failure, Systolic",C1135191,Disease or Syndrome,Terminated
Metformin,DB00331,Polycystic Ovary Syndrome,C0032460,Disease or Syndrome,Withdrawn
Clomifene,DB00882,Polycystic Ovary Syndrome,C0032460,Disease or Syndrome,Withdrawn
Ezogabine,DB04953,Epilepsy,C0014544,Disease or Syndrome,Terminated
Gemcitabine,DB00441,anterior urethral cancer,C0279930,Neoplastic Process,Withdrawn
Cisplatin,DB00515,anterior urethral cancer,C0279930,Neoplastic Process,Withdrawn
Methotrexate,DB00563,anterior urethral cancer,C0279930,Neoplastic Process,Withdrawn
Vinblastine,DB00570,anterior urethral cancer,C0279930,Neoplastic Process,Withdrawn
Doxorubicin,DB00997,anterior urethral cancer,C0279930,Neoplastic Process,Withdrawn
Gemcitabine,DB00441,Transitional cell cancer of the renal pelvis and ureter localised,C0280240,Neoplastic Process,Withdrawn
Cisplatin,DB00515,Transitional cell cancer of the renal pelvis and ureter localised,C0280240,Neoplastic Process,Withdrawn
Methotrexate,DB00563,Transitional cell cancer of the renal pelvis and ureter localised,C0280240,Neoplastic Process,Withdrawn
Vinblastine,DB00570,Transitional cell cancer of the renal pelvis and ureter localised,C0280240,Neoplastic Process,Withdrawn
Doxorubicin,DB00997,Transitional cell cancer of the renal pelvis and ureter localised,C0280240,Neoplastic Process,Withdrawn
Gemcitabine,DB00441,posterior urethral cancer,C0279931,Neoplastic Process,Withdrawn
Cisplatin,DB00515,posterior urethral cancer,C0279931,Neoplastic Process,Withdrawn
Methotrexate,DB00563,posterior urethral cancer,C0279931,Neoplastic Process,Withdrawn
Vinblastine,DB00570,posterior urethral cancer,C0279931,Neoplastic Process,Withdrawn
Doxorubicin,DB00997,posterior urethral cancer,C0279931,Neoplastic Process,Withdrawn
Gemcitabine,DB00441,Recurrent Urethral Cancer,C0279912,Neoplastic Process,Withdrawn
Cisplatin,DB00515,Recurrent Urethral Cancer,C0279912,Neoplastic Process,Withdrawn
Methotrexate,DB00563,Recurrent Urethral Cancer,C0279912,Neoplastic Process,Withdrawn
Vinblastine,DB00570,Recurrent Urethral Cancer,C0279912,Neoplastic Process,Withdrawn
Doxorubicin,DB00997,Recurrent Urethral Cancer,C0279912,Neoplastic Process,Withdrawn
Gemcitabine,DB00441,Regional Urothelial Carcinoma of the Renal Pelvis and Ureter,C0280281,Neoplastic Process,Withdrawn
Cisplatin,DB00515,Regional Urothelial Carcinoma of the Renal Pelvis and Ureter,C0280281,Neoplastic Process,Withdrawn
Methotrexate,DB00563,Regional Urothelial Carcinoma of the Renal Pelvis and Ureter,C0280281,Neoplastic Process,Withdrawn
Vinblastine,DB00570,Regional Urothelial Carcinoma of the Renal Pelvis and Ureter,C0280281,Neoplastic Process,Withdrawn
Doxorubicin,DB00997,Regional Urothelial Carcinoma of the Renal Pelvis and Ureter,C0280281,Neoplastic Process,Withdrawn
Gemcitabine,DB00441,Bladder cancer stage III,C0278824,Neoplastic Process,Withdrawn
Cisplatin,DB00515,Bladder cancer stage III,C0278824,Neoplastic Process,Withdrawn
Methotrexate,DB00563,Bladder cancer stage III,C0278824,Neoplastic Process,Withdrawn
Vinblastine,DB00570,Bladder cancer stage III,C0278824,Neoplastic Process,Withdrawn
Doxorubicin,DB00997,Bladder cancer stage III,C0278824,Neoplastic Process,Withdrawn
Gemcitabine,DB00441,Malignant neoplasm of ureter,C0153619,Neoplastic Process,Withdrawn
Cisplatin,DB00515,Malignant neoplasm of ureter,C0153619,Neoplastic Process,Withdrawn
Methotrexate,DB00563,Malignant neoplasm of ureter,C0153619,Neoplastic Process,Withdrawn
Vinblastine,DB00570,Malignant neoplasm of ureter,C0153619,Neoplastic Process,Withdrawn
Doxorubicin,DB00997,Malignant neoplasm of ureter,C0153619,Neoplastic Process,Withdrawn
Gemcitabine,DB00441,urethral carcinoma associated with invasive bladder cancer,C0279932,Neoplastic Process,Withdrawn
Cisplatin,DB00515,urethral carcinoma associated with invasive bladder cancer,C0279932,Neoplastic Process,Withdrawn
Methotrexate,DB00563,urethral carcinoma associated with invasive bladder cancer,C0279932,Neoplastic Process,Withdrawn
Vinblastine,DB00570,urethral carcinoma associated with invasive bladder cancer,C0279932,Neoplastic Process,Withdrawn
Doxorubicin,DB00997,urethral carcinoma associated with invasive bladder cancer,C0279932,Neoplastic Process,Withdrawn
Sorafenib,DB00398,Malignant neoplasm of lung,C0242379,Neoplastic Process,Withdrawn
Vidarabine,DB00194,previously treated myelodysplastic syndromes,C0280744,Neoplastic Process,Suspended
Cyclophosphamide,DB00531,previously treated myelodysplastic syndromes,C0280744,Neoplastic Process,Suspended
Mycophenolate mofetil,DB00688,previously treated myelodysplastic syndromes,C0280744,Neoplastic Process,Suspended
Tacrolimus,DB00864,previously treated myelodysplastic syndromes,C0280744,Neoplastic Process,Suspended
Mycophenolic acid,DB01024,previously treated myelodysplastic syndromes,C0280744,Neoplastic Process,Suspended
Fludarabine,DB01024,previously treated myelodysplastic syndromes,C0280744,Neoplastic Process,Suspended
,DB01073,previously treated myelodysplastic syndromes,C0280744,Neoplastic Process,Suspended
Vidarabine,DB00194,recurrent adult acute lymphoblastic leukemia,C0278785,Neoplastic Process,Suspended
Cyclophosphamide,DB00531,recurrent adult acute lymphoblastic leukemia,C0278785,Neoplastic Process,Suspended
Mycophenolate mofetil,DB00688,recurrent adult acute lymphoblastic leukemia,C0278785,Neoplastic Process,Suspended
Tacrolimus,DB00864,recurrent adult acute lymphoblastic leukemia,C0278785,Neoplastic Process,Suspended
Mycophenolic acid,DB01024,recurrent adult acute lymphoblastic leukemia,C0278785,Neoplastic Process,Suspended
Fludarabine,DB01024,recurrent adult acute lymphoblastic leukemia,C0278785,Neoplastic Process,Suspended
,DB01073,recurrent adult acute lymphoblastic leukemia,C0278785,Neoplastic Process,Suspended
Vidarabine,DB00194,recurrent adult acute myeloid leukemia,C0278780,Neoplastic Process,Suspended
Cyclophosphamide,DB00531,recurrent adult acute myeloid leukemia,C0278780,Neoplastic Process,Suspended
Mycophenolate mofetil,DB00688,recurrent adult acute myeloid leukemia,C0278780,Neoplastic Process,Suspended
Tacrolimus,DB00864,recurrent adult acute myeloid leukemia,C0278780,Neoplastic Process,Suspended
Mycophenolic acid,DB01024,recurrent adult acute myeloid leukemia,C0278780,Neoplastic Process,Suspended
Fludarabine,DB01024,recurrent adult acute myeloid leukemia,C0278780,Neoplastic Process,Suspended
,DB01073,recurrent adult acute myeloid leukemia,C0278780,Neoplastic Process,Suspended
Vidarabine,DB00194,recurrent adult Burkitt's lymphoma,C0280192,Neoplastic Process,Suspended
Cyclophosphamide,DB00531,recurrent adult Burkitt's lymphoma,C0280192,Neoplastic Process,Suspended
Mycophenolate mofetil,DB00688,recurrent adult Burkitt's lymphoma,C0280192,Neoplastic Process,Suspended
Tacrolimus,DB00864,recurrent adult Burkitt's lymphoma,C0280192,Neoplastic Process,Suspended
Mycophenolic acid,DB01024,recurrent adult Burkitt's lymphoma,C0280192,Neoplastic Process,Suspended
Fludarabine,DB01024,recurrent adult Burkitt's lymphoma,C0280192,Neoplastic Process,Suspended
,DB01073,recurrent adult Burkitt's lymphoma,C0280192,Neoplastic Process,Suspended
Vidarabine,DB00194,recurrent adult diffuse large cell lymphoma,C0280188,Neoplastic Process,Suspended
Cyclophosphamide,DB00531,recurrent adult diffuse large cell lymphoma,C0280188,Neoplastic Process,Suspended
Mycophenolate mofetil,DB00688,recurrent adult diffuse large cell lymphoma,C0280188,Neoplastic Process,Suspended
Tacrolimus,DB00864,recurrent adult diffuse large cell lymphoma,C0280188,Neoplastic Process,Suspended
Mycophenolic acid,DB01024,recurrent adult diffuse large cell lymphoma,C0280188,Neoplastic Process,Suspended
Fludarabine,DB01024,recurrent adult diffuse large cell lymphoma,C0280188,Neoplastic Process,Suspended
,DB01073,recurrent adult diffuse large cell lymphoma,C0280188,Neoplastic Process,Suspended
Vidarabine,DB00194,recurrent adult diffuse mixed cell lymphoma,C0280187,Neoplastic Process,Suspended
Cyclophosphamide,DB00531,recurrent adult diffuse mixed cell lymphoma,C0280187,Neoplastic Process,Suspended
Mycophenolate mofetil,DB00688,recurrent adult diffuse mixed cell lymphoma,C0280187,Neoplastic Process,Suspended
Tacrolimus,DB00864,recurrent adult diffuse mixed cell lymphoma,C0280187,Neoplastic Process,Suspended
Mycophenolic acid,DB01024,recurrent adult diffuse mixed cell lymphoma,C0280187,Neoplastic Process,Suspended
Fludarabine,DB01024,recurrent adult diffuse mixed cell lymphoma,C0280187,Neoplastic Process,Suspended
,DB01073,recurrent adult diffuse mixed cell lymphoma,C0280187,Neoplastic Process,Suspended
Vidarabine,DB00194,recurrent adult diffuse small cleaved cell lymphoma,C0280186,Neoplastic Process,Suspended
Cyclophosphamide,DB00531,recurrent adult diffuse small cleaved cell lymphoma,C0280186,Neoplastic Process,Suspended
Mycophenolate mofetil,DB00688,recurrent adult diffuse small cleaved cell lymphoma,C0280186,Neoplastic Process,Suspended
Tacrolimus,DB00864,recurrent adult diffuse small cleaved cell lymphoma,C0280186,Neoplastic Process,Suspended
Mycophenolic acid,DB01024,recurrent adult diffuse small cleaved cell lymphoma,C0280186,Neoplastic Process,Suspended
Fludarabine,DB01024,recurrent adult diffuse small cleaved cell lymphoma,C0280186,Neoplastic Process,Suspended
,DB01073,recurrent adult diffuse small cleaved cell lymphoma,C0280186,Neoplastic Process,Suspended
Vidarabine,DB00194,recurrent adult grade III lymphomatoid granulomatosis,C1541469,Neoplastic Process,Suspended
Cyclophosphamide,DB00531,recurrent adult grade III lymphomatoid granulomatosis,C1541469,Neoplastic Process,Suspended
Mycophenolate mofetil,DB00688,recurrent adult grade III lymphomatoid granulomatosis,C1541469,Neoplastic Process,Suspended
Tacrolimus,DB00864,recurrent adult grade III lymphomatoid granulomatosis,C1541469,Neoplastic Process,Suspended
Mycophenolic acid,DB01024,recurrent adult grade III lymphomatoid granulomatosis,C1541469,Neoplastic Process,Suspended
Fludarabine,DB01024,recurrent adult grade III lymphomatoid granulomatosis,C1541469,Neoplastic Process,Suspended
,DB01073,recurrent adult grade III lymphomatoid granulomatosis,C1541469,Neoplastic Process,Suspended
Vidarabine,DB00194,recurrent adult Hodgkin's lymphoma,C0278530,Neoplastic Process,Suspended
Cyclophosphamide,DB00531,recurrent adult Hodgkin's lymphoma,C0278530,Neoplastic Process,Suspended
Mycophenolate mofetil,DB00688,recurrent adult Hodgkin's lymphoma,C0278530,Neoplastic Process,Suspended
Tacrolimus,DB00864,recurrent adult Hodgkin's lymphoma,C0278530,Neoplastic Process,Suspended
Mycophenolic acid,DB01024,recurrent adult Hodgkin's lymphoma,C0278530,Neoplastic Process,Suspended
Fludarabine,DB01024,recurrent adult Hodgkin's lymphoma,C0278530,Neoplastic Process,Suspended
,DB01073,recurrent adult Hodgkin's lymphoma,C0278530,Neoplastic Process,Suspended
Vidarabine,DB00194,recurrent adult immunoblastic large cell lymphoma,C0280190,Neoplastic Process,Suspended
Cyclophosphamide,DB00531,recurrent adult immunoblastic large cell lymphoma,C0280190,Neoplastic Process,Suspended
Mycophenolate mofetil,DB00688,recurrent adult immunoblastic large cell lymphoma,C0280190,Neoplastic Process,Suspended
Tacrolimus,DB00864,recurrent adult immunoblastic large cell lymphoma,C0280190,Neoplastic Process,Suspended
Mycophenolic acid,DB01024,recurrent adult immunoblastic large cell lymphoma,C0280190,Neoplastic Process,Suspended
Fludarabine,DB01024,recurrent adult immunoblastic large cell lymphoma,C0280190,Neoplastic Process,Suspended
,DB01073,recurrent adult immunoblastic large cell lymphoma,C0280190,Neoplastic Process,Suspended
Vidarabine,DB00194,recurrent adult lymphoblastic lymphoma,C0280191,Neoplastic Process,Suspended
Cyclophosphamide,DB00531,recurrent adult lymphoblastic lymphoma,C0280191,Neoplastic Process,Suspended
Mycophenolate mofetil,DB00688,recurrent adult lymphoblastic lymphoma,C0280191,Neoplastic Process,Suspended
Tacrolimus,DB00864,recurrent adult lymphoblastic lymphoma,C0280191,Neoplastic Process,Suspended
Mycophenolic acid,DB01024,recurrent adult lymphoblastic lymphoma,C0280191,Neoplastic Process,Suspended
Fludarabine,DB01024,recurrent adult lymphoblastic lymphoma,C0280191,Neoplastic Process,Suspended
,DB01073,recurrent adult lymphoblastic lymphoma,C0280191,Neoplastic Process,Suspended
Vidarabine,DB00194,Adult T-cell lymphoma/leukaemia recurrent,C0280427,Neoplastic Process,Suspended
Cyclophosphamide,DB00531,Adult T-cell lymphoma/leukaemia recurrent,C0280427,Neoplastic Process,Suspended
Mycophenolate mofetil,DB00688,Adult T-cell lymphoma/leukaemia recurrent,C0280427,Neoplastic Process,Suspended
Tacrolimus,DB00864,Adult T-cell lymphoma/leukaemia recurrent,C0280427,Neoplastic Process,Suspended
Mycophenolic acid,DB01024,Adult T-cell lymphoma/leukaemia recurrent,C0280427,Neoplastic Process,Suspended
Fludarabine,DB01024,Adult T-cell lymphoma/leukaemia recurrent,C0280427,Neoplastic Process,Suspended
,DB01073,Adult T-cell lymphoma/leukaemia recurrent,C0280427,Neoplastic Process,Suspended
Vidarabine,DB00194,Cutaneous T-cell lymphoma recurrent,C0278580,Neoplastic Process,Suspended
Cyclophosphamide,DB00531,Cutaneous T-cell lymphoma recurrent,C0278580,Neoplastic Process,Suspended
Mycophenolate mofetil,DB00688,Cutaneous T-cell lymphoma recurrent,C0278580,Neoplastic Process,Suspended
Tacrolimus,DB00864,Cutaneous T-cell lymphoma recurrent,C0278580,Neoplastic Process,Suspended
Mycophenolic acid,DB01024,Cutaneous T-cell lymphoma recurrent,C0278580,Neoplastic Process,Suspended
Fludarabine,DB01024,Cutaneous T-cell lymphoma recurrent,C0278580,Neoplastic Process,Suspended
,DB01073,Cutaneous T-cell lymphoma recurrent,C0278580,Neoplastic Process,Suspended
Vidarabine,DB00194,recurrent grade 1 follicular lymphoma,C0280182,Neoplastic Process,Suspended
Cyclophosphamide,DB00531,recurrent grade 1 follicular lymphoma,C0280182,Neoplastic Process,Suspended
Mycophenolate mofetil,DB00688,recurrent grade 1 follicular lymphoma,C0280182,Neoplastic Process,Suspended
Tacrolimus,DB00864,recurrent grade 1 follicular lymphoma,C0280182,Neoplastic Process,Suspended
Mycophenolic acid,DB01024,recurrent grade 1 follicular lymphoma,C0280182,Neoplastic Process,Suspended
Fludarabine,DB01024,recurrent grade 1 follicular lymphoma,C0280182,Neoplastic Process,Suspended
,DB01073,recurrent grade 1 follicular lymphoma,C0280182,Neoplastic Process,Suspended
Vidarabine,DB00194,recurrent grade 2 follicular lymphoma,C0280183,Neoplastic Process,Suspended
Cyclophosphamide,DB00531,recurrent grade 2 follicular lymphoma,C0280183,Neoplastic Process,Suspended
Mycophenolate mofetil,DB00688,recurrent grade 2 follicular lymphoma,C0280183,Neoplastic Process,Suspended
Tacrolimus,DB00864,recurrent grade 2 follicular lymphoma,C0280183,Neoplastic Process,Suspended
Mycophenolic acid,DB01024,recurrent grade 2 follicular lymphoma,C0280183,Neoplastic Process,Suspended
Fludarabine,DB01024,recurrent grade 2 follicular lymphoma,C0280183,Neoplastic Process,Suspended
,DB01073,recurrent grade 2 follicular lymphoma,C0280183,Neoplastic Process,Suspended
Vidarabine,DB00194,recurrent grade 3 follicular lymphoma,C0280185,Neoplastic Process,Suspended
Cyclophosphamide,DB00531,recurrent grade 3 follicular lymphoma,C0280185,Neoplastic Process,Suspended
Mycophenolate mofetil,DB00688,recurrent grade 3 follicular lymphoma,C0280185,Neoplastic Process,Suspended
Tacrolimus,DB00864,recurrent grade 3 follicular lymphoma,C0280185,Neoplastic Process,Suspended
Mycophenolic acid,DB01024,recurrent grade 3 follicular lymphoma,C0280185,Neoplastic Process,Suspended
Fludarabine,DB01024,recurrent grade 3 follicular lymphoma,C0280185,Neoplastic Process,Suspended
,DB01073,recurrent grade 3 follicular lymphoma,C0280185,Neoplastic Process,Suspended
Vidarabine,DB00194,Mantle cell lymphoma recurrent,C0677725,Neoplastic Process,Suspended
Cyclophosphamide,DB00531,Mantle cell lymphoma recurrent,C0677725,Neoplastic Process,Suspended
Mycophenolate mofetil,DB00688,Mantle cell lymphoma recurrent,C0677725,Neoplastic Process,Suspended
Tacrolimus,DB00864,Mantle cell lymphoma recurrent,C0677725,Neoplastic Process,Suspended
Mycophenolic acid,DB01024,Mantle cell lymphoma recurrent,C0677725,Neoplastic Process,Suspended
Fludarabine,DB01024,Mantle cell lymphoma recurrent,C0677725,Neoplastic Process,Suspended
,DB01073,Mantle cell lymphoma recurrent,C0677725,Neoplastic Process,Suspended
Vidarabine,DB00194,Marginal zone lymphoma recurrent,C1541273,Neoplastic Process,Suspended
Cyclophosphamide,DB00531,Marginal zone lymphoma recurrent,C1541273,Neoplastic Process,Suspended
Mycophenolate mofetil,DB00688,Marginal zone lymphoma recurrent,C1541273,Neoplastic Process,Suspended
Tacrolimus,DB00864,Marginal zone lymphoma recurrent,C1541273,Neoplastic Process,Suspended
Mycophenolic acid,DB01024,Marginal zone lymphoma recurrent,C1541273,Neoplastic Process,Suspended
Fludarabine,DB01024,Marginal zone lymphoma recurrent,C1541273,Neoplastic Process,Suspended
,DB01073,Marginal zone lymphoma recurrent,C1541273,Neoplastic Process,Suspended
Vidarabine,DB00194,Mycosis fungoides/Sezary syndrome recurrent,C0862200,Neoplastic Process,Suspended
Cyclophosphamide,DB00531,Mycosis fungoides/Sezary syndrome recurrent,C0862200,Neoplastic Process,Suspended
Mycophenolate mofetil,DB00688,Mycosis fungoides/Sezary syndrome recurrent,C0862200,Neoplastic Process,Suspended
Tacrolimus,DB00864,Mycosis fungoides/Sezary syndrome recurrent,C0862200,Neoplastic Process,Suspended
Mycophenolic acid,DB01024,Mycosis fungoides/Sezary syndrome recurrent,C0862200,Neoplastic Process,Suspended
Fludarabine,DB01024,Mycosis fungoides/Sezary syndrome recurrent,C0862200,Neoplastic Process,Suspended
,DB01073,Mycosis fungoides/Sezary syndrome recurrent,C0862200,Neoplastic Process,Suspended
Vidarabine,DB00194,B-cell small lymphocytic lymphoma recurrent,C0855096,Neoplastic Process,Suspended
Cyclophosphamide,DB00531,B-cell small lymphocytic lymphoma recurrent,C0855096,Neoplastic Process,Suspended
Mycophenolate mofetil,DB00688,B-cell small lymphocytic lymphoma recurrent,C0855096,Neoplastic Process,Suspended
Tacrolimus,DB00864,B-cell small lymphocytic lymphoma recurrent,C0855096,Neoplastic Process,Suspended
Mycophenolic acid,DB01024,B-cell small lymphocytic lymphoma recurrent,C0855096,Neoplastic Process,Suspended
Fludarabine,DB01024,B-cell small lymphocytic lymphoma recurrent,C0855096,Neoplastic Process,Suspended
,DB01073,B-cell small lymphocytic lymphoma recurrent,C0855096,Neoplastic Process,Suspended
Vidarabine,DB00194,Chronic lymphocytic leukaemia refractory,C0278791,Neoplastic Process,Suspended
Cyclophosphamide,DB00531,Chronic lymphocytic leukaemia refractory,C0278791,Neoplastic Process,Suspended
Mycophenolate mofetil,DB00688,Chronic lymphocytic leukaemia refractory,C0278791,Neoplastic Process,Suspended
Tacrolimus,DB00864,Chronic lymphocytic leukaemia refractory,C0278791,Neoplastic Process,Suspended
Mycophenolic acid,DB01024,Chronic lymphocytic leukaemia refractory,C0278791,Neoplastic Process,Suspended
Fludarabine,DB01024,Chronic lymphocytic leukaemia refractory,C0278791,Neoplastic Process,Suspended
,DB01073,Chronic lymphocytic leukaemia refractory,C0278791,Neoplastic Process,Suspended
Vidarabine,DB00194,Hairy cell leukaemia recurrent,C0279780,Neoplastic Process,Suspended
Cyclophosphamide,DB00531,Hairy cell leukaemia recurrent,C0279780,Neoplastic Process,Suspended
Mycophenolate mofetil,DB00688,Hairy cell leukaemia recurrent,C0279780,Neoplastic Process,Suspended
Tacrolimus,DB00864,Hairy cell leukaemia recurrent,C0279780,Neoplastic Process,Suspended
Mycophenolic acid,DB01024,Hairy cell leukaemia recurrent,C0279780,Neoplastic Process,Suspended
Fludarabine,DB01024,Hairy cell leukaemia recurrent,C0279780,Neoplastic Process,Suspended
,DB01073,Hairy cell leukaemia recurrent,C0279780,Neoplastic Process,Suspended
Vidarabine,DB00194,chronic myelogenous leukemia in relapse,C0278787,Neoplastic Process,Suspended
Cyclophosphamide,DB00531,chronic myelogenous leukemia in relapse,C0278787,Neoplastic Process,Suspended
Mycophenolate mofetil,DB00688,chronic myelogenous leukemia in relapse,C0278787,Neoplastic Process,Suspended
Tacrolimus,DB00864,chronic myelogenous leukemia in relapse,C0278787,Neoplastic Process,Suspended
Mycophenolic acid,DB01024,chronic myelogenous leukemia in relapse,C0278787,Neoplastic Process,Suspended
Fludarabine,DB01024,chronic myelogenous leukemia in relapse,C0278787,Neoplastic Process,Suspended
,DB01073,chronic myelogenous leukemia in relapse,C0278787,Neoplastic Process,Suspended
Vidarabine,DB00194,secondary acute myeloid leukemia,C0280449,Neoplastic Process,Suspended
Cyclophosphamide,DB00531,secondary acute myeloid leukemia,C0280449,Neoplastic Process,Suspended
Mycophenolate mofetil,DB00688,secondary acute myeloid leukemia,C0280449,Neoplastic Process,Suspended
Tacrolimus,DB00864,secondary acute myeloid leukemia,C0280449,Neoplastic Process,Suspended
Mycophenolic acid,DB01024,secondary acute myeloid leukemia,C0280449,Neoplastic Process,Suspended
Fludarabine,DB01024,secondary acute myeloid leukemia,C0280449,Neoplastic Process,Suspended
,DB01073,secondary acute myeloid leukemia,C0280449,Neoplastic Process,Suspended
Vidarabine,DB00194,secondary myelodysplastic syndromes,C0280745,Neoplastic Process,Suspended
Cyclophosphamide,DB00531,secondary myelodysplastic syndromes,C0280745,Neoplastic Process,Suspended
Mycophenolate mofetil,DB00688,secondary myelodysplastic syndromes,C0280745,Neoplastic Process,Suspended
Tacrolimus,DB00864,secondary myelodysplastic syndromes,C0280745,Neoplastic Process,Suspended
Mycophenolic acid,DB01024,secondary myelodysplastic syndromes,C0280745,Neoplastic Process,Suspended
Fludarabine,DB01024,secondary myelodysplastic syndromes,C0280745,Neoplastic Process,Suspended
,DB01073,secondary myelodysplastic syndromes,C0280745,Neoplastic Process,Suspended
Vidarabine,DB00194,Small Intestinal Lymphoma,C0278805,Neoplastic Process,Suspended
Cyclophosphamide,DB00531,Small Intestinal Lymphoma,C0278805,Neoplastic Process,Suspended
Mycophenolate mofetil,DB00688,Small Intestinal Lymphoma,C0278805,Neoplastic Process,Suspended
Tacrolimus,DB00864,Small Intestinal Lymphoma,C0278805,Neoplastic Process,Suspended
Mycophenolic acid,DB01024,Small Intestinal Lymphoma,C0278805,Neoplastic Process,Suspended
Fludarabine,DB01024,Small Intestinal Lymphoma,C0278805,Neoplastic Process,Suspended
,DB01073,Small Intestinal Lymphoma,C0278805,Neoplastic Process,Suspended
Vidarabine,DB00194,Splenic Marginal Zone B-Cell Lymphoma,C0349632,Neoplastic Process,Suspended
Cyclophosphamide,DB00531,Splenic Marginal Zone B-Cell Lymphoma,C0349632,Neoplastic Process,Suspended
Mycophenolate mofetil,DB00688,Splenic Marginal Zone B-Cell Lymphoma,C0349632,Neoplastic Process,Suspended
Tacrolimus,DB00864,Splenic Marginal Zone B-Cell Lymphoma,C0349632,Neoplastic Process,Suspended
Mycophenolic acid,DB01024,Splenic Marginal Zone B-Cell Lymphoma,C0349632,Neoplastic Process,Suspended
Fludarabine,DB01024,Splenic Marginal Zone B-Cell Lymphoma,C0349632,Neoplastic Process,Suspended
,DB01073,Splenic Marginal Zone B-Cell Lymphoma,C0349632,Neoplastic Process,Suspended
Vidarabine,DB00194,T-Cell Large Granular Lymphocyte Leukemia,C1955861,Neoplastic Process,Suspended
Cyclophosphamide,DB00531,T-Cell Large Granular Lymphocyte Leukemia,C1955861,Neoplastic Process,Suspended
Mycophenolate mofetil,DB00688,T-Cell Large Granular Lymphocyte Leukemia,C1955861,Neoplastic Process,Suspended
Tacrolimus,DB00864,T-Cell Large Granular Lymphocyte Leukemia,C1955861,Neoplastic Process,Suspended
Mycophenolic acid,DB01024,T-Cell Large Granular Lymphocyte Leukemia,C1955861,Neoplastic Process,Suspended
Fludarabine,DB01024,T-Cell Large Granular Lymphocyte Leukemia,C1955861,Neoplastic Process,Suspended
,DB01073,T-Cell Large Granular Lymphocyte Leukemia,C1955861,Neoplastic Process,Suspended
Vidarabine,DB00194,Malignant lymphoma of testis,C0349644,Neoplastic Process,Suspended
Cyclophosphamide,DB00531,Malignant lymphoma of testis,C0349644,Neoplastic Process,Suspended
Mycophenolate mofetil,DB00688,Malignant lymphoma of testis,C0349644,Neoplastic Process,Suspended
Tacrolimus,DB00864,Malignant lymphoma of testis,C0349644,Neoplastic Process,Suspended
Mycophenolic acid,DB01024,Malignant lymphoma of testis,C0349644,Neoplastic Process,Suspended
Fludarabine,DB01024,Malignant lymphoma of testis,C0349644,Neoplastic Process,Suspended
,DB01073,Malignant lymphoma of testis,C0349644,Neoplastic Process,Suspended
Vidarabine,DB00194,Acute Myeloid Leukemia Arising from Previous Myelodysplastic Syndrome,C1332153,Neoplastic Process,Suspended
Cyclophosphamide,DB00531,Acute Myeloid Leukemia Arising from Previous Myelodysplastic Syndrome,C1332153,Neoplastic Process,Suspended
Mycophenolate mofetil,DB00688,Acute Myeloid Leukemia Arising from Previous Myelodysplastic Syndrome,C1332153,Neoplastic Process,Suspended
Tacrolimus,DB00864,Acute Myeloid Leukemia Arising from Previous Myelodysplastic Syndrome,C1332153,Neoplastic Process,Suspended
Mycophenolic acid,DB01024,Acute Myeloid Leukemia Arising from Previous Myelodysplastic Syndrome,C1332153,Neoplastic Process,Suspended
Fludarabine,DB01024,Acute Myeloid Leukemia Arising from Previous Myelodysplastic Syndrome,C1332153,Neoplastic Process,Suspended
,DB01073,Acute Myeloid Leukemia Arising from Previous Myelodysplastic Syndrome,C1332153,Neoplastic Process,Suspended
Vidarabine,DB00194,adult acute lymphoblastic leukemia in remission,C0279095,Neoplastic Process,Suspended
Cyclophosphamide,DB00531,adult acute lymphoblastic leukemia in remission,C0279095,Neoplastic Process,Suspended
Mycophenolate mofetil,DB00688,adult acute lymphoblastic leukemia in remission,C0279095,Neoplastic Process,Suspended
Tacrolimus,DB00864,adult acute lymphoblastic leukemia in remission,C0279095,Neoplastic Process,Suspended
Mycophenolic acid,DB01024,adult acute lymphoblastic leukemia in remission,C0279095,Neoplastic Process,Suspended
Fludarabine,DB01024,adult acute lymphoblastic leukemia in remission,C0279095,Neoplastic Process,Suspended
,DB01073,adult acute lymphoblastic leukemia in remission,C0279095,Neoplastic Process,Suspended
Vidarabine,DB00194,adult acute myeloid leukemia in remission,C0279094,Neoplastic Process,Suspended
Cyclophosphamide,DB00531,adult acute myeloid leukemia in remission,C0279094,Neoplastic Process,Suspended
Mycophenolate mofetil,DB00688,adult acute myeloid leukemia in remission,C0279094,Neoplastic Process,Suspended
Tacrolimus,DB00864,adult acute myeloid leukemia in remission,C0279094,Neoplastic Process,Suspended
Mycophenolic acid,DB01024,adult acute myeloid leukemia in remission,C0279094,Neoplastic Process,Suspended
Fludarabine,DB01024,adult acute myeloid leukemia in remission,C0279094,Neoplastic Process,Suspended
,DB01073,adult acute myeloid leukemia in remission,C0279094,Neoplastic Process,Suspended
Vidarabine,DB00194,adult acute myeloid leukemia with 11q23 (MLL) abnormalities,C1541334,Neoplastic Process,Suspended
Cyclophosphamide,DB00531,adult acute myeloid leukemia with 11q23 (MLL) abnormalities,C1541334,Neoplastic Process,Suspended
Mycophenolate mofetil,DB00688,adult acute myeloid leukemia with 11q23 (MLL) abnormalities,C1541334,Neoplastic Process,Suspended
Tacrolimus,DB00864,adult acute myeloid leukemia with 11q23 (MLL) abnormalities,C1541334,Neoplastic Process,Suspended
Mycophenolic acid,DB01024,adult acute myeloid leukemia with 11q23 (MLL) abnormalities,C1541334,Neoplastic Process,Suspended
Fludarabine,DB01024,adult acute myeloid leukemia with 11q23 (MLL) abnormalities,C1541334,Neoplastic Process,Suspended
,DB01073,adult acute myeloid leukemia with 11q23 (MLL) abnormalities,C1541334,Neoplastic Process,Suspended
Vidarabine,DB00194,adult acute myeloid leukemia with inv(16)(p13;q22),C1541333,Neoplastic Process,Suspended
Cyclophosphamide,DB00531,adult acute myeloid leukemia with inv(16)(p13;q22),C1541333,Neoplastic Process,Suspended
Mycophenolate mofetil,DB00688,adult acute myeloid leukemia with inv(16)(p13;q22),C1541333,Neoplastic Process,Suspended
Tacrolimus,DB00864,adult acute myeloid leukemia with inv(16)(p13;q22),C1541333,Neoplastic Process,Suspended
Mycophenolic acid,DB01024,adult acute myeloid leukemia with inv(16)(p13;q22),C1541333,Neoplastic Process,Suspended
Fludarabine,DB01024,adult acute myeloid leukemia with inv(16)(p13;q22),C1541333,Neoplastic Process,Suspended
,DB01073,adult acute myeloid leukemia with inv(16)(p13;q22),C1541333,Neoplastic Process,Suspended
Vidarabine,DB00194,adult acute myeloid leukemia with t(15;17)(q22;q12),C1541335,Neoplastic Process,Suspended
Cyclophosphamide,DB00531,adult acute myeloid leukemia with t(15;17)(q22;q12),C1541335,Neoplastic Process,Suspended
Mycophenolate mofetil,DB00688,adult acute myeloid leukemia with t(15;17)(q22;q12),C1541335,Neoplastic Process,Suspended
Tacrolimus,DB00864,adult acute myeloid leukemia with t(15;17)(q22;q12),C1541335,Neoplastic Process,Suspended
Mycophenolic acid,DB01024,adult acute myeloid leukemia with t(15;17)(q22;q12),C1541335,Neoplastic Process,Suspended
Fludarabine,DB01024,adult acute myeloid leukemia with t(15;17)(q22;q12),C1541335,Neoplastic Process,Suspended
,DB01073,adult acute myeloid leukemia with t(15;17)(q22;q12),C1541335,Neoplastic Process,Suspended
Vidarabine,DB00194,adult acute myeloid leukemia with t(16;16)(p13;q22),C1541332,Neoplastic Process,Suspended
Cyclophosphamide,DB00531,adult acute myeloid leukemia with t(16;16)(p13;q22),C1541332,Neoplastic Process,Suspended
Mycophenolate mofetil,DB00688,adult acute myeloid leukemia with t(16;16)(p13;q22),C1541332,Neoplastic Process,Suspended
Tacrolimus,DB00864,adult acute myeloid leukemia with t(16;16)(p13;q22),C1541332,Neoplastic Process,Suspended
Mycophenolic acid,DB01024,adult acute myeloid leukemia with t(16;16)(p13;q22),C1541332,Neoplastic Process,Suspended
Fludarabine,DB01024,adult acute myeloid leukemia with t(16;16)(p13;q22),C1541332,Neoplastic Process,Suspended
,DB01073,adult acute myeloid leukemia with t(16;16)(p13;q22),C1541332,Neoplastic Process,Suspended
Vidarabine,DB00194,adult acute myeloid leukemia with t(8;21)(q22;q22),C1541331,Neoplastic Process,Suspended
Cyclophosphamide,DB00531,adult acute myeloid leukemia with t(8;21)(q22;q22),C1541331,Neoplastic Process,Suspended
Mycophenolate mofetil,DB00688,adult acute myeloid leukemia with t(8;21)(q22;q22),C1541331,Neoplastic Process,Suspended
Tacrolimus,DB00864,adult acute myeloid leukemia with t(8;21)(q22;q22),C1541331,Neoplastic Process,Suspended
Mycophenolic acid,DB01024,adult acute myeloid leukemia with t(8;21)(q22;q22),C1541331,Neoplastic Process,Suspended
Fludarabine,DB01024,adult acute myeloid leukemia with t(8;21)(q22;q22),C1541331,Neoplastic Process,Suspended
,DB01073,adult acute myeloid leukemia with t(8;21)(q22;q22),C1541331,Neoplastic Process,Suspended
Vidarabine,DB00194,adult nasal type extranodal NK/T-cell lymphoma,C1879279,Neoplastic Process,Suspended
Cyclophosphamide,DB00531,adult nasal type extranodal NK/T-cell lymphoma,C1879279,Neoplastic Process,Suspended
Mycophenolate mofetil,DB00688,adult nasal type extranodal NK/T-cell lymphoma,C1879279,Neoplastic Process,Suspended
Tacrolimus,DB00864,adult nasal type extranodal NK/T-cell lymphoma,C1879279,Neoplastic Process,Suspended
Mycophenolic acid,DB01024,adult nasal type extranodal NK/T-cell lymphoma,C1879279,Neoplastic Process,Suspended
Fludarabine,DB01024,adult nasal type extranodal NK/T-cell lymphoma,C1879279,Neoplastic Process,Suspended
,DB01073,adult nasal type extranodal NK/T-cell lymphoma,C1879279,Neoplastic Process,Suspended
Vidarabine,DB00194,Ki-1+ Anaplastic Large Cell Lymphoma,C0206180,Neoplastic Process,Suspended
Cyclophosphamide,DB00531,Ki-1+ Anaplastic Large Cell Lymphoma,C0206180,Neoplastic Process,Suspended
Mycophenolate mofetil,DB00688,Ki-1+ Anaplastic Large Cell Lymphoma,C0206180,Neoplastic Process,Suspended
Tacrolimus,DB00864,Ki-1+ Anaplastic Large Cell Lymphoma,C0206180,Neoplastic Process,Suspended
Mycophenolic acid,DB01024,Ki-1+ Anaplastic Large Cell Lymphoma,C0206180,Neoplastic Process,Suspended
Fludarabine,DB01024,Ki-1+ Anaplastic Large Cell Lymphoma,C0206180,Neoplastic Process,Suspended
,DB01073,Ki-1+ Anaplastic Large Cell Lymphoma,C0206180,Neoplastic Process,Suspended
Vidarabine,DB00194,Angioimmunoblastic Lymphadenopathy,C0020981,Neoplastic Process,Suspended
Cyclophosphamide,DB00531,Angioimmunoblastic Lymphadenopathy,C0020981,Neoplastic Process,Suspended
Mycophenolate mofetil,DB00688,Angioimmunoblastic Lymphadenopathy,C0020981,Neoplastic Process,Suspended
Tacrolimus,DB00864,Angioimmunoblastic Lymphadenopathy,C0020981,Neoplastic Process,Suspended
Mycophenolic acid,DB01024,Angioimmunoblastic Lymphadenopathy,C0020981,Neoplastic Process,Suspended
Fludarabine,DB01024,Angioimmunoblastic Lymphadenopathy,C0020981,Neoplastic Process,Suspended
,DB01073,Angioimmunoblastic Lymphadenopathy,C0020981,Neoplastic Process,Suspended
Vidarabine,DB00194,Cutaneous B-Cell Non-Hodgkin Lymphoma,C1511566,Neoplastic Process,Suspended
Cyclophosphamide,DB00531,Cutaneous B-Cell Non-Hodgkin Lymphoma,C1511566,Neoplastic Process,Suspended
Mycophenolate mofetil,DB00688,Cutaneous B-Cell Non-Hodgkin Lymphoma,C1511566,Neoplastic Process,Suspended
Tacrolimus,DB00864,Cutaneous B-Cell Non-Hodgkin Lymphoma,C1511566,Neoplastic Process,Suspended
Mycophenolic acid,DB01024,Cutaneous B-Cell Non-Hodgkin Lymphoma,C1511566,Neoplastic Process,Suspended
Fludarabine,DB01024,Cutaneous B-Cell Non-Hodgkin Lymphoma,C1511566,Neoplastic Process,Suspended
,DB01073,Cutaneous B-Cell Non-Hodgkin Lymphoma,C1511566,Neoplastic Process,Suspended
Vidarabine,DB00194,de novo myelodysplastic syndromes,C0280451,Neoplastic Process,Suspended
Cyclophosphamide,DB00531,de novo myelodysplastic syndromes,C0280451,Neoplastic Process,Suspended
Mycophenolate mofetil,DB00688,de novo myelodysplastic syndromes,C0280451,Neoplastic Process,Suspended
Tacrolimus,DB00864,de novo myelodysplastic syndromes,C0280451,Neoplastic Process,Suspended
Mycophenolic acid,DB01024,de novo myelodysplastic syndromes,C0280451,Neoplastic Process,Suspended
Fludarabine,DB01024,de novo myelodysplastic syndromes,C0280451,Neoplastic Process,Suspended
,DB01073,de novo myelodysplastic syndromes,C0280451,Neoplastic Process,Suspended
Vidarabine,DB00194,Mucosa-Associated Lymphoid Tissue Lymphoma,C0242647,Neoplastic Process,Suspended
Cyclophosphamide,DB00531,Mucosa-Associated Lymphoid Tissue Lymphoma,C0242647,Neoplastic Process,Suspended
Mycophenolate mofetil,DB00688,Mucosa-Associated Lymphoid Tissue Lymphoma,C0242647,Neoplastic Process,Suspended
Tacrolimus,DB00864,Mucosa-Associated Lymphoid Tissue Lymphoma,C0242647,Neoplastic Process,Suspended
Mycophenolic acid,DB01024,Mucosa-Associated Lymphoid Tissue Lymphoma,C0242647,Neoplastic Process,Suspended
Fludarabine,DB01024,Mucosa-Associated Lymphoid Tissue Lymphoma,C0242647,Neoplastic Process,Suspended
,DB01073,Mucosa-Associated Lymphoid Tissue Lymphoma,C0242647,Neoplastic Process,Suspended
Vidarabine,DB00194,Hepatosplenic T-cell lymphoma,C1333984,Neoplastic Process,Suspended
Cyclophosphamide,DB00531,Hepatosplenic T-cell lymphoma,C1333984,Neoplastic Process,Suspended
Mycophenolate mofetil,DB00688,Hepatosplenic T-cell lymphoma,C1333984,Neoplastic Process,Suspended
Tacrolimus,DB00864,Hepatosplenic T-cell lymphoma,C1333984,Neoplastic Process,Suspended
Mycophenolic acid,DB01024,Hepatosplenic T-cell lymphoma,C1333984,Neoplastic Process,Suspended
Fludarabine,DB01024,Hepatosplenic T-cell lymphoma,C1333984,Neoplastic Process,Suspended
,DB01073,Hepatosplenic T-cell lymphoma,C1333984,Neoplastic Process,Suspended
Vidarabine,DB00194,"Myelodysplastic/myeloproliferative neoplasm, unclassifiable",C1328061,Neoplastic Process,Suspended
Cyclophosphamide,DB00531,"Myelodysplastic/myeloproliferative neoplasm, unclassifiable",C1328061,Neoplastic Process,Suspended
Mycophenolate mofetil,DB00688,"Myelodysplastic/myeloproliferative neoplasm, unclassifiable",C1328061,Neoplastic Process,Suspended
Tacrolimus,DB00864,"Myelodysplastic/myeloproliferative neoplasm, unclassifiable",C1328061,Neoplastic Process,Suspended
Mycophenolic acid,DB01024,"Myelodysplastic/myeloproliferative neoplasm, unclassifiable",C1328061,Neoplastic Process,Suspended
Fludarabine,DB01024,"Myelodysplastic/myeloproliferative neoplasm, unclassifiable",C1328061,Neoplastic Process,Suspended
,DB01073,"Myelodysplastic/myeloproliferative neoplasm, unclassifiable",C1328061,Neoplastic Process,Suspended
Vidarabine,DB00194,Monocytoid B-cell lymphoma,C0855139,Neoplastic Process,Suspended
Cyclophosphamide,DB00531,Monocytoid B-cell lymphoma,C0855139,Neoplastic Process,Suspended
Mycophenolate mofetil,DB00688,Monocytoid B-cell lymphoma,C0855139,Neoplastic Process,Suspended
Tacrolimus,DB00864,Monocytoid B-cell lymphoma,C0855139,Neoplastic Process,Suspended
Mycophenolic acid,DB01024,Monocytoid B-cell lymphoma,C0855139,Neoplastic Process,Suspended
Fludarabine,DB01024,Monocytoid B-cell lymphoma,C0855139,Neoplastic Process,Suspended
,DB01073,Monocytoid B-cell lymphoma,C0855139,Neoplastic Process,Suspended
Vidarabine,DB00194,Peripheral T-Cell Lymphoma,C0079774,Neoplastic Process,Suspended
Cyclophosphamide,DB00531,Peripheral T-Cell Lymphoma,C0079774,Neoplastic Process,Suspended
Mycophenolate mofetil,DB00688,Peripheral T-Cell Lymphoma,C0079774,Neoplastic Process,Suspended
Tacrolimus,DB00864,Peripheral T-Cell Lymphoma,C0079774,Neoplastic Process,Suspended
Mycophenolic acid,DB01024,Peripheral T-Cell Lymphoma,C0079774,Neoplastic Process,Suspended
Fludarabine,DB01024,Peripheral T-Cell Lymphoma,C0079774,Neoplastic Process,Suspended
,DB01073,Peripheral T-Cell Lymphoma,C0079774,Neoplastic Process,Suspended
Vidarabine,DB00194,Post-transplant lymphoproliferative disorder,C0432487,Neoplastic Process,Suspended
Cyclophosphamide,DB00531,Post-transplant lymphoproliferative disorder,C0432487,Neoplastic Process,Suspended
Mycophenolate mofetil,DB00688,Post-transplant lymphoproliferative disorder,C0432487,Neoplastic Process,Suspended
Tacrolimus,DB00864,Post-transplant lymphoproliferative disorder,C0432487,Neoplastic Process,Suspended
Mycophenolic acid,DB01024,Post-transplant lymphoproliferative disorder,C0432487,Neoplastic Process,Suspended
Fludarabine,DB01024,Post-transplant lymphoproliferative disorder,C0432487,Neoplastic Process,Suspended
,DB01073,Post-transplant lymphoproliferative disorder,C0432487,Neoplastic Process,Suspended
Etoposide,DB00773,Multiple Myeloma,C0026764,Neoplastic Process,Terminated
Cytarabine,DB00773,Multiple Myeloma,C0026764,Neoplastic Process,Terminated
Melphalan,DB00987,Multiple Myeloma,C0026764,Neoplastic Process,Terminated
,DB01042,Multiple Myeloma,C0026764,Neoplastic Process,Terminated
Cisplatin,DB00515,stage III squamous cell carcinoma of the lip and oral cavity,C0280353,Neoplastic Process,Terminated
Cisplatin,DB00515,Nasopharyngeal squamous cell carcinoma stage III,C0280382,Neoplastic Process,Terminated
Cisplatin,DB00515,Oropharyngeal squamous cell carcinoma stage III,C0280372,Neoplastic Process,Terminated
Cisplatin,DB00515,stage III squamous cell carcinoma of the paranasal sinus and nasal cavity,C0280411,Neoplastic Process,Terminated
Cisplatin,DB00515,Squamous cell carcinoma of the hypopharynx stage IV,C0280391,Neoplastic Process,Terminated
Cisplatin,DB00515,Laryngeal squamous cell carcinoma stage IV,C0280399,Neoplastic Process,Terminated
Cisplatin,DB00515,stage IV squamous cell carcinoma of the lip and oral cavity,C0280358,Neoplastic Process,Terminated
Cisplatin,DB00515,Chemotherapeutic Agent Toxicity,C1707372,Finding,Terminated
Cisplatin,DB00515,Radiation Sickness,C1510432,Injury or Poisoning,Terminated
Cisplatin,DB00515,Squamous cell carcinoma of the hypopharynx stage III,C0280390,Neoplastic Process,Terminated
Cisplatin,DB00515,Laryngeal squamous cell carcinoma stage III,C0280397,Neoplastic Process,Terminated
Cisplatin,DB00515,Nasopharyngeal squamous cell carcinoma stage IV,C0280384,Neoplastic Process,Terminated
Cisplatin,DB00515,stage IV squamous cell carcinoma of the oropharynx,C0280374,Neoplastic Process,Terminated
Cisplatin,DB00515,stage IV squamous cell carcinoma of the paranasal sinus and nasal cavity,C0280415,Neoplastic Process,Terminated
Cisplatin,DB00515,Xerostomia,C0043352,Disease or Syndrome,Terminated
Ketamine,DB01221,Depressive disorder,C0011581,Mental or Behavioral Dysfunction,Terminated
Ketamine,DB01221,Anxiety,C0003467,Mental or Behavioral Dysfunction,Terminated
Alemtuzumab,DB00087,Multiple Sclerosis,C0026769,Disease or Syndrome,Terminated
Cyclophosphamide,DB00531,Multiple Sclerosis,C0026769,Disease or Syndrome,Terminated
Fludarabine,DB01073,Multiple Sclerosis,C0026769,Disease or Syndrome,Terminated
Trastuzumab,DB00072,Malignant neoplasm of lung,C0242379,Neoplastic Process,Withdrawn
Bevacizumab,DB00112,Colorectal Neoplasms,C0009404,Neoplastic Process,Terminated
Citalopram,DB00215,Acute Coronary Syndrome,C0948089,Disease or Syndrome,Withdrawn
Cocaine,DB00907,Cocaine Dependence,C0600427,Mental or Behavioral Dysfunction,Withdrawn
Ezogabine,DB04953,Epilepsy,C0014544,Disease or Syndrome,Terminated
Dexmedetomidine,DB00633,"Sleep Apnea, Obstructive",C0520679,Disease or Syndrome,Withdrawn
Prednisolone,DB00860,Ischemic reperfusion injury,C0349419,Injury or Poisoning,Terminated
Methylprednisolone,DB00860,Ischemic reperfusion injury,C0349419,Injury or Poisoning,Terminated
Acetylcysteine,DB00860,Ischemic reperfusion injury,C0349419,Injury or Poisoning,Terminated
,DB00959,Ischemic reperfusion injury,C0349419,Injury or Poisoning,Terminated
,DB00959,Ischemic reperfusion injury,C0349419,Injury or Poisoning,Terminated
,DB00959,Ischemic reperfusion injury,C0349419,Injury or Poisoning,Terminated
,DB06151,Ischemic reperfusion injury,C0349419,Injury or Poisoning,Terminated
Prednisolone,DB00860,"insufficiency; hepatic, postoperative",C1401063,Disease or Syndrome,Terminated
Methylprednisolone,DB00860,"insufficiency; hepatic, postoperative",C1401063,Disease or Syndrome,Terminated
Acetylcysteine,DB00860,"insufficiency; hepatic, postoperative",C1401063,Disease or Syndrome,Terminated
,DB00959,"insufficiency; hepatic, postoperative",C1401063,Disease or Syndrome,Terminated
,DB00959,"insufficiency; hepatic, postoperative",C1401063,Disease or Syndrome,Terminated
,DB00959,"insufficiency; hepatic, postoperative",C1401063,Disease or Syndrome,Terminated
,DB06151,"insufficiency; hepatic, postoperative",C1401063,Disease or Syndrome,Terminated
Carboplatin,DB00773,Small cell carcinoma of lung,C0149925,Neoplastic Process,Terminated
,DB00958,Small cell carcinoma of lung,C0149925,Neoplastic Process,Terminated
Cisplatin,DB00515,Squamous cell carcinoma of the hypopharynx recurrent,C0280392,Neoplastic Process,Withdrawn
Cisplatin,DB00515,Laryngeal squamous cell carcinoma recurrent,C0280401,Neoplastic Process,Withdrawn
Cisplatin,DB00515,recurrent squamous cell carcinoma of the lip and oral cavity,C0280363,Neoplastic Process,Withdrawn
Cisplatin,DB00515,Nasopharyngeal squamous cell carcinoma recurrent,C0280386,Neoplastic Process,Withdrawn
Cisplatin,DB00515,Oropharyngeal squamous cell carcinoma recurrent,C0280376,Neoplastic Process,Withdrawn
Cisplatin,DB00515,recurrent squamous cell carcinoma of the paranasal sinus and nasal cavity,C0280419,Neoplastic Process,Withdrawn
Cisplatin,DB00515,Laryngeal verrucous carcinoma recurrent,C0280402,Neoplastic Process,Withdrawn
Cisplatin,DB00515,Verrucous carcinoma of the oral cavity recurrent,C0280365,Neoplastic Process,Withdrawn
Cisplatin,DB00515,Squamous cell carcinoma of the hypopharynx stage III,C0280390,Neoplastic Process,Withdrawn
Cisplatin,DB00515,Laryngeal squamous cell carcinoma stage III,C0280397,Neoplastic Process,Withdrawn
Cisplatin,DB00515,stage III squamous cell carcinoma of the lip and oral cavity,C0280353,Neoplastic Process,Withdrawn
Cisplatin,DB00515,Nasopharyngeal squamous cell carcinoma stage III,C0280382,Neoplastic Process,Withdrawn
Cisplatin,DB00515,Oropharyngeal squamous cell carcinoma stage III,C0280372,Neoplastic Process,Withdrawn
Cisplatin,DB00515,stage III squamous cell carcinoma of the paranasal sinus and nasal cavity,C0280411,Neoplastic Process,Withdrawn
Cisplatin,DB00515,Laryngeal verrucous carcinoma stage III,C0280398,Neoplastic Process,Withdrawn
Cisplatin,DB00515,Verrucous carcinoma of the oral cavity stage III,C0280355,Neoplastic Process,Withdrawn
Cisplatin,DB00515,Squamous cell carcinoma of the hypopharynx stage IV,C0280391,Neoplastic Process,Withdrawn
Cisplatin,DB00515,Nasopharyngeal squamous cell carcinoma stage IV,C0280384,Neoplastic Process,Withdrawn
Cisplatin,DB00515,Stage IVA Laryngeal Squamous Cell Carcinoma,C1336343,Neoplastic Process,Withdrawn
Cisplatin,DB00515,Stage IVA Lip and Oral Cavity Squamous Cell Carcinoma,C3897523,Neoplastic Process,Withdrawn
Cisplatin,DB00515,Stage IVA Oropharyngeal Squamous Cell Carcinoma,C1336356,Neoplastic Process,Withdrawn
Cisplatin,DB00515,Stage IVA Nasal Cavity and Paranasal Sinus Squamous Cell Carcinoma,C3897522,Neoplastic Process,Withdrawn
Cisplatin,DB00515,Stage IVA Laryngeal Verrucous Carcinoma,C1336344,Neoplastic Process,Withdrawn
Cisplatin,DB00515,Stage IVA Oral Cavity Verrucous Carcinoma,C1336354,Neoplastic Process,Withdrawn
Cisplatin,DB00515,Stage IVB Laryngeal Squamous Cell Carcinoma,C1336374,Neoplastic Process,Withdrawn
Cisplatin,DB00515,Stage IVB Lip and Oral Cavity Squamous Cell Carcinoma,C3897516,Neoplastic Process,Withdrawn
Cisplatin,DB00515,Stage IVB Oropharyngeal Squamous Cell Carcinoma,C1336387,Neoplastic Process,Withdrawn
Cisplatin,DB00515,Stage IVB Nasal Cavity and Paranasal Sinus Squamous Cell Carcinoma,C3897515,Neoplastic Process,Withdrawn
Cisplatin,DB00515,Stage IVB Laryngeal Verrucous Carcinoma,C1336375,Neoplastic Process,Withdrawn
Cisplatin,DB00515,Stage IVB Oral Cavity Verrucous Carcinoma,C1336385,Neoplastic Process,Withdrawn
Cisplatin,DB00515,Stage IVC Laryngeal Squamous Cell Carcinoma,C1336395,Neoplastic Process,Withdrawn
Cisplatin,DB00515,Stage IVC Lip and Oral Cavity Squamous Cell Carcinoma,C3897510,Neoplastic Process,Withdrawn
Cisplatin,DB00515,Stage IVC Oropharyngeal Squamous Cell Carcinoma,C1336407,Neoplastic Process,Withdrawn
Cisplatin,DB00515,Stage IVC Nasal Cavity and Paranasal Sinus Squamous Cell Carcinoma,C3897509,Neoplastic Process,Withdrawn
Cisplatin,DB00515,Stage IVC Laryngeal Verrucous Carcinoma,C1336396,Neoplastic Process,Withdrawn
Cisplatin,DB00515,Stage IVC Oral Cavity Verrucous Carcinoma,C1336405,Neoplastic Process,Withdrawn
Naproxen,DB00788,Headache,C0018681,Sign or Symptom,Withdrawn
Naratriptan,DB00952,Headache,C0018681,Sign or Symptom,Withdrawn
Asenapine,DB06216,Stuttering,C0038506,Mental or Behavioral Dysfunction,Suspended
Haloperidol,DB00502,Nausea,C0027497,Sign or Symptom,Withdrawn
,DB00502,Nausea,C0027497,Sign or Symptom,Withdrawn
Haloperidol,DB00502,Vomiting,C0042963,Sign or Symptom,Withdrawn
,DB00502,Vomiting,C0042963,Sign or Symptom,Withdrawn
Nitric Oxide,DB00435,Bronchopulmonary Dysplasia,C0006287,Disease or Syndrome,Terminated
Tamsulosin,DB00706,Urinary Retention,C0080274,Finding,Terminated
Dextroamphetamine,DB01576,Schizophrenia,C0036341,Mental or Behavioral Dysfunction,Terminated
Zinc sulfate,DB09322,Acute gastroenteritis,C0267446,Disease or Syndrome,Terminated
Sorafenib,DB00398,Medullary carcinoma of thyroid,C0238462,Neoplastic Process,Withdrawn
Cytarabine,DB00987,acute leukemia in relapse,C2367453,Neoplastic Process,Terminated
Mitoxantrone,DB01204,acute leukemia in relapse,C2367453,Neoplastic Process,Terminated
Carboplatin,DB00958,Anaplastic thyroid carcinoma,C0238461,Neoplastic Process,Withdrawn
Paclitaxel,DB01229,Anaplastic thyroid carcinoma,C0238461,Neoplastic Process,Withdrawn
Dextroamphetamine,DB01576,Schizophrenia,C0036341,Mental or Behavioral Dysfunction,Terminated
Estradiol,DB00783,Atrophy of vagina,C0241616,Disease or Syndrome,Terminated
,DB00783,Atrophy of vagina,C0241616,Disease or Syndrome,Terminated
Topiramate,DB00273,heavy drinking,C0687132,Mental or Behavioral Dysfunction,Terminated
Leuprolide,DB00007,Hypertensive disease,C0020538,Disease or Syndrome,Withdrawn
Testosterone,DB00624,Hypertensive disease,C0020538,Disease or Syndrome,Withdrawn
Estradiol,DB00624,Hypertensive disease,C0020538,Disease or Syndrome,Withdrawn
Anastrozole,DB00624,Hypertensive disease,C0020538,Disease or Syndrome,Withdrawn
Methyltestosterone,DB00783,Hypertensive disease,C0020538,Disease or Syndrome,Withdrawn
,DB00783,Hypertensive disease,C0020538,Disease or Syndrome,Withdrawn
,DB00783,Hypertensive disease,C0020538,Disease or Syndrome,Withdrawn
,DB01217,Hypertensive disease,C0020538,Disease or Syndrome,Withdrawn
,DB06710,Hypertensive disease,C0020538,Disease or Syndrome,Withdrawn
Isoniazid,DB00951,Latent Tuberculosis,C1609538,Disease or Syndrome,Terminated
Levofloxacin,DB01137,Latent Tuberculosis,C1609538,Disease or Syndrome,Terminated
Ofloxacin,DB01165,Latent Tuberculosis,C1609538,Disease or Syndrome,Terminated
Isoniazid,DB00951,Infection in solid organ transplant recipients,C0857825,Disease or Syndrome,Terminated
Levofloxacin,DB01137,Infection in solid organ transplant recipients,C0857825,Disease or Syndrome,Terminated
Ofloxacin,DB01165,Infection in solid organ transplant recipients,C0857825,Disease or Syndrome,Terminated
Belimumab,DB08879,Membranous glomerulonephritis,C0017665,Disease or Syndrome,Withdrawn
Fluoxetine,DB00472,Cerebral Hemorrhage,C2937358,Finding,Terminated
Rituximab,DB00073,Lupus Nephritis,C0024143,Disease or Syndrome,Terminated
Vancomycin,DB00512,Surgical Wound Infection,C0038941,Pathologic Function,Suspended
Loteprednol,DB00873,Keratitis,C0022568,Disease or Syndrome,Withdrawn
Bevacizumab,DB00112,Malignant tumor of colon,C0007102,Neoplastic Process,Terminated
Capecitabine,DB01101,Malignant tumor of colon,C0007102,Neoplastic Process,Terminated
Fluticasone Propionate,DB00588,Chronic Obstructive Airway Disease,C0024117,Disease or Syndrome,Withdrawn
Salmeterol,DB00938,Chronic Obstructive Airway Disease,C0024117,Disease or Syndrome,Withdrawn
Oxaliplatin,DB00526,Gastric carcinoma stage IV,C0863191,Neoplastic Process,Terminated
Fluorouracil,DB00544,Gastric carcinoma stage IV,C0863191,Neoplastic Process,Terminated
Capecitabine,DB01101,Gastric carcinoma stage IV,C0863191,Neoplastic Process,Terminated
Omeprazole,DB00338,Laryngomalacia,C0264303,Congenital Abnormality,Withdrawn
Simvastatin,DB00641,Rhinosinusitis,C0948780,Disease or Syndrome,Terminated
Denileukin diftitox,DB00004,Epithelial ovarian cancer,C0677886,Neoplastic Process,Terminated
Denileukin diftitox,DB00004,Fallopian Tube Carcinoma,C0238122,Neoplastic Process,Terminated
Unoprostone,DB06826,Retinitis Pigmentosa,C0035334,Disease or Syndrome,Terminated
Ketamine,DB01221,Chronic pain,C0150055,Sign or Symptom,Terminated
Chloroquine,DB00608,Malaria,C0024530,Disease or Syndrome,Withdrawn
Prednisone,DB00635,Malaria,C0024530,Disease or Syndrome,Withdrawn
Bevacizumab,DB00112,Glioblastoma,C0017636,Neoplastic Process,Withdrawn
Heparin,DB01109,Inhalation injury,C0745334,Injury or Poisoning,Terminated
Nitrous oxide,DB06690,Labor Pain,C0474368,Sign or Symptom,Suspended
Ranolazine,DB00243,Acute Coronary Syndrome,C0948089,Disease or Syndrome,Terminated
Rosuvastatin,DB01098,Influenza due to Influenza A virus subtype H1N1,C2076600,Disease or Syndrome,Terminated
Azacitidine,DB00928,"Leukemia, Myelocytic, Acute",C0023467,Neoplastic Process,Terminated
Theophylline,DB00277,Non-Small Cell Lung Carcinoma,C0007131,Neoplastic Process,Withdrawn
Aminophylline,DB01223,Non-Small Cell Lung Carcinoma,C0007131,Neoplastic Process,Withdrawn
Theophylline,DB00277,Malignant neoplasm of lung,C0242379,Neoplastic Process,Withdrawn
Aminophylline,DB01223,Malignant neoplasm of lung,C0242379,Neoplastic Process,Withdrawn
Estradiol,DB00783,Infertility,C0021359,Pathologic Function,Terminated
Triptorelin,DB00783,Infertility,C0021359,Pathologic Function,Terminated
,DB00783,Infertility,C0021359,Pathologic Function,Terminated
,DB06825,Infertility,C0021359,Pathologic Function,Terminated
Clofarabine,DB00631,"Histiocytosis, Langerhans-Cell",C0019621,Neoplastic Process,Withdrawn
Eplerenone,DB00700,Ascites,C0003962,Finding,Withdrawn
Hydroxychloroquine,DB01611,Antiphospholipid Syndrome,C0085278,Disease or Syndrome,Terminated
Papaverine,DB01113,Schizophrenia,C0036341,Mental or Behavioral Dysfunction,Terminated
Metformin,DB00331,Colorectal Carcinoma,C0009402,Neoplastic Process,Terminated
Nicardipine,DB00622,Cerebral Vasospasm,C0265110,Disease or Syndrome,Terminated
Ifosfamide,DB01181,adult central nervous system germ cell tumor,C0280796,Neoplastic Process,Terminated
Ifosfamide,DB01181,Adult teratoma,C1368898,Neoplastic Process,Terminated
Ifosfamide,DB01181,Malignant Extragonadal Germ Cell Tumor,C1334581,Neoplastic Process,Terminated
Ifosfamide,DB01181,Malignant Extragonadal Non-Seminomatous Germ Cell Tumor,C1334582,Neoplastic Process,Terminated
Ifosfamide,DB01181,Extragonadal Seminoma,C1333502,Neoplastic Process,Terminated
Ifosfamide,DB01181,Testis cancer recurrent,C0278841,Neoplastic Process,Terminated
Ifosfamide,DB01181,recurrent ovarian germ cell tumor,C0279975,Neoplastic Process,Terminated
Ifosfamide,DB01181,Stage IV Extragonadal Non-Seminomatous Germ Cell Tumor,C1336415,Neoplastic Process,Terminated
Ifosfamide,DB01181,Stage IV Extragonadal Seminoma,C1336416,Neoplastic Process,Terminated
Ifosfamide,DB01181,Ovarian germ cell cancer stage IV,C0279974,Neoplastic Process,Terminated
Sirolimus,DB00877,Eosinophilic gastroenteritis,C1262481,Disease or Syndrome,Terminated
Everolimus,DB01590,Eosinophilic gastroenteritis,C1262481,Disease or Syndrome,Terminated
Sirolimus,DB00877,Eosinophilic esophagitis,C0341106,Disease or Syndrome,Terminated
Everolimus,DB01590,Eosinophilic esophagitis,C0341106,Disease or Syndrome,Terminated
Ponatinib,DB08901,Thyroid Neoplasm,C0040136,Neoplastic Process,Terminated
Prednisone,DB00635,Polymyalgia Rheumatica,C0032533,Disease or Syndrome,Terminated
Cyclophosphamide,DB00531,Breast cancer stage II,C0278486,Neoplastic Process,Suspended
Carboplatin,DB00958,Breast cancer stage II,C0278486,Neoplastic Process,Suspended
Doxorubicin,DB00997,Breast cancer stage II,C0278486,Neoplastic Process,Suspended
Paclitaxel,DB01229,Breast cancer stage II,C0278486,Neoplastic Process,Suspended
Heparin,DB01109,Bacteremia,C0004610,Disease or Syndrome,Terminated
Aluminum hydroxide,DB06723,"viral; infection, enterovirus",C1400756,Disease or Syndrome,Withdrawn
Naltrexone,DB00704,Inflammatory Bowel Diseases,C0021390,Disease or Syndrome,Withdrawn
Naltrexone,DB00704,Crohn Disease,C0010346,Disease or Syndrome,Withdrawn
Naltrexone,DB00704,Ulcerative Colitis,C0009324,Disease or Syndrome,Withdrawn
Levoleucovorin,DB11596,Non-Small Cell Lung Carcinoma,C0007131,Neoplastic Process,Withdrawn
Sulindac,DB00605,Malignant tumor of colon,C0007102,Neoplastic Process,Terminated
Sulindac,DB00605,Adenocarcinoma of large intestine,C1319315,Neoplastic Process,Terminated
Lidocaine,DB00281,colorectal disorders,C2103078,Disease or Syndrome,Withdrawn
Cyclophosphamide,DB00531,Metastatic melanoma,C0278883,Neoplastic Process,Withdrawn
Mechlorethamine,DB00888,DS Stage I Plasma Cell Myeloma,C0278722,Neoplastic Process,Suspended
Melphalan,DB01042,DS Stage I Plasma Cell Myeloma,C0278722,Neoplastic Process,Suspended
Mechlorethamine,DB00888,DS Stage II Plasma Cell Myeloma,C0278723,Neoplastic Process,Suspended
Melphalan,DB01042,DS Stage II Plasma Cell Myeloma,C0278723,Neoplastic Process,Suspended
Mechlorethamine,DB00888,DS Stage III Plasma Cell Myeloma,C0278724,Neoplastic Process,Suspended
Melphalan,DB01042,DS Stage III Plasma Cell Myeloma,C0278724,Neoplastic Process,Suspended
Sulindac,DB00605,"Leukemia, Myelocytic, Acute",C0023467,Neoplastic Process,Withdrawn
Doxorubicin,DB00997,Epithelial ovarian cancer,C0677886,Neoplastic Process,Terminated
Topotecan,DB01030,Epithelial ovarian cancer,C0677886,Neoplastic Process,Terminated
Tacrolimus,DB00864,Vitiligo,C0042900,Disease or Syndrome,Terminated
Paroxetine,DB00715,Hepatitis C,C0019196,Disease or Syndrome,Terminated
Lipoic Acid,DB00166,Chronic Fatigue Syndrome,C0015674,Disease or Syndrome,Withdrawn
Acetylcarnitine,DB08842,Chronic Fatigue Syndrome,C0015674,Disease or Syndrome,Withdrawn
Sorafenib,DB00398,Melanoma recurrent,C0278884,Neoplastic Process,Withdrawn
Sirolimus,DB00877,Melanoma recurrent,C0278884,Neoplastic Process,Withdrawn
Everolimus,DB01590,Melanoma recurrent,C0278884,Neoplastic Process,Withdrawn
Sorafenib,DB00398,malignant melanoma of skin stage III,C0278882,Neoplastic Process,Withdrawn
Sirolimus,DB00877,malignant melanoma of skin stage III,C0278882,Neoplastic Process,Withdrawn
Everolimus,DB01590,malignant melanoma of skin stage III,C0278882,Neoplastic Process,Withdrawn
Lapatinib,DB01259,Breast cancer recurrent,C0278493,Neoplastic Process,Terminated
Valproic Acid,DB00313,childhood brain tumor,C0220603,Neoplastic Process,Withdrawn
Valproic Acid,DB00313,Anaplastic astrocytoma,C0334579,Neoplastic Process,Withdrawn
Valproic Acid,DB00313,Glioblastoma,C0017636,Neoplastic Process,Withdrawn
Warfarin,DB00682,primary disorders,C0277554,Disease or Syndrome,Terminated
Melatonin,DB01065,"ENCEPHALOPATHY, HYPOXIC-ISCHEMIC, NEWBORN",C0149878,Injury or Poisoning,Withdrawn
Trametinib,DB08911,recurrent adult acute myeloid leukemia,C0278780,Neoplastic Process,Suspended
Trametinib,DB08911,untreated adult acute myeloid leukemia,C0279089,Finding,Suspended
Lidocaine,DB00281,Periodontitis,C0031099,Disease or Syndrome,Terminated
Bupivacaine,DB00297,Periodontitis,C0031099,Disease or Syndrome,Terminated
Epinephrine,DB00668,Periodontitis,C0031099,Disease or Syndrome,Terminated
Eslicarbazepine acetate,DB09119,Epilepsy,C0014544,Disease or Syndrome,Terminated
Asparaginase,DB00023,T-cell lymphoma recurrent,C0854826,Neoplastic Process,Terminated
Pegaspargase,DB00059,T-cell lymphoma recurrent,C0854826,Neoplastic Process,Terminated
Dexamethasone,DB01234,T-cell lymphoma recurrent,C0854826,Neoplastic Process,Terminated
,DB01234,T-cell lymphoma recurrent,C0854826,Neoplastic Process,Terminated
Asparaginase,DB00023,T-cell lymphoma refractory,C0854827,Neoplastic Process,Terminated
Pegaspargase,DB00059,T-cell lymphoma refractory,C0854827,Neoplastic Process,Terminated
Dexamethasone,DB01234,T-cell lymphoma refractory,C0854827,Neoplastic Process,Terminated
,DB01234,T-cell lymphoma refractory,C0854827,Neoplastic Process,Terminated
Moxifloxacin,DB00218,Tuberculosis,C0041296,Disease or Syndrome,Withdrawn
Octreotide,DB00104,"Carcinoma, Neuroendocrine",C0206695,Neoplastic Process,Terminated
Gemcitabine,DB00441,duct cell adenocarcinoma of the pancreas,C0279176,Neoplastic Process,Terminated
Fluorouracil,DB00544,duct cell adenocarcinoma of the pancreas,C0279176,Neoplastic Process,Terminated
Gemcitabine,DB00441,Pancreatic carcinoma stage III,C1167722,Neoplastic Process,Terminated
Fluorouracil,DB00544,Pancreatic carcinoma stage III,C1167722,Neoplastic Process,Terminated
Gemcitabine,DB00441,Stage IV Pancreatic Cancer,C1167725,Neoplastic Process,Terminated
Fluorouracil,DB00544,Stage IV Pancreatic Cancer,C1167725,Neoplastic Process,Terminated
Abatacept,DB01281,Alopecia Areata,C0002171,Disease or Syndrome,Withdrawn
Mifepristone,DB00834,Pituitary-dependent Cushing's disease,C0221406,Disease or Syndrome,Withdrawn
Cetuximab,DB00002,Colorectal cancer metastatic,C0948380,Neoplastic Process,Terminated
Irinotecan,DB00762,Colorectal cancer metastatic,C0948380,Neoplastic Process,Terminated
Vitamin C,DB00126,Blood Coagulation Disorders,C0005779,Disease or Syndrome,Terminated
Vitamin E,DB00163,Blood Coagulation Disorders,C0005779,Disease or Syndrome,Terminated
Vitamin C,DB00126,Nosocomial pneumonia,C0949083,Disease or Syndrome,Terminated
Vitamin E,DB00163,Nosocomial pneumonia,C0949083,Disease or Syndrome,Terminated
Amitriptyline,DB00321,Sleep Initiation and Maintenance Disorders,C0021603,Disease or Syndrome,Terminated
Cyclobenzaprine,DB00924,Sleep Initiation and Maintenance Disorders,C0021603,Disease or Syndrome,Terminated
Amitriptyline,DB00321,Pain,C0030193,Sign or Symptom,Terminated
Cyclobenzaprine,DB00924,Pain,C0030193,Sign or Symptom,Terminated
Cisplatin,DB00515,Breast cancer recurrent,C0278493,Neoplastic Process,Terminated
Trametinib,DB08911,malignant neoplasm of large intestine stage IIIc,C2217039,Neoplastic Process,Suspended
Dabrafenib,DB08912,malignant neoplasm of large intestine stage IIIc,C2217039,Neoplastic Process,Suspended
Trametinib,DB08911,Melanoma recurrent,C0278884,Neoplastic Process,Suspended
Dabrafenib,DB08912,Melanoma recurrent,C0278884,Neoplastic Process,Suspended
Trametinib,DB08911,Stage IIIC Skin Melanoma,C2828036,Neoplastic Process,Suspended
Dabrafenib,DB08912,Stage IIIC Skin Melanoma,C2828036,Neoplastic Process,Suspended
,DB01234,Otitis Externa,C0029878,Disease or Syndrome,Terminated
Paclitaxel,DB01229,Metastatic melanoma,C0278883,Neoplastic Process,Withdrawn
Pegfilgrastim,DB00019,Solid tumour,C0280100,Neoplastic Process,Withdrawn
Megestrol acetate,DB00351,Atypical Endometrial Hyperplasia,C0349579,Disease or Syndrome,Withdrawn
Levonorgestrel,DB00367,Atypical Endometrial Hyperplasia,C0349579,Disease or Syndrome,Withdrawn
Norgestrel,DB09389,Atypical Endometrial Hyperplasia,C0349579,Disease or Syndrome,Withdrawn
Megestrol acetate,DB00351,Endometrial adenocarcinoma,C1153706,Neoplastic Process,Withdrawn
Levonorgestrel,DB00367,Endometrial adenocarcinoma,C1153706,Neoplastic Process,Withdrawn
Norgestrel,DB09389,Endometrial adenocarcinoma,C1153706,Neoplastic Process,Withdrawn
Megestrol acetate,DB00351,Recurrent Endometrial Cancer,C0278802,Neoplastic Process,Withdrawn
Levonorgestrel,DB00367,Recurrent Endometrial Cancer,C0278802,Neoplastic Process,Withdrawn
Norgestrel,DB09389,Recurrent Endometrial Cancer,C0278802,Neoplastic Process,Withdrawn
Megestrol acetate,DB00351,Endometrial cancer stage II,C0278799,Neoplastic Process,Withdrawn
Levonorgestrel,DB00367,Endometrial cancer stage II,C0278799,Neoplastic Process,Withdrawn
Norgestrel,DB09389,Endometrial cancer stage II,C0278799,Neoplastic Process,Withdrawn
Chlorhexidine,DB00878,Cerebral Hemorrhage,C2937358,Finding,Terminated
Carboplatin,DB00958,Solid tumour,C0280100,Neoplastic Process,Terminated
Paclitaxel,DB01229,Solid tumour,C0280100,Neoplastic Process,Terminated
Doxycycline,DB00254,Non-ischemic cardiomyopathy,C0877438,Disease or Syndrome,Terminated
Sodium thiosulfate,DB09499,Calcinosis cutis,C0006664,Disease or Syndrome,Withdrawn
Isotretinoin,DB00982,Neuroblastoma,C0027819,Neoplastic Process,Withdrawn
Ifosfamide,DB01181,"Liposarcoma, Dedifferentiated",C0205824,Neoplastic Process,Suspended
Azacitidine,DB00928,"Leukemia, Myelomonocytic, Chronic",C0023480,Neoplastic Process,Terminated
Azacitidine,DB00928,"Leukemia, Myelocytic, Acute",C0023467,Neoplastic Process,Terminated
Azacitidine,DB00928,Multiple Myeloma,C0026764,Neoplastic Process,Terminated
Deferasirox,DB01609,Iron Overload,C0282193,Disease or Syndrome,Withdrawn
Deferasirox,DB01609,Transfusion hemosiderosis,C0268064,Disease or Syndrome,Withdrawn
Deferasirox,DB01609,Iron Metabolism Disorders,C0012715,Disease or Syndrome,Withdrawn
Norepinephrine,DB00368,Pure Autonomic Failure,C0393911,Disease or Syndrome,Terminated
Droxidopa,DB06262,Pure Autonomic Failure,C0393911,Disease or Syndrome,Terminated
Norepinephrine,DB00368,dopamine beta hydroxylase deficiency,C0342687,Disease or Syndrome,Terminated
Droxidopa,DB06262,dopamine beta hydroxylase deficiency,C0342687,Disease or Syndrome,Terminated
Gemcitabine,DB00441,Secondary malignant neoplasm of pancreas,C0346976,Neoplastic Process,Terminated
Lidocaine,DB00281,Pain,C0030193,Sign or Symptom,Withdrawn
Abciximab,DB00054,Hb-SS disease with vasoocclusive pain,C2873760,Disease or Syndrome,Withdrawn
Morphine,DB00295,Hb-SS disease with vasoocclusive pain,C2873760,Disease or Syndrome,Withdrawn
Hydromorphone,DB00327,Hb-SS disease with vasoocclusive pain,C2873760,Disease or Syndrome,Withdrawn
Fentanyl,DB00813,Hb-SS disease with vasoocclusive pain,C2873760,Disease or Syndrome,Withdrawn
Ibuprofen,DB01050,Hb-SS disease with vasoocclusive pain,C2873760,Disease or Syndrome,Withdrawn
Abciximab,DB00054,Hemoglobin SS disease with vasoocclusive crisis,C2585715,Disease or Syndrome,Withdrawn
Morphine,DB00295,Hemoglobin SS disease with vasoocclusive crisis,C2585715,Disease or Syndrome,Withdrawn
Hydromorphone,DB00327,Hemoglobin SS disease with vasoocclusive crisis,C2585715,Disease or Syndrome,Withdrawn
Fentanyl,DB00813,Hemoglobin SS disease with vasoocclusive crisis,C2585715,Disease or Syndrome,Withdrawn
Ibuprofen,DB01050,Hemoglobin SS disease with vasoocclusive crisis,C2585715,Disease or Syndrome,Withdrawn
Abciximab,DB00054,Other sickle-cell disease with vaso-occlusive pain,C1260331,Disease or Syndrome,Withdrawn
Morphine,DB00295,Other sickle-cell disease with vaso-occlusive pain,C1260331,Disease or Syndrome,Withdrawn
Hydromorphone,DB00327,Other sickle-cell disease with vaso-occlusive pain,C1260331,Disease or Syndrome,Withdrawn
Fentanyl,DB00813,Other sickle-cell disease with vaso-occlusive pain,C1260331,Disease or Syndrome,Withdrawn
Ibuprofen,DB01050,Other sickle-cell disease with vaso-occlusive pain,C1260331,Disease or Syndrome,Withdrawn
Clofarabine,DB00631,"Leukemia, Myelocytic, Acute",C0023467,Neoplastic Process,Terminated
Cisplatin,DB00515,Non-small cell lung cancer recurrent,C0278517,Neoplastic Process,Withdrawn
Erlotinib,DB00530,Non-small cell lung cancer recurrent,C0278517,Neoplastic Process,Withdrawn
Pemetrexed,DB00642,Non-small cell lung cancer recurrent,C0278517,Neoplastic Process,Withdrawn
Carboplatin,DB00958,Non-small cell lung cancer recurrent,C0278517,Neoplastic Process,Withdrawn
Cisplatin,DB00515,Non-small cell lung cancer metastatic,C0278987,Neoplastic Process,Withdrawn
Erlotinib,DB00530,Non-small cell lung cancer metastatic,C0278987,Neoplastic Process,Withdrawn
Pemetrexed,DB00642,Non-small cell lung cancer metastatic,C0278987,Neoplastic Process,Withdrawn
Carboplatin,DB00958,Non-small cell lung cancer metastatic,C0278987,Neoplastic Process,Withdrawn
Cisplatin,DB00515,Oropharyngeal squamous cell carcinoma stage III,C0280372,Neoplastic Process,Withdrawn
Cisplatin,DB00515,Stage IVA Oropharyngeal Squamous Cell Carcinoma,C1336356,Neoplastic Process,Withdrawn
Metformin,DB00331,Stage IA Pancreatic Cancer,C2981674,Neoplastic Process,Withdrawn
Metformin,DB00331,Stage IB Pancreatic Cancer,C2981675,Neoplastic Process,Withdrawn
Metformin,DB00331,Stage IIA Pancreatic Cancer,C2981676,Neoplastic Process,Withdrawn
Metformin,DB00331,Stage IIB Pancreatic Cancer,C2981677,Neoplastic Process,Withdrawn
Hydroxyurea,DB01005,Pulmonary Hypertension,C0020542,Pathologic Function,Withdrawn
Fluconazole,DB00196,"Leishmaniasis, Cutaneous",C0023283,Disease or Syndrome,Terminated
Granisetron,DB00889,Malignant Glioma,C0555198,Neoplastic Process,Withdrawn
Ondansetron,DB00904,Malignant Glioma,C0555198,Neoplastic Process,Withdrawn
Mannitol,DB00742,Acute Cerebrovascular Accidents,C0751956,Disease or Syndrome,Withdrawn
Verapamil,DB00661,Classical phenylketonuria,C0751434,Disease or Syndrome,Terminated
Omeprazole,DB00338,Cystic Fibrosis,C0010674,Disease or Syndrome,Terminated
Esomeprazole,DB00736,Cystic Fibrosis,C0010674,Disease or Syndrome,Terminated
Prednisone,DB00635,Castration-resistant prostate cancer,C4049338,Neoplastic Process,Terminated
Hydromorphone,DB00327,Back Pain,C0004604,Sign or Symptom,Terminated
Rituximab,DB00073,Non-Hodgkin's lymphoma of central nervous system,C2213246,Neoplastic Process,Terminated
Trastuzumab,DB00072,Malignant neoplasm of stomach,C0024623,Neoplastic Process,Terminated
Atomoxetine,DB00289,Nicotine Dependence,C0028043,Mental or Behavioral Dysfunction,Suspended
Trastuzumab,DB00072,Cancer of Urinary Tract,C0751571,Neoplastic Process,Terminated
Exenatide,DB01276,"Diabetes Mellitus, Non-Insulin-Dependent",C0011860,Disease or Syndrome,Terminated
Cytarabine,DB00987,Acute Myeloid Leukemia Arising from Previous Myelodysplastic Syndrome,C1332153,Neoplastic Process,Terminated
Decitabine,DB01262,Acute Myeloid Leukemia Arising from Previous Myelodysplastic Syndrome,C1332153,Neoplastic Process,Terminated
Homoharringtonine,DB04865,Acute Myeloid Leukemia Arising from Previous Myelodysplastic Syndrome,C1332153,Neoplastic Process,Terminated
Cytarabine,DB00987,adult acute megakaryoblastic leukemia (M7),C0279632,Neoplastic Process,Terminated
Decitabine,DB01262,adult acute megakaryoblastic leukemia (M7),C0279632,Neoplastic Process,Terminated
Homoharringtonine,DB04865,adult acute megakaryoblastic leukemia (M7),C0279632,Neoplastic Process,Terminated
Cytarabine,DB00987,adult acute minimally differentiated myeloid leukemia (M0),C0281641,Neoplastic Process,Terminated
Decitabine,DB01262,adult acute minimally differentiated myeloid leukemia (M0),C0281641,Neoplastic Process,Terminated
Homoharringtonine,DB04865,adult acute minimally differentiated myeloid leukemia (M0),C0281641,Neoplastic Process,Terminated
Cytarabine,DB00987,adult acute monoblastic leukemia (M5a),C0279629,Neoplastic Process,Terminated
Decitabine,DB01262,adult acute monoblastic leukemia (M5a),C0279629,Neoplastic Process,Terminated
Homoharringtonine,DB04865,adult acute monoblastic leukemia (M5a),C0279629,Neoplastic Process,Terminated
Cytarabine,DB00987,adult acute monocytic leukemia (M5b),C0280634,Neoplastic Process,Terminated
Decitabine,DB01262,adult acute monocytic leukemia (M5b),C0280634,Neoplastic Process,Terminated
Homoharringtonine,DB04865,adult acute monocytic leukemia (M5b),C0280634,Neoplastic Process,Terminated
Cytarabine,DB00987,adult acute myeloblastic leukemia with maturation (M2),C0279624,Neoplastic Process,Terminated
Decitabine,DB01262,adult acute myeloblastic leukemia with maturation (M2),C0279624,Neoplastic Process,Terminated
Homoharringtonine,DB04865,adult acute myeloblastic leukemia with maturation (M2),C0279624,Neoplastic Process,Terminated
Cytarabine,DB00987,Adult Acute Myeloid Leukemia without Maturation,C0279623,Neoplastic Process,Terminated
Decitabine,DB01262,Adult Acute Myeloid Leukemia without Maturation,C0279623,Neoplastic Process,Terminated
Homoharringtonine,DB04865,Adult Acute Myeloid Leukemia without Maturation,C0279623,Neoplastic Process,Terminated
Cytarabine,DB00987,adult acute myeloid leukemia with 11q23 (MLL) abnormalities,C1541334,Neoplastic Process,Terminated
Decitabine,DB01262,adult acute myeloid leukemia with 11q23 (MLL) abnormalities,C1541334,Neoplastic Process,Terminated
Homoharringtonine,DB04865,adult acute myeloid leukemia with 11q23 (MLL) abnormalities,C1541334,Neoplastic Process,Terminated
Cytarabine,DB00987,adult acute myeloid leukemia with inv(16)(p13;q22),C1541333,Neoplastic Process,Terminated
Decitabine,DB01262,adult acute myeloid leukemia with inv(16)(p13;q22),C1541333,Neoplastic Process,Terminated
Homoharringtonine,DB04865,adult acute myeloid leukemia with inv(16)(p13;q22),C1541333,Neoplastic Process,Terminated
Cytarabine,DB00987,adult acute myeloid leukemia with t(16;16)(p13;q22),C1541332,Neoplastic Process,Terminated
Decitabine,DB01262,adult acute myeloid leukemia with t(16;16)(p13;q22),C1541332,Neoplastic Process,Terminated
Homoharringtonine,DB04865,adult acute myeloid leukemia with t(16;16)(p13;q22),C1541332,Neoplastic Process,Terminated
Cytarabine,DB00987,adult acute myeloid leukemia with t(8;21)(q22;q22),C1541331,Neoplastic Process,Terminated
Decitabine,DB01262,adult acute myeloid leukemia with t(8;21)(q22;q22),C1541331,Neoplastic Process,Terminated
Homoharringtonine,DB04865,adult acute myeloid leukemia with t(8;21)(q22;q22),C1541331,Neoplastic Process,Terminated
Cytarabine,DB00987,adult acute myelomonocytic leukemia (M4),C0279627,Neoplastic Process,Terminated
Decitabine,DB01262,adult acute myelomonocytic leukemia (M4),C0279627,Neoplastic Process,Terminated
Homoharringtonine,DB04865,adult acute myelomonocytic leukemia (M4),C0279627,Neoplastic Process,Terminated
Cytarabine,DB00987,adult erythroleukemia (M6a),C1541339,Neoplastic Process,Terminated
Decitabine,DB01262,adult erythroleukemia (M6a),C1541339,Neoplastic Process,Terminated
Homoharringtonine,DB04865,adult erythroleukemia (M6a),C1541339,Neoplastic Process,Terminated
Cytarabine,DB00987,adult pure erythroid leukemia (M6b),C1541340,Neoplastic Process,Terminated
Decitabine,DB01262,adult pure erythroid leukemia (M6b),C1541340,Neoplastic Process,Terminated
Homoharringtonine,DB04865,adult pure erythroid leukemia (M6b),C1541340,Neoplastic Process,Terminated
Cytarabine,DB00987,secondary acute myeloid leukemia,C0280449,Neoplastic Process,Terminated
Decitabine,DB01262,secondary acute myeloid leukemia,C0280449,Neoplastic Process,Terminated
Homoharringtonine,DB04865,secondary acute myeloid leukemia,C0280449,Neoplastic Process,Terminated
Cytarabine,DB00987,untreated adult acute myeloid leukemia,C0279089,Finding,Terminated
Decitabine,DB01262,untreated adult acute myeloid leukemia,C0279089,Finding,Terminated
Homoharringtonine,DB04865,untreated adult acute myeloid leukemia,C0279089,Finding,Terminated
Ondansetron,DB00904,Vomiting,C0042963,Sign or Symptom,Terminated
Ondansetron,DB00904,Gastroenteritis,C0017160,Disease or Syndrome,Terminated
Folic Acid,DB00158,Inflammation,C0021368,Pathologic Function,Withdrawn
Methotrexate,DB00563,Inflammation,C0021368,Pathologic Function,Withdrawn
Trametinib,DB08911,Colorectal cancer recurrent,C0854750,Neoplastic Process,Suspended
Trametinib,DB08911,Pancreatic carcinoma stage III,C1167722,Neoplastic Process,Suspended
Trametinib,DB08911,Stage IIIA Colorectal Cancer,C2981401,Neoplastic Process,Suspended
Trametinib,DB08911,Stage IIIB Colorectal Cancer,C2981402,Neoplastic Process,Suspended
Trametinib,DB08911,Stage IIIC Colorectal Cancer,C2981403,Neoplastic Process,Suspended
Trametinib,DB08911,Stage IV Pancreatic Cancer,C1167725,Neoplastic Process,Suspended
Trametinib,DB08911,Stage IVA Colorectal Cancer,C2981404,Neoplastic Process,Suspended
Trametinib,DB08911,Stage IVB Colorectal Cancer,C2981405,Neoplastic Process,Suspended
Irinotecan,DB00762,adult anaplastic astrocytoma,C0280483,Neoplastic Process,Withdrawn
Irinotecan,DB00762,adult anaplastic oligodendroglioma,C0280790,Neoplastic Process,Withdrawn
Irinotecan,DB00762,adult giant cell glioblastoma,C1541316,Neoplastic Process,Withdrawn
Irinotecan,DB00762,adult glioblastoma,C0278878,Neoplastic Process,Withdrawn
Irinotecan,DB00762,adult gliosarcoma,C1541317,Neoplastic Process,Withdrawn
Irinotecan,DB00762,recurrent adult brain tumor,C0278786,Neoplastic Process,Withdrawn
Celecoxib,DB00482,Malignant neoplasm of lung,C0242379,Neoplastic Process,Suspended
Cyclophosphamide,DB00531,Malignant neoplasm of lung,C0242379,Neoplastic Process,Suspended
Paclitaxel,DB01229,Squamous cell carcinoma of skin,C0553723,Neoplastic Process,Terminated
Gemcitabine,DB00441,duct cell adenocarcinoma of the pancreas,C0279176,Neoplastic Process,Withdrawn
Paclitaxel,DB01229,duct cell adenocarcinoma of the pancreas,C0279176,Neoplastic Process,Withdrawn
Gemcitabine,DB00441,Pancreatic carcinoma recurrent,C0854777,Neoplastic Process,Withdrawn
Paclitaxel,DB01229,Pancreatic carcinoma recurrent,C0854777,Neoplastic Process,Withdrawn
Gemcitabine,DB00441,"unspecified adult solid tumor, protocol specific",C0279004,Neoplastic Process,Withdrawn
Paclitaxel,DB01229,"unspecified adult solid tumor, protocol specific",C0279004,Neoplastic Process,Withdrawn
Gemcitabine,DB00441,Pancreatic carcinoma stage III,C1167722,Neoplastic Process,Withdrawn
Paclitaxel,DB01229,Pancreatic carcinoma stage III,C1167722,Neoplastic Process,Withdrawn
Gemcitabine,DB00441,Stage IV Pancreatic Cancer,C1167725,Neoplastic Process,Withdrawn
Paclitaxel,DB01229,Stage IV Pancreatic Cancer,C1167725,Neoplastic Process,Withdrawn
Milrinone,DB00235,Cardiomyopathies,C0878544,Disease or Syndrome,Suspended
Linagliptin,DB08882,Vascular inflammations,C0947751,Disease or Syndrome,Terminated
Prasugrel,DB06209,ST segment elevation myocardial infarction,C1536220,Disease or Syndrome,Terminated
Ticagrelor,DB08816,ST segment elevation myocardial infarction,C1536220,Disease or Syndrome,Terminated
Bupivacaine,DB00297,Anterior Cruciate Ligament Injuries,C1456574,Injury or Poisoning,Terminated
Metformin,DB00331,Ovarian epithelial cancer recurrent,C0278689,Neoplastic Process,Withdrawn
Carboplatin,DB00958,Ovarian epithelial cancer recurrent,C0278689,Neoplastic Process,Withdrawn
Paclitaxel,DB01229,Ovarian epithelial cancer recurrent,C0278689,Neoplastic Process,Withdrawn
Metformin,DB00331,recurrent ovarian germ cell tumor,C0279975,Neoplastic Process,Withdrawn
Carboplatin,DB00958,recurrent ovarian germ cell tumor,C0279975,Neoplastic Process,Withdrawn
Paclitaxel,DB01229,recurrent ovarian germ cell tumor,C0279975,Neoplastic Process,Withdrawn
Metformin,DB00331,Serous cystadenocarcinoma ovary,C0279663,Neoplastic Process,Withdrawn
Carboplatin,DB00958,Serous cystadenocarcinoma ovary,C0279663,Neoplastic Process,Withdrawn
Paclitaxel,DB01229,Serous cystadenocarcinoma ovary,C0279663,Neoplastic Process,Withdrawn
Methylprednisolone,DB00860,Multiple Sclerosis,C0026769,Disease or Syndrome,Terminated
,DB00959,Multiple Sclerosis,C0026769,Disease or Syndrome,Terminated
Panobinostat,DB01234,Multiple Myeloma,C0026764,Neoplastic Process,Suspended
,DB06603,Multiple Myeloma,C0026764,Neoplastic Process,Suspended
Nitrendipine,DB01054,Isolated systolic hypertension,C0745133,Finding,Terminated
Norepinephrine,DB00368,Septic Shock,C0036983,Pathologic Function,Withdrawn
Trametinib,DB08911,hepatic complications,C1832055,Pathologic Function,Suspended
Sirolimus,DB00877,Malignant neoplasm of prostate,C0376358,Neoplastic Process,Terminated
Everolimus,DB01590,Malignant neoplasm of prostate,C0376358,Neoplastic Process,Terminated
Gemcitabine,DB00441,Gallbladder Carcinoma,C0235782,Neoplastic Process,Suspended
Oxaliplatin,DB00526,Gallbladder Carcinoma,C0235782,Neoplastic Process,Suspended
Bevacizumab,DB00112,Hereditary hemorrhagic telangiectasia,C0039445,Disease or Syndrome,Terminated
Tamoxifen,DB00675,Papillary serous cystadenocarcinoma,C0334359,Neoplastic Process,Suspended
Doxorubicin,DB00997,Papillary serous cystadenocarcinoma,C0334359,Neoplastic Process,Suspended
Letrozole,DB01006,Papillary serous cystadenocarcinoma,C0334359,Neoplastic Process,Suspended
Topotecan,DB01030,Papillary serous cystadenocarcinoma,C0334359,Neoplastic Process,Suspended
Paclitaxel,DB01229,Papillary serous cystadenocarcinoma,C0334359,Neoplastic Process,Suspended
Trametinib,DB08911,Papillary serous cystadenocarcinoma,C0334359,Neoplastic Process,Suspended
Tamoxifen,DB00675,Ovarian Serous Adenocarcinoma,C1335177,Neoplastic Process,Suspended
Doxorubicin,DB00997,Ovarian Serous Adenocarcinoma,C1335177,Neoplastic Process,Suspended
Letrozole,DB01006,Ovarian Serous Adenocarcinoma,C1335177,Neoplastic Process,Suspended
Topotecan,DB01030,Ovarian Serous Adenocarcinoma,C1335177,Neoplastic Process,Suspended
Paclitaxel,DB01229,Ovarian Serous Adenocarcinoma,C1335177,Neoplastic Process,Suspended
Trametinib,DB08911,Ovarian Serous Adenocarcinoma,C1335177,Neoplastic Process,Suspended
Tamoxifen,DB00675,Primary Peritoneal Serous Adenocarcinoma,C1514429,Neoplastic Process,Suspended
Doxorubicin,DB00997,Primary Peritoneal Serous Adenocarcinoma,C1514429,Neoplastic Process,Suspended
Letrozole,DB01006,Primary Peritoneal Serous Adenocarcinoma,C1514429,Neoplastic Process,Suspended
Topotecan,DB01030,Primary Peritoneal Serous Adenocarcinoma,C1514429,Neoplastic Process,Suspended
Paclitaxel,DB01229,Primary Peritoneal Serous Adenocarcinoma,C1514429,Neoplastic Process,Suspended
Trametinib,DB08911,Primary Peritoneal Serous Adenocarcinoma,C1514429,Neoplastic Process,Suspended
Tamoxifen,DB00675,Recurrent Primary Peritoneal Carcinoma,C3897731,Neoplastic Process,Suspended
Doxorubicin,DB00997,Recurrent Primary Peritoneal Carcinoma,C3897731,Neoplastic Process,Suspended
Letrozole,DB01006,Recurrent Primary Peritoneal Carcinoma,C3897731,Neoplastic Process,Suspended
Topotecan,DB01030,Recurrent Primary Peritoneal Carcinoma,C3897731,Neoplastic Process,Suspended
Paclitaxel,DB01229,Recurrent Primary Peritoneal Carcinoma,C3897731,Neoplastic Process,Suspended
Trametinib,DB08911,Recurrent Primary Peritoneal Carcinoma,C3897731,Neoplastic Process,Suspended
Azacitidine,DB00928,MYELODYSPLASTIC SYNDROME,C3463824,Neoplastic Process,Terminated
Sirolimus,DB00877,Non-small cell lung cancer recurrent,C0278517,Neoplastic Process,Withdrawn
Auranofin,DB00995,Non-small cell lung cancer recurrent,C0278517,Neoplastic Process,Withdrawn
Everolimus,DB01590,Non-small cell lung cancer recurrent,C0278517,Neoplastic Process,Withdrawn
Sirolimus,DB00877,"unspecified adult solid tumor, protocol specific",C0279004,Neoplastic Process,Withdrawn
Auranofin,DB00995,"unspecified adult solid tumor, protocol specific",C0279004,Neoplastic Process,Withdrawn
Everolimus,DB01590,"unspecified adult solid tumor, protocol specific",C0279004,Neoplastic Process,Withdrawn
Oxytocin,DB00107,Noninfiltrating Intraductal Carcinoma,C0007124,Neoplastic Process,Suspended
Erlotinib,DB00530,HIV Infections,C0019693,Disease or Syndrome,Terminated
Erythropoietin,DB00016,Traumatic Brain Injury,C0876926,Injury or Poisoning,Withdrawn
Esmolol,DB00187,Septic Shock,C0036983,Pathologic Function,Suspended
Cisplatin,DB00515,Malignant neoplasm of stomach,C0024623,Neoplastic Process,Terminated
Nimodipine,DB00393,Acute Cerebrovascular Accidents,C0751956,Disease or Syndrome,Withdrawn
Acetazolamide,DB00819,Acute Cerebrovascular Accidents,C0751956,Disease or Syndrome,Withdrawn
Trametinib,DB08911,Poorly Differentiated Thyroid Carcinoma,C1266050,Neoplastic Process,Suspended
Trametinib,DB08911,Stage IVA Thyroid Gland Follicular Carcinoma,C3897519,Neoplastic Process,Suspended
Trametinib,DB08911,Stage IVA Thyroid Gland Papillary Carcinoma,C3897518,Neoplastic Process,Suspended
Trametinib,DB08911,Stage IVB Thyroid Gland Follicular Carcinoma,C3897512,Neoplastic Process,Suspended
Trametinib,DB08911,Stage IVB Thyroid Gland Papillary Carcinoma,C3897511,Neoplastic Process,Suspended
Trametinib,DB08911,Stage IVC Thyroid Gland Follicular Carcinoma,C3897507,Neoplastic Process,Suspended
Trametinib,DB08911,Stage IVC Thyroid Gland Papillary Carcinoma,C3897506,Neoplastic Process,Suspended
Aldesleukin,DB00041,Desmoplastic Small Round Cell Tumor,C0281508,Neoplastic Process,Suspended
Aldesleukin,DB00041,Metastatic osteosarcoma,C0278512,Neoplastic Process,Suspended
Aldesleukin,DB00041,Neuroblastoma recurrent,C0278695,Neoplastic Process,Suspended
Aldesleukin,DB00041,Osteosarcoma recurrent,C0278779,Neoplastic Process,Suspended
Eslicarbazepine acetate,DB09119,Epilepsy,C0014544,Disease or Syndrome,Terminated
Cholecalciferol,DB00169,Schizophrenia,C0036341,Mental or Behavioral Dysfunction,Withdrawn
Cholecalciferol,DB00169,Schizoaffective Disorder,C0036337,Mental or Behavioral Dysfunction,Withdrawn
Gemcitabine,DB00441,Pancreatic Ductal Adenocarcinoma,C1335302,Neoplastic Process,Suspended
Paclitaxel,DB01229,Pancreatic Ductal Adenocarcinoma,C1335302,Neoplastic Process,Suspended
Gemcitabine,DB00441,Pancreatic carcinoma stage III,C1167722,Neoplastic Process,Suspended
Paclitaxel,DB01229,Pancreatic carcinoma stage III,C1167722,Neoplastic Process,Suspended
Gemcitabine,DB00441,Stage IV Pancreatic Cancer,C1167725,Neoplastic Process,Suspended
Paclitaxel,DB01229,Stage IV Pancreatic Cancer,C1167725,Neoplastic Process,Suspended
Tiotropium,DB01409,Chronic Obstructive Airway Disease,C0024117,Disease or Syndrome,Withdrawn
Deferoxamine,DB00746,Subarachnoid Hemorrhage,C0038525,Disease or Syndrome,Terminated
Trametinib,DB08911,Melanoma recurrent,C0278884,Neoplastic Process,Suspended
Dabrafenib,DB08912,Melanoma recurrent,C0278884,Neoplastic Process,Suspended
Trametinib,DB08911,Stage IIIA Skin Melanoma,C2828034,Neoplastic Process,Suspended
Dabrafenib,DB08912,Stage IIIA Skin Melanoma,C2828034,Neoplastic Process,Suspended
Trametinib,DB08911,Stage IIIB Skin Melanoma,C2828035,Neoplastic Process,Suspended
Dabrafenib,DB08912,Stage IIIB Skin Melanoma,C2828035,Neoplastic Process,Suspended
Trametinib,DB08911,Stage IIIC Skin Melanoma,C2828036,Neoplastic Process,Suspended
Dabrafenib,DB08912,Stage IIIC Skin Melanoma,C2828036,Neoplastic Process,Suspended
Prednisolone,DB00860,Fever,C0015967,Finding,Terminated
Methylprednisolone,DB00860,Fever,C0015967,Finding,Terminated
,DB00860,Fever,C0015967,Finding,Terminated
,DB00959,Fever,C0015967,Finding,Terminated
,DB00959,Fever,C0015967,Finding,Terminated
Prednisolone,DB00860,Labor Pain,C0474368,Sign or Symptom,Terminated
Methylprednisolone,DB00860,Labor Pain,C0474368,Sign or Symptom,Terminated
,DB00860,Labor Pain,C0474368,Sign or Symptom,Terminated
,DB00959,Labor Pain,C0474368,Sign or Symptom,Terminated
,DB00959,Labor Pain,C0474368,Sign or Symptom,Terminated
Prednisolone,DB00860,"Complication of anesthesia during pregnancy, unspecified",C0495199,Pathologic Function,Terminated
Methylprednisolone,DB00860,"Complication of anesthesia during pregnancy, unspecified",C0495199,Pathologic Function,Terminated
,DB00860,"Complication of anesthesia during pregnancy, unspecified",C0495199,Pathologic Function,Terminated
,DB00959,"Complication of anesthesia during pregnancy, unspecified",C0495199,Pathologic Function,Terminated
,DB00959,"Complication of anesthesia during pregnancy, unspecified",C0495199,Pathologic Function,Terminated
Ranolazine,DB00243,Irritable bowel syndrome with diarrhea,C0348898,Disease or Syndrome,Terminated
Ranolazine,DB00243,Diarrhoea predominant irritable bowel syndrome,C1262211,Disease or Syndrome,Terminated
Fluorouracil,DB00544,Mucinous adenocarcinoma of colon,C0279639,Neoplastic Process,Withdrawn
Leucovorin,DB00650,Mucinous adenocarcinoma of colon,C0279639,Neoplastic Process,Withdrawn
Levoleucovorin,DB11596,Mucinous adenocarcinoma of colon,C0279639,Neoplastic Process,Withdrawn
Fluorouracil,DB00544,mucinous adenocarcinoma of rectum,C0279652,Neoplastic Process,Withdrawn
Leucovorin,DB00650,mucinous adenocarcinoma of rectum,C0279652,Neoplastic Process,Withdrawn
Levoleucovorin,DB11596,mucinous adenocarcinoma of rectum,C0279652,Neoplastic Process,Withdrawn
Fluorouracil,DB00544,Colon cancer recurrent,C0278553,Neoplastic Process,Withdrawn
Leucovorin,DB00650,Colon cancer recurrent,C0278553,Neoplastic Process,Withdrawn
Levoleucovorin,DB11596,Colon cancer recurrent,C0278553,Neoplastic Process,Withdrawn
Fluorouracil,DB00544,Recurrent Rectal Cancer,C0278554,Neoplastic Process,Withdrawn
Leucovorin,DB00650,Recurrent Rectal Cancer,C0278554,Neoplastic Process,Withdrawn
Levoleucovorin,DB11596,Recurrent Rectal Cancer,C0278554,Neoplastic Process,Withdrawn
Fluorouracil,DB00544,signet ring adenocarcinoma of the colon,C0279640,Neoplastic Process,Withdrawn
Leucovorin,DB00650,signet ring adenocarcinoma of the colon,C0279640,Neoplastic Process,Withdrawn
Levoleucovorin,DB11596,signet ring adenocarcinoma of the colon,C0279640,Neoplastic Process,Withdrawn
Fluorouracil,DB00544,signet ring adenocarcinoma of the rectum,C0279654,Neoplastic Process,Withdrawn
Leucovorin,DB00650,signet ring adenocarcinoma of the rectum,C0279654,Neoplastic Process,Withdrawn
Levoleucovorin,DB11596,signet ring adenocarcinoma of the rectum,C0279654,Neoplastic Process,Withdrawn
Fluorouracil,DB00544,Stage IVA Colon Cancer,C3897082,Neoplastic Process,Withdrawn
Leucovorin,DB00650,Stage IVA Colon Cancer,C3897082,Neoplastic Process,Withdrawn
Levoleucovorin,DB11596,Stage IVA Colon Cancer,C3897082,Neoplastic Process,Withdrawn
Fluorouracil,DB00544,Stage IVA Rectal Cancer,C3897520,Neoplastic Process,Withdrawn
Leucovorin,DB00650,Stage IVA Rectal Cancer,C3897520,Neoplastic Process,Withdrawn
Levoleucovorin,DB11596,Stage IVA Rectal Cancer,C3897520,Neoplastic Process,Withdrawn
Fluorouracil,DB00544,Stage IVB Colon Cancer,C3897517,Neoplastic Process,Withdrawn
Leucovorin,DB00650,Stage IVB Colon Cancer,C3897517,Neoplastic Process,Withdrawn
Levoleucovorin,DB11596,Stage IVB Colon Cancer,C3897517,Neoplastic Process,Withdrawn
Fluorouracil,DB00544,Stage IVB Rectal Cancer,C3897513,Neoplastic Process,Withdrawn
Leucovorin,DB00650,Stage IVB Rectal Cancer,C3897513,Neoplastic Process,Withdrawn
Levoleucovorin,DB11596,Stage IVB Rectal Cancer,C3897513,Neoplastic Process,Withdrawn
Oxycodone,DB00497,Pain,C0030193,Sign or Symptom,Withdrawn
Methylphenidate,DB00422,Conduct Disorder,C0149654,Mental or Behavioral Dysfunction,Withdrawn
Ezetimibe,DB00973,Non-alcoholic Fatty Liver Disease,C0400966,Disease or Syndrome,Terminated
Dimethyl fumarate,DB08908,Multiple Sclerosis,C0026769,Disease or Syndrome,Terminated
Estradiol,DB00783,Vaginal ulcer,C0566951,Disease or Syndrome,Withdrawn
Caffeine,DB00201,Dyspnea,C0013404,Sign or Symptom,Terminated
Treprostinil,DB00374,Pulmonary Hypertension,C0020542,Pathologic Function,Withdrawn
Treprostinil,DB00374,Pulmonary Fibrosis,C0034069,Disease or Syndrome,Withdrawn
Sorafenib,DB00398,Glioblastoma,C0017636,Neoplastic Process,Withdrawn
Dacarbazine,DB00851,Glioblastoma,C0017636,Neoplastic Process,Withdrawn
Temozolomide,DB00853,Glioblastoma,C0017636,Neoplastic Process,Withdrawn
Sorafenib,DB00398,gliosarcoma,C0206726,Neoplastic Process,Withdrawn
Dacarbazine,DB00851,gliosarcoma,C0206726,Neoplastic Process,Withdrawn
Temozolomide,DB00853,gliosarcoma,C0206726,Neoplastic Process,Withdrawn
Aldesleukin,DB00041,Metastatic melanoma,C0278883,Neoplastic Process,Suspended
Cyclophosphamide,DB00531,Metastatic melanoma,C0278883,Neoplastic Process,Suspended
Fludarabine,DB01073,Metastatic melanoma,C0278883,Neoplastic Process,Suspended
Gemcitabine,DB00441,Solid tumour,C0280100,Neoplastic Process,Withdrawn
Cisplatin,DB00515,Solid tumour,C0280100,Neoplastic Process,Withdrawn
Cisplatin,DB00515,Non-Small Cell Lung Carcinoma,C0007131,Neoplastic Process,Withdrawn
Duloxetine,DB00476,Depressive disorder,C0011581,Mental or Behavioral Dysfunction,Terminated
Aldesleukin,DB00041,Crohn Disease,C0010346,Disease or Syndrome,Terminated
Cyclophosphamide,DB00531,Crohn Disease,C0010346,Disease or Syndrome,Terminated
Norepinephrine,DB00368,HSAN Type IV,C0020074,Disease or Syndrome,Withdrawn
Droxidopa,DB00368,HSAN Type IV,C0020074,Disease or Syndrome,Withdrawn
,DB06262,HSAN Type IV,C0020074,Disease or Syndrome,Withdrawn
Aldesleukin,DB00041,Pancreatic adenocarcinoma metastatic,C0861727,Neoplastic Process,Suspended
Folic Acid,DB00158,Pancreatic adenocarcinoma metastatic,C0861727,Neoplastic Process,Suspended
Gemcitabine,DB00441,Pancreatic adenocarcinoma metastatic,C0861727,Neoplastic Process,Suspended
Oxaliplatin,DB00526,Pancreatic adenocarcinoma metastatic,C0861727,Neoplastic Process,Suspended
Fluorouracil,DB00544,Pancreatic adenocarcinoma metastatic,C0861727,Neoplastic Process,Suspended
Leucovorin,DB00650,Pancreatic adenocarcinoma metastatic,C0861727,Neoplastic Process,Suspended
Irinotecan,DB00762,Pancreatic adenocarcinoma metastatic,C0861727,Neoplastic Process,Suspended
Paclitaxel,DB01229,Pancreatic adenocarcinoma metastatic,C0861727,Neoplastic Process,Suspended
Levoleucovorin,DB11596,Pancreatic adenocarcinoma metastatic,C0861727,Neoplastic Process,Suspended
Aldesleukin,DB00041,Pancreatic carcinoma stage III,C1167722,Neoplastic Process,Suspended
Folic Acid,DB00158,Pancreatic carcinoma stage III,C1167722,Neoplastic Process,Suspended
Gemcitabine,DB00441,Pancreatic carcinoma stage III,C1167722,Neoplastic Process,Suspended
Oxaliplatin,DB00526,Pancreatic carcinoma stage III,C1167722,Neoplastic Process,Suspended
Fluorouracil,DB00544,Pancreatic carcinoma stage III,C1167722,Neoplastic Process,Suspended
Leucovorin,DB00650,Pancreatic carcinoma stage III,C1167722,Neoplastic Process,Suspended
Irinotecan,DB00762,Pancreatic carcinoma stage III,C1167722,Neoplastic Process,Suspended
Paclitaxel,DB01229,Pancreatic carcinoma stage III,C1167722,Neoplastic Process,Suspended
Levoleucovorin,DB11596,Pancreatic carcinoma stage III,C1167722,Neoplastic Process,Suspended
Aldesleukin,DB00041,Stage IV Pancreatic Cancer,C1167725,Neoplastic Process,Suspended
Folic Acid,DB00158,Stage IV Pancreatic Cancer,C1167725,Neoplastic Process,Suspended
Gemcitabine,DB00441,Stage IV Pancreatic Cancer,C1167725,Neoplastic Process,Suspended
Oxaliplatin,DB00526,Stage IV Pancreatic Cancer,C1167725,Neoplastic Process,Suspended
Fluorouracil,DB00544,Stage IV Pancreatic Cancer,C1167725,Neoplastic Process,Suspended
Leucovorin,DB00650,Stage IV Pancreatic Cancer,C1167725,Neoplastic Process,Suspended
Irinotecan,DB00762,Stage IV Pancreatic Cancer,C1167725,Neoplastic Process,Suspended
Paclitaxel,DB01229,Stage IV Pancreatic Cancer,C1167725,Neoplastic Process,Suspended
Levoleucovorin,DB11596,Stage IV Pancreatic Cancer,C1167725,Neoplastic Process,Suspended
Papaverine,DB01113,Gastroenteritis,C0017160,Disease or Syndrome,Terminated
